unsigned char login_init_elf[] = {
  0x7f, 0x45, 0x4c, 0x46, 0x01, 0x01, 0x01, 0x00, 0x00, 0x00, 0x00, 0x00,
  0x00, 0x00, 0x00, 0x00, 0x02, 0x00, 0x03, 0x00, 0x01, 0x00, 0x00, 0x00,
  0x48, 0x0d, 0x80, 0x00, 0x34, 0x00, 0x00, 0x00, 0x70, 0x4b, 0x00, 0x00,
  0x00, 0x00, 0x00, 0x00, 0x34, 0x00, 0x20, 0x00, 0x04, 0x00, 0x28, 0x00,
  0x07, 0x00, 0x06, 0x00, 0x01, 0x00, 0x00, 0x00, 0x00, 0x10, 0x00, 0x00,
  0x00, 0x00, 0x80, 0x00, 0x00, 0x00, 0x80, 0x00, 0xb7, 0x10, 0x00, 0x00,
  0xb7, 0x10, 0x00, 0x00, 0x05, 0x00, 0x00, 0x00, 0x00, 0x10, 0x00, 0x00,
  0x01, 0x00, 0x00, 0x00, 0x00, 0x30, 0x00, 0x00, 0x00, 0x20, 0x80, 0x00,
  0x00, 0x20, 0x80, 0x00, 0x20, 0x01, 0x00, 0x00, 0x20, 0x01, 0x00, 0x00,
  0x04, 0x00, 0x00, 0x00, 0x00, 0x10, 0x00, 0x00, 0x01, 0x00, 0x00, 0x00,
  0x00, 0x40, 0x00, 0x00, 0x00, 0x30, 0x80, 0x00, 0x00, 0x30, 0x80, 0x00,
  0x20, 0x01, 0x00, 0x00, 0x20, 0x01, 0x00, 0x00, 0x06, 0x00, 0x00, 0x00,
  0x00, 0x10, 0x00, 0x00, 0x51, 0xe5, 0x74, 0x64, 0x00, 0x00, 0x00, 0x00,
  0x00, 0x00, 0x00, 0x00, 0x00, 0x00, 0x00, 0x00, 0x00, 0x00, 0x00, 0x00,
  0x00, 0x00, 0x00, 0x00, 0x06, 0x00, 0x00, 0x00, 0x10, 0x00, 0x00, 0x00,
  0x00, 0x00, 0x00, 0x00, 0x00, 0x00, 0x00, 0x00, 0x00, 0x00, 0x00, 0x00,
  0x00, 0x00, 0x00, 0x00, 0x00, 0x00, 0x00, 0x00, 0x00, 0x00, 0x00, 0x00,
  0x00, 0x00, 0x00, 0x00, 0x00, 0x00, 0x00, 0x00, 0x00, 0x00, 0x00, 0x00,
  0x00, 0x00, 0x00, 0x00, 0x00, 0x00, 0x00, 0x00, 0x00, 0x00, 0x00, 0x00,
  0x00, 0x00, 0x00, 0x00, 0x00, 0x00, 0x00, 0x00, 0x00, 0x00, 0x00, 0x00,
  0x00, 0x00, 0x00, 0x00, 0x00, 0x00, 0x00, 0x00, 0x00, 0x00, 0x00, 0x00,
  0x00, 0x00, 0x00, 0x00, 0x00, 0x00, 0x00, 0x00, 0x00, 0x00, 0x00, 0x00,
  0x00, 0x00, 0x00, 0x00, 0x00, 0x00, 0x00, 0x00, 0x00, 0x00, 0x00, 0x00,
  0x00, 0x00, 0x00, 0x00, 0x00, 0x00, 0x00, 0x00, 0x00, 0x00, 0x00, 0x00,
  0x00, 0x00, 0x00, 0x00, 0x00, 0x00, 0x00, 0x00, 0x00, 0x00, 0x00, 0x00,
  0x00, 0x00, 0x00, 0x00, 0x00, 0x00, 0x00, 0x00, 0x00, 0x00, 0x00, 0x00,
  0x00, 0x00, 0x00, 0x00, 0x00, 0x00, 0x00, 0x00, 0x00, 0x00, 0x00, 0x00,
  0x00, 0x00, 0x00, 0x00, 0x00, 0x00, 0x00, 0x00, 0x00, 0x00, 0x00, 0x00,
  0x00, 0x00, 0x00, 0x00, 0x00, 0x00, 0x00, 0x00, 0x00, 0x00, 0x00, 0x00,
  0x00, 0x00, 0x00, 0x00, 0x00, 0x00, 0x00, 0x00, 0x00, 0x00, 0x00, 0x00,
  0x00, 0x00, 0x00, 0x00, 0x00, 0x00, 0x00, 0x00, 0x00, 0x00, 0x00, 0x00,
  0x00, 0x00, 0x00, 0x00, 0x00, 0x00, 0x00, 0x00, 0x00, 0x00, 0x00, 0x00,
  0x00, 0x00, 0x00, 0x00, 0x00, 0x00, 0x00, 0x00, 0x00, 0x00, 0x00, 0x00,
  0x00, 0x00, 0x00, 0x00, 0x00, 0x00, 0x00, 0x00, 0x00, 0x00, 0x00, 0x00,
  0x00, 0x00, 0x00, 0x00, 0x00, 0x00, 0x00, 0x00, 0x00, 0x00, 0x00, 0x00,
  0x00, 0x00, 0x00, 0x00, 0x00, 0x00, 0x00, 0x00, 0x00, 0x00, 0x00, 0x00,
  0x00, 0x00, 0x00, 0x00, 0x00, 0x00, 0x00, 0x00, 0x00, 0x00, 0x00, 0x00,
  0x00, 0x00, 0x00, 0x00, 0x00, 0x00, 0x00, 0x00, 0x00, 0x00, 0x00, 0x00,
  0x00, 0x00, 0x00, 0x00, 0x00, 0x00, 0x00, 0x00, 0x00, 0x00, 0x00, 0x00,
  0x00, 0x00, 0x00, 0x00, 0x00, 0x00, 0x00, 0x00, 0x00, 0x00, 0x00, 0x00,
  0x00, 0x00, 0x00, 0x00, 0x00, 0x00, 0x00, 0x00, 0x00, 0x00, 0x00, 0x00,
  0x00, 0x00, 0x00, 0x00, 0x00, 0x00, 0x00, 0x00, 0x00, 0x00, 0x00, 0x00,
  0x00, 0x00, 0x00, 0x00, 0x00, 0x00, 0x00, 0x00, 0x00, 0x00, 0x00, 0x00,
  0x00, 0x00, 0x00, 0x00, 0x00, 0x00, 0x00, 0x00, 0x00, 0x00, 0x00, 0x00,
  0x00, 0x00, 0x00, 0x00, 0x00, 0x00, 0x00, 0x00, 0x00, 0x00, 0x00, 0x00,
  0x00, 0x00, 0x00, 0x00, 0x00, 0x00, 0x00, 0x00, 0x00, 0x00, 0x00, 0x00,
  0x00, 0x00, 0x00, 0x00, 0x00, 0x00, 0x00, 0x00, 0x00, 0x00, 0x00, 0x00,
  0x00, 0x00, 0x00, 0x00, 0x00, 0x00, 0x00, 0x00, 0x00, 0x00, 0x00, 0x00,
  0x00, 0x00, 0x00, 0x00, 0x00, 0x00, 0x00, 0x00, 0x00, 0x00, 0x00, 0x00,
  0x00, 0x00, 0x00, 0x00, 0x00, 0x00, 0x00, 0x00, 0x00, 0x00, 0x00, 0x00,
  0x00, 0x00, 0x00, 0x00, 0x00, 0x00, 0x00, 0x00, 0x00, 0x00, 0x00, 0x00,
  0x00, 0x00, 0x00, 0x00, 0x00, 0x00, 0x00, 0x00, 0x00, 0x00, 0x00, 0x00,
  0x00, 0x00, 0x00, 0x00, 0x00, 0x00, 0x00, 0x00, 0x00, 0x00, 0x00, 0x00,
  0x00, 0x00, 0x00, 0x00, 0x00, 0x00, 0x00, 0x00, 0x00, 0x00, 0x00, 0x00,
  0x00, 0x00, 0x00, 0x00, 0x00, 0x00, 0x00, 0x00, 0x00, 0x00, 0x00, 0x00,
  0x00, 0x00, 0x00, 0x00, 0x00, 0x00, 0x00, 0x00, 0x00, 0x00, 0x00, 0x00,
  0x00, 0x00, 0x00, 0x00, 0x00, 0x00, 0x00, 0x00, 0x00, 0x00, 0x00, 0x00,
  0x00, 0x00, 0x00, 0x00, 0x00, 0x00, 0x00, 0x00, 0x00, 0x00, 0x00, 0x00,
  0x00, 0x00, 0x00, 0x00, 0x00, 0x00, 0x00, 0x00, 0x00, 0x00, 0x00, 0x00,
  0x00, 0x00, 0x00, 0x00, 0x00, 0x00, 0x00, 0x00, 0x00, 0x00, 0x00, 0x00,
  0x00, 0x00, 0x00, 0x00, 0x00, 0x00, 0x00, 0x00, 0x00, 0x00, 0x00, 0x00,
  0x00, 0x00, 0x00, 0x00, 0x00, 0x00, 0x00, 0x00, 0x00, 0x00, 0x00, 0x00,
  0x00, 0x00, 0x00, 0x00, 0x00, 0x00, 0x00, 0x00, 0x00, 0x00, 0x00, 0x00,
  0x00, 0x00, 0x00, 0x00, 0x00, 0x00, 0x00, 0x00, 0x00, 0x00, 0x00, 0x00,
  0x00, 0x00, 0x00, 0x00, 0x00, 0x00, 0x00, 0x00, 0x00, 0x00, 0x00, 0x00,
  0x00, 0x00, 0x00, 0x00, 0x00, 0x00, 0x00, 0x00, 0x00, 0x00, 0x00, 0x00,
  0x00, 0x00, 0x00, 0x00, 0x00, 0x00, 0x00, 0x00, 0x00, 0x00, 0x00, 0x00,
  0x00, 0x00, 0x00, 0x00, 0x00, 0x00, 0x00, 0x00, 0x00, 0x00, 0x00, 0x00,
  0x00, 0x00, 0x00, 0x00, 0x00, 0x00, 0x00, 0x00, 0x00, 0x00, 0x00, 0x00,
  0x00, 0x00, 0x00, 0x00, 0x00, 0x00, 0x00, 0x00, 0x00, 0x00, 0x00, 0x00,
  0x00, 0x00, 0x00, 0x00, 0x00, 0x00, 0x00, 0x00, 0x00, 0x00, 0x00, 0x00,
  0x00, 0x00, 0x00, 0x00, 0x00, 0x00, 0x00, 0x00, 0x00, 0x00, 0x00, 0x00,
  0x00, 0x00, 0x00, 0x00, 0x00, 0x00, 0x00, 0x00, 0x00, 0x00, 0x00, 0x00,
  0x00, 0x00, 0x00, 0x00, 0x00, 0x00, 0x00, 0x00, 0x00, 0x00, 0x00, 0x00,
  0x00, 0x00, 0x00, 0x00, 0x00, 0x00, 0x00, 0x00, 0x00, 0x00, 0x00, 0x00,
  0x00, 0x00, 0x00, 0x00, 0x00, 0x00, 0x00, 0x00, 0x00, 0x00, 0x00, 0x00,
  0x00, 0x00, 0x00, 0x00, 0x00, 0x00, 0x00, 0x00, 0x00, 0x00, 0x00, 0x00,
  0x00, 0x00, 0x00, 0x00, 0x00, 0x00, 0x00, 0x00, 0x00, 0x00, 0x00, 0x00,
  0x00, 0x00, 0x00, 0x00, 0x00, 0x00, 0x00, 0x00, 0x00, 0x00, 0x00, 0x00,
  0x00, 0x00, 0x00, 0x00, 0x00, 0x00, 0x00, 0x00, 0x00, 0x00, 0x00, 0x00,
  0x00, 0x00, 0x00, 0x00, 0x00, 0x00, 0x00, 0x00, 0x00, 0x00, 0x00, 0x00,
  0x00, 0x00, 0x00, 0x00, 0x00, 0x00, 0x00, 0x00, 0x00, 0x00, 0x00, 0x00,
  0x00, 0x00, 0x00, 0x00, 0x00, 0x00, 0x00, 0x00, 0x00, 0x00, 0x00, 0x00,
  0x00, 0x00, 0x00, 0x00, 0x00, 0x00, 0x00, 0x00, 0x00, 0x00, 0x00, 0x00,
  0x00, 0x00, 0x00, 0x00, 0x00, 0x00, 0x00, 0x00, 0x00, 0x00, 0x00, 0x00,
  0x00, 0x00, 0x00, 0x00, 0x00, 0x00, 0x00, 0x00, 0x00, 0x00, 0x00, 0x00,
  0x00, 0x00, 0x00, 0x00, 0x00, 0x00, 0x00, 0x00, 0x00, 0x00, 0x00, 0x00,
  0x00, 0x00, 0x00, 0x00, 0x00, 0x00, 0x00, 0x00, 0x00, 0x00, 0x00, 0x00,
  0x00, 0x00, 0x00, 0x00, 0x00, 0x00, 0x00, 0x00, 0x00, 0x00, 0x00, 0x00,
  0x00, 0x00, 0x00, 0x00, 0x00, 0x00, 0x00, 0x00, 0x00, 0x00, 0x00, 0x00,
  0x00, 0x00, 0x00, 0x00, 0x00, 0x00, 0x00, 0x00, 0x00, 0x00, 0x00, 0x00,
  0x00, 0x00, 0x00, 0x00, 0x00, 0x00, 0x00, 0x00, 0x00, 0x00, 0x00, 0x00,
  0x00, 0x00, 0x00, 0x00, 0x00, 0x00, 0x00, 0x00, 0x00, 0x00, 0x00, 0x00,
  0x00, 0x00, 0x00, 0x00, 0x00, 0x00, 0x00, 0x00, 0x00, 0x00, 0x00, 0x00,
  0x00, 0x00, 0x00, 0x00, 0x00, 0x00, 0x00, 0x00, 0x00, 0x00, 0x00, 0x00,
  0x00, 0x00, 0x00, 0x00, 0x00, 0x00, 0x00, 0x00, 0x00, 0x00, 0x00, 0x00,
  0x00, 0x00, 0x00, 0x00, 0x00, 0x00, 0x00, 0x00, 0x00, 0x00, 0x00, 0x00,
  0x00, 0x00, 0x00, 0x00, 0x00, 0x00, 0x00, 0x00, 0x00, 0x00, 0x00, 0x00,
  0x00, 0x00, 0x00, 0x00, 0x00, 0x00, 0x00, 0x00, 0x00, 0x00, 0x00, 0x00,
  0x00, 0x00, 0x00, 0x00, 0x00, 0x00, 0x00, 0x00, 0x00, 0x00, 0x00, 0x00,
  0x00, 0x00, 0x00, 0x00, 0x00, 0x00, 0x00, 0x00, 0x00, 0x00, 0x00, 0x00,
  0x00, 0x00, 0x00, 0x00, 0x00, 0x00, 0x00, 0x00, 0x00, 0x00, 0x00, 0x00,
  0x00, 0x00, 0x00, 0x00, 0x00, 0x00, 0x00, 0x00, 0x00, 0x00, 0x00, 0x00,
  0x00, 0x00, 0x00, 0x00, 0x00, 0x00, 0x00, 0x00, 0x00, 0x00, 0x00, 0x00,
  0x00, 0x00, 0x00, 0x00, 0x00, 0x00, 0x00, 0x00, 0x00, 0x00, 0x00, 0x00,
  0x00, 0x00, 0x00, 0x00, 0x00, 0x00, 0x00, 0x00, 0x00, 0x00, 0x00, 0x00,
  0x00, 0x00, 0x00, 0x00, 0x00, 0x00, 0x00, 0x00, 0x00, 0x00, 0x00, 0x00,
  0x00, 0x00, 0x00, 0x00, 0x00, 0x00, 0x00, 0x00, 0x00, 0x00, 0x00, 0x00,
  0x00, 0x00, 0x00, 0x00, 0x00, 0x00, 0x00, 0x00, 0x00, 0x00, 0x00, 0x00,
  0x00, 0x00, 0x00, 0x00, 0x00, 0x00, 0x00, 0x00, 0x00, 0x00, 0x00, 0x00,
  0x00, 0x00, 0x00, 0x00, 0x00, 0x00, 0x00, 0x00, 0x00, 0x00, 0x00, 0x00,
  0x00, 0x00, 0x00, 0x00, 0x00, 0x00, 0x00, 0x00, 0x00, 0x00, 0x00, 0x00,
  0x00, 0x00, 0x00, 0x00, 0x00, 0x00, 0x00, 0x00, 0x00, 0x00, 0x00, 0x00,
  0x00, 0x00, 0x00, 0x00, 0x00, 0x00, 0x00, 0x00, 0x00, 0x00, 0x00, 0x00,
  0x00, 0x00, 0x00, 0x00, 0x00, 0x00, 0x00, 0x00, 0x00, 0x00, 0x00, 0x00,
  0x00, 0x00, 0x00, 0x00, 0x00, 0x00, 0x00, 0x00, 0x00, 0x00, 0x00, 0x00,
  0x00, 0x00, 0x00, 0x00, 0x00, 0x00, 0x00, 0x00, 0x00, 0x00, 0x00, 0x00,
  0x00, 0x00, 0x00, 0x00, 0x00, 0x00, 0x00, 0x00, 0x00, 0x00, 0x00, 0x00,
  0x00, 0x00, 0x00, 0x00, 0x00, 0x00, 0x00, 0x00, 0x00, 0x00, 0x00, 0x00,
  0x00, 0x00, 0x00, 0x00, 0x00, 0x00, 0x00, 0x00, 0x00, 0x00, 0x00, 0x00,
  0x00, 0x00, 0x00, 0x00, 0x00, 0x00, 0x00, 0x00, 0x00, 0x00, 0x00, 0x00,
  0x00, 0x00, 0x00, 0x00, 0x00, 0x00, 0x00, 0x00, 0x00, 0x00, 0x00, 0x00,
  0x00, 0x00, 0x00, 0x00, 0x00, 0x00, 0x00, 0x00, 0x00, 0x00, 0x00, 0x00,
  0x00, 0x00, 0x00, 0x00, 0x00, 0x00, 0x00, 0x00, 0x00, 0x00, 0x00, 0x00,
  0x00, 0x00, 0x00, 0x00, 0x00, 0x00, 0x00, 0x00, 0x00, 0x00, 0x00, 0x00,
  0x00, 0x00, 0x00, 0x00, 0x00, 0x00, 0x00, 0x00, 0x00, 0x00, 0x00, 0x00,
  0x00, 0x00, 0x00, 0x00, 0x00, 0x00, 0x00, 0x00, 0x00, 0x00, 0x00, 0x00,
  0x00, 0x00, 0x00, 0x00, 0x00, 0x00, 0x00, 0x00, 0x00, 0x00, 0x00, 0x00,
  0x00, 0x00, 0x00, 0x00, 0x00, 0x00, 0x00, 0x00, 0x00, 0x00, 0x00, 0x00,
  0x00, 0x00, 0x00, 0x00, 0x00, 0x00, 0x00, 0x00, 0x00, 0x00, 0x00, 0x00,
  0x00, 0x00, 0x00, 0x00, 0x00, 0x00, 0x00, 0x00, 0x00, 0x00, 0x00, 0x00,
  0x00, 0x00, 0x00, 0x00, 0x00, 0x00, 0x00, 0x00, 0x00, 0x00, 0x00, 0x00,
  0x00, 0x00, 0x00, 0x00, 0x00, 0x00, 0x00, 0x00, 0x00, 0x00, 0x00, 0x00,
  0x00, 0x00, 0x00, 0x00, 0x00, 0x00, 0x00, 0x00, 0x00, 0x00, 0x00, 0x00,
  0x00, 0x00, 0x00, 0x00, 0x00, 0x00, 0x00, 0x00, 0x00, 0x00, 0x00, 0x00,
  0x00, 0x00, 0x00, 0x00, 0x00, 0x00, 0x00, 0x00, 0x00, 0x00, 0x00, 0x00,
  0x00, 0x00, 0x00, 0x00, 0x00, 0x00, 0x00, 0x00, 0x00, 0x00, 0x00, 0x00,
  0x00, 0x00, 0x00, 0x00, 0x00, 0x00, 0x00, 0x00, 0x00, 0x00, 0x00, 0x00,
  0x00, 0x00, 0x00, 0x00, 0x00, 0x00, 0x00, 0x00, 0x00, 0x00, 0x00, 0x00,
  0x00, 0x00, 0x00, 0x00, 0x00, 0x00, 0x00, 0x00, 0x00, 0x00, 0x00, 0x00,
  0x00, 0x00, 0x00, 0x00, 0x00, 0x00, 0x00, 0x00, 0x00, 0x00, 0x00, 0x00,
  0x00, 0x00, 0x00, 0x00, 0x00, 0x00, 0x00, 0x00, 0x00, 0x00, 0x00, 0x00,
  0x00, 0x00, 0x00, 0x00, 0x00, 0x00, 0x00, 0x00, 0x00, 0x00, 0x00, 0x00,
  0x00, 0x00, 0x00, 0x00, 0x00, 0x00, 0x00, 0x00, 0x00, 0x00, 0x00, 0x00,
  0x00, 0x00, 0x00, 0x00, 0x00, 0x00, 0x00, 0x00, 0x00, 0x00, 0x00, 0x00,
  0x00, 0x00, 0x00, 0x00, 0x00, 0x00, 0x00, 0x00, 0x00, 0x00, 0x00, 0x00,
  0x00, 0x00, 0x00, 0x00, 0x00, 0x00, 0x00, 0x00, 0x00, 0x00, 0x00, 0x00,
  0x00, 0x00, 0x00, 0x00, 0x00, 0x00, 0x00, 0x00, 0x00, 0x00, 0x00, 0x00,
  0x00, 0x00, 0x00, 0x00, 0x00, 0x00, 0x00, 0x00, 0x00, 0x00, 0x00, 0x00,
  0x00, 0x00, 0x00, 0x00, 0x00, 0x00, 0x00, 0x00, 0x00, 0x00, 0x00, 0x00,
  0x00, 0x00, 0x00, 0x00, 0x00, 0x00, 0x00, 0x00, 0x00, 0x00, 0x00, 0x00,
  0x00, 0x00, 0x00, 0x00, 0x00, 0x00, 0x00, 0x00, 0x00, 0x00, 0x00, 0x00,
  0x00, 0x00, 0x00, 0x00, 0x00, 0x00, 0x00, 0x00, 0x00, 0x00, 0x00, 0x00,
  0x00, 0x00, 0x00, 0x00, 0x00, 0x00, 0x00, 0x00, 0x00, 0x00, 0x00, 0x00,
  0x00, 0x00, 0x00, 0x00, 0x00, 0x00, 0x00, 0x00, 0x00, 0x00, 0x00, 0x00,
  0x00, 0x00, 0x00, 0x00, 0x00, 0x00, 0x00, 0x00, 0x00, 0x00, 0x00, 0x00,
  0x00, 0x00, 0x00, 0x00, 0x00, 0x00, 0x00, 0x00, 0x00, 0x00, 0x00, 0x00,
  0x00, 0x00, 0x00, 0x00, 0x00, 0x00, 0x00, 0x00, 0x00, 0x00, 0x00, 0x00,
  0x00, 0x00, 0x00, 0x00, 0x00, 0x00, 0x00, 0x00, 0x00, 0x00, 0x00, 0x00,
  0x00, 0x00, 0x00, 0x00, 0x00, 0x00, 0x00, 0x00, 0x00, 0x00, 0x00, 0x00,
  0x00, 0x00, 0x00, 0x00, 0x00, 0x00, 0x00, 0x00, 0x00, 0x00, 0x00, 0x00,
  0x00, 0x00, 0x00, 0x00, 0x00, 0x00, 0x00, 0x00, 0x00, 0x00, 0x00, 0x00,
  0x00, 0x00, 0x00, 0x00, 0x00, 0x00, 0x00, 0x00, 0x00, 0x00, 0x00, 0x00,
  0x00, 0x00, 0x00, 0x00, 0x00, 0x00, 0x00, 0x00, 0x00, 0x00, 0x00, 0x00,
  0x00, 0x00, 0x00, 0x00, 0x00, 0x00, 0x00, 0x00, 0x00, 0x00, 0x00, 0x00,
  0x00, 0x00, 0x00, 0x00, 0x00, 0x00, 0x00, 0x00, 0x00, 0x00, 0x00, 0x00,
  0x00, 0x00, 0x00, 0x00, 0x00, 0x00, 0x00, 0x00, 0x00, 0x00, 0x00, 0x00,
  0x00, 0x00, 0x00, 0x00, 0x00, 0x00, 0x00, 0x00, 0x00, 0x00, 0x00, 0x00,
  0x00, 0x00, 0x00, 0x00, 0x00, 0x00, 0x00, 0x00, 0x00, 0x00, 0x00, 0x00,
  0x00, 0x00, 0x00, 0x00, 0x00, 0x00, 0x00, 0x00, 0x00, 0x00, 0x00, 0x00,
  0x00, 0x00, 0x00, 0x00, 0x00, 0x00, 0x00, 0x00, 0x00, 0x00, 0x00, 0x00,
  0x00, 0x00, 0x00, 0x00, 0x00, 0x00, 0x00, 0x00, 0x00, 0x00, 0x00, 0x00,
  0x00, 0x00, 0x00, 0x00, 0x00, 0x00, 0x00, 0x00, 0x00, 0x00, 0x00, 0x00,
  0x00, 0x00, 0x00, 0x00, 0x00, 0x00, 0x00, 0x00, 0x00, 0x00, 0x00, 0x00,
  0x00, 0x00, 0x00, 0x00, 0x00, 0x00, 0x00, 0x00, 0x00, 0x00, 0x00, 0x00,
  0x00, 0x00, 0x00, 0x00, 0x00, 0x00, 0x00, 0x00, 0x00, 0x00, 0x00, 0x00,
  0x00, 0x00, 0x00, 0x00, 0x00, 0x00, 0x00, 0x00, 0x00, 0x00, 0x00, 0x00,
  0x00, 0x00, 0x00, 0x00, 0x00, 0x00, 0x00, 0x00, 0x00, 0x00, 0x00, 0x00,
  0x00, 0x00, 0x00, 0x00, 0x00, 0x00, 0x00, 0x00, 0x00, 0x00, 0x00, 0x00,
  0x00, 0x00, 0x00, 0x00, 0x00, 0x00, 0x00, 0x00, 0x00, 0x00, 0x00, 0x00,
  0x00, 0x00, 0x00, 0x00, 0x00, 0x00, 0x00, 0x00, 0x00, 0x00, 0x00, 0x00,
  0x00, 0x00, 0x00, 0x00, 0x00, 0x00, 0x00, 0x00, 0x00, 0x00, 0x00, 0x00,
  0x00, 0x00, 0x00, 0x00, 0x00, 0x00, 0x00, 0x00, 0x00, 0x00, 0x00, 0x00,
  0x00, 0x00, 0x00, 0x00, 0x00, 0x00, 0x00, 0x00, 0x00, 0x00, 0x00, 0x00,
  0x00, 0x00, 0x00, 0x00, 0x00, 0x00, 0x00, 0x00, 0x00, 0x00, 0x00, 0x00,
  0x00, 0x00, 0x00, 0x00, 0x00, 0x00, 0x00, 0x00, 0x00, 0x00, 0x00, 0x00,
  0x00, 0x00, 0x00, 0x00, 0x00, 0x00, 0x00, 0x00, 0x00, 0x00, 0x00, 0x00,
  0x00, 0x00, 0x00, 0x00, 0x00, 0x00, 0x00, 0x00, 0x00, 0x00, 0x00, 0x00,
  0x00, 0x00, 0x00, 0x00, 0x00, 0x00, 0x00, 0x00, 0x00, 0x00, 0x00, 0x00,
  0x00, 0x00, 0x00, 0x00, 0x00, 0x00, 0x00, 0x00, 0x00, 0x00, 0x00, 0x00,
  0x00, 0x00, 0x00, 0x00, 0x00, 0x00, 0x00, 0x00, 0x00, 0x00, 0x00, 0x00,
  0x00, 0x00, 0x00, 0x00, 0x00, 0x00, 0x00, 0x00, 0x00, 0x00, 0x00, 0x00,
  0x00, 0x00, 0x00, 0x00, 0x00, 0x00, 0x00, 0x00, 0x00, 0x00, 0x00, 0x00,
  0x00, 0x00, 0x00, 0x00, 0x00, 0x00, 0x00, 0x00, 0x00, 0x00, 0x00, 0x00,
  0x00, 0x00, 0x00, 0x00, 0x00, 0x00, 0x00, 0x00, 0x00, 0x00, 0x00, 0x00,
  0x00, 0x00, 0x00, 0x00, 0x00, 0x00, 0x00, 0x00, 0x00, 0x00, 0x00, 0x00,
  0x00, 0x00, 0x00, 0x00, 0x00, 0x00, 0x00, 0x00, 0x00, 0x00, 0x00, 0x00,
  0x00, 0x00, 0x00, 0x00, 0x00, 0x00, 0x00, 0x00, 0x00, 0x00, 0x00, 0x00,
  0x00, 0x00, 0x00, 0x00, 0x00, 0x00, 0x00, 0x00, 0x00, 0x00, 0x00, 0x00,
  0x00, 0x00, 0x00, 0x00, 0x00, 0x00, 0x00, 0x00, 0x00, 0x00, 0x00, 0x00,
  0x00, 0x00, 0x00, 0x00, 0x00, 0x00, 0x00, 0x00, 0x00, 0x00, 0x00, 0x00,
  0x00, 0x00, 0x00, 0x00, 0x00, 0x00, 0x00, 0x00, 0x00, 0x00, 0x00, 0x00,
  0x00, 0x00, 0x00, 0x00, 0x00, 0x00, 0x00, 0x00, 0x00, 0x00, 0x00, 0x00,
  0x00, 0x00, 0x00, 0x00, 0x00, 0x00, 0x00, 0x00, 0x00, 0x00, 0x00, 0x00,
  0x00, 0x00, 0x00, 0x00, 0x00, 0x00, 0x00, 0x00, 0x00, 0x00, 0x00, 0x00,
  0x00, 0x00, 0x00, 0x00, 0x00, 0x00, 0x00, 0x00, 0x00, 0x00, 0x00, 0x00,
  0x00, 0x00, 0x00, 0x00, 0x00, 0x00, 0x00, 0x00, 0x00, 0x00, 0x00, 0x00,
  0x00, 0x00, 0x00, 0x00, 0x00, 0x00, 0x00, 0x00, 0x00, 0x00, 0x00, 0x00,
  0x00, 0x00, 0x00, 0x00, 0x00, 0x00, 0x00, 0x00, 0x00, 0x00, 0x00, 0x00,
  0x00, 0x00, 0x00, 0x00, 0x00, 0x00, 0x00, 0x00, 0x00, 0x00, 0x00, 0x00,
  0x00, 0x00, 0x00, 0x00, 0x00, 0x00, 0x00, 0x00, 0x00, 0x00, 0x00, 0x00,
  0x00, 0x00, 0x00, 0x00, 0x00, 0x00, 0x00, 0x00, 0x00, 0x00, 0x00, 0x00,
  0x00, 0x00, 0x00, 0x00, 0x00, 0x00, 0x00, 0x00, 0x00, 0x00, 0x00, 0x00,
  0x00, 0x00, 0x00, 0x00, 0x00, 0x00, 0x00, 0x00, 0x00, 0x00, 0x00, 0x00,
  0x00, 0x00, 0x00, 0x00, 0x00, 0x00, 0x00, 0x00, 0x00, 0x00, 0x00, 0x00,
  0x00, 0x00, 0x00, 0x00, 0x00, 0x00, 0x00, 0x00, 0x00, 0x00, 0x00, 0x00,
  0x00, 0x00, 0x00, 0x00, 0x00, 0x00, 0x00, 0x00, 0x00, 0x00, 0x00, 0x00,
  0x00, 0x00, 0x00, 0x00, 0x00, 0x00, 0x00, 0x00, 0x00, 0x00, 0x00, 0x00,
  0x00, 0x00, 0x00, 0x00, 0x00, 0x00, 0x00, 0x00, 0x00, 0x00, 0x00, 0x00,
  0x00, 0x00, 0x00, 0x00, 0x00, 0x00, 0x00, 0x00, 0x00, 0x00, 0x00, 0x00,
  0x00, 0x00, 0x00, 0x00, 0x00, 0x00, 0x00, 0x00, 0x00, 0x00, 0x00, 0x00,
  0x00, 0x00, 0x00, 0x00, 0x00, 0x00, 0x00, 0x00, 0x00, 0x00, 0x00, 0x00,
  0x00, 0x00, 0x00, 0x00, 0x00, 0x00, 0x00, 0x00, 0x00, 0x00, 0x00, 0x00,
  0x00, 0x00, 0x00, 0x00, 0x00, 0x00, 0x00, 0x00, 0x00, 0x00, 0x00, 0x00,
  0x00, 0x00, 0x00, 0x00, 0x00, 0x00, 0x00, 0x00, 0x00, 0x00, 0x00, 0x00,
  0x00, 0x00, 0x00, 0x00, 0x00, 0x00, 0x00, 0x00, 0x00, 0x00, 0x00, 0x00,
  0x00, 0x00, 0x00, 0x00, 0x00, 0x00, 0x00, 0x00, 0x00, 0x00, 0x00, 0x00,
  0x00, 0x00, 0x00, 0x00, 0x00, 0x00, 0x00, 0x00, 0x00, 0x00, 0x00, 0x00,
  0x00, 0x00, 0x00, 0x00, 0x00, 0x00, 0x00, 0x00, 0x00, 0x00, 0x00, 0x00,
  0x00, 0x00, 0x00, 0x00, 0x00, 0x00, 0x00, 0x00, 0x00, 0x00, 0x00, 0x00,
  0x00, 0x00, 0x00, 0x00, 0x00, 0x00, 0x00, 0x00, 0x00, 0x00, 0x00, 0x00,
  0x00, 0x00, 0x00, 0x00, 0x00, 0x00, 0x00, 0x00, 0x00, 0x00, 0x00, 0x00,
  0x00, 0x00, 0x00, 0x00, 0x00, 0x00, 0x00, 0x00, 0x00, 0x00, 0x00, 0x00,
  0x00, 0x00, 0x00, 0x00, 0x00, 0x00, 0x00, 0x00, 0x00, 0x00, 0x00, 0x00,
  0x00, 0x00, 0x00, 0x00, 0x00, 0x00, 0x00, 0x00, 0x00, 0x00, 0x00, 0x00,
  0x00, 0x00, 0x00, 0x00, 0x00, 0x00, 0x00, 0x00, 0x00, 0x00, 0x00, 0x00,
  0x00, 0x00, 0x00, 0x00, 0x00, 0x00, 0x00, 0x00, 0x00, 0x00, 0x00, 0x00,
  0x00, 0x00, 0x00, 0x00, 0x00, 0x00, 0x00, 0x00, 0x00, 0x00, 0x00, 0x00,
  0x00, 0x00, 0x00, 0x00, 0x00, 0x00, 0x00, 0x00, 0x00, 0x00, 0x00, 0x00,
  0x00, 0x00, 0x00, 0x00, 0x00, 0x00, 0x00, 0x00, 0x00, 0x00, 0x00, 0x00,
  0x00, 0x00, 0x00, 0x00, 0x00, 0x00, 0x00, 0x00, 0x00, 0x00, 0x00, 0x00,
  0x00, 0x00, 0x00, 0x00, 0x00, 0x00, 0x00, 0x00, 0x00, 0x00, 0x00, 0x00,
  0x00, 0x00, 0x00, 0x00, 0x00, 0x00, 0x00, 0x00, 0x00, 0x00, 0x00, 0x00,
  0x00, 0x00, 0x00, 0x00, 0x00, 0x00, 0x00, 0x00, 0x00, 0x00, 0x00, 0x00,
  0x00, 0x00, 0x00, 0x00, 0x00, 0x00, 0x00, 0x00, 0x00, 0x00, 0x00, 0x00,
  0x00, 0x00, 0x00, 0x00, 0x00, 0x00, 0x00, 0x00, 0x00, 0x00, 0x00, 0x00,
  0x00, 0x00, 0x00, 0x00, 0x00, 0x00, 0x00, 0x00, 0x00, 0x00, 0x00, 0x00,
  0x00, 0x00, 0x00, 0x00, 0x00, 0x00, 0x00, 0x00, 0x00, 0x00, 0x00, 0x00,
  0x00, 0x00, 0x00, 0x00, 0x00, 0x00, 0x00, 0x00, 0x00, 0x00, 0x00, 0x00,
  0x00, 0x00, 0x00, 0x00, 0x00, 0x00, 0x00, 0x00, 0x00, 0x00, 0x00, 0x00,
  0x00, 0x00, 0x00, 0x00, 0x00, 0x00, 0x00, 0x00, 0x00, 0x00, 0x00, 0x00,
  0x00, 0x00, 0x00, 0x00, 0x00, 0x00, 0x00, 0x00, 0x00, 0x00, 0x00, 0x00,
  0x00, 0x00, 0x00, 0x00, 0x00, 0x00, 0x00, 0x00, 0x00, 0x00, 0x00, 0x00,
  0x00, 0x00, 0x00, 0x00, 0x00, 0x00, 0x00, 0x00, 0x00, 0x00, 0x00, 0x00,
  0x00, 0x00, 0x00, 0x00, 0x00, 0x00, 0x00, 0x00, 0x00, 0x00, 0x00, 0x00,
  0x00, 0x00, 0x00, 0x00, 0x00, 0x00, 0x00, 0x00, 0x00, 0x00, 0x00, 0x00,
  0x00, 0x00, 0x00, 0x00, 0x00, 0x00, 0x00, 0x00, 0x00, 0x00, 0x00, 0x00,
  0x00, 0x00, 0x00, 0x00, 0x00, 0x00, 0x00, 0x00, 0x00, 0x00, 0x00, 0x00,
  0x00, 0x00, 0x00, 0x00, 0x00, 0x00, 0x00, 0x00, 0x00, 0x00, 0x00, 0x00,
  0x00, 0x00, 0x00, 0x00, 0x00, 0x00, 0x00, 0x00, 0x00, 0x00, 0x00, 0x00,
  0x00, 0x00, 0x00, 0x00, 0x00, 0x00, 0x00, 0x00, 0x00, 0x00, 0x00, 0x00,
  0x00, 0x00, 0x00, 0x00, 0x00, 0x00, 0x00, 0x00, 0x00, 0x00, 0x00, 0x00,
  0x00, 0x00, 0x00, 0x00, 0x00, 0x00, 0x00, 0x00, 0x00, 0x00, 0x00, 0x00,
  0x00, 0x00, 0x00, 0x00, 0x00, 0x00, 0x00, 0x00, 0x00, 0x00, 0x00, 0x00,
  0x00, 0x00, 0x00, 0x00, 0x00, 0x00, 0x00, 0x00, 0x00, 0x00, 0x00, 0x00,
  0x00, 0x00, 0x00, 0x00, 0x00, 0x00, 0x00, 0x00, 0x00, 0x00, 0x00, 0x00,
  0x00, 0x00, 0x00, 0x00, 0x00, 0x00, 0x00, 0x00, 0x00, 0x00, 0x00, 0x00,
  0x00, 0x00, 0x00, 0x00, 0x00, 0x00, 0x00, 0x00, 0x00, 0x00, 0x00, 0x00,
  0x00, 0x00, 0x00, 0x00, 0x00, 0x00, 0x00, 0x00, 0x00, 0x00, 0x00, 0x00,
  0x00, 0x00, 0x00, 0x00, 0x00, 0x00, 0x00, 0x00, 0x00, 0x00, 0x00, 0x00,
  0x00, 0x00, 0x00, 0x00, 0x00, 0x00, 0x00, 0x00, 0x00, 0x00, 0x00, 0x00,
  0x00, 0x00, 0x00, 0x00, 0x00, 0x00, 0x00, 0x00, 0x00, 0x00, 0x00, 0x00,
  0x00, 0x00, 0x00, 0x00, 0x00, 0x00, 0x00, 0x00, 0x00, 0x00, 0x00, 0x00,
  0x00, 0x00, 0x00, 0x00, 0x00, 0x00, 0x00, 0x00, 0x00, 0x00, 0x00, 0x00,
  0x00, 0x00, 0x00, 0x00, 0x00, 0x00, 0x00, 0x00, 0x00, 0x00, 0x00, 0x00,
  0x00, 0x00, 0x00, 0x00, 0x00, 0x00, 0x00, 0x00, 0x00, 0x00, 0x00, 0x00,
  0x00, 0x00, 0x00, 0x00, 0x00, 0x00, 0x00, 0x00, 0x00, 0x00, 0x00, 0x00,
  0x00, 0x00, 0x00, 0x00, 0x00, 0x00, 0x00, 0x00, 0x00, 0x00, 0x00, 0x00,
  0x00, 0x00, 0x00, 0x00, 0x00, 0x00, 0x00, 0x00, 0x00, 0x00, 0x00, 0x00,
  0x00, 0x00, 0x00, 0x00, 0x00, 0x00, 0x00, 0x00, 0x00, 0x00, 0x00, 0x00,
  0x00, 0x00, 0x00, 0x00, 0x00, 0x00, 0x00, 0x00, 0x00, 0x00, 0x00, 0x00,
  0x00, 0x00, 0x00, 0x00, 0x00, 0x00, 0x00, 0x00, 0x00, 0x00, 0x00, 0x00,
  0x00, 0x00, 0x00, 0x00, 0x00, 0x00, 0x00, 0x00, 0x00, 0x00, 0x00, 0x00,
  0x00, 0x00, 0x00, 0x00, 0x00, 0x00, 0x00, 0x00, 0x00, 0x00, 0x00, 0x00,
  0x00, 0x00, 0x00, 0x00, 0x00, 0x00, 0x00, 0x00, 0x00, 0x00, 0x00, 0x00,
  0x00, 0x00, 0x00, 0x00, 0x00, 0x00, 0x00, 0x00, 0x00, 0x00, 0x00, 0x00,
  0x00, 0x00, 0x00, 0x00, 0x00, 0x00, 0x00, 0x00, 0x00, 0x00, 0x00, 0x00,
  0x00, 0x00, 0x00, 0x00, 0x00, 0x00, 0x00, 0x00, 0x00, 0x00, 0x00, 0x00,
  0x00, 0x00, 0x00, 0x00, 0x00, 0x00, 0x00, 0x00, 0x00, 0x00, 0x00, 0x00,
  0x00, 0x00, 0x00, 0x00, 0x00, 0x00, 0x00, 0x00, 0x00, 0x00, 0x00, 0x00,
  0x00, 0x00, 0x00, 0x00, 0x00, 0x00, 0x00, 0x00, 0x00, 0x00, 0x00, 0x00,
  0x00, 0x00, 0x00, 0x00, 0x00, 0x00, 0x00, 0x00, 0x00, 0x00, 0x00, 0x00,
  0x00, 0x00, 0x00, 0x00, 0x00, 0x00, 0x00, 0x00, 0x00, 0x00, 0x00, 0x00,
  0x00, 0x00, 0x00, 0x00, 0x00, 0x00, 0x00, 0x00, 0x00, 0x00, 0x00, 0x00,
  0x00, 0x00, 0x00, 0x00, 0x00, 0x00, 0x00, 0x00, 0x00, 0x00, 0x00, 0x00,
  0x00, 0x00, 0x00, 0x00, 0x00, 0x00, 0x00, 0x00, 0x00, 0x00, 0x00, 0x00,
  0x00, 0x00, 0x00, 0x00, 0x00, 0x00, 0x00, 0x00, 0x00, 0x00, 0x00, 0x00,
  0x00, 0x00, 0x00, 0x00, 0x00, 0x00, 0x00, 0x00, 0x00, 0x00, 0x00, 0x00,
  0x00, 0x00, 0x00, 0x00, 0x00, 0x00, 0x00, 0x00, 0x00, 0x00, 0x00, 0x00,
  0x00, 0x00, 0x00, 0x00, 0x00, 0x00, 0x00, 0x00, 0x00, 0x00, 0x00, 0x00,
  0x00, 0x00, 0x00, 0x00, 0x00, 0x00, 0x00, 0x00, 0x00, 0x00, 0x00, 0x00,
  0x00, 0x00, 0x00, 0x00, 0x00, 0x00, 0x00, 0x00, 0x00, 0x00, 0x00, 0x00,
  0x00, 0x00, 0x00, 0x00, 0x00, 0x00, 0x00, 0x00, 0x00, 0x00, 0x00, 0x00,
  0x00, 0x00, 0x00, 0x00, 0x00, 0x00, 0x00, 0x00, 0x00, 0x00, 0x00, 0x00,
  0x00, 0x00, 0x00, 0x00, 0x00, 0x00, 0x00, 0x00, 0x00, 0x00, 0x00, 0x00,
  0x00, 0x00, 0x00, 0x00, 0x00, 0x00, 0x00, 0x00, 0x00, 0x00, 0x00, 0x00,
  0x00, 0x00, 0x00, 0x00, 0x00, 0x00, 0x00, 0x00, 0x00, 0x00, 0x00, 0x00,
  0x00, 0x00, 0x00, 0x00, 0x00, 0x00, 0x00, 0x00, 0x00, 0x00, 0x00, 0x00,
  0x00, 0x00, 0x00, 0x00, 0x00, 0x00, 0x00, 0x00, 0x00, 0x00, 0x00, 0x00,
  0x00, 0x00, 0x00, 0x00, 0x00, 0x00, 0x00, 0x00, 0x00, 0x00, 0x00, 0x00,
  0x00, 0x00, 0x00, 0x00, 0x00, 0x00, 0x00, 0x00, 0x00, 0x00, 0x00, 0x00,
  0x00, 0x00, 0x00, 0x00, 0x00, 0x00, 0x00, 0x00, 0x00, 0x00, 0x00, 0x00,
  0x00, 0x00, 0x00, 0x00, 0x00, 0x00, 0x00, 0x00, 0x00, 0x00, 0x00, 0x00,
  0x00, 0x00, 0x00, 0x00, 0x00, 0x00, 0x00, 0x00, 0x00, 0x00, 0x00, 0x00,
  0x00, 0x00, 0x00, 0x00, 0x00, 0x00, 0x00, 0x00, 0x00, 0x00, 0x00, 0x00,
  0x00, 0x00, 0x00, 0x00, 0x00, 0x00, 0x00, 0x00, 0x00, 0x00, 0x00, 0x00,
  0x00, 0x00, 0x00, 0x00, 0x00, 0x00, 0x00, 0x00, 0x00, 0x00, 0x00, 0x00,
  0x00, 0x00, 0x00, 0x00, 0x00, 0x00, 0x00, 0x00, 0x00, 0x00, 0x00, 0x00,
  0x00, 0x00, 0x00, 0x00, 0x00, 0x00, 0x00, 0x00, 0x00, 0x00, 0x00, 0x00,
  0x00, 0x00, 0x00, 0x00, 0x00, 0x00, 0x00, 0x00, 0x00, 0x00, 0x00, 0x00,
  0x00, 0x00, 0x00, 0x00, 0x00, 0x00, 0x00, 0x00, 0x00, 0x00, 0x00, 0x00,
  0x00, 0x00, 0x00, 0x00, 0x00, 0x00, 0x00, 0x00, 0x00, 0x00, 0x00, 0x00,
  0x00, 0x00, 0x00, 0x00, 0x00, 0x00, 0x00, 0x00, 0x00, 0x00, 0x00, 0x00,
  0x00, 0x00, 0x00, 0x00, 0x00, 0x00, 0x00, 0x00, 0x00, 0x00, 0x00, 0x00,
  0x00, 0x00, 0x00, 0x00, 0x00, 0x00, 0x00, 0x00, 0x00, 0x00, 0x00, 0x00,
  0x00, 0x00, 0x00, 0x00, 0x00, 0x00, 0x00, 0x00, 0x00, 0x00, 0x00, 0x00,
  0x00, 0x00, 0x00, 0x00, 0x00, 0x00, 0x00, 0x00, 0x00, 0x00, 0x00, 0x00,
  0x00, 0x00, 0x00, 0x00, 0x00, 0x00, 0x00, 0x00, 0x00, 0x00, 0x00, 0x00,
  0x00, 0x00, 0x00, 0x00, 0x00, 0x00, 0x00, 0x00, 0x00, 0x00, 0x00, 0x00,
  0x00, 0x00, 0x00, 0x00, 0x00, 0x00, 0x00, 0x00, 0x00, 0x00, 0x00, 0x00,
  0x00, 0x00, 0x00, 0x00, 0x00, 0x00, 0x00, 0x00, 0x00, 0x00, 0x00, 0x00,
  0x00, 0x00, 0x00, 0x00, 0x00, 0x00, 0x00, 0x00, 0x00, 0x00, 0x00, 0x00,
  0x00, 0x00, 0x00, 0x00, 0x00, 0x00, 0x00, 0x00, 0x00, 0x00, 0x00, 0x00,
  0x00, 0x00, 0x00, 0x00, 0x00, 0x00, 0x00, 0x00, 0x00, 0x00, 0x00, 0x00,
  0x00, 0x00, 0x00, 0x00, 0x00, 0x00, 0x00, 0x00, 0x00, 0x00, 0x00, 0x00,
  0x00, 0x00, 0x00, 0x00, 0x00, 0x00, 0x00, 0x00, 0x00, 0x00, 0x00, 0x00,
  0x00, 0x00, 0x00, 0x00, 0x00, 0x00, 0x00, 0x00, 0x00, 0x00, 0x00, 0x00,
  0x00, 0x00, 0x00, 0x00, 0x00, 0x00, 0x00, 0x00, 0x00, 0x00, 0x00, 0x00,
  0x00, 0x00, 0x00, 0x00, 0x00, 0x00, 0x00, 0x00, 0x00, 0x00, 0x00, 0x00,
  0x00, 0x00, 0x00, 0x00, 0x00, 0x00, 0x00, 0x00, 0x00, 0x00, 0x00, 0x00,
  0x00, 0x00, 0x00, 0x00, 0x00, 0x00, 0x00, 0x00, 0x00, 0x00, 0x00, 0x00,
  0x00, 0x00, 0x00, 0x00, 0x55, 0x89, 0xe5, 0x83, 0xec, 0x10, 0x8b, 0x45,
  0x08, 0x89, 0x45, 0xf8, 0x8b, 0x45, 0x0c, 0x89, 0x45, 0xf4, 0xc7, 0x45,
  0xfc, 0x00, 0x00, 0x00, 0x00, 0xeb, 0x19, 0x8b, 0x55, 0xfc, 0x8b, 0x45,
  0xf4, 0x01, 0xd0, 0x8b, 0x4d, 0xfc, 0x8b, 0x55, 0xf8, 0x01, 0xca, 0x0f,
  0xb6, 0x00, 0x88, 0x02, 0x83, 0x45, 0xfc, 0x01, 0x8b, 0x45, 0xfc, 0x3b,
  0x45, 0x10, 0x7c, 0xdf, 0x8b, 0x45, 0x08, 0xc9, 0xc3, 0x55, 0x89, 0xe5,
  0x83, 0xec, 0x10, 0x8b, 0x45, 0x08, 0x89, 0x45, 0xf8, 0xc7, 0x45, 0xfc,
  0x00, 0x00, 0x00, 0x00, 0xeb, 0x11, 0x8b, 0x55, 0xfc, 0x8b, 0x45, 0xf8,
  0x01, 0xd0, 0x8b, 0x55, 0x0c, 0x88, 0x10, 0x83, 0x45, 0xfc, 0x01, 0x8b,
  0x45, 0xfc, 0x3b, 0x45, 0x10, 0x7c, 0xe7, 0x8b, 0x45, 0x08, 0xc9, 0xc3,
  0x55, 0x89, 0xe5, 0x83, 0xec, 0x10, 0xc7, 0x45, 0xfc, 0x00, 0x00, 0x00,
  0x00, 0xeb, 0x04, 0x83, 0x45, 0xfc, 0x01, 0x8b, 0x45, 0x08, 0x8d, 0x50,
  0x01, 0x89, 0x55, 0x08, 0x0f, 0xb6, 0x00, 0x84, 0xc0, 0x75, 0xec, 0x8b,
  0x45, 0xfc, 0xc9, 0xc3, 0x55, 0x89, 0xe5, 0x90, 0x8b, 0x55, 0x0c, 0x8d,
  0x42, 0x01, 0x89, 0x45, 0x0c, 0x8b, 0x45, 0x08, 0x8d, 0x48, 0x01, 0x89,
  0x4d, 0x08, 0x0f, 0xb6, 0x12, 0x88, 0x10, 0x0f, 0xb6, 0x00, 0x84, 0xc0,
  0x75, 0xe2, 0x90, 0x90, 0x5d, 0xc3, 0x55, 0x89, 0xe5, 0x83, 0xec, 0x10,
  0xc7, 0x45, 0xfc, 0x00, 0x00, 0x00, 0x00, 0xeb, 0x19, 0x8b, 0x55, 0x0c,
  0x8b, 0x45, 0xfc, 0x01, 0xd0, 0x8b, 0x4d, 0x08, 0x8b, 0x55, 0xfc, 0x01,
  0xca, 0x0f, 0xb6, 0x00, 0x88, 0x02, 0x83, 0x45, 0xfc, 0x01, 0x8b, 0x45,
  0xfc, 0x3b, 0x45, 0x10, 0x73, 0x0f, 0x8b, 0x55, 0x0c, 0x8b, 0x45, 0xfc,
  0x01, 0xd0, 0x0f, 0xb6, 0x00, 0x84, 0xc0, 0x75, 0xd0, 0x8b, 0x45, 0xfc,
  0x3b, 0x45, 0x10, 0x73, 0x0d, 0x8b, 0x55, 0x08, 0x8b, 0x45, 0xfc, 0x01,
  0xd0, 0xc6, 0x00, 0x00, 0xeb, 0x14, 0x83, 0x7d, 0x10, 0x00, 0x74, 0x0e,
  0x8b, 0x45, 0x10, 0x8d, 0x50, 0xff, 0x8b, 0x45, 0x08, 0x01, 0xd0, 0xc6,
  0x00, 0x00, 0x90, 0xc9, 0xc3, 0x55, 0x89, 0xe5, 0xeb, 0x08, 0x83, 0x45,
  0x08, 0x01, 0x83, 0x45, 0x0c, 0x01, 0x8b, 0x45, 0x08, 0x0f, 0xb6, 0x00,
  0x84, 0xc0, 0x74, 0x10, 0x8b, 0x45, 0x08, 0x0f, 0xb6, 0x10, 0x8b, 0x45,
  0x0c, 0x0f, 0xb6, 0x00, 0x38, 0xc2, 0x74, 0xde, 0x8b, 0x45, 0x08, 0x0f,
  0xb6, 0x00, 0x0f, 0xb6, 0xd0, 0x8b, 0x45, 0x0c, 0x0f, 0xb6, 0x00, 0x0f,
  0xb6, 0xc0, 0x29, 0xc2, 0x89, 0xd0, 0x5d, 0xc3, 0x55, 0x89, 0xe5, 0xff,
  0x75, 0x08, 0xe8, 0xfd, 0xfe, 0xff, 0xff, 0x83, 0xc4, 0x04, 0x01, 0x45,
  0x08, 0x90, 0x8b, 0x55, 0x0c, 0x8d, 0x42, 0x01, 0x89, 0x45, 0x0c, 0x8b,
  0x45, 0x08, 0x8d, 0x48, 0x01, 0x89, 0x4d, 0x08, 0x0f, 0xb6, 0x12, 0x88,
  0x10, 0x0f, 0xb6, 0x00, 0x84, 0xc0, 0x75, 0xe2, 0x90, 0x90, 0xc9, 0xc3,
  0x55, 0x89, 0xe5, 0x83, 0xec, 0x10, 0xff, 0x75, 0x08, 0xe8, 0xc6, 0xfe,
  0xff, 0xff, 0x83, 0xc4, 0x04, 0x89, 0x45, 0xf8, 0xc7, 0x45, 0xfc, 0x00,
  0x00, 0x00, 0x00, 0xeb, 0x1e, 0x8b, 0x55, 0x0c, 0x8b, 0x45, 0xfc, 0x01,
  0xd0, 0x8b, 0x4d, 0xf8, 0x8b, 0x55, 0xfc, 0x01, 0xd1, 0x8b, 0x55, 0x08,
  0x01, 0xca, 0x0f, 0xb6, 0x00, 0x88, 0x02, 0x83, 0x45, 0xfc, 0x01, 0x8b,
  0x45, 0xfc, 0x3b, 0x45, 0x10, 0x73, 0x0f, 0x8b, 0x55, 0x0c, 0x8b, 0x45,
  0xfc, 0x01, 0xd0, 0x0f, 0xb6, 0x00, 0x84, 0xc0, 0x75, 0xcb, 0x8b, 0x55,
  0xf8, 0x8b, 0x45, 0xfc, 0x01, 0xc2, 0x8b, 0x45, 0x08, 0x01, 0xd0, 0xc6,
  0x00, 0x00, 0x90, 0xc9, 0xc3, 0x55, 0x89, 0xe5, 0x83, 0xec, 0x10, 0xc7,
  0x45, 0xfc, 0x00, 0x00, 0x00, 0x00, 0xeb, 0x54, 0x8b, 0x55, 0xfc, 0x8b,
  0x45, 0x08, 0x01, 0xd0, 0x0f, 0xb6, 0x10, 0x8b, 0x4d, 0xfc, 0x8b, 0x45,
  0x0c, 0x01, 0xc8, 0x0f, 0xb6, 0x00, 0x38, 0xc2, 0x74, 0x20, 0x8b, 0x55,
  0xfc, 0x8b, 0x45, 0x08, 0x01, 0xd0, 0x0f, 0xb6, 0x00, 0x0f, 0xb6, 0xc0,
  0x8b, 0x4d, 0xfc, 0x8b, 0x55, 0x0c, 0x01, 0xca, 0x0f, 0xb6, 0x12, 0x0f,
  0xb6, 0xd2, 0x29, 0xd0, 0xeb, 0x27, 0x8b, 0x55, 0xfc, 0x8b, 0x45, 0x08,
  0x01, 0xd0, 0x0f, 0xb6, 0x00, 0x84, 0xc0, 0x75, 0x07, 0xb8, 0x00, 0x00,
  0x00, 0x00, 0xeb, 0x11, 0x83, 0x45, 0xfc, 0x01, 0x8b, 0x45, 0xfc, 0x3b,
  0x45, 0x10, 0x7c, 0xa4, 0xb8, 0x00, 0x00, 0x00, 0x00, 0xc9, 0xc3, 0x55,
  0x89, 0xe5, 0xeb, 0x23, 0x8b, 0x45, 0x08, 0x8d, 0x50, 0x01, 0x89, 0x55,
  0x08, 0x0f, 0xb6, 0x08, 0x8b, 0x45, 0x0c, 0x8d, 0x50, 0x01, 0x89, 0x55,
  0x0c, 0x0f, 0xb6, 0x00, 0x38, 0xc1, 0x74, 0x07, 0xb8, 0x00, 0x00, 0x00,
  0x00, 0xeb, 0x0f, 0x8b, 0x45, 0x0c, 0x0f, 0xb6, 0x00, 0x84, 0xc0, 0x75,
  0xd3, 0xb8, 0x01, 0x00, 0x00, 0x00, 0x5d, 0xc3, 0x55, 0x89, 0xe5, 0xeb,
  0x19, 0x8b, 0x45, 0x08, 0x0f, 0xb6, 0x00, 0x0f, 0xbe, 0xc0, 0x39, 0x45,
  0x0c, 0x75, 0x07, 0xb8, 0x01, 0x00, 0x00, 0x00, 0xeb, 0x13, 0x83, 0x45,
  0x08, 0x01, 0x8b, 0x45, 0x08, 0x0f, 0xb6, 0x00, 0x84, 0xc0, 0x75, 0xdd,
  0xb8, 0x00, 0x00, 0x00, 0x00, 0x5d, 0xc3, 0x55, 0x89, 0xe5, 0x83, 0xec,
  0x10, 0x8b, 0x45, 0x08, 0xcd, 0x80, 0x89, 0x45, 0xfc, 0x8b, 0x45, 0xfc,
  0xc9, 0xc3, 0x55, 0x89, 0xe5, 0x53, 0x83, 0xec, 0x10, 0x8b, 0x45, 0x08,
  0x8b, 0x55, 0x0c, 0x89, 0xd3, 0xcd, 0x80, 0x89, 0x45, 0xf8, 0x8b, 0x45,
  0xf8, 0x8b, 0x5d, 0xfc, 0xc9, 0xc3, 0x55, 0x89, 0xe5, 0x53, 0x83, 0xec,
  0x10, 0x8b, 0x45, 0x08, 0x8b, 0x55, 0x0c, 0x8b, 0x4d, 0x10, 0x89, 0xd3,
  0xcd, 0x80, 0x89, 0x45, 0xf8, 0x8b, 0x45, 0xf8, 0x8b, 0x5d, 0xfc, 0xc9,
  0xc3, 0x55, 0x89, 0xe5, 0x53, 0x83, 0xec, 0x10, 0x8b, 0x45, 0x08, 0x8b,
  0x5d, 0x0c, 0x8b, 0x4d, 0x10, 0x8b, 0x55, 0x14, 0xcd, 0x80, 0x89, 0x45,
  0xf8, 0x8b, 0x45, 0xf8, 0x8b, 0x5d, 0xfc, 0xc9, 0xc3, 0x55, 0x89, 0xe5,
  0x8b, 0x55, 0x0c, 0x8b, 0x45, 0x08, 0x52, 0x50, 0x6a, 0x05, 0xe8, 0xaf,
  0xff, 0xff, 0xff, 0x83, 0xc4, 0x0c, 0xc9, 0xc3, 0x55, 0x89, 0xe5, 0x8b,
  0x45, 0x08, 0x50, 0x6a, 0x06, 0xe8, 0x80, 0xff, 0xff, 0xff, 0x83, 0xc4,
  0x08, 0xc9, 0xc3, 0x55, 0x89, 0xe5, 0x8b, 0x4d, 0x10, 0x8b, 0x55, 0x0c,
  0x8b, 0x45, 0x08, 0x51, 0x52, 0x50, 0x6a, 0x03, 0xe8, 0xa0, 0xff, 0xff,
  0xff, 0x83, 0xc4, 0x10, 0xc9, 0xc3, 0x55, 0x89, 0xe5, 0x8b, 0x4d, 0x10,
  0x8b, 0x55, 0x0c, 0x8b, 0x45, 0x08, 0x51, 0x52, 0x50, 0x6a, 0x04, 0xe8,
  0x85, 0xff, 0xff, 0xff, 0x83, 0xc4, 0x10, 0xc9, 0xc3, 0x55, 0x89, 0xe5,
  0x8b, 0x4d, 0x10, 0x8b, 0x55, 0x0c, 0x8b, 0x45, 0x08, 0x51, 0x52, 0x50,
  0x6a, 0x47, 0xe8, 0x6a, 0xff, 0xff, 0xff, 0x83, 0xc4, 0x10, 0xc9, 0xc3,
  0x55, 0x89, 0xe5, 0x8b, 0x55, 0x0c, 0x8b, 0x45, 0x08, 0x52, 0x50, 0x6a,
  0x10, 0xe8, 0x34, 0xff, 0xff, 0xff, 0x83, 0xc4, 0x0c, 0xc9, 0xc3, 0x55,
  0x89, 0xe5, 0x8b, 0x45, 0x08, 0x50, 0x6a, 0x11, 0xe8, 0x05, 0xff, 0xff,
  0xff, 0x83, 0xc4, 0x08, 0xc9, 0xc3, 0x55, 0x89, 0xe5, 0x8b, 0x45, 0x08,
  0x50, 0x6a, 0x12, 0xe8, 0xf2, 0xfe, 0xff, 0xff, 0x83, 0xc4, 0x08, 0xc9,
  0xc3, 0x55, 0x89, 0xe5, 0x8b, 0x45, 0x08, 0x50, 0x6a, 0x15, 0xe8, 0xdf,
  0xfe, 0xff, 0xff, 0x83, 0xc4, 0x08, 0xc9, 0xc3, 0x55, 0x89, 0xe5, 0x8b,
  0x45, 0x08, 0x50, 0x6a, 0x13, 0xe8, 0xcc, 0xfe, 0xff, 0xff, 0x83, 0xc4,
  0x08, 0xc9, 0xc3, 0x55, 0x89, 0xe5, 0x8b, 0x55, 0x0c, 0x8b, 0x45, 0x08,
  0x52, 0x50, 0x6a, 0x16, 0xe8, 0xd1, 0xfe, 0xff, 0xff, 0x83, 0xc4, 0x0c,
  0xc9, 0xc3, 0x55, 0x89, 0xe5, 0x8b, 0x45, 0x08, 0x50, 0x6a, 0x28, 0xe8,
  0xa2, 0xfe, 0xff, 0xff, 0x83, 0xc4, 0x08, 0xc9, 0xc3, 0x55, 0x89, 0xe5,
  0x8b, 0x55, 0x0c, 0x8b, 0x45, 0x08, 0x52, 0x50, 0x6a, 0x2a, 0xe8, 0xa7,
  0xfe, 0xff, 0xff, 0x83, 0xc4, 0x0c, 0xc9, 0xc3, 0x55, 0x89, 0xe5, 0x8b,
  0x45, 0x08, 0x50, 0x6a, 0x73, 0xe8, 0x78, 0xfe, 0xff, 0xff, 0x83, 0xc4,
  0x08, 0xc9, 0xc3, 0x55, 0x89, 0xe5, 0x6a, 0x09, 0xe8, 0x56, 0xfe, 0xff,
  0xff, 0x83, 0xc4, 0x04, 0xc9, 0xc3, 0x55, 0x89, 0xe5, 0x6a, 0x0a, 0xe8,
  0x47, 0xfe, 0xff, 0xff, 0x83, 0xc4, 0x04, 0xc9, 0xc3, 0x55, 0x89, 0xe5,
  0x6a, 0x02, 0xe8, 0x38, 0xfe, 0xff, 0xff, 0x83, 0xc4, 0x04, 0xc9, 0xc3,
  0x55, 0x89, 0xe5, 0x8b, 0x4d, 0x10, 0x8b, 0x55, 0x0c, 0x8b, 0x45, 0x08,
  0x51, 0x52, 0x50, 0x6a, 0x07, 0xe8, 0x6b, 0xfe, 0xff, 0xff, 0x83, 0xc4,
  0x10, 0xc9, 0xc3, 0x55, 0x89, 0xe5, 0x8b, 0x55, 0x0c, 0x8b, 0x45, 0x08,
  0x52, 0x50, 0x6a, 0x64, 0xe8, 0x35, 0xfe, 0xff, 0xff, 0x83, 0xc4, 0x0c,
  0xc9, 0xc3, 0x55, 0x89, 0xe5, 0x6a, 0x20, 0xe8, 0xf7, 0xfd, 0xff, 0xff,
  0x83, 0xc4, 0x04, 0xc9, 0xc3, 0x55, 0x89, 0xe5, 0x6a, 0x24, 0xe8, 0xe8,
  0xfd, 0xff, 0xff, 0x83, 0xc4, 0x04, 0xc9, 0xc3, 0x55, 0x89, 0xe5, 0xff,
  0x75, 0x08, 0x6a, 0x22, 0xe8, 0xe9, 0xfd, 0xff, 0xff, 0x83, 0xc4, 0x08,
  0xc9, 0xc3, 0x55, 0x89, 0xe5, 0x6a, 0x21, 0xe8, 0xc7, 0xfd, 0xff, 0xff,
  0x83, 0xc4, 0x04, 0xc9, 0xc3, 0x55, 0x89, 0xe5, 0x6a, 0x25, 0xe8, 0xb8,
  0xfd, 0xff, 0xff, 0x83, 0xc4, 0x04, 0xc9, 0xc3, 0x55, 0x89, 0xe5, 0xff,
  0x75, 0x08, 0x6a, 0x23, 0xe8, 0xb9, 0xfd, 0xff, 0xff, 0x83, 0xc4, 0x08,
  0xc9, 0xc3, 0x55, 0x89, 0xe5, 0x8b, 0x55, 0x0c, 0x8b, 0x45, 0x08, 0x52,
  0x50, 0x68, 0x8a, 0x00, 0x00, 0x00, 0xe8, 0xbb, 0xfd, 0xff, 0xff, 0x83,
  0xc4, 0x0c, 0xc9, 0xc3, 0x55, 0x89, 0xe5, 0x6a, 0x1e, 0xe8, 0x7d, 0xfd,
  0xff, 0xff, 0x83, 0xc4, 0x04, 0xc9, 0xc3, 0x55, 0x89, 0xe5, 0xff, 0x75,
  0x08, 0x6a, 0x5d, 0xe8, 0x7e, 0xfd, 0xff, 0xff, 0x83, 0xc4, 0x08, 0xc9,
  0xc3, 0x55, 0x89, 0xe5, 0x68, 0x8c, 0x00, 0x00, 0x00, 0xe8, 0x59, 0xfd,
  0xff, 0xff, 0x83, 0xc4, 0x04, 0xc9, 0xc3, 0x55, 0x89, 0xe5, 0x8b, 0x45,
  0x08, 0x50, 0x68, 0x8d, 0x00, 0x00, 0x00, 0xe8, 0x56, 0xfd, 0xff, 0xff,
  0x83, 0xc4, 0x08, 0xc9, 0xc3, 0x55, 0x89, 0xe5, 0x8b, 0x45, 0x08, 0x50,
  0x68, 0x8e, 0x00, 0x00, 0x00, 0xe8, 0x40, 0xfd, 0xff, 0xff, 0x83, 0xc4,
  0x08, 0xc9, 0xc3, 0x55, 0x89, 0xe5, 0x68, 0x8f, 0x00, 0x00, 0x00, 0xe8,
  0x1b, 0xfd, 0xff, 0xff, 0x83, 0xc4, 0x04, 0xc9, 0xc3, 0x55, 0x89, 0xe5,
  0x8b, 0x45, 0x08, 0x50, 0x68, 0x84, 0x00, 0x00, 0x00, 0xe8, 0x18, 0xfd,
  0xff, 0xff, 0x83, 0xc4, 0x08, 0xc9, 0xc3, 0x55, 0x89, 0xe5, 0x8b, 0x55,
  0x0c, 0x8b, 0x45, 0x08, 0x52, 0x50, 0x68, 0x85, 0x00, 0x00, 0x00, 0xe8,
  0x1a, 0xfd, 0xff, 0xff, 0x83, 0xc4, 0x0c, 0xc9, 0xc3, 0x55, 0x89, 0xe5,
  0x8b, 0x45, 0x08, 0x50, 0x68, 0x86, 0x00, 0x00, 0x00, 0xe8, 0xe8, 0xfc,
  0xff, 0xff, 0x83, 0xc4, 0x08, 0xc9, 0xc3, 0x55, 0x89, 0xe5, 0x8b, 0x4d,
  0x10, 0x8b, 0x55, 0x0c, 0x8b, 0x45, 0x08, 0x51, 0x52, 0x50, 0x68, 0x87,
  0x00, 0x00, 0x00, 0xe8, 0x05, 0xfd, 0xff, 0xff, 0x83, 0xc4, 0x10, 0xc9,
  0xc3, 0x55, 0x89, 0xe5, 0x8b, 0x45, 0x08, 0x50, 0x68, 0x88, 0x00, 0x00,
  0x00, 0xe8, 0xb4, 0xfc, 0xff, 0xff, 0x83, 0xc4, 0x08, 0xc9, 0xc3, 0x55,
  0x89, 0xe5, 0x8b, 0x55, 0x0c, 0x8b, 0x45, 0x08, 0x52, 0x50, 0x68, 0x89,
  0x00, 0x00, 0x00, 0xe8, 0xb6, 0xfc, 0xff, 0xff, 0x83, 0xc4, 0x0c, 0xc9,
  0xc3, 0x55, 0x89, 0xe5, 0x83, 0xec, 0x10, 0xc7, 0x45, 0xfc, 0x00, 0x00,
  0x00, 0x00, 0xc7, 0x45, 0xf8, 0x01, 0x00, 0x00, 0x00, 0xeb, 0x04, 0x83,
  0x45, 0x08, 0x01, 0x8b, 0x45, 0x08, 0x0f, 0xb6, 0x00, 0x3c, 0x20, 0x74,
  0xf2, 0x8b, 0x45, 0x08, 0x0f, 0xb6, 0x00, 0x3c, 0x2d, 0x75, 0x0d, 0xc7,
  0x45, 0xf8, 0xff, 0xff, 0xff, 0xff, 0x83, 0x45, 0x08, 0x01, 0xeb, 0x35,
  0x8b, 0x45, 0x08, 0x0f, 0xb6, 0x00, 0x3c, 0x2b, 0x75, 0x2b, 0x83, 0x45,
  0x08, 0x01, 0xeb, 0x25, 0x8b, 0x55, 0xfc, 0x89, 0xd0, 0xc1, 0xe0, 0x02,
  0x01, 0xd0, 0x01, 0xc0, 0x89, 0xc1, 0x8b, 0x45, 0x08, 0x8d, 0x50, 0x01,
  0x89, 0x55, 0x08, 0x0f, 0xb6, 0x00, 0x0f, 0xbe, 0xc0, 0x83, 0xe8, 0x30,
  0x01, 0xc8, 0x89, 0x45, 0xfc, 0x8b, 0x45, 0x08, 0x0f, 0xb6, 0x00, 0x3c,
  0x2f, 0x7e, 0x0a, 0x8b, 0x45, 0x08, 0x0f, 0xb6, 0x00, 0x3c, 0x39, 0x7e,
  0xc7, 0x8b, 0x45, 0xfc, 0x0f, 0xaf, 0x45, 0xf8, 0xc9, 0xc3, 0x55, 0x89,
  0xe5, 0x83, 0xec, 0x10, 0x8b, 0x45, 0x08, 0xcd, 0x4d, 0x89, 0x45, 0xfc,
  0x8b, 0x45, 0xfc, 0xc9, 0xc3, 0x55, 0x89, 0xe5, 0x53, 0x83, 0xec, 0x10,
  0x8b, 0x45, 0x08, 0x8b, 0x55, 0x0c, 0x89, 0xd3, 0xcd, 0x4d, 0x89, 0x45,
  0xf8, 0x8b, 0x45, 0xf8, 0x8b, 0x5d, 0xfc, 0xc9, 0xc3, 0x55, 0x89, 0xe5,
  0x53, 0x83, 0xec, 0x10, 0x8b, 0x45, 0x08, 0x8b, 0x5d, 0x0c, 0x8b, 0x4d,
  0x10, 0x8b, 0x55, 0x14, 0xcd, 0x4d, 0x89, 0x45, 0xf8, 0x8b, 0x45, 0xf8,
  0x8b, 0x5d, 0xfc, 0xc9, 0xc3, 0x55, 0x89, 0xe5, 0x68, 0x04, 0x00, 0x00,
  0x4d, 0xe8, 0xa4, 0xff, 0xff, 0xff, 0x83, 0xc4, 0x04, 0xc9, 0xc3, 0x55,
  0x89, 0xe5, 0xff, 0x75, 0x08, 0x68, 0x24, 0x00, 0x00, 0x4d, 0xe8, 0xa2,
  0xff, 0xff, 0xff, 0x83, 0xc4, 0x08, 0xc9, 0xc3, 0x55, 0x89, 0xe5, 0xff,
  0x75, 0x08, 0x68, 0x25, 0x00, 0x00, 0x4d, 0xe8, 0x8d, 0xff, 0xff, 0xff,
  0x83, 0xc4, 0x08, 0xc9, 0xc3, 0x55, 0x89, 0xe5, 0x8b, 0x45, 0x08, 0x50,
  0x68, 0x02, 0x00, 0x00, 0x4d, 0xe8, 0x77, 0xff, 0xff, 0xff, 0x83, 0xc4,
  0x08, 0xc9, 0xc3, 0x55, 0x89, 0xe5, 0x8b, 0x55, 0x10, 0x8b, 0x45, 0x08,
  0x52, 0xff, 0x75, 0x0c, 0x50, 0x68, 0x41, 0x00, 0x00, 0x4d, 0xe8, 0x76,
  0xff, 0xff, 0xff, 0x83, 0xc4, 0x10, 0xc9, 0xc3, 0x55, 0x89, 0xe5, 0xff,
  0x75, 0x08, 0xe8, 0x2c, 0xfc, 0xff, 0xff, 0x83, 0xc4, 0x04, 0xc9, 0xc3,
  0x55, 0x89, 0xe5, 0x83, 0xec, 0x08, 0x8b, 0x55, 0x08, 0x8b, 0x45, 0x0c,
  0x66, 0x89, 0x55, 0xfc, 0x88, 0x45, 0xf8, 0x0f, 0xb6, 0x45, 0xf8, 0x0f,
  0xb7, 0x55, 0xfc, 0xee, 0x90, 0xc9, 0xc3, 0x55, 0x89, 0xe5, 0x83, 0xec,
  0x14, 0x8b, 0x45, 0x08, 0x66, 0x89, 0x45, 0xec, 0x0f, 0xb7, 0x45, 0xec,
  0x89, 0xc2, 0xec, 0x88, 0x45, 0xff, 0x0f, 0xb6, 0x45, 0xff, 0xc9, 0xc3,
  0x55, 0x89, 0xe5, 0x83, 0xec, 0x04, 0x8b, 0x45, 0x08, 0x88, 0x45, 0xfc,
  0x90, 0x68, 0xfd, 0x03, 0x00, 0x00, 0xe8, 0xcc, 0xff, 0xff, 0xff, 0x83,
  0xc4, 0x04, 0x0f, 0xb6, 0xc0, 0x83, 0xe0, 0x20, 0x85, 0xc0, 0x74, 0xe9,
  0x0f, 0xb6, 0x45, 0xfc, 0x0f, 0xb6, 0xc0, 0x50, 0x68, 0xf8, 0x03, 0x00,
  0x00, 0xe8, 0x8e, 0xff, 0xff, 0xff, 0x83, 0xc4, 0x08, 0x90, 0xc9, 0xc3,
  0x55, 0x89, 0xe5, 0xeb, 0x18, 0x8b, 0x45, 0x08, 0x8d, 0x50, 0x01, 0x89,
  0x55, 0x08, 0x0f, 0xb6, 0x00, 0x0f, 0xbe, 0xc0, 0x50, 0xe8, 0xaa, 0xff,
  0xff, 0xff, 0x83, 0xc4, 0x04, 0x8b, 0x45, 0x08, 0x0f, 0xb6, 0x00, 0x84,
  0xc0, 0x75, 0xde, 0x90, 0x90, 0xc9, 0xc3, 0x55, 0x89, 0xe5, 0x68, 0xfd,
  0x03, 0x00, 0x00, 0xe8, 0x6f, 0xff, 0xff, 0xff, 0x83, 0xc4, 0x04, 0x0f,
  0xb6, 0xc0, 0x83, 0xe0, 0x01, 0x85, 0xc0, 0x74, 0x12, 0x68, 0xf8, 0x03,
  0x00, 0x00, 0xe8, 0x58, 0xff, 0xff, 0xff, 0x83, 0xc4, 0x04, 0x0f, 0xb6,
  0xc0, 0xeb, 0x05, 0xb8, 0xff, 0xff, 0xff, 0xff, 0xc9, 0xc3, 0x55, 0x89,
  0xe5, 0x68, 0x00, 0x20, 0x80, 0x00, 0xe8, 0x95, 0xff, 0xff, 0xff, 0x83,
  0xc4, 0x04, 0x90, 0xc9, 0xc3, 0x55, 0x89, 0xe5, 0x68, 0x06, 0x20, 0x80,
  0x00, 0xe8, 0x82, 0xff, 0xff, 0xff, 0x83, 0xc4, 0x04, 0x90, 0xc9, 0xc3,
  0x55, 0x89, 0xe5, 0x68, 0x0c, 0x20, 0x80, 0x00, 0xe8, 0x6f, 0xff, 0xff,
  0xff, 0x83, 0xc4, 0x04, 0x90, 0xc9, 0xc3, 0x55, 0x89, 0xe5, 0x68, 0x12,
  0x20, 0x80, 0x00, 0xe8, 0x5c, 0xff, 0xff, 0xff, 0x83, 0xc4, 0x04, 0x90,
  0xc9, 0xc3, 0x55, 0x89, 0xe5, 0x68, 0x18, 0x20, 0x80, 0x00, 0xe8, 0x49,
  0xff, 0xff, 0xff, 0x83, 0xc4, 0x04, 0x90, 0xc9, 0xc3, 0x55, 0x89, 0xe5,
  0x68, 0x1e, 0x20, 0x80, 0x00, 0xe8, 0x36, 0xff, 0xff, 0xff, 0x83, 0xc4,
  0x04, 0x90, 0xc9, 0xc3, 0x55, 0x89, 0xe5, 0x68, 0x24, 0x20, 0x80, 0x00,
  0xe8, 0x23, 0xff, 0xff, 0xff, 0x83, 0xc4, 0x04, 0x90, 0xc9, 0xc3, 0x55,
  0x89, 0xe5, 0x83, 0xec, 0x04, 0x8b, 0x45, 0x08, 0x88, 0x45, 0xfc, 0xa1,
  0x00, 0x30, 0x80, 0x00, 0x83, 0xf8, 0x01, 0x75, 0x12, 0x0f, 0xb6, 0x45,
  0xfc, 0x0f, 0xbe, 0xc0, 0x50, 0xe8, 0xbe, 0xfe, 0xff, 0xff, 0x83, 0xc4,
  0x04, 0xeb, 0x14, 0xa1, 0x00, 0x30, 0x80, 0x00, 0x6a, 0x01, 0x8d, 0x55,
  0xfc, 0x52, 0x50, 0xe8, 0x46, 0xfa, 0xff, 0xff, 0x83, 0xc4, 0x0c, 0x90,
  0xc9, 0xc3, 0x55, 0x89, 0xe5, 0xa1, 0x00, 0x30, 0x80, 0x00, 0x83, 0xf8,
  0x01, 0x75, 0x24, 0xff, 0x75, 0x08, 0xe8, 0xc9, 0xfe, 0xff, 0xff, 0x83,
  0xc4, 0x04, 0xeb, 0x21, 0xa1, 0x00, 0x30, 0x80, 0x00, 0x6a, 0x01, 0xff,
  0x75, 0x08, 0x50, 0xe8, 0x16, 0xfa, 0xff, 0xff, 0x83, 0xc4, 0x0c, 0x83,
  0x45, 0x08, 0x01, 0x8b, 0x45, 0x08, 0x0f, 0xb6, 0x00, 0x84, 0xc0, 0x75,
  0xdf, 0x90, 0xc9, 0xc3, 0x55, 0x89, 0xe5, 0xff, 0x75, 0x08, 0xe8, 0xb7,
  0xff, 0xff, 0xff, 0x83, 0xc4, 0x04, 0x90, 0xc9, 0xc3, 0x55, 0x89, 0xe5,
  0x83, 0xec, 0x20, 0xc7, 0x45, 0xfc, 0x00, 0x00, 0x00, 0x00, 0x8b, 0x4d,
  0x08, 0xba, 0xcd, 0xcc, 0xcc, 0xcc, 0x89, 0xc8, 0xf7, 0xe2, 0xc1, 0xea,
  0x03, 0x89, 0xd0, 0xc1, 0xe0, 0x02, 0x01, 0xd0, 0x01, 0xc0, 0x29, 0xc1,
  0x89, 0xca, 0x89, 0xd0, 0x8d, 0x48, 0x30, 0x8b, 0x45, 0xfc, 0x8d, 0x50,
  0x01, 0x89, 0x55, 0xfc, 0x89, 0xca, 0x88, 0x54, 0x05, 0xec, 0x8b, 0x45,
  0x08, 0xba, 0xcd, 0xcc, 0xcc, 0xcc, 0xf7, 0xe2, 0x89, 0xd0, 0xc1, 0xe8,
  0x03, 0x89, 0x45, 0x08, 0x83, 0x7d, 0x08, 0x00, 0x75, 0xb8, 0xeb, 0x1b,
  0x83, 0x6d, 0xfc, 0x01, 0x8d, 0x55, 0xec, 0x8b, 0x45, 0xfc, 0x01, 0xd0,
  0x0f, 0xb6, 0x00, 0x0f, 0xbe, 0xc0, 0x50, 0xe8, 0x03, 0xff, 0xff, 0xff,
  0x83, 0xc4, 0x04, 0x83, 0x7d, 0xfc, 0x00, 0x7f, 0xdf, 0x90, 0x90, 0xc9,
  0xc3, 0x55, 0x89, 0xe5, 0x83, 0xec, 0x08, 0x8b, 0x45, 0x08, 0x89, 0x45,
  0xf8, 0x8b, 0x45, 0x0c, 0x89, 0x45, 0xfc, 0x83, 0x7d, 0xfc, 0x00, 0x76,
  0x0f, 0x68, 0x29, 0x20, 0x80, 0x00, 0xe8, 0x13, 0xff, 0xff, 0xff, 0x83,
  0xc4, 0x04, 0xeb, 0x0c, 0x8b, 0x45, 0xf8, 0x50, 0xe8, 0x54, 0xff, 0xff,
  0xff, 0x83, 0xc4, 0x04, 0xc9, 0xc3, 0x55, 0x89, 0xe5, 0x83, 0x7d, 0x08,
  0x00, 0x79, 0x0d, 0x6a, 0x2d, 0xe8, 0xb1, 0xfe, 0xff, 0xff, 0x83, 0xc4,
  0x04, 0xf7, 0x5d, 0x08, 0x8b, 0x45, 0x08, 0x50, 0xe8, 0x30, 0xff, 0xff,
  0xff, 0x83, 0xc4, 0x04, 0x90, 0xc9, 0xc3, 0x55, 0x89, 0xe5, 0x83, 0xec,
  0x10, 0x68, 0x00, 0x01, 0x00, 0x00, 0x68, 0x20, 0x30, 0x80, 0x00, 0xe8,
  0x3c, 0xf9, 0xff, 0xff, 0x83, 0xc4, 0x08, 0x89, 0x45, 0xfc, 0x83, 0x7d,
  0xfc, 0x00, 0x7f, 0x17, 0x68, 0xff, 0x00, 0x00, 0x00, 0x68, 0x2e, 0x20,
  0x80, 0x00, 0x68, 0x20, 0x30, 0x80, 0x00, 0xe8, 0x16, 0xf6, 0xff, 0xff,
  0x83, 0xc4, 0x0c, 0x90, 0xc9, 0xc3, 0x55, 0x89, 0xe5, 0x83, 0xec, 0x10,
  0x83, 0x7d, 0x08, 0x00, 0x74, 0x0a, 0x8b, 0x45, 0x08, 0x0f, 0xb6, 0x00,
  0x84, 0xc0, 0x75, 0x1c, 0x8b, 0x45, 0x10, 0x83, 0xe8, 0x01, 0x50, 0x68,
  0x20, 0x30, 0x80, 0x00, 0xff, 0x75, 0x0c, 0xe8, 0xe6, 0xf5, 0xff, 0xff,
  0x83, 0xc4, 0x0c, 0xe9, 0xdb, 0x00, 0x00, 0x00, 0x8b, 0x45, 0x08, 0x0f,
  0xb6, 0x00, 0x3c, 0x2f, 0x75, 0x1a, 0x8b, 0x45, 0x10, 0x83, 0xe8, 0x01,
  0x50, 0xff, 0x75, 0x08, 0xff, 0x75, 0x0c, 0xe8, 0xc2, 0xf5, 0xff, 0xff,
  0x83, 0xc4, 0x0c, 0xe9, 0xb7, 0x00, 0x00, 0x00, 0xc7, 0x45, 0xfc, 0x00,
  0x00, 0x00, 0x00, 0xeb, 0x19, 0x8b, 0x55, 0xfc, 0x8b, 0x45, 0x0c, 0x01,
  0xc2, 0x8b, 0x45, 0xfc, 0x05, 0x20, 0x30, 0x80, 0x00, 0x0f, 0xb6, 0x00,
  0x88, 0x02, 0x83, 0x45, 0xfc, 0x01, 0x8b, 0x45, 0xfc, 0x05, 0x20, 0x30,
  0x80, 0x00, 0x0f, 0xb6, 0x00, 0x84, 0xc0, 0x74, 0x0b, 0x8b, 0x45, 0x10,
  0x83, 0xe8, 0x01, 0x39, 0x45, 0xfc, 0x7c, 0xcd, 0x8b, 0x45, 0xfc, 0x89,
  0x45, 0xf4, 0x83, 0x7d, 0xf4, 0x00, 0x7e, 0x24, 0x8b, 0x45, 0xf4, 0x83,
  0xe8, 0x01, 0x0f, 0xb6, 0x80, 0x20, 0x30, 0x80, 0x00, 0x3c, 0x2f, 0x74,
  0x13, 0x8b, 0x45, 0xf4, 0x8d, 0x50, 0x01, 0x89, 0x55, 0xf4, 0x89, 0xc2,
  0x8b, 0x45, 0x0c, 0x01, 0xd0, 0xc6, 0x00, 0x2f, 0xc7, 0x45, 0xf8, 0x00,
  0x00, 0x00, 0x00, 0xeb, 0x1d, 0x8b, 0x55, 0xf8, 0x8b, 0x45, 0x08, 0x01,
  0xd0, 0x8b, 0x4d, 0xf4, 0x8b, 0x55, 0x0c, 0x01, 0xca, 0x0f, 0xb6, 0x00,
  0x88, 0x02, 0x83, 0x45, 0xf8, 0x01, 0x83, 0x45, 0xf4, 0x01, 0x8b, 0x55,
  0xf8, 0x8b, 0x45, 0x08, 0x01, 0xd0, 0x0f, 0xb6, 0x00, 0x84, 0xc0, 0x74,
  0x0b, 0x8b, 0x45, 0x10, 0x83, 0xe8, 0x01, 0x39, 0x45, 0xf4, 0x7c, 0xc9,
  0x8b, 0x55, 0xf4, 0x8b, 0x45, 0x0c, 0x01, 0xd0, 0xc6, 0x00, 0x00, 0xc9,
  0xc3, 0x55, 0x89, 0xe5, 0x83, 0xec, 0x10, 0x8b, 0x45, 0x0c, 0x89, 0x45,
  0xfc, 0x8b, 0x45, 0x08, 0x89, 0x45, 0xf8, 0x83, 0x7d, 0xfc, 0x00, 0x7e,
  0x04, 0x83, 0x6d, 0xfc, 0x01, 0x8b, 0x45, 0xf8, 0xba, 0xcd, 0xcc, 0xcc,
  0xcc, 0xf7, 0xe2, 0x89, 0xd0, 0xc1, 0xe8, 0x03, 0x89, 0x45, 0xf8, 0x83,
  0x7d, 0xf8, 0x00, 0x75, 0xde, 0xeb, 0x0e, 0x6a, 0x20, 0xe8, 0x15, 0xfd,
  0xff, 0xff, 0x83, 0xc4, 0x04, 0x83, 0x6d, 0xfc, 0x01, 0x83, 0x7d, 0xfc,
  0x00, 0x7f, 0xec, 0xff, 0x75, 0x08, 0xe8, 0x8e, 0xfd, 0xff, 0xff, 0x83,
  0xc4, 0x04, 0x90, 0xc9, 0xc3, 0x55, 0x89, 0xe5, 0x83, 0xec, 0x10, 0xc7,
  0x45, 0xfc, 0x00, 0x00, 0x00, 0x00, 0xeb, 0x71, 0xe8, 0x2e, 0xfc, 0xff,
  0xff, 0x89, 0x45, 0xf8, 0x83, 0x7d, 0xf8, 0x00, 0x79, 0x02, 0xeb, 0x61,
  0x83, 0x7d, 0xf8, 0x0a, 0x74, 0x06, 0x83, 0x7d, 0xf8, 0x0d, 0x75, 0x0c,
  0x6a, 0x0a, 0xe8, 0xa9, 0xfb, 0xff, 0xff, 0x83, 0xc4, 0x04, 0xeb, 0x54,
  0x83, 0x7d, 0xf8, 0x08, 0x74, 0x06, 0x83, 0x7d, 0xf8, 0x7f, 0x75, 0x19,
  0x83, 0x7d, 0xfc, 0x00, 0x7e, 0x37, 0x83, 0x6d, 0xfc, 0x01, 0x68, 0x30,
  0x20, 0x80, 0x00, 0xe8, 0xc0, 0xfb, 0xff, 0xff, 0x83, 0xc4, 0x04, 0xeb,
  0x24, 0x8b, 0x45, 0xfc, 0x8d, 0x50, 0x01, 0x89, 0x55, 0xfc, 0x89, 0xc2,
  0x8b, 0x45, 0x08, 0x01, 0xd0, 0x8b, 0x55, 0xf8, 0x88, 0x10, 0x8b, 0x45,
  0xf8, 0x0f, 0xbe, 0xc0, 0x50, 0xe8, 0x5e, 0xfb, 0xff, 0xff, 0x83, 0xc4,
  0x04, 0x8b, 0x45, 0x0c, 0x83, 0xe8, 0x01, 0x39, 0x45, 0xfc, 0x7c, 0x84,
  0x8b, 0x55, 0xfc, 0x8b, 0x45, 0x08, 0x01, 0xd0, 0xc6, 0x00, 0x00, 0x8b,
  0x45, 0xfc, 0xc9, 0xc3, 0x55, 0x89, 0xe5, 0x83, 0xec, 0x10, 0xc7, 0x45,
  0xfc, 0x00, 0x00, 0x00, 0x00, 0xeb, 0x6c, 0xe8, 0x93, 0xfb, 0xff, 0xff,
  0x89, 0x45, 0xf8, 0x83, 0x7d, 0xf8, 0x00, 0x79, 0x02, 0xeb, 0x5c, 0x83,
  0x7d, 0xf8, 0x0a, 0x74, 0x06, 0x83, 0x7d, 0xf8, 0x0d, 0x75, 0x0c, 0x6a,
  0x0a, 0xe8, 0x0e, 0xfb, 0xff, 0xff, 0x83, 0xc4, 0x04, 0xeb, 0x4f, 0x83,
  0x7d, 0xf8, 0x08, 0x74, 0x06, 0x83, 0x7d, 0xf8, 0x7f, 0x75, 0x19, 0x83,
  0x7d, 0xfc, 0x00, 0x7e, 0x32, 0x83, 0x6d, 0xfc, 0x01, 0x68, 0x30, 0x20,
  0x80, 0x00, 0xe8, 0x25, 0xfb, 0xff, 0xff, 0x83, 0xc4, 0x04, 0xeb, 0x1f,
  0x8b, 0x45, 0xfc, 0x8d, 0x50, 0x01, 0x89, 0x55, 0xfc, 0x89, 0xc2, 0x8b,
  0x45, 0x08, 0x01, 0xd0, 0x8b, 0x55, 0xf8, 0x88, 0x10, 0x6a, 0x20, 0xe8,
  0xc8, 0xfa, 0xff, 0xff, 0x83, 0xc4, 0x04, 0x8b, 0x45, 0x0c, 0x83, 0xe8,
  0x01, 0x39, 0x45, 0xfc, 0x7c, 0x89, 0x8b, 0x55, 0xfc, 0x8b, 0x45, 0x08,
  0x01, 0xd0, 0xc6, 0x00, 0x00, 0x90, 0xc9, 0xc3, 0x55, 0x89, 0xe5, 0x81,
  0xec, 0xd0, 0x01, 0x00, 0x00, 0xc7, 0x45, 0xfc, 0x00, 0x00, 0x00, 0x00,
  0xe9, 0x34, 0x03, 0x00, 0x00, 0x68, 0x34, 0x20, 0x80, 0x00, 0xe8, 0xc9,
  0xfa, 0xff, 0xff, 0x83, 0xc4, 0x04, 0x6a, 0x40, 0x8d, 0x45, 0x94, 0x50,
  0xe8, 0xa4, 0xfe, 0xff, 0xff, 0x83, 0xc4, 0x08, 0x85, 0xc0, 0x7f, 0x05,
  0xe9, 0x10, 0x03, 0x00, 0x00, 0x68, 0x42, 0x20, 0x80, 0x00, 0xe8, 0xa5,
  0xfa, 0xff, 0xff, 0x83, 0xc4, 0x04, 0x6a, 0x40, 0x8d, 0x85, 0x54, 0xff,
  0xff, 0xff, 0x50, 0xe8, 0x18, 0xff, 0xff, 0xff, 0x83, 0xc4, 0x08, 0xc7,
  0x45, 0xf8, 0xe9, 0x03, 0x00, 0x00, 0xc7, 0x45, 0xf4, 0xe9, 0x03, 0x00,
  0x00, 0xc7, 0x45, 0xf0, 0x4d, 0x20, 0x80, 0x00, 0xc7, 0x45, 0xd8, 0x5c,
  0x20, 0x80, 0x00, 0xc7, 0x45, 0xec, 0x66, 0x20, 0x80, 0x00, 0xc7, 0x45,
  0xe8, 0x00, 0x00, 0x00, 0x00, 0x68, 0x6f, 0x20, 0x80, 0x00, 0x8d, 0x45,
  0x94, 0x50, 0xe8, 0x56, 0xf3, 0xff, 0xff, 0x83, 0xc4, 0x08, 0x85, 0xc0,
  0x75, 0x3b, 0x68, 0x74, 0x20, 0x80, 0x00, 0x8d, 0x85, 0x54, 0xff, 0xff,
  0xff, 0x50, 0xe8, 0x3e, 0xf3, 0xff, 0xff, 0x83, 0xc4, 0x08, 0x85, 0xc0,
  0x75, 0x23, 0xc7, 0x45, 0xf8, 0x00, 0x00, 0x00, 0x00, 0xc7, 0x45, 0xf4,
  0x00, 0x00, 0x00, 0x00, 0xc7, 0x45, 0xf0, 0x7b, 0x20, 0x80, 0x00, 0xc7,
  0x45, 0xec, 0x6f, 0x20, 0x80, 0x00, 0xc7, 0x45, 0xe8, 0x01, 0x00, 0x00,
  0x00, 0x68, 0x66, 0x20, 0x80, 0x00, 0x8d, 0x45, 0x94, 0x50, 0xe8, 0x06,
  0xf3, 0xff, 0xff, 0x83, 0xc4, 0x08, 0x85, 0xc0, 0x75, 0x3b, 0x68, 0x88,
  0x20, 0x80, 0x00, 0x8d, 0x85, 0x54, 0xff, 0xff, 0xff, 0x50, 0xe8, 0xee,
  0xf2, 0xff, 0xff, 0x83, 0xc4, 0x08, 0x85, 0xc0, 0x75, 0x23, 0xc7, 0x45,
  0xf8, 0xe9, 0x03, 0x00, 0x00, 0xc7, 0x45, 0xf4, 0xe9, 0x03, 0x00, 0x00,
  0xc7, 0x45, 0xf0, 0x4d, 0x20, 0x80, 0x00, 0xc7, 0x45, 0xec, 0x66, 0x20,
  0x80, 0x00, 0xc7, 0x45, 0xe8, 0x01, 0x00, 0x00, 0x00, 0x83, 0x7d, 0xe8,
  0x00, 0x0f, 0x84, 0x0d, 0x02, 0x00, 0x00, 0x68, 0x92, 0x20, 0x80, 0x00,
  0xe8, 0xb3, 0xf9, 0xff, 0xff, 0x83, 0xc4, 0x04, 0xff, 0x75, 0xf8, 0xe8,
  0xc3, 0xf8, 0xff, 0xff, 0x83, 0xc4, 0x04, 0xff, 0x75, 0xf4, 0xe8, 0xcd,
  0xf8, 0xff, 0xff, 0x83, 0xc4, 0x04, 0xff, 0x75, 0xf0, 0xe8, 0x0a, 0xf9,
  0xff, 0xff, 0x83, 0xc4, 0x04, 0xe8, 0x93, 0xf8, 0xff, 0xff, 0xff, 0x75,
  0xec, 0x50, 0x68, 0xa4, 0x20, 0x80, 0x00, 0xe8, 0xd7, 0xf8, 0xff, 0xff,
  0x83, 0xc4, 0x0c, 0x68, 0xaa, 0x20, 0x80, 0x00, 0xe8, 0x31, 0xf5, 0xff,
  0xff, 0x83, 0xc4, 0x04, 0x68, 0x02, 0x21, 0x00, 0x00, 0x68, 0xb3, 0x20,
  0x80, 0x00, 0xe8, 0x7a, 0xf4, 0xff, 0xff, 0x83, 0xc4, 0x08, 0x89, 0x45,
  0xd4, 0x83, 0x7d, 0xd4, 0x00, 0x0f, 0x88, 0x81, 0x01, 0x00, 0x00, 0xe8,
  0x70, 0xf6, 0xff, 0xff, 0x89, 0x45, 0xe4, 0xc7, 0x45, 0xe0, 0x00, 0x00,
  0x00, 0x00, 0x83, 0x7d, 0xe4, 0x00, 0x75, 0x13, 0x8b, 0x45, 0xe0, 0x8d,
  0x50, 0x01, 0x89, 0x55, 0xe0, 0xc6, 0x84, 0x05, 0x44, 0xff, 0xff, 0xff,
  0x30, 0xeb, 0x7e, 0xc7, 0x45, 0xdc, 0x00, 0x00, 0x00, 0x00, 0xeb, 0x45,
  0x8b, 0x4d, 0xe4, 0xba, 0xcd, 0xcc, 0xcc, 0xcc, 0x89, 0xc8, 0xf7, 0xe2,
  0xc1, 0xea, 0x03, 0x89, 0xd0, 0xc1, 0xe0, 0x02, 0x01, 0xd0, 0x01, 0xc0,
  0x29, 0xc1, 0x89, 0xca, 0x89, 0xd0, 0x8d, 0x48, 0x30, 0x8b, 0x45, 0xdc,
  0x8d, 0x50, 0x01, 0x89, 0x55, 0xdc, 0x89, 0xca, 0x88, 0x94, 0x05, 0x34,
  0xff, 0xff, 0xff, 0x8b, 0x45, 0xe4, 0xba, 0xcd, 0xcc, 0xcc, 0xcc, 0xf7,
  0xe2, 0x89, 0xd0, 0xc1, 0xe8, 0x03, 0x89, 0x45, 0xe4, 0x83, 0x7d, 0xe4,
  0x00, 0x75, 0xb5, 0xeb, 0x22, 0x83, 0x6d, 0xdc, 0x01, 0x8b, 0x45, 0xe0,
  0x8d, 0x50, 0x01, 0x89, 0x55, 0xe0, 0x8d, 0x8d, 0x34, 0xff, 0xff, 0xff,
  0x8b, 0x55, 0xdc, 0x01, 0xca, 0x0f, 0xb6, 0x12, 0x88, 0x94, 0x05, 0x44,
  0xff, 0xff, 0xff, 0x83, 0x7d, 0xdc, 0x00, 0x7f, 0xd8, 0x8d, 0x95, 0x44,
  0xff, 0xff, 0xff, 0x8b, 0x45, 0xe0, 0x01, 0xd0, 0xc6, 0x00, 0x00, 0x68,
  0xff, 0x00, 0x00, 0x00, 0x8d, 0x85, 0x44, 0xff, 0xff, 0xff, 0x50, 0x8d,
  0x85, 0x34, 0xfe, 0xff, 0xff, 0x50, 0xe8, 0x13, 0xf1, 0xff, 0xff, 0x83,
  0xc4, 0x0c, 0x8d, 0x85, 0x34, 0xfe, 0xff, 0xff, 0x50, 0xe8, 0xb6, 0xf0,
  0xff, 0xff, 0x83, 0xc4, 0x04, 0x89, 0xc2, 0xb8, 0xff, 0x00, 0x00, 0x00,
  0x29, 0xd0, 0x50, 0x68, 0xc4, 0x20, 0x80, 0x00, 0x8d, 0x85, 0x34, 0xfe,
  0xff, 0xff, 0x50, 0xe8, 0xc4, 0xf1, 0xff, 0xff, 0x83, 0xc4, 0x0c, 0x8d,
  0x85, 0x34, 0xfe, 0xff, 0xff, 0x50, 0xe8, 0x89, 0xf0, 0xff, 0xff, 0x83,
  0xc4, 0x04, 0x89, 0xc2, 0xb8, 0xff, 0x00, 0x00, 0x00, 0x29, 0xd0, 0x50,
  0xff, 0x75, 0xec, 0x8d, 0x85, 0x34, 0xfe, 0xff, 0xff, 0x50, 0xe8, 0x99,
  0xf1, 0xff, 0xff, 0x83, 0xc4, 0x0c, 0x8d, 0x85, 0x34, 0xfe, 0xff, 0xff,
  0x50, 0xe8, 0x5e, 0xf0, 0xff, 0xff, 0x83, 0xc4, 0x04, 0x89, 0xc2, 0xb8,
  0xff, 0x00, 0x00, 0x00, 0x29, 0xd0, 0x50, 0x68, 0xc7, 0x20, 0x80, 0x00,
  0x8d, 0x85, 0x34, 0xfe, 0xff, 0xff, 0x50, 0xe8, 0x6c, 0xf1, 0xff, 0xff,
  0x83, 0xc4, 0x0c, 0x8d, 0x85, 0x34, 0xfe, 0xff, 0xff, 0x50, 0xe8, 0x31,
  0xf0, 0xff, 0xff, 0x83, 0xc4, 0x04, 0x50, 0x8d, 0x85, 0x34, 0xfe, 0xff,
  0xff, 0x50, 0xff, 0x75, 0xd4, 0xe8, 0x3c, 0xf3, 0xff, 0xff, 0x83, 0xc4,
  0x0c, 0xff, 0x75, 0xd4, 0xe8, 0x03, 0xf3, 0xff, 0xff, 0x83, 0xc4, 0x04,
  0x6a, 0x00, 0xff, 0x75, 0xd8, 0xe8, 0x07, 0xf7, 0xff, 0xff, 0x83, 0xc4,
  0x08, 0x68, 0xe0, 0x20, 0x80, 0x00, 0xe8, 0xb5, 0xf7, 0xff, 0xff, 0x83,
  0xc4, 0x04, 0xeb, 0x1b, 0x68, 0xf5, 0x20, 0x80, 0x00, 0xe8, 0xa6, 0xf7,
  0xff, 0xff, 0x83, 0xc4, 0x04, 0x83, 0x45, 0xfc, 0x01, 0x83, 0x7d, 0xfc,
  0x02, 0x0f, 0x8e, 0xc2, 0xfc, 0xff, 0xff, 0x83, 0x7d, 0xfc, 0x02, 0x0f,
  0x8e, 0xac, 0xfc, 0xff, 0xff, 0x68, 0x06, 0x21, 0x80, 0x00, 0xe8, 0x81,
  0xf7, 0xff, 0xff, 0x83, 0xc4, 0x04, 0xe9, 0x9a, 0xfc, 0xff, 0xff, 0x00,
  0x00, 0x00, 0x00, 0x00, 0x00, 0x00, 0x00, 0x00, 0x00, 0x00, 0x00, 0x00,
  0x00, 0x00, 0x00, 0x00, 0x00, 0x00, 0x00, 0x00, 0x00, 0x00, 0x00, 0x00,
  0x00, 0x00, 0x00, 0x00, 0x00, 0x00, 0x00, 0x00, 0x00, 0x00, 0x00, 0x00,
  0x00, 0x00, 0x00, 0x00, 0x00, 0x00, 0x00, 0x00, 0x00, 0x00, 0x00, 0x00,
  0x00, 0x00, 0x00, 0x00, 0x00, 0x00, 0x00, 0x00, 0x00, 0x00, 0x00, 0x00,
  0x00, 0x00, 0x00, 0x00, 0x00, 0x00, 0x00, 0x00, 0x00, 0x00, 0x00, 0x00,
  0x00, 0x00, 0x00, 0x00, 0x00, 0x00, 0x00, 0x00, 0x00, 0x00, 0x00, 0x00,
  0x00, 0x00, 0x00, 0x00, 0x00, 0x00, 0x00, 0x00, 0x00, 0x00, 0x00, 0x00,
  0x00, 0x00, 0x00, 0x00, 0x00, 0x00, 0x00, 0x00, 0x00, 0x00, 0x00, 0x00,
  0x00, 0x00, 0x00, 0x00, 0x00, 0x00, 0x00, 0x00, 0x00, 0x00, 0x00, 0x00,
  0x00, 0x00, 0x00, 0x00, 0x00, 0x00, 0x00, 0x00, 0x00, 0x00, 0x00, 0x00,
  0x00, 0x00, 0x00, 0x00, 0x00, 0x00, 0x00, 0x00, 0x00, 0x00, 0x00, 0x00,
  0x00, 0x00, 0x00, 0x00, 0x00, 0x00, 0x00, 0x00, 0x00, 0x00, 0x00, 0x00,
  0x00, 0x00, 0x00, 0x00, 0x00, 0x00, 0x00, 0x00, 0x00, 0x00, 0x00, 0x00,
  0x00, 0x00, 0x00, 0x00, 0x00, 0x00, 0x00, 0x00, 0x00, 0x00, 0x00, 0x00,
  0x00, 0x00, 0x00, 0x00, 0x00, 0x00, 0x00, 0x00, 0x00, 0x00, 0x00, 0x00,
  0x00, 0x00, 0x00, 0x00, 0x00, 0x00, 0x00, 0x00, 0x00, 0x00, 0x00, 0x00,
  0x00, 0x00, 0x00, 0x00, 0x00, 0x00, 0x00, 0x00, 0x00, 0x00, 0x00, 0x00,
  0x00, 0x00, 0x00, 0x00, 0x00, 0x00, 0x00, 0x00, 0x00, 0x00, 0x00, 0x00,
  0x00, 0x00, 0x00, 0x00, 0x00, 0x00, 0x00, 0x00, 0x00, 0x00, 0x00, 0x00,
  0x00, 0x00, 0x00, 0x00, 0x00, 0x00, 0x00, 0x00, 0x00, 0x00, 0x00, 0x00,
  0x00, 0x00, 0x00, 0x00, 0x00, 0x00, 0x00, 0x00, 0x00, 0x00, 0x00, 0x00,
  0x00, 0x00, 0x00, 0x00, 0x00, 0x00, 0x00, 0x00, 0x00, 0x00, 0x00, 0x00,
  0x00, 0x00, 0x00, 0x00, 0x00, 0x00, 0x00, 0x00, 0x00, 0x00, 0x00, 0x00,
  0x00, 0x00, 0x00, 0x00, 0x00, 0x00, 0x00, 0x00, 0x00, 0x00, 0x00, 0x00,
  0x00, 0x00, 0x00, 0x00, 0x00, 0x00, 0x00, 0x00, 0x00, 0x00, 0x00, 0x00,
  0x00, 0x00, 0x00, 0x00, 0x00, 0x00, 0x00, 0x00, 0x00, 0x00, 0x00, 0x00,
  0x00, 0x00, 0x00, 0x00, 0x00, 0x00, 0x00, 0x00, 0x00, 0x00, 0x00, 0x00,
  0x00, 0x00, 0x00, 0x00, 0x00, 0x00, 0x00, 0x00, 0x00, 0x00, 0x00, 0x00,
  0x00, 0x00, 0x00, 0x00, 0x00, 0x00, 0x00, 0x00, 0x00, 0x00, 0x00, 0x00,
  0x00, 0x00, 0x00, 0x00, 0x00, 0x00, 0x00, 0x00, 0x00, 0x00, 0x00, 0x00,
  0x00, 0x00, 0x00, 0x00, 0x00, 0x00, 0x00, 0x00, 0x00, 0x00, 0x00, 0x00,
  0x00, 0x00, 0x00, 0x00, 0x00, 0x00, 0x00, 0x00, 0x00, 0x00, 0x00, 0x00,
  0x00, 0x00, 0x00, 0x00, 0x00, 0x00, 0x00, 0x00, 0x00, 0x00, 0x00, 0x00,
  0x00, 0x00, 0x00, 0x00, 0x00, 0x00, 0x00, 0x00, 0x00, 0x00, 0x00, 0x00,
  0x00, 0x00, 0x00, 0x00, 0x00, 0x00, 0x00, 0x00, 0x00, 0x00, 0x00, 0x00,
  0x00, 0x00, 0x00, 0x00, 0x00, 0x00, 0x00, 0x00, 0x00, 0x00, 0x00, 0x00,
  0x00, 0x00, 0x00, 0x00, 0x00, 0x00, 0x00, 0x00, 0x00, 0x00, 0x00, 0x00,
  0x00, 0x00, 0x00, 0x00, 0x00, 0x00, 0x00, 0x00, 0x00, 0x00, 0x00, 0x00,
  0x00, 0x00, 0x00, 0x00, 0x00, 0x00, 0x00, 0x00, 0x00, 0x00, 0x00, 0x00,
  0x00, 0x00, 0x00, 0x00, 0x00, 0x00, 0x00, 0x00, 0x00, 0x00, 0x00, 0x00,
  0x00, 0x00, 0x00, 0x00, 0x00, 0x00, 0x00, 0x00, 0x00, 0x00, 0x00, 0x00,
  0x00, 0x00, 0x00, 0x00, 0x00, 0x00, 0x00, 0x00, 0x00, 0x00, 0x00, 0x00,
  0x00, 0x00, 0x00, 0x00, 0x00, 0x00, 0x00, 0x00, 0x00, 0x00, 0x00, 0x00,
  0x00, 0x00, 0x00, 0x00, 0x00, 0x00, 0x00, 0x00, 0x00, 0x00, 0x00, 0x00,
  0x00, 0x00, 0x00, 0x00, 0x00, 0x00, 0x00, 0x00, 0x00, 0x00, 0x00, 0x00,
  0x00, 0x00, 0x00, 0x00, 0x00, 0x00, 0x00, 0x00, 0x00, 0x00, 0x00, 0x00,
  0x00, 0x00, 0x00, 0x00, 0x00, 0x00, 0x00, 0x00, 0x00, 0x00, 0x00, 0x00,
  0x00, 0x00, 0x00, 0x00, 0x00, 0x00, 0x00, 0x00, 0x00, 0x00, 0x00, 0x00,
  0x00, 0x00, 0x00, 0x00, 0x00, 0x00, 0x00, 0x00, 0x00, 0x00, 0x00, 0x00,
  0x00, 0x00, 0x00, 0x00, 0x00, 0x00, 0x00, 0x00, 0x00, 0x00, 0x00, 0x00,
  0x00, 0x00, 0x00, 0x00, 0x00, 0x00, 0x00, 0x00, 0x00, 0x00, 0x00, 0x00,
  0x00, 0x00, 0x00, 0x00, 0x00, 0x00, 0x00, 0x00, 0x00, 0x00, 0x00, 0x00,
  0x00, 0x00, 0x00, 0x00, 0x00, 0x00, 0x00, 0x00, 0x00, 0x00, 0x00, 0x00,
  0x00, 0x00, 0x00, 0x00, 0x00, 0x00, 0x00, 0x00, 0x00, 0x00, 0x00, 0x00,
  0x00, 0x00, 0x00, 0x00, 0x00, 0x00, 0x00, 0x00, 0x00, 0x00, 0x00, 0x00,
  0x00, 0x00, 0x00, 0x00, 0x00, 0x00, 0x00, 0x00, 0x00, 0x00, 0x00, 0x00,
  0x00, 0x00, 0x00, 0x00, 0x00, 0x00, 0x00, 0x00, 0x00, 0x00, 0x00, 0x00,
  0x00, 0x00, 0x00, 0x00, 0x00, 0x00, 0x00, 0x00, 0x00, 0x00, 0x00, 0x00,
  0x00, 0x00, 0x00, 0x00, 0x00, 0x00, 0x00, 0x00, 0x00, 0x00, 0x00, 0x00,
  0x00, 0x00, 0x00, 0x00, 0x00, 0x00, 0x00, 0x00, 0x00, 0x00, 0x00, 0x00,
  0x00, 0x00, 0x00, 0x00, 0x00, 0x00, 0x00, 0x00, 0x00, 0x00, 0x00, 0x00,
  0x00, 0x00, 0x00, 0x00, 0x00, 0x00, 0x00, 0x00, 0x00, 0x00, 0x00, 0x00,
  0x00, 0x00, 0x00, 0x00, 0x00, 0x00, 0x00, 0x00, 0x00, 0x00, 0x00, 0x00,
  0x00, 0x00, 0x00, 0x00, 0x00, 0x00, 0x00, 0x00, 0x00, 0x00, 0x00, 0x00,
  0x00, 0x00, 0x00, 0x00, 0x00, 0x00, 0x00, 0x00, 0x00, 0x00, 0x00, 0x00,
  0x00, 0x00, 0x00, 0x00, 0x00, 0x00, 0x00, 0x00, 0x00, 0x00, 0x00, 0x00,
  0x00, 0x00, 0x00, 0x00, 0x00, 0x00, 0x00, 0x00, 0x00, 0x00, 0x00, 0x00,
  0x00, 0x00, 0x00, 0x00, 0x00, 0x00, 0x00, 0x00, 0x00, 0x00, 0x00, 0x00,
  0x00, 0x00, 0x00, 0x00, 0x00, 0x00, 0x00, 0x00, 0x00, 0x00, 0x00, 0x00,
  0x00, 0x00, 0x00, 0x00, 0x00, 0x00, 0x00, 0x00, 0x00, 0x00, 0x00, 0x00,
  0x00, 0x00, 0x00, 0x00, 0x00, 0x00, 0x00, 0x00, 0x00, 0x00, 0x00, 0x00,
  0x00, 0x00, 0x00, 0x00, 0x00, 0x00, 0x00, 0x00, 0x00, 0x00, 0x00, 0x00,
  0x00, 0x00, 0x00, 0x00, 0x00, 0x00, 0x00, 0x00, 0x00, 0x00, 0x00, 0x00,
  0x00, 0x00, 0x00, 0x00, 0x00, 0x00, 0x00, 0x00, 0x00, 0x00, 0x00, 0x00,
  0x00, 0x00, 0x00, 0x00, 0x00, 0x00, 0x00, 0x00, 0x00, 0x00, 0x00, 0x00,
  0x00, 0x00, 0x00, 0x00, 0x00, 0x00, 0x00, 0x00, 0x00, 0x00, 0x00, 0x00,
  0x00, 0x00, 0x00, 0x00, 0x00, 0x00, 0x00, 0x00, 0x00, 0x00, 0x00, 0x00,
  0x00, 0x00, 0x00, 0x00, 0x00, 0x00, 0x00, 0x00, 0x00, 0x00, 0x00, 0x00,
  0x00, 0x00, 0x00, 0x00, 0x00, 0x00, 0x00, 0x00, 0x00, 0x00, 0x00, 0x00,
  0x00, 0x00, 0x00, 0x00, 0x00, 0x00, 0x00, 0x00, 0x00, 0x00, 0x00, 0x00,
  0x00, 0x00, 0x00, 0x00, 0x00, 0x00, 0x00, 0x00, 0x00, 0x00, 0x00, 0x00,
  0x00, 0x00, 0x00, 0x00, 0x00, 0x00, 0x00, 0x00, 0x00, 0x00, 0x00, 0x00,
  0x00, 0x00, 0x00, 0x00, 0x00, 0x00, 0x00, 0x00, 0x00, 0x00, 0x00, 0x00,
  0x00, 0x00, 0x00, 0x00, 0x00, 0x00, 0x00, 0x00, 0x00, 0x00, 0x00, 0x00,
  0x00, 0x00, 0x00, 0x00, 0x00, 0x00, 0x00, 0x00, 0x00, 0x00, 0x00, 0x00,
  0x00, 0x00, 0x00, 0x00, 0x00, 0x00, 0x00, 0x00, 0x00, 0x00, 0x00, 0x00,
  0x00, 0x00, 0x00, 0x00, 0x00, 0x00, 0x00, 0x00, 0x00, 0x00, 0x00, 0x00,
  0x00, 0x00, 0x00, 0x00, 0x00, 0x00, 0x00, 0x00, 0x00, 0x00, 0x00, 0x00,
  0x00, 0x00, 0x00, 0x00, 0x00, 0x00, 0x00, 0x00, 0x00, 0x00, 0x00, 0x00,
  0x00, 0x00, 0x00, 0x00, 0x00, 0x00, 0x00, 0x00, 0x00, 0x00, 0x00, 0x00,
  0x00, 0x00, 0x00, 0x00, 0x00, 0x00, 0x00, 0x00, 0x00, 0x00, 0x00, 0x00,
  0x00, 0x00, 0x00, 0x00, 0x00, 0x00, 0x00, 0x00, 0x00, 0x00, 0x00, 0x00,
  0x00, 0x00, 0x00, 0x00, 0x00, 0x00, 0x00, 0x00, 0x00, 0x00, 0x00, 0x00,
  0x00, 0x00, 0x00, 0x00, 0x00, 0x00, 0x00, 0x00, 0x00, 0x00, 0x00, 0x00,
  0x00, 0x00, 0x00, 0x00, 0x00, 0x00, 0x00, 0x00, 0x00, 0x00, 0x00, 0x00,
  0x00, 0x00, 0x00, 0x00, 0x00, 0x00, 0x00, 0x00, 0x00, 0x00, 0x00, 0x00,
  0x00, 0x00, 0x00, 0x00, 0x00, 0x00, 0x00, 0x00, 0x00, 0x00, 0x00, 0x00,
  0x00, 0x00, 0x00, 0x00, 0x00, 0x00, 0x00, 0x00, 0x00, 0x00, 0x00, 0x00,
  0x00, 0x00, 0x00, 0x00, 0x00, 0x00, 0x00, 0x00, 0x00, 0x00, 0x00, 0x00,
  0x00, 0x00, 0x00, 0x00, 0x00, 0x00, 0x00, 0x00, 0x00, 0x00, 0x00, 0x00,
  0x00, 0x00, 0x00, 0x00, 0x00, 0x00, 0x00, 0x00, 0x00, 0x00, 0x00, 0x00,
  0x00, 0x00, 0x00, 0x00, 0x00, 0x00, 0x00, 0x00, 0x00, 0x00, 0x00, 0x00,
  0x00, 0x00, 0x00, 0x00, 0x00, 0x00, 0x00, 0x00, 0x00, 0x00, 0x00, 0x00,
  0x00, 0x00, 0x00, 0x00, 0x00, 0x00, 0x00, 0x00, 0x00, 0x00, 0x00, 0x00,
  0x00, 0x00, 0x00, 0x00, 0x00, 0x00, 0x00, 0x00, 0x00, 0x00, 0x00, 0x00,
  0x00, 0x00, 0x00, 0x00, 0x00, 0x00, 0x00, 0x00, 0x00, 0x00, 0x00, 0x00,
  0x00, 0x00, 0x00, 0x00, 0x00, 0x00, 0x00, 0x00, 0x00, 0x00, 0x00, 0x00,
  0x00, 0x00, 0x00, 0x00, 0x00, 0x00, 0x00, 0x00, 0x00, 0x00, 0x00, 0x00,
  0x00, 0x00, 0x00, 0x00, 0x00, 0x00, 0x00, 0x00, 0x00, 0x00, 0x00, 0x00,
  0x00, 0x00, 0x00, 0x00, 0x00, 0x00, 0x00, 0x00, 0x00, 0x00, 0x00, 0x00,
  0x00, 0x00, 0x00, 0x00, 0x00, 0x00, 0x00, 0x00, 0x00, 0x00, 0x00, 0x00,
  0x00, 0x00, 0x00, 0x00, 0x00, 0x00, 0x00, 0x00, 0x00, 0x00, 0x00, 0x00,
  0x00, 0x00, 0x00, 0x00, 0x00, 0x00, 0x00, 0x00, 0x00, 0x00, 0x00, 0x00,
  0x00, 0x00, 0x00, 0x00, 0x00, 0x00, 0x00, 0x00, 0x00, 0x00, 0x00, 0x00,
  0x00, 0x00, 0x00, 0x00, 0x00, 0x00, 0x00, 0x00, 0x00, 0x00, 0x00, 0x00,
  0x00, 0x00, 0x00, 0x00, 0x00, 0x00, 0x00, 0x00, 0x00, 0x00, 0x00, 0x00,
  0x00, 0x00, 0x00, 0x00, 0x00, 0x00, 0x00, 0x00, 0x00, 0x00, 0x00, 0x00,
  0x00, 0x00, 0x00, 0x00, 0x00, 0x00, 0x00, 0x00, 0x00, 0x00, 0x00, 0x00,
  0x00, 0x00, 0x00, 0x00, 0x00, 0x00, 0x00, 0x00, 0x00, 0x00, 0x00, 0x00,
  0x00, 0x00, 0x00, 0x00, 0x00, 0x00, 0x00, 0x00, 0x00, 0x00, 0x00, 0x00,
  0x00, 0x00, 0x00, 0x00, 0x00, 0x00, 0x00, 0x00, 0x00, 0x00, 0x00, 0x00,
  0x00, 0x00, 0x00, 0x00, 0x00, 0x00, 0x00, 0x00, 0x00, 0x00, 0x00, 0x00,
  0x00, 0x00, 0x00, 0x00, 0x00, 0x00, 0x00, 0x00, 0x00, 0x00, 0x00, 0x00,
  0x00, 0x00, 0x00, 0x00, 0x00, 0x00, 0x00, 0x00, 0x00, 0x00, 0x00, 0x00,
  0x00, 0x00, 0x00, 0x00, 0x00, 0x00, 0x00, 0x00, 0x00, 0x00, 0x00, 0x00,
  0x00, 0x00, 0x00, 0x00, 0x00, 0x00, 0x00, 0x00, 0x00, 0x00, 0x00, 0x00,
  0x00, 0x00, 0x00, 0x00, 0x00, 0x00, 0x00, 0x00, 0x00, 0x00, 0x00, 0x00,
  0x00, 0x00, 0x00, 0x00, 0x00, 0x00, 0x00, 0x00, 0x00, 0x00, 0x00, 0x00,
  0x00, 0x00, 0x00, 0x00, 0x00, 0x00, 0x00, 0x00, 0x00, 0x00, 0x00, 0x00,
  0x00, 0x00, 0x00, 0x00, 0x00, 0x00, 0x00, 0x00, 0x00, 0x00, 0x00, 0x00,
  0x00, 0x00, 0x00, 0x00, 0x00, 0x00, 0x00, 0x00, 0x00, 0x00, 0x00, 0x00,
  0x00, 0x00, 0x00, 0x00, 0x00, 0x00, 0x00, 0x00, 0x00, 0x00, 0x00, 0x00,
  0x00, 0x00, 0x00, 0x00, 0x00, 0x00, 0x00, 0x00, 0x00, 0x00, 0x00, 0x00,
  0x00, 0x00, 0x00, 0x00, 0x00, 0x00, 0x00, 0x00, 0x00, 0x00, 0x00, 0x00,
  0x00, 0x00, 0x00, 0x00, 0x00, 0x00, 0x00, 0x00, 0x00, 0x00, 0x00, 0x00,
  0x00, 0x00, 0x00, 0x00, 0x00, 0x00, 0x00, 0x00, 0x00, 0x00, 0x00, 0x00,
  0x00, 0x00, 0x00, 0x00, 0x00, 0x00, 0x00, 0x00, 0x00, 0x00, 0x00, 0x00,
  0x00, 0x00, 0x00, 0x00, 0x00, 0x00, 0x00, 0x00, 0x00, 0x00, 0x00, 0x00,
  0x00, 0x00, 0x00, 0x00, 0x00, 0x00, 0x00, 0x00, 0x00, 0x00, 0x00, 0x00,
  0x00, 0x00, 0x00, 0x00, 0x00, 0x00, 0x00, 0x00, 0x00, 0x00, 0x00, 0x00,
  0x00, 0x00, 0x00, 0x00, 0x00, 0x00, 0x00, 0x00, 0x00, 0x00, 0x00, 0x00,
  0x00, 0x00, 0x00, 0x00, 0x00, 0x00, 0x00, 0x00, 0x00, 0x00, 0x00, 0x00,
  0x00, 0x00, 0x00, 0x00, 0x00, 0x00, 0x00, 0x00, 0x00, 0x00, 0x00, 0x00,
  0x00, 0x00, 0x00, 0x00, 0x00, 0x00, 0x00, 0x00, 0x00, 0x00, 0x00, 0x00,
  0x00, 0x00, 0x00, 0x00, 0x00, 0x00, 0x00, 0x00, 0x00, 0x00, 0x00, 0x00,
  0x00, 0x00, 0x00, 0x00, 0x00, 0x00, 0x00, 0x00, 0x00, 0x00, 0x00, 0x00,
  0x00, 0x00, 0x00, 0x00, 0x00, 0x00, 0x00, 0x00, 0x00, 0x00, 0x00, 0x00,
  0x00, 0x00, 0x00, 0x00, 0x00, 0x00, 0x00, 0x00, 0x00, 0x00, 0x00, 0x00,
  0x00, 0x00, 0x00, 0x00, 0x00, 0x00, 0x00, 0x00, 0x00, 0x00, 0x00, 0x00,
  0x00, 0x00, 0x00, 0x00, 0x00, 0x00, 0x00, 0x00, 0x00, 0x00, 0x00, 0x00,
  0x00, 0x00, 0x00, 0x00, 0x00, 0x00, 0x00, 0x00, 0x00, 0x00, 0x00, 0x00,
  0x00, 0x00, 0x00, 0x00, 0x00, 0x00, 0x00, 0x00, 0x00, 0x00, 0x00, 0x00,
  0x00, 0x00, 0x00, 0x00, 0x00, 0x00, 0x00, 0x00, 0x00, 0x00, 0x00, 0x00,
  0x00, 0x00, 0x00, 0x00, 0x00, 0x00, 0x00, 0x00, 0x00, 0x00, 0x00, 0x00,
  0x00, 0x00, 0x00, 0x00, 0x00, 0x00, 0x00, 0x00, 0x00, 0x00, 0x00, 0x00,
  0x00, 0x00, 0x00, 0x00, 0x00, 0x00, 0x00, 0x00, 0x00, 0x00, 0x00, 0x00,
  0x00, 0x00, 0x00, 0x00, 0x00, 0x00, 0x00, 0x00, 0x00, 0x00, 0x00, 0x00,
  0x00, 0x00, 0x00, 0x00, 0x00, 0x00, 0x00, 0x00, 0x00, 0x00, 0x00, 0x00,
  0x00, 0x00, 0x00, 0x00, 0x00, 0x00, 0x00, 0x00, 0x00, 0x00, 0x00, 0x00,
  0x00, 0x00, 0x00, 0x00, 0x00, 0x00, 0x00, 0x00, 0x00, 0x00, 0x00, 0x00,
  0x00, 0x00, 0x00, 0x00, 0x00, 0x00, 0x00, 0x00, 0x00, 0x00, 0x00, 0x00,
  0x00, 0x00, 0x00, 0x00, 0x00, 0x00, 0x00, 0x00, 0x00, 0x00, 0x00, 0x00,
  0x00, 0x00, 0x00, 0x00, 0x00, 0x00, 0x00, 0x00, 0x00, 0x00, 0x00, 0x00,
  0x00, 0x00, 0x00, 0x00, 0x00, 0x00, 0x00, 0x00, 0x00, 0x00, 0x00, 0x00,
  0x00, 0x00, 0x00, 0x00, 0x00, 0x00, 0x00, 0x00, 0x00, 0x00, 0x00, 0x00,
  0x00, 0x00, 0x00, 0x00, 0x00, 0x00, 0x00, 0x00, 0x00, 0x00, 0x00, 0x00,
  0x00, 0x00, 0x00, 0x00, 0x00, 0x00, 0x00, 0x00, 0x00, 0x00, 0x00, 0x00,
  0x00, 0x00, 0x00, 0x00, 0x00, 0x00, 0x00, 0x00, 0x00, 0x00, 0x00, 0x00,
  0x00, 0x00, 0x00, 0x00, 0x00, 0x00, 0x00, 0x00, 0x00, 0x00, 0x00, 0x00,
  0x00, 0x00, 0x00, 0x00, 0x00, 0x00, 0x00, 0x00, 0x00, 0x00, 0x00, 0x00,
  0x00, 0x00, 0x00, 0x00, 0x00, 0x00, 0x00, 0x00, 0x00, 0x00, 0x00, 0x00,
  0x00, 0x00, 0x00, 0x00, 0x00, 0x00, 0x00, 0x00, 0x00, 0x00, 0x00, 0x00,
  0x00, 0x00, 0x00, 0x00, 0x00, 0x00, 0x00, 0x00, 0x00, 0x00, 0x00, 0x00,
  0x00, 0x00, 0x00, 0x00, 0x00, 0x00, 0x00, 0x00, 0x00, 0x00, 0x00, 0x00,
  0x00, 0x00, 0x00, 0x00, 0x00, 0x00, 0x00, 0x00, 0x00, 0x00, 0x00, 0x00,
  0x00, 0x00, 0x00, 0x00, 0x00, 0x00, 0x00, 0x00, 0x00, 0x00, 0x00, 0x00,
  0x00, 0x00, 0x00, 0x00, 0x00, 0x00, 0x00, 0x00, 0x00, 0x00, 0x00, 0x00,
  0x00, 0x00, 0x00, 0x00, 0x00, 0x00, 0x00, 0x00, 0x00, 0x00, 0x00, 0x00,
  0x00, 0x00, 0x00, 0x00, 0x00, 0x00, 0x00, 0x00, 0x00, 0x00, 0x00, 0x00,
  0x00, 0x00, 0x00, 0x00, 0x00, 0x00, 0x00, 0x00, 0x00, 0x00, 0x00, 0x00,
  0x00, 0x00, 0x00, 0x00, 0x00, 0x00, 0x00, 0x00, 0x00, 0x00, 0x00, 0x00,
  0x00, 0x00, 0x00, 0x00, 0x00, 0x00, 0x00, 0x00, 0x00, 0x00, 0x00, 0x00,
  0x00, 0x00, 0x00, 0x00, 0x00, 0x00, 0x00, 0x00, 0x00, 0x00, 0x00, 0x00,
  0x00, 0x00, 0x00, 0x00, 0x00, 0x00, 0x00, 0x00, 0x00, 0x00, 0x00, 0x00,
  0x00, 0x00, 0x00, 0x00, 0x00, 0x00, 0x00, 0x00, 0x00, 0x00, 0x00, 0x00,
  0x00, 0x00, 0x00, 0x00, 0x00, 0x00, 0x00, 0x00, 0x00, 0x00, 0x00, 0x00,
  0x00, 0x00, 0x00, 0x00, 0x00, 0x00, 0x00, 0x00, 0x00, 0x00, 0x00, 0x00,
  0x00, 0x00, 0x00, 0x00, 0x00, 0x00, 0x00, 0x00, 0x00, 0x00, 0x00, 0x00,
  0x00, 0x00, 0x00, 0x00, 0x00, 0x00, 0x00, 0x00, 0x00, 0x00, 0x00, 0x00,
  0x00, 0x00, 0x00, 0x00, 0x00, 0x00, 0x00, 0x00, 0x00, 0x00, 0x00, 0x00,
  0x00, 0x00, 0x00, 0x00, 0x00, 0x00, 0x00, 0x00, 0x00, 0x00, 0x00, 0x00,
  0x00, 0x00, 0x00, 0x00, 0x00, 0x00, 0x00, 0x00, 0x00, 0x00, 0x00, 0x00,
  0x00, 0x00, 0x00, 0x00, 0x00, 0x00, 0x00, 0x00, 0x00, 0x00, 0x00, 0x00,
  0x00, 0x00, 0x00, 0x00, 0x00, 0x00, 0x00, 0x00, 0x00, 0x00, 0x00, 0x00,
  0x00, 0x00, 0x00, 0x00, 0x00, 0x00, 0x00, 0x00, 0x00, 0x00, 0x00, 0x00,
  0x00, 0x00, 0x00, 0x00, 0x00, 0x00, 0x00, 0x00, 0x00, 0x00, 0x00, 0x00,
  0x00, 0x00, 0x00, 0x00, 0x00, 0x00, 0x00, 0x00, 0x00, 0x00, 0x00, 0x00,
  0x00, 0x00, 0x00, 0x00, 0x00, 0x00, 0x00, 0x00, 0x00, 0x00, 0x00, 0x00,
  0x00, 0x00, 0x00, 0x00, 0x00, 0x00, 0x00, 0x00, 0x00, 0x00, 0x00, 0x00,
  0x00, 0x00, 0x00, 0x00, 0x00, 0x00, 0x00, 0x00, 0x00, 0x00, 0x00, 0x00,
  0x00, 0x00, 0x00, 0x00, 0x00, 0x00, 0x00, 0x00, 0x00, 0x00, 0x00, 0x00,
  0x00, 0x00, 0x00, 0x00, 0x00, 0x00, 0x00, 0x00, 0x00, 0x00, 0x00, 0x00,
  0x00, 0x00, 0x00, 0x00, 0x00, 0x00, 0x00, 0x00, 0x00, 0x00, 0x00, 0x00,
  0x00, 0x00, 0x00, 0x00, 0x00, 0x00, 0x00, 0x00, 0x00, 0x00, 0x00, 0x00,
  0x00, 0x00, 0x00, 0x00, 0x00, 0x00, 0x00, 0x00, 0x00, 0x00, 0x00, 0x00,
  0x00, 0x00, 0x00, 0x00, 0x00, 0x00, 0x00, 0x00, 0x00, 0x00, 0x00, 0x00,
  0x00, 0x00, 0x00, 0x00, 0x00, 0x00, 0x00, 0x00, 0x00, 0x00, 0x00, 0x00,
  0x00, 0x00, 0x00, 0x00, 0x00, 0x00, 0x00, 0x00, 0x00, 0x00, 0x00, 0x00,
  0x00, 0x00, 0x00, 0x00, 0x00, 0x00, 0x00, 0x00, 0x00, 0x00, 0x00, 0x00,
  0x00, 0x00, 0x00, 0x00, 0x00, 0x00, 0x00, 0x00, 0x00, 0x00, 0x00, 0x00,
  0x00, 0x00, 0x00, 0x00, 0x00, 0x00, 0x00, 0x00, 0x00, 0x00, 0x00, 0x00,
  0x00, 0x00, 0x00, 0x00, 0x00, 0x00, 0x00, 0x00, 0x00, 0x00, 0x00, 0x00,
  0x00, 0x00, 0x00, 0x00, 0x00, 0x00, 0x00, 0x00, 0x00, 0x00, 0x00, 0x00,
  0x00, 0x00, 0x00, 0x00, 0x00, 0x00, 0x00, 0x00, 0x00, 0x00, 0x00, 0x00,
  0x00, 0x00, 0x00, 0x00, 0x00, 0x00, 0x00, 0x00, 0x00, 0x00, 0x00, 0x00,
  0x00, 0x00, 0x00, 0x00, 0x00, 0x00, 0x00, 0x00, 0x00, 0x00, 0x00, 0x00,
  0x00, 0x00, 0x00, 0x00, 0x00, 0x00, 0x00, 0x00, 0x00, 0x00, 0x00, 0x00,
  0x00, 0x00, 0x00, 0x00, 0x00, 0x00, 0x00, 0x00, 0x00, 0x00, 0x00, 0x00,
  0x00, 0x00, 0x00, 0x00, 0x00, 0x00, 0x00, 0x00, 0x00, 0x00, 0x00, 0x00,
  0x00, 0x00, 0x00, 0x00, 0x00, 0x00, 0x00, 0x00, 0x00, 0x00, 0x00, 0x00,
  0x00, 0x00, 0x00, 0x00, 0x00, 0x00, 0x00, 0x00, 0x00, 0x00, 0x00, 0x00,
  0x00, 0x00, 0x00, 0x00, 0x00, 0x00, 0x00, 0x00, 0x00, 0x00, 0x00, 0x00,
  0x00, 0x00, 0x00, 0x00, 0x00, 0x00, 0x00, 0x00, 0x00, 0x00, 0x00, 0x00,
  0x00, 0x00, 0x00, 0x00, 0x00, 0x00, 0x00, 0x00, 0x00, 0x00, 0x00, 0x00,
  0x00, 0x00, 0x00, 0x00, 0x00, 0x00, 0x00, 0x00, 0x00, 0x00, 0x00, 0x00,
  0x00, 0x00, 0x00, 0x00, 0x00, 0x00, 0x00, 0x00, 0x00, 0x00, 0x00, 0x00,
  0x00, 0x00, 0x00, 0x00, 0x00, 0x00, 0x00, 0x00, 0x00, 0x00, 0x00, 0x00,
  0x00, 0x00, 0x00, 0x00, 0x00, 0x00, 0x00, 0x00, 0x00, 0x00, 0x00, 0x00,
  0x00, 0x00, 0x00, 0x00, 0x00, 0x00, 0x00, 0x00, 0x00, 0x00, 0x00, 0x00,
  0x00, 0x00, 0x00, 0x00, 0x00, 0x00, 0x00, 0x00, 0x00, 0x00, 0x00, 0x00,
  0x00, 0x00, 0x00, 0x00, 0x00, 0x00, 0x00, 0x00, 0x00, 0x00, 0x00, 0x00,
  0x00, 0x00, 0x00, 0x00, 0x00, 0x00, 0x00, 0x00, 0x00, 0x00, 0x00, 0x00,
  0x00, 0x00, 0x00, 0x00, 0x00, 0x00, 0x00, 0x00, 0x00, 0x00, 0x00, 0x00,
  0x00, 0x00, 0x00, 0x00, 0x00, 0x00, 0x00, 0x00, 0x00, 0x00, 0x00, 0x00,
  0x00, 0x00, 0x00, 0x00, 0x00, 0x00, 0x00, 0x00, 0x00, 0x00, 0x00, 0x00,
  0x00, 0x00, 0x00, 0x00, 0x00, 0x00, 0x00, 0x00, 0x00, 0x00, 0x00, 0x00,
  0x00, 0x00, 0x00, 0x00, 0x00, 0x00, 0x00, 0x00, 0x00, 0x00, 0x00, 0x00,
  0x00, 0x00, 0x00, 0x00, 0x00, 0x00, 0x00, 0x00, 0x00, 0x00, 0x00, 0x00,
  0x00, 0x00, 0x00, 0x00, 0x00, 0x00, 0x00, 0x00, 0x00, 0x00, 0x00, 0x00,
  0x00, 0x00, 0x00, 0x00, 0x00, 0x00, 0x00, 0x00, 0x00, 0x00, 0x00, 0x00,
  0x00, 0x00, 0x00, 0x00, 0x00, 0x00, 0x00, 0x00, 0x00, 0x00, 0x00, 0x00,
  0x00, 0x00, 0x00, 0x00, 0x00, 0x00, 0x00, 0x00, 0x00, 0x00, 0x00, 0x00,
  0x00, 0x00, 0x00, 0x00, 0x00, 0x00, 0x00, 0x00, 0x00, 0x00, 0x00, 0x00,
  0x00, 0x00, 0x00, 0x00, 0x00, 0x00, 0x00, 0x00, 0x00, 0x00, 0x00, 0x00,
  0x00, 0x00, 0x00, 0x00, 0x00, 0x00, 0x00, 0x00, 0x00, 0x00, 0x00, 0x00,
  0x00, 0x00, 0x00, 0x00, 0x00, 0x00, 0x00, 0x00, 0x00, 0x00, 0x00, 0x00,
  0x00, 0x00, 0x00, 0x00, 0x00, 0x00, 0x00, 0x00, 0x00, 0x00, 0x00, 0x00,
  0x00, 0x00, 0x00, 0x00, 0x00, 0x00, 0x00, 0x00, 0x00, 0x00, 0x00, 0x00,
  0x00, 0x00, 0x00, 0x00, 0x00, 0x00, 0x00, 0x00, 0x00, 0x00, 0x00, 0x00,
  0x00, 0x00, 0x00, 0x00, 0x00, 0x00, 0x00, 0x00, 0x00, 0x00, 0x00, 0x00,
  0x00, 0x00, 0x00, 0x00, 0x00, 0x00, 0x00, 0x00, 0x00, 0x00, 0x00, 0x00,
  0x00, 0x00, 0x00, 0x00, 0x00, 0x00, 0x00, 0x00, 0x00, 0x00, 0x00, 0x00,
  0x00, 0x00, 0x00, 0x00, 0x00, 0x00, 0x00, 0x00, 0x00, 0x00, 0x00, 0x00,
  0x00, 0x00, 0x00, 0x00, 0x00, 0x00, 0x00, 0x00, 0x00, 0x00, 0x00, 0x00,
  0x00, 0x00, 0x00, 0x00, 0x00, 0x00, 0x00, 0x00, 0x00, 0x00, 0x00, 0x00,
  0x00, 0x00, 0x00, 0x00, 0x00, 0x00, 0x00, 0x00, 0x00, 0x00, 0x00, 0x00,
  0x00, 0x00, 0x00, 0x00, 0x00, 0x00, 0x00, 0x00, 0x00, 0x00, 0x00, 0x00,
  0x00, 0x00, 0x00, 0x00, 0x00, 0x00, 0x00, 0x00, 0x00, 0x00, 0x00, 0x00,
  0x00, 0x00, 0x00, 0x00, 0x00, 0x00, 0x00, 0x00, 0x00, 0x00, 0x00, 0x00,
  0x00, 0x00, 0x00, 0x00, 0x00, 0x00, 0x00, 0x00, 0x00, 0x00, 0x00, 0x00,
  0x00, 0x00, 0x00, 0x00, 0x00, 0x00, 0x00, 0x00, 0x00, 0x00, 0x00, 0x00,
  0x00, 0x00, 0x00, 0x00, 0x00, 0x00, 0x00, 0x00, 0x00, 0x00, 0x00, 0x00,
  0x00, 0x00, 0x00, 0x00, 0x00, 0x00, 0x00, 0x00, 0x00, 0x00, 0x00, 0x00,
  0x00, 0x00, 0x00, 0x00, 0x00, 0x00, 0x00, 0x00, 0x00, 0x00, 0x00, 0x00,
  0x00, 0x00, 0x00, 0x00, 0x00, 0x00, 0x00, 0x00, 0x00, 0x00, 0x00, 0x00,
  0x00, 0x00, 0x00, 0x00, 0x00, 0x00, 0x00, 0x00, 0x00, 0x00, 0x00, 0x00,
  0x00, 0x00, 0x00, 0x00, 0x00, 0x00, 0x00, 0x00, 0x00, 0x00, 0x00, 0x00,
  0x00, 0x00, 0x00, 0x00, 0x00, 0x00, 0x00, 0x00, 0x00, 0x00, 0x00, 0x00,
  0x00, 0x00, 0x00, 0x00, 0x00, 0x00, 0x00, 0x00, 0x00, 0x00, 0x00, 0x00,
  0x00, 0x00, 0x00, 0x00, 0x00, 0x00, 0x00, 0x00, 0x00, 0x00, 0x00, 0x00,
  0x00, 0x00, 0x00, 0x00, 0x00, 0x00, 0x00, 0x00, 0x00, 0x00, 0x00, 0x00,
  0x00, 0x00, 0x00, 0x00, 0x00, 0x00, 0x00, 0x00, 0x00, 0x00, 0x00, 0x00,
  0x00, 0x00, 0x00, 0x00, 0x00, 0x00, 0x00, 0x00, 0x00, 0x00, 0x00, 0x00,
  0x00, 0x00, 0x00, 0x00, 0x00, 0x00, 0x00, 0x00, 0x00, 0x00, 0x00, 0x00,
  0x00, 0x00, 0x00, 0x00, 0x00, 0x00, 0x00, 0x00, 0x00, 0x00, 0x00, 0x00,
  0x00, 0x00, 0x00, 0x00, 0x00, 0x00, 0x00, 0x00, 0x00, 0x00, 0x00, 0x00,
  0x00, 0x00, 0x00, 0x00, 0x00, 0x00, 0x00, 0x00, 0x00, 0x00, 0x00, 0x00,
  0x00, 0x00, 0x00, 0x00, 0x00, 0x00, 0x00, 0x00, 0x00, 0x00, 0x00, 0x00,
  0x00, 0x00, 0x00, 0x00, 0x00, 0x00, 0x00, 0x00, 0x00, 0x00, 0x00, 0x00,
  0x00, 0x00, 0x00, 0x00, 0x00, 0x00, 0x00, 0x00, 0x00, 0x00, 0x00, 0x00,
  0x00, 0x00, 0x00, 0x00, 0x00, 0x00, 0x00, 0x00, 0x00, 0x00, 0x00, 0x00,
  0x00, 0x00, 0x00, 0x00, 0x00, 0x00, 0x00, 0x00, 0x00, 0x00, 0x00, 0x00,
  0x00, 0x00, 0x00, 0x00, 0x00, 0x00, 0x00, 0x00, 0x00, 0x00, 0x00, 0x00,
  0x00, 0x00, 0x00, 0x00, 0x00, 0x00, 0x00, 0x00, 0x00, 0x00, 0x00, 0x00,
  0x00, 0x00, 0x00, 0x00, 0x00, 0x00, 0x00, 0x00, 0x00, 0x00, 0x00, 0x00,
  0x00, 0x00, 0x00, 0x00, 0x00, 0x00, 0x00, 0x00, 0x00, 0x00, 0x00, 0x00,
  0x00, 0x00, 0x00, 0x00, 0x00, 0x00, 0x00, 0x00, 0x00, 0x00, 0x00, 0x00,
  0x00, 0x00, 0x00, 0x00, 0x00, 0x00, 0x00, 0x00, 0x00, 0x00, 0x00, 0x00,
  0x00, 0x00, 0x00, 0x00, 0x00, 0x00, 0x00, 0x00, 0x00, 0x00, 0x00, 0x00,
  0x00, 0x00, 0x00, 0x00, 0x00, 0x00, 0x00, 0x00, 0x00, 0x00, 0x00, 0x00,
  0x00, 0x00, 0x00, 0x00, 0x00, 0x00, 0x00, 0x00, 0x00, 0x00, 0x00, 0x00,
  0x00, 0x00, 0x00, 0x00, 0x00, 0x00, 0x00, 0x00, 0x00, 0x00, 0x00, 0x00,
  0x00, 0x00, 0x00, 0x00, 0x00, 0x00, 0x00, 0x00, 0x00, 0x00, 0x00, 0x00,
  0x00, 0x00, 0x00, 0x00, 0x00, 0x00, 0x00, 0x00, 0x00, 0x00, 0x00, 0x00,
  0x00, 0x00, 0x00, 0x00, 0x00, 0x00, 0x00, 0x00, 0x00, 0x00, 0x00, 0x00,
  0x00, 0x00, 0x00, 0x00, 0x00, 0x00, 0x00, 0x00, 0x00, 0x00, 0x00, 0x00,
  0x00, 0x00, 0x00, 0x00, 0x00, 0x00, 0x00, 0x00, 0x00, 0x00, 0x00, 0x00,
  0x00, 0x00, 0x00, 0x00, 0x00, 0x00, 0x00, 0x00, 0x00, 0x00, 0x00, 0x00,
  0x00, 0x00, 0x00, 0x00, 0x00, 0x00, 0x00, 0x00, 0x00, 0x00, 0x00, 0x00,
  0x00, 0x00, 0x00, 0x00, 0x00, 0x00, 0x00, 0x00, 0x00, 0x00, 0x00, 0x00,
  0x00, 0x00, 0x00, 0x00, 0x00, 0x00, 0x00, 0x00, 0x00, 0x00, 0x00, 0x00,
  0x00, 0x00, 0x00, 0x00, 0x00, 0x00, 0x00, 0x00, 0x00, 0x00, 0x00, 0x00,
  0x00, 0x00, 0x00, 0x00, 0x00, 0x00, 0x00, 0x00, 0x00, 0x00, 0x00, 0x00,
  0x00, 0x00, 0x00, 0x00, 0x00, 0x00, 0x00, 0x00, 0x00, 0x00, 0x00, 0x00,
  0x00, 0x00, 0x00, 0x00, 0x00, 0x00, 0x00, 0x00, 0x00, 0x00, 0x00, 0x00,
  0x00, 0x00, 0x00, 0x00, 0x00, 0x00, 0x00, 0x00, 0x00, 0x00, 0x00, 0x00,
  0x00, 0x00, 0x00, 0x00, 0x00, 0x00, 0x00, 0x00, 0x00, 0x00, 0x00, 0x00,
  0x00, 0x00, 0x00, 0x00, 0x00, 0x00, 0x00, 0x00, 0x00, 0x00, 0x00, 0x00,
  0x00, 0x00, 0x00, 0x00, 0x00, 0x00, 0x00, 0x00, 0x00, 0x00, 0x00, 0x00,
  0x00, 0x00, 0x00, 0x00, 0x00, 0x00, 0x00, 0x00, 0x00, 0x00, 0x00, 0x00,
  0x00, 0x00, 0x00, 0x00, 0x00, 0x00, 0x00, 0x00, 0x00, 0x00, 0x00, 0x00,
  0x00, 0x00, 0x00, 0x00, 0x00, 0x00, 0x00, 0x00, 0x00, 0x00, 0x00, 0x00,
  0x00, 0x00, 0x00, 0x00, 0x00, 0x00, 0x00, 0x00, 0x00, 0x00, 0x00, 0x00,
  0x00, 0x00, 0x00, 0x00, 0x00, 0x00, 0x00, 0x00, 0x00, 0x00, 0x00, 0x00,
  0x00, 0x00, 0x00, 0x00, 0x00, 0x00, 0x00, 0x00, 0x00, 0x00, 0x00, 0x00,
  0x00, 0x00, 0x00, 0x00, 0x00, 0x00, 0x00, 0x00, 0x00, 0x00, 0x00, 0x00,
  0x00, 0x00, 0x00, 0x00, 0x00, 0x00, 0x00, 0x00, 0x00, 0x00, 0x00, 0x00,
  0x00, 0x00, 0x00, 0x00, 0x00, 0x00, 0x00, 0x00, 0x00, 0x00, 0x00, 0x00,
  0x00, 0x00, 0x00, 0x00, 0x00, 0x00, 0x00, 0x00, 0x00, 0x00, 0x00, 0x00,
  0x00, 0x00, 0x00, 0x00, 0x00, 0x00, 0x00, 0x00, 0x00, 0x00, 0x00, 0x00,
  0x00, 0x00, 0x00, 0x00, 0x00, 0x00, 0x00, 0x00, 0x00, 0x00, 0x00, 0x00,
  0x00, 0x00, 0x00, 0x00, 0x00, 0x00, 0x00, 0x00, 0x00, 0x00, 0x00, 0x00,
  0x00, 0x00, 0x00, 0x00, 0x00, 0x00, 0x00, 0x00, 0x00, 0x00, 0x00, 0x00,
  0x00, 0x00, 0x00, 0x00, 0x00, 0x00, 0x00, 0x00, 0x00, 0x00, 0x00, 0x00,
  0x00, 0x00, 0x00, 0x00, 0x00, 0x00, 0x00, 0x00, 0x00, 0x00, 0x00, 0x00,
  0x1b, 0x5b, 0x33, 0x32, 0x6d, 0x00, 0x1b, 0x5b, 0x33, 0x31, 0x6d, 0x00,
  0x1b, 0x5b, 0x33, 0x33, 0x6d, 0x00, 0x1b, 0x5b, 0x33, 0x36, 0x6d, 0x00,
  0x1b, 0x5b, 0x33, 0x35, 0x6d, 0x00, 0x1b, 0x5b, 0x33, 0x37, 0x6d, 0x00,
  0x1b, 0x5b, 0x30, 0x6d, 0x00, 0x7e, 0x7e, 0x7e, 0x7e, 0x00, 0x2f, 0x00,
  0x08, 0x20, 0x08, 0x00, 0x4d, 0x34, 0x4b, 0x4b, 0x31, 0x20, 0x6c, 0x6f,
  0x67, 0x69, 0x6e, 0x3a, 0x20, 0x00, 0x50, 0x61, 0x73, 0x73, 0x77, 0x6f,
  0x72, 0x64, 0x3a, 0x20, 0x00, 0x2f, 0x68, 0x6f, 0x6d, 0x65, 0x2f, 0x74,
  0x65, 0x73, 0x74, 0x75, 0x73, 0x65, 0x72, 0x00, 0x2f, 0x62, 0x69, 0x6e,
  0x2f, 0x6d, 0x34, 0x73, 0x68, 0x00, 0x74, 0x65, 0x73, 0x74, 0x75, 0x73,
  0x65, 0x72, 0x00, 0x72, 0x6f, 0x6f, 0x74, 0x00, 0x31, 0x32, 0x33, 0x34,
  0x35, 0x36, 0x00, 0x2f, 0x65, 0x78, 0x70, 0x6f, 0x72, 0x74, 0x2f, 0x72,
  0x6f, 0x6f, 0x74, 0x00, 0x79, 0x61, 0x6b, 0x75, 0x6d, 0x61, 0x6b, 0x6b,
  0x69, 0x00, 0x4c, 0x6f, 0x67, 0x69, 0x6e, 0x20, 0x73, 0x75, 0x63, 0x63,
  0x65, 0x73, 0x73, 0x66, 0x75, 0x6c, 0x0a, 0x00, 0x74, 0x74, 0x79, 0x53,
  0x30, 0x00, 0x2f, 0x76, 0x61, 0x72, 0x2f, 0x6c, 0x6f, 0x67, 0x00, 0x2f,
  0x76, 0x61, 0x72, 0x2f, 0x6c, 0x6f, 0x67, 0x2f, 0x75, 0x73, 0x65, 0x72,
  0x6c, 0x6f, 0x67, 0x00, 0x20, 0x20, 0x00, 0x20, 0x20, 0x6c, 0x6f, 0x67,
  0x69, 0x6e, 0x20, 0x20, 0x73, 0x75, 0x63, 0x63, 0x65, 0x73, 0x73, 0x20,
  0x20, 0x74, 0x74, 0x79, 0x53, 0x30, 0x0a, 0x00, 0x6c, 0x6f, 0x67, 0x69,
  0x6e, 0x3a, 0x20, 0x73, 0x70, 0x61, 0x77, 0x6e, 0x20, 0x66, 0x61, 0x69,
  0x6c, 0x65, 0x64, 0x0a, 0x00, 0x4c, 0x6f, 0x67, 0x69, 0x6e, 0x20, 0x69,
  0x6e, 0x63, 0x6f, 0x72, 0x72, 0x65, 0x63, 0x74, 0x0a, 0x00, 0x54, 0x6f,
  0x6f, 0x20, 0x6d, 0x61, 0x6e, 0x79, 0x20, 0x66, 0x61, 0x69, 0x6c, 0x65,
  0x64, 0x20, 0x61, 0x74, 0x74, 0x65, 0x6d, 0x70, 0x74, 0x73, 0x0a, 0x00,
  0x00, 0x00, 0x00, 0x00, 0x00, 0x00, 0x00, 0x00, 0x00, 0x00, 0x00, 0x00,
  0x00, 0x00, 0x00, 0x00, 0x00, 0x00, 0x00, 0x00, 0x00, 0x00, 0x00, 0x00,
  0x00, 0x00, 0x00, 0x00, 0x00, 0x00, 0x00, 0x00, 0x00, 0x00, 0x00, 0x00,
  0x00, 0x00, 0x00, 0x00, 0x00, 0x00, 0x00, 0x00, 0x00, 0x00, 0x00, 0x00,
  0x00, 0x00, 0x00, 0x00, 0x00, 0x00, 0x00, 0x00, 0x00, 0x00, 0x00, 0x00,
  0x00, 0x00, 0x00, 0x00, 0x00, 0x00, 0x00, 0x00, 0x00, 0x00, 0x00, 0x00,
  0x00, 0x00, 0x00, 0x00, 0x00, 0x00, 0x00, 0x00, 0x00, 0x00, 0x00, 0x00,
  0x00, 0x00, 0x00, 0x00, 0x00, 0x00, 0x00, 0x00, 0x00, 0x00, 0x00, 0x00,
  0x00, 0x00, 0x00, 0x00, 0x00, 0x00, 0x00, 0x00, 0x00, 0x00, 0x00, 0x00,
  0x00, 0x00, 0x00, 0x00, 0x00, 0x00, 0x00, 0x00, 0x00, 0x00, 0x00, 0x00,
  0x00, 0x00, 0x00, 0x00, 0x00, 0x00, 0x00, 0x00, 0x00, 0x00, 0x00, 0x00,
  0x00, 0x00, 0x00, 0x00, 0x00, 0x00, 0x00, 0x00, 0x00, 0x00, 0x00, 0x00,
  0x00, 0x00, 0x00, 0x00, 0x00, 0x00, 0x00, 0x00, 0x00, 0x00, 0x00, 0x00,
  0x00, 0x00, 0x00, 0x00, 0x00, 0x00, 0x00, 0x00, 0x00, 0x00, 0x00, 0x00,
  0x00, 0x00, 0x00, 0x00, 0x00, 0x00, 0x00, 0x00, 0x00, 0x00, 0x00, 0x00,
  0x00, 0x00, 0x00, 0x00, 0x00, 0x00, 0x00, 0x00, 0x00, 0x00, 0x00, 0x00,
  0x00, 0x00, 0x00, 0x00, 0x00, 0x00, 0x00, 0x00, 0x00, 0x00, 0x00, 0x00,
  0x00, 0x00, 0x00, 0x00, 0x00, 0x00, 0x00, 0x00, 0x00, 0x00, 0x00, 0x00,
  0x00, 0x00, 0x00, 0x00, 0x00, 0x00, 0x00, 0x00, 0x00, 0x00, 0x00, 0x00,
  0x00, 0x00, 0x00, 0x00, 0x00, 0x00, 0x00, 0x00, 0x00, 0x00, 0x00, 0x00,
  0x00, 0x00, 0x00, 0x00, 0x00, 0x00, 0x00, 0x00, 0x00, 0x00, 0x00, 0x00,
  0x00, 0x00, 0x00, 0x00, 0x00, 0x00, 0x00, 0x00, 0x00, 0x00, 0x00, 0x00,
  0x00, 0x00, 0x00, 0x00, 0x00, 0x00, 0x00, 0x00, 0x00, 0x00, 0x00, 0x00,
  0x00, 0x00, 0x00, 0x00, 0x00, 0x00, 0x00, 0x00, 0x00, 0x00, 0x00, 0x00,
  0x00, 0x00, 0x00, 0x00, 0x00, 0x00, 0x00, 0x00, 0x00, 0x00, 0x00, 0x00,
  0x00, 0x00, 0x00, 0x00, 0x00, 0x00, 0x00, 0x00, 0x00, 0x00, 0x00, 0x00,
  0x00, 0x00, 0x00, 0x00, 0x00, 0x00, 0x00, 0x00, 0x00, 0x00, 0x00, 0x00,
  0x00, 0x00, 0x00, 0x00, 0x00, 0x00, 0x00, 0x00, 0x00, 0x00, 0x00, 0x00,
  0x00, 0x00, 0x00, 0x00, 0x00, 0x00, 0x00, 0x00, 0x00, 0x00, 0x00, 0x00,
  0x00, 0x00, 0x00, 0x00, 0x00, 0x00, 0x00, 0x00, 0x00, 0x00, 0x00, 0x00,
  0x00, 0x00, 0x00, 0x00, 0x00, 0x00, 0x00, 0x00, 0x00, 0x00, 0x00, 0x00,
  0x00, 0x00, 0x00, 0x00, 0x00, 0x00, 0x00, 0x00, 0x00, 0x00, 0x00, 0x00,
  0x00, 0x00, 0x00, 0x00, 0x00, 0x00, 0x00, 0x00, 0x00, 0x00, 0x00, 0x00,
  0x00, 0x00, 0x00, 0x00, 0x00, 0x00, 0x00, 0x00, 0x00, 0x00, 0x00, 0x00,
  0x00, 0x00, 0x00, 0x00, 0x00, 0x00, 0x00, 0x00, 0x00, 0x00, 0x00, 0x00,
  0x00, 0x00, 0x00, 0x00, 0x00, 0x00, 0x00, 0x00, 0x00, 0x00, 0x00, 0x00,
  0x00, 0x00, 0x00, 0x00, 0x00, 0x00, 0x00, 0x00, 0x00, 0x00, 0x00, 0x00,
  0x00, 0x00, 0x00, 0x00, 0x00, 0x00, 0x00, 0x00, 0x00, 0x00, 0x00, 0x00,
  0x00, 0x00, 0x00, 0x00, 0x00, 0x00, 0x00, 0x00, 0x00, 0x00, 0x00, 0x00,
  0x00, 0x00, 0x00, 0x00, 0x00, 0x00, 0x00, 0x00, 0x00, 0x00, 0x00, 0x00,
  0x00, 0x00, 0x00, 0x00, 0x00, 0x00, 0x00, 0x00, 0x00, 0x00, 0x00, 0x00,
  0x00, 0x00, 0x00, 0x00, 0x00, 0x00, 0x00, 0x00, 0x00, 0x00, 0x00, 0x00,
  0x00, 0x00, 0x00, 0x00, 0x00, 0x00, 0x00, 0x00, 0x00, 0x00, 0x00, 0x00,
  0x00, 0x00, 0x00, 0x00, 0x00, 0x00, 0x00, 0x00, 0x00, 0x00, 0x00, 0x00,
  0x00, 0x00, 0x00, 0x00, 0x00, 0x00, 0x00, 0x00, 0x00, 0x00, 0x00, 0x00,
  0x00, 0x00, 0x00, 0x00, 0x00, 0x00, 0x00, 0x00, 0x00, 0x00, 0x00, 0x00,
  0x00, 0x00, 0x00, 0x00, 0x00, 0x00, 0x00, 0x00, 0x00, 0x00, 0x00, 0x00,
  0x00, 0x00, 0x00, 0x00, 0x00, 0x00, 0x00, 0x00, 0x00, 0x00, 0x00, 0x00,
  0x00, 0x00, 0x00, 0x00, 0x00, 0x00, 0x00, 0x00, 0x00, 0x00, 0x00, 0x00,
  0x00, 0x00, 0x00, 0x00, 0x00, 0x00, 0x00, 0x00, 0x00, 0x00, 0x00, 0x00,
  0x00, 0x00, 0x00, 0x00, 0x00, 0x00, 0x00, 0x00, 0x00, 0x00, 0x00, 0x00,
  0x00, 0x00, 0x00, 0x00, 0x00, 0x00, 0x00, 0x00, 0x00, 0x00, 0x00, 0x00,
  0x00, 0x00, 0x00, 0x00, 0x00, 0x00, 0x00, 0x00, 0x00, 0x00, 0x00, 0x00,
  0x00, 0x00, 0x00, 0x00, 0x00, 0x00, 0x00, 0x00, 0x00, 0x00, 0x00, 0x00,
  0x00, 0x00, 0x00, 0x00, 0x00, 0x00, 0x00, 0x00, 0x00, 0x00, 0x00, 0x00,
  0x00, 0x00, 0x00, 0x00, 0x00, 0x00, 0x00, 0x00, 0x00, 0x00, 0x00, 0x00,
  0x00, 0x00, 0x00, 0x00, 0x00, 0x00, 0x00, 0x00, 0x00, 0x00, 0x00, 0x00,
  0x00, 0x00, 0x00, 0x00, 0x00, 0x00, 0x00, 0x00, 0x00, 0x00, 0x00, 0x00,
  0x00, 0x00, 0x00, 0x00, 0x00, 0x00, 0x00, 0x00, 0x00, 0x00, 0x00, 0x00,
  0x00, 0x00, 0x00, 0x00, 0x00, 0x00, 0x00, 0x00, 0x00, 0x00, 0x00, 0x00,
  0x00, 0x00, 0x00, 0x00, 0x00, 0x00, 0x00, 0x00, 0x00, 0x00, 0x00, 0x00,
  0x00, 0x00, 0x00, 0x00, 0x00, 0x00, 0x00, 0x00, 0x00, 0x00, 0x00, 0x00,
  0x00, 0x00, 0x00, 0x00, 0x00, 0x00, 0x00, 0x00, 0x00, 0x00, 0x00, 0x00,
  0x00, 0x00, 0x00, 0x00, 0x00, 0x00, 0x00, 0x00, 0x00, 0x00, 0x00, 0x00,
  0x00, 0x00, 0x00, 0x00, 0x00, 0x00, 0x00, 0x00, 0x00, 0x00, 0x00, 0x00,
  0x00, 0x00, 0x00, 0x00, 0x00, 0x00, 0x00, 0x00, 0x00, 0x00, 0x00, 0x00,
  0x00, 0x00, 0x00, 0x00, 0x00, 0x00, 0x00, 0x00, 0x00, 0x00, 0x00, 0x00,
  0x00, 0x00, 0x00, 0x00, 0x00, 0x00, 0x00, 0x00, 0x00, 0x00, 0x00, 0x00,
  0x00, 0x00, 0x00, 0x00, 0x00, 0x00, 0x00, 0x00, 0x00, 0x00, 0x00, 0x00,
  0x00, 0x00, 0x00, 0x00, 0x00, 0x00, 0x00, 0x00, 0x00, 0x00, 0x00, 0x00,
  0x00, 0x00, 0x00, 0x00, 0x00, 0x00, 0x00, 0x00, 0x00, 0x00, 0x00, 0x00,
  0x00, 0x00, 0x00, 0x00, 0x00, 0x00, 0x00, 0x00, 0x00, 0x00, 0x00, 0x00,
  0x00, 0x00, 0x00, 0x00, 0x00, 0x00, 0x00, 0x00, 0x00, 0x00, 0x00, 0x00,
  0x00, 0x00, 0x00, 0x00, 0x00, 0x00, 0x00, 0x00, 0x00, 0x00, 0x00, 0x00,
  0x00, 0x00, 0x00, 0x00, 0x00, 0x00, 0x00, 0x00, 0x00, 0x00, 0x00, 0x00,
  0x00, 0x00, 0x00, 0x00, 0x00, 0x00, 0x00, 0x00, 0x00, 0x00, 0x00, 0x00,
  0x00, 0x00, 0x00, 0x00, 0x00, 0x00, 0x00, 0x00, 0x00, 0x00, 0x00, 0x00,
  0x00, 0x00, 0x00, 0x00, 0x00, 0x00, 0x00, 0x00, 0x00, 0x00, 0x00, 0x00,
  0x00, 0x00, 0x00, 0x00, 0x00, 0x00, 0x00, 0x00, 0x00, 0x00, 0x00, 0x00,
  0x00, 0x00, 0x00, 0x00, 0x00, 0x00, 0x00, 0x00, 0x00, 0x00, 0x00, 0x00,
  0x00, 0x00, 0x00, 0x00, 0x00, 0x00, 0x00, 0x00, 0x00, 0x00, 0x00, 0x00,
  0x00, 0x00, 0x00, 0x00, 0x00, 0x00, 0x00, 0x00, 0x00, 0x00, 0x00, 0x00,
  0x00, 0x00, 0x00, 0x00, 0x00, 0x00, 0x00, 0x00, 0x00, 0x00, 0x00, 0x00,
  0x00, 0x00, 0x00, 0x00, 0x00, 0x00, 0x00, 0x00, 0x00, 0x00, 0x00, 0x00,
  0x00, 0x00, 0x00, 0x00, 0x00, 0x00, 0x00, 0x00, 0x00, 0x00, 0x00, 0x00,
  0x00, 0x00, 0x00, 0x00, 0x00, 0x00, 0x00, 0x00, 0x00, 0x00, 0x00, 0x00,
  0x00, 0x00, 0x00, 0x00, 0x00, 0x00, 0x00, 0x00, 0x00, 0x00, 0x00, 0x00,
  0x00, 0x00, 0x00, 0x00, 0x00, 0x00, 0x00, 0x00, 0x00, 0x00, 0x00, 0x00,
  0x00, 0x00, 0x00, 0x00, 0x00, 0x00, 0x00, 0x00, 0x00, 0x00, 0x00, 0x00,
  0x00, 0x00, 0x00, 0x00, 0x00, 0x00, 0x00, 0x00, 0x00, 0x00, 0x00, 0x00,
  0x00, 0x00, 0x00, 0x00, 0x00, 0x00, 0x00, 0x00, 0x00, 0x00, 0x00, 0x00,
  0x00, 0x00, 0x00, 0x00, 0x00, 0x00, 0x00, 0x00, 0x00, 0x00, 0x00, 0x00,
  0x00, 0x00, 0x00, 0x00, 0x00, 0x00, 0x00, 0x00, 0x00, 0x00, 0x00, 0x00,
  0x00, 0x00, 0x00, 0x00, 0x00, 0x00, 0x00, 0x00, 0x00, 0x00, 0x00, 0x00,
  0x00, 0x00, 0x00, 0x00, 0x00, 0x00, 0x00, 0x00, 0x00, 0x00, 0x00, 0x00,
  0x00, 0x00, 0x00, 0x00, 0x00, 0x00, 0x00, 0x00, 0x00, 0x00, 0x00, 0x00,
  0x00, 0x00, 0x00, 0x00, 0x00, 0x00, 0x00, 0x00, 0x00, 0x00, 0x00, 0x00,
  0x00, 0x00, 0x00, 0x00, 0x00, 0x00, 0x00, 0x00, 0x00, 0x00, 0x00, 0x00,
  0x00, 0x00, 0x00, 0x00, 0x00, 0x00, 0x00, 0x00, 0x00, 0x00, 0x00, 0x00,
  0x00, 0x00, 0x00, 0x00, 0x00, 0x00, 0x00, 0x00, 0x00, 0x00, 0x00, 0x00,
  0x00, 0x00, 0x00, 0x00, 0x00, 0x00, 0x00, 0x00, 0x00, 0x00, 0x00, 0x00,
  0x00, 0x00, 0x00, 0x00, 0x00, 0x00, 0x00, 0x00, 0x00, 0x00, 0x00, 0x00,
  0x00, 0x00, 0x00, 0x00, 0x00, 0x00, 0x00, 0x00, 0x00, 0x00, 0x00, 0x00,
  0x00, 0x00, 0x00, 0x00, 0x00, 0x00, 0x00, 0x00, 0x00, 0x00, 0x00, 0x00,
  0x00, 0x00, 0x00, 0x00, 0x00, 0x00, 0x00, 0x00, 0x00, 0x00, 0x00, 0x00,
  0x00, 0x00, 0x00, 0x00, 0x00, 0x00, 0x00, 0x00, 0x00, 0x00, 0x00, 0x00,
  0x00, 0x00, 0x00, 0x00, 0x00, 0x00, 0x00, 0x00, 0x00, 0x00, 0x00, 0x00,
  0x00, 0x00, 0x00, 0x00, 0x00, 0x00, 0x00, 0x00, 0x00, 0x00, 0x00, 0x00,
  0x00, 0x00, 0x00, 0x00, 0x00, 0x00, 0x00, 0x00, 0x00, 0x00, 0x00, 0x00,
  0x00, 0x00, 0x00, 0x00, 0x00, 0x00, 0x00, 0x00, 0x00, 0x00, 0x00, 0x00,
  0x00, 0x00, 0x00, 0x00, 0x00, 0x00, 0x00, 0x00, 0x00, 0x00, 0x00, 0x00,
  0x00, 0x00, 0x00, 0x00, 0x00, 0x00, 0x00, 0x00, 0x00, 0x00, 0x00, 0x00,
  0x00, 0x00, 0x00, 0x00, 0x00, 0x00, 0x00, 0x00, 0x00, 0x00, 0x00, 0x00,
  0x00, 0x00, 0x00, 0x00, 0x00, 0x00, 0x00, 0x00, 0x00, 0x00, 0x00, 0x00,
  0x00, 0x00, 0x00, 0x00, 0x00, 0x00, 0x00, 0x00, 0x00, 0x00, 0x00, 0x00,
  0x00, 0x00, 0x00, 0x00, 0x00, 0x00, 0x00, 0x00, 0x00, 0x00, 0x00, 0x00,
  0x00, 0x00, 0x00, 0x00, 0x00, 0x00, 0x00, 0x00, 0x00, 0x00, 0x00, 0x00,
  0x00, 0x00, 0x00, 0x00, 0x00, 0x00, 0x00, 0x00, 0x00, 0x00, 0x00, 0x00,
  0x00, 0x00, 0x00, 0x00, 0x00, 0x00, 0x00, 0x00, 0x00, 0x00, 0x00, 0x00,
  0x00, 0x00, 0x00, 0x00, 0x00, 0x00, 0x00, 0x00, 0x00, 0x00, 0x00, 0x00,
  0x00, 0x00, 0x00, 0x00, 0x00, 0x00, 0x00, 0x00, 0x00, 0x00, 0x00, 0x00,
  0x00, 0x00, 0x00, 0x00, 0x00, 0x00, 0x00, 0x00, 0x00, 0x00, 0x00, 0x00,
  0x00, 0x00, 0x00, 0x00, 0x00, 0x00, 0x00, 0x00, 0x00, 0x00, 0x00, 0x00,
  0x00, 0x00, 0x00, 0x00, 0x00, 0x00, 0x00, 0x00, 0x00, 0x00, 0x00, 0x00,
  0x00, 0x00, 0x00, 0x00, 0x00, 0x00, 0x00, 0x00, 0x00, 0x00, 0x00, 0x00,
  0x00, 0x00, 0x00, 0x00, 0x00, 0x00, 0x00, 0x00, 0x00, 0x00, 0x00, 0x00,
  0x00, 0x00, 0x00, 0x00, 0x00, 0x00, 0x00, 0x00, 0x00, 0x00, 0x00, 0x00,
  0x00, 0x00, 0x00, 0x00, 0x00, 0x00, 0x00, 0x00, 0x00, 0x00, 0x00, 0x00,
  0x00, 0x00, 0x00, 0x00, 0x00, 0x00, 0x00, 0x00, 0x00, 0x00, 0x00, 0x00,
  0x00, 0x00, 0x00, 0x00, 0x00, 0x00, 0x00, 0x00, 0x00, 0x00, 0x00, 0x00,
  0x00, 0x00, 0x00, 0x00, 0x00, 0x00, 0x00, 0x00, 0x00, 0x00, 0x00, 0x00,
  0x00, 0x00, 0x00, 0x00, 0x00, 0x00, 0x00, 0x00, 0x00, 0x00, 0x00, 0x00,
  0x00, 0x00, 0x00, 0x00, 0x00, 0x00, 0x00, 0x00, 0x00, 0x00, 0x00, 0x00,
  0x00, 0x00, 0x00, 0x00, 0x00, 0x00, 0x00, 0x00, 0x00, 0x00, 0x00, 0x00,
  0x00, 0x00, 0x00, 0x00, 0x00, 0x00, 0x00, 0x00, 0x00, 0x00, 0x00, 0x00,
  0x00, 0x00, 0x00, 0x00, 0x00, 0x00, 0x00, 0x00, 0x00, 0x00, 0x00, 0x00,
  0x00, 0x00, 0x00, 0x00, 0x00, 0x00, 0x00, 0x00, 0x00, 0x00, 0x00, 0x00,
  0x00, 0x00, 0x00, 0x00, 0x00, 0x00, 0x00, 0x00, 0x00, 0x00, 0x00, 0x00,
  0x00, 0x00, 0x00, 0x00, 0x00, 0x00, 0x00, 0x00, 0x00, 0x00, 0x00, 0x00,
  0x00, 0x00, 0x00, 0x00, 0x00, 0x00, 0x00, 0x00, 0x00, 0x00, 0x00, 0x00,
  0x00, 0x00, 0x00, 0x00, 0x00, 0x00, 0x00, 0x00, 0x00, 0x00, 0x00, 0x00,
  0x00, 0x00, 0x00, 0x00, 0x00, 0x00, 0x00, 0x00, 0x00, 0x00, 0x00, 0x00,
  0x00, 0x00, 0x00, 0x00, 0x00, 0x00, 0x00, 0x00, 0x00, 0x00, 0x00, 0x00,
  0x00, 0x00, 0x00, 0x00, 0x00, 0x00, 0x00, 0x00, 0x00, 0x00, 0x00, 0x00,
  0x00, 0x00, 0x00, 0x00, 0x00, 0x00, 0x00, 0x00, 0x00, 0x00, 0x00, 0x00,
  0x00, 0x00, 0x00, 0x00, 0x00, 0x00, 0x00, 0x00, 0x00, 0x00, 0x00, 0x00,
  0x00, 0x00, 0x00, 0x00, 0x00, 0x00, 0x00, 0x00, 0x00, 0x00, 0x00, 0x00,
  0x00, 0x00, 0x00, 0x00, 0x00, 0x00, 0x00, 0x00, 0x00, 0x00, 0x00, 0x00,
  0x00, 0x00, 0x00, 0x00, 0x00, 0x00, 0x00, 0x00, 0x00, 0x00, 0x00, 0x00,
  0x00, 0x00, 0x00, 0x00, 0x00, 0x00, 0x00, 0x00, 0x00, 0x00, 0x00, 0x00,
  0x00, 0x00, 0x00, 0x00, 0x00, 0x00, 0x00, 0x00, 0x00, 0x00, 0x00, 0x00,
  0x00, 0x00, 0x00, 0x00, 0x00, 0x00, 0x00, 0x00, 0x00, 0x00, 0x00, 0x00,
  0x00, 0x00, 0x00, 0x00, 0x00, 0x00, 0x00, 0x00, 0x00, 0x00, 0x00, 0x00,
  0x00, 0x00, 0x00, 0x00, 0x00, 0x00, 0x00, 0x00, 0x00, 0x00, 0x00, 0x00,
  0x00, 0x00, 0x00, 0x00, 0x00, 0x00, 0x00, 0x00, 0x00, 0x00, 0x00, 0x00,
  0x00, 0x00, 0x00, 0x00, 0x00, 0x00, 0x00, 0x00, 0x00, 0x00, 0x00, 0x00,
  0x00, 0x00, 0x00, 0x00, 0x00, 0x00, 0x00, 0x00, 0x00, 0x00, 0x00, 0x00,
  0x00, 0x00, 0x00, 0x00, 0x00, 0x00, 0x00, 0x00, 0x00, 0x00, 0x00, 0x00,
  0x00, 0x00, 0x00, 0x00, 0x00, 0x00, 0x00, 0x00, 0x00, 0x00, 0x00, 0x00,
  0x00, 0x00, 0x00, 0x00, 0x00, 0x00, 0x00, 0x00, 0x00, 0x00, 0x00, 0x00,
  0x00, 0x00, 0x00, 0x00, 0x00, 0x00, 0x00, 0x00, 0x00, 0x00, 0x00, 0x00,
  0x00, 0x00, 0x00, 0x00, 0x00, 0x00, 0x00, 0x00, 0x00, 0x00, 0x00, 0x00,
  0x00, 0x00, 0x00, 0x00, 0x00, 0x00, 0x00, 0x00, 0x00, 0x00, 0x00, 0x00,
  0x00, 0x00, 0x00, 0x00, 0x00, 0x00, 0x00, 0x00, 0x00, 0x00, 0x00, 0x00,
  0x00, 0x00, 0x00, 0x00, 0x00, 0x00, 0x00, 0x00, 0x00, 0x00, 0x00, 0x00,
  0x00, 0x00, 0x00, 0x00, 0x00, 0x00, 0x00, 0x00, 0x00, 0x00, 0x00, 0x00,
  0x00, 0x00, 0x00, 0x00, 0x00, 0x00, 0x00, 0x00, 0x00, 0x00, 0x00, 0x00,
  0x00, 0x00, 0x00, 0x00, 0x00, 0x00, 0x00, 0x00, 0x00, 0x00, 0x00, 0x00,
  0x00, 0x00, 0x00, 0x00, 0x00, 0x00, 0x00, 0x00, 0x00, 0x00, 0x00, 0x00,
  0x00, 0x00, 0x00, 0x00, 0x00, 0x00, 0x00, 0x00, 0x00, 0x00, 0x00, 0x00,
  0x00, 0x00, 0x00, 0x00, 0x00, 0x00, 0x00, 0x00, 0x00, 0x00, 0x00, 0x00,
  0x00, 0x00, 0x00, 0x00, 0x00, 0x00, 0x00, 0x00, 0x00, 0x00, 0x00, 0x00,
  0x00, 0x00, 0x00, 0x00, 0x00, 0x00, 0x00, 0x00, 0x00, 0x00, 0x00, 0x00,
  0x00, 0x00, 0x00, 0x00, 0x00, 0x00, 0x00, 0x00, 0x00, 0x00, 0x00, 0x00,
  0x00, 0x00, 0x00, 0x00, 0x00, 0x00, 0x00, 0x00, 0x00, 0x00, 0x00, 0x00,
  0x00, 0x00, 0x00, 0x00, 0x00, 0x00, 0x00, 0x00, 0x00, 0x00, 0x00, 0x00,
  0x00, 0x00, 0x00, 0x00, 0x00, 0x00, 0x00, 0x00, 0x00, 0x00, 0x00, 0x00,
  0x00, 0x00, 0x00, 0x00, 0x00, 0x00, 0x00, 0x00, 0x00, 0x00, 0x00, 0x00,
  0x00, 0x00, 0x00, 0x00, 0x00, 0x00, 0x00, 0x00, 0x00, 0x00, 0x00, 0x00,
  0x00, 0x00, 0x00, 0x00, 0x00, 0x00, 0x00, 0x00, 0x00, 0x00, 0x00, 0x00,
  0x00, 0x00, 0x00, 0x00, 0x00, 0x00, 0x00, 0x00, 0x00, 0x00, 0x00, 0x00,
  0x00, 0x00, 0x00, 0x00, 0x00, 0x00, 0x00, 0x00, 0x00, 0x00, 0x00, 0x00,
  0x00, 0x00, 0x00, 0x00, 0x00, 0x00, 0x00, 0x00, 0x00, 0x00, 0x00, 0x00,
  0x00, 0x00, 0x00, 0x00, 0x00, 0x00, 0x00, 0x00, 0x00, 0x00, 0x00, 0x00,
  0x00, 0x00, 0x00, 0x00, 0x00, 0x00, 0x00, 0x00, 0x00, 0x00, 0x00, 0x00,
  0x00, 0x00, 0x00, 0x00, 0x00, 0x00, 0x00, 0x00, 0x00, 0x00, 0x00, 0x00,
  0x00, 0x00, 0x00, 0x00, 0x00, 0x00, 0x00, 0x00, 0x00, 0x00, 0x00, 0x00,
  0x00, 0x00, 0x00, 0x00, 0x00, 0x00, 0x00, 0x00, 0x00, 0x00, 0x00, 0x00,
  0x00, 0x00, 0x00, 0x00, 0x00, 0x00, 0x00, 0x00, 0x00, 0x00, 0x00, 0x00,
  0x00, 0x00, 0x00, 0x00, 0x00, 0x00, 0x00, 0x00, 0x00, 0x00, 0x00, 0x00,
  0x00, 0x00, 0x00, 0x00, 0x00, 0x00, 0x00, 0x00, 0x00, 0x00, 0x00, 0x00,
  0x00, 0x00, 0x00, 0x00, 0x00, 0x00, 0x00, 0x00, 0x00, 0x00, 0x00, 0x00,
  0x00, 0x00, 0x00, 0x00, 0x00, 0x00, 0x00, 0x00, 0x00, 0x00, 0x00, 0x00,
  0x00, 0x00, 0x00, 0x00, 0x00, 0x00, 0x00, 0x00, 0x00, 0x00, 0x00, 0x00,
  0x00, 0x00, 0x00, 0x00, 0x00, 0x00, 0x00, 0x00, 0x00, 0x00, 0x00, 0x00,
  0x00, 0x00, 0x00, 0x00, 0x00, 0x00, 0x00, 0x00, 0x00, 0x00, 0x00, 0x00,
  0x00, 0x00, 0x00, 0x00, 0x00, 0x00, 0x00, 0x00, 0x00, 0x00, 0x00, 0x00,
  0x00, 0x00, 0x00, 0x00, 0x00, 0x00, 0x00, 0x00, 0x00, 0x00, 0x00, 0x00,
  0x00, 0x00, 0x00, 0x00, 0x00, 0x00, 0x00, 0x00, 0x00, 0x00, 0x00, 0x00,
  0x00, 0x00, 0x00, 0x00, 0x00, 0x00, 0x00, 0x00, 0x00, 0x00, 0x00, 0x00,
  0x00, 0x00, 0x00, 0x00, 0x00, 0x00, 0x00, 0x00, 0x00, 0x00, 0x00, 0x00,
  0x00, 0x00, 0x00, 0x00, 0x00, 0x00, 0x00, 0x00, 0x00, 0x00, 0x00, 0x00,
  0x00, 0x00, 0x00, 0x00, 0x00, 0x00, 0x00, 0x00, 0x00, 0x00, 0x00, 0x00,
  0x00, 0x00, 0x00, 0x00, 0x00, 0x00, 0x00, 0x00, 0x00, 0x00, 0x00, 0x00,
  0x00, 0x00, 0x00, 0x00, 0x00, 0x00, 0x00, 0x00, 0x00, 0x00, 0x00, 0x00,
  0x00, 0x00, 0x00, 0x00, 0x00, 0x00, 0x00, 0x00, 0x00, 0x00, 0x00, 0x00,
  0x00, 0x00, 0x00, 0x00, 0x00, 0x00, 0x00, 0x00, 0x00, 0x00, 0x00, 0x00,
  0x00, 0x00, 0x00, 0x00, 0x00, 0x00, 0x00, 0x00, 0x00, 0x00, 0x00, 0x00,
  0x00, 0x00, 0x00, 0x00, 0x00, 0x00, 0x00, 0x00, 0x00, 0x00, 0x00, 0x00,
  0x00, 0x00, 0x00, 0x00, 0x00, 0x00, 0x00, 0x00, 0x00, 0x00, 0x00, 0x00,
  0x00, 0x00, 0x00, 0x00, 0x00, 0x00, 0x00, 0x00, 0x00, 0x00, 0x00, 0x00,
  0x00, 0x00, 0x00, 0x00, 0x00, 0x00, 0x00, 0x00, 0x00, 0x00, 0x00, 0x00,
  0x00, 0x00, 0x00, 0x00, 0x00, 0x00, 0x00, 0x00, 0x00, 0x00, 0x00, 0x00,
  0x00, 0x00, 0x00, 0x00, 0x00, 0x00, 0x00, 0x00, 0x00, 0x00, 0x00, 0x00,
  0x00, 0x00, 0x00, 0x00, 0x00, 0x00, 0x00, 0x00, 0x00, 0x00, 0x00, 0x00,
  0x00, 0x00, 0x00, 0x00, 0x00, 0x00, 0x00, 0x00, 0x00, 0x00, 0x00, 0x00,
  0x00, 0x00, 0x00, 0x00, 0x00, 0x00, 0x00, 0x00, 0x00, 0x00, 0x00, 0x00,
  0x00, 0x00, 0x00, 0x00, 0x00, 0x00, 0x00, 0x00, 0x00, 0x00, 0x00, 0x00,
  0x00, 0x00, 0x00, 0x00, 0x00, 0x00, 0x00, 0x00, 0x00, 0x00, 0x00, 0x00,
  0x00, 0x00, 0x00, 0x00, 0x00, 0x00, 0x00, 0x00, 0x00, 0x00, 0x00, 0x00,
  0x00, 0x00, 0x00, 0x00, 0x00, 0x00, 0x00, 0x00, 0x00, 0x00, 0x00, 0x00,
  0x00, 0x00, 0x00, 0x00, 0x00, 0x00, 0x00, 0x00, 0x00, 0x00, 0x00, 0x00,
  0x00, 0x00, 0x00, 0x00, 0x00, 0x00, 0x00, 0x00, 0x00, 0x00, 0x00, 0x00,
  0x00, 0x00, 0x00, 0x00, 0x00, 0x00, 0x00, 0x00, 0x00, 0x00, 0x00, 0x00,
  0x00, 0x00, 0x00, 0x00, 0x00, 0x00, 0x00, 0x00, 0x00, 0x00, 0x00, 0x00,
  0x00, 0x00, 0x00, 0x00, 0x00, 0x00, 0x00, 0x00, 0x00, 0x00, 0x00, 0x00,
  0x00, 0x00, 0x00, 0x00, 0x00, 0x00, 0x00, 0x00, 0x00, 0x00, 0x00, 0x00,
  0x00, 0x00, 0x00, 0x00, 0x00, 0x00, 0x00, 0x00, 0x00, 0x00, 0x00, 0x00,
  0x00, 0x00, 0x00, 0x00, 0x00, 0x00, 0x00, 0x00, 0x00, 0x00, 0x00, 0x00,
  0x00, 0x00, 0x00, 0x00, 0x00, 0x00, 0x00, 0x00, 0x00, 0x00, 0x00, 0x00,
  0x00, 0x00, 0x00, 0x00, 0x00, 0x00, 0x00, 0x00, 0x00, 0x00, 0x00, 0x00,
  0x00, 0x00, 0x00, 0x00, 0x00, 0x00, 0x00, 0x00, 0x00, 0x00, 0x00, 0x00,
  0x00, 0x00, 0x00, 0x00, 0x00, 0x00, 0x00, 0x00, 0x00, 0x00, 0x00, 0x00,
  0x00, 0x00, 0x00, 0x00, 0x00, 0x00, 0x00, 0x00, 0x00, 0x00, 0x00, 0x00,
  0x00, 0x00, 0x00, 0x00, 0x00, 0x00, 0x00, 0x00, 0x00, 0x00, 0x00, 0x00,
  0x00, 0x00, 0x00, 0x00, 0x00, 0x00, 0x00, 0x00, 0x00, 0x00, 0x00, 0x00,
  0x00, 0x00, 0x00, 0x00, 0x00, 0x00, 0x00, 0x00, 0x00, 0x00, 0x00, 0x00,
  0x00, 0x00, 0x00, 0x00, 0x00, 0x00, 0x00, 0x00, 0x00, 0x00, 0x00, 0x00,
  0x00, 0x00, 0x00, 0x00, 0x00, 0x00, 0x00, 0x00, 0x00, 0x00, 0x00, 0x00,
  0x00, 0x00, 0x00, 0x00, 0x00, 0x00, 0x00, 0x00, 0x00, 0x00, 0x00, 0x00,
  0x00, 0x00, 0x00, 0x00, 0x00, 0x00, 0x00, 0x00, 0x00, 0x00, 0x00, 0x00,
  0x00, 0x00, 0x00, 0x00, 0x00, 0x00, 0x00, 0x00, 0x00, 0x00, 0x00, 0x00,
  0x00, 0x00, 0x00, 0x00, 0x00, 0x00, 0x00, 0x00, 0x00, 0x00, 0x00, 0x00,
  0x00, 0x00, 0x00, 0x00, 0x00, 0x00, 0x00, 0x00, 0x00, 0x00, 0x00, 0x00,
  0x00, 0x00, 0x00, 0x00, 0x00, 0x00, 0x00, 0x00, 0x00, 0x00, 0x00, 0x00,
  0x00, 0x00, 0x00, 0x00, 0x00, 0x00, 0x00, 0x00, 0x00, 0x00, 0x00, 0x00,
  0x00, 0x00, 0x00, 0x00, 0x00, 0x00, 0x00, 0x00, 0x00, 0x00, 0x00, 0x00,
  0x00, 0x00, 0x00, 0x00, 0x00, 0x00, 0x00, 0x00, 0x00, 0x00, 0x00, 0x00,
  0x00, 0x00, 0x00, 0x00, 0x00, 0x00, 0x00, 0x00, 0x00, 0x00, 0x00, 0x00,
  0x00, 0x00, 0x00, 0x00, 0x00, 0x00, 0x00, 0x00, 0x00, 0x00, 0x00, 0x00,
  0x00, 0x00, 0x00, 0x00, 0x00, 0x00, 0x00, 0x00, 0x00, 0x00, 0x00, 0x00,
  0x00, 0x00, 0x00, 0x00, 0x00, 0x00, 0x00, 0x00, 0x00, 0x00, 0x00, 0x00,
  0x00, 0x00, 0x00, 0x00, 0x00, 0x00, 0x00, 0x00, 0x00, 0x00, 0x00, 0x00,
  0x00, 0x00, 0x00, 0x00, 0x00, 0x00, 0x00, 0x00, 0x00, 0x00, 0x00, 0x00,
  0x00, 0x00, 0x00, 0x00, 0x00, 0x00, 0x00, 0x00, 0x00, 0x00, 0x00, 0x00,
  0x00, 0x00, 0x00, 0x00, 0x00, 0x00, 0x00, 0x00, 0x00, 0x00, 0x00, 0x00,
  0x00, 0x00, 0x00, 0x00, 0x00, 0x00, 0x00, 0x00, 0x00, 0x00, 0x00, 0x00,
  0x00, 0x00, 0x00, 0x00, 0x00, 0x00, 0x00, 0x00, 0x00, 0x00, 0x00, 0x00,
  0x00, 0x00, 0x00, 0x00, 0x00, 0x00, 0x00, 0x00, 0x00, 0x00, 0x00, 0x00,
  0x00, 0x00, 0x00, 0x00, 0x00, 0x00, 0x00, 0x00, 0x00, 0x00, 0x00, 0x00,
  0x00, 0x00, 0x00, 0x00, 0x00, 0x00, 0x00, 0x00, 0x00, 0x00, 0x00, 0x00,
  0x00, 0x00, 0x00, 0x00, 0x00, 0x00, 0x00, 0x00, 0x00, 0x00, 0x00, 0x00,
  0x00, 0x00, 0x00, 0x00, 0x00, 0x00, 0x00, 0x00, 0x00, 0x00, 0x00, 0x00,
  0x00, 0x00, 0x00, 0x00, 0x00, 0x00, 0x00, 0x00, 0x00, 0x00, 0x00, 0x00,
  0x00, 0x00, 0x00, 0x00, 0x00, 0x00, 0x00, 0x00, 0x00, 0x00, 0x00, 0x00,
  0x00, 0x00, 0x00, 0x00, 0x00, 0x00, 0x00, 0x00, 0x00, 0x00, 0x00, 0x00,
  0x00, 0x00, 0x00, 0x00, 0x00, 0x00, 0x00, 0x00, 0x00, 0x00, 0x00, 0x00,
  0x00, 0x00, 0x00, 0x00, 0x00, 0x00, 0x00, 0x00, 0x00, 0x00, 0x00, 0x00,
  0x00, 0x00, 0x00, 0x00, 0x00, 0x00, 0x00, 0x00, 0x00, 0x00, 0x00, 0x00,
  0x00, 0x00, 0x00, 0x00, 0x00, 0x00, 0x00, 0x00, 0x00, 0x00, 0x00, 0x00,
  0x00, 0x00, 0x00, 0x00, 0x00, 0x00, 0x00, 0x00, 0x00, 0x00, 0x00, 0x00,
  0x00, 0x00, 0x00, 0x00, 0x00, 0x00, 0x00, 0x00, 0x00, 0x00, 0x00, 0x00,
  0x00, 0x00, 0x00, 0x00, 0x00, 0x00, 0x00, 0x00, 0x00, 0x00, 0x00, 0x00,
  0x00, 0x00, 0x00, 0x00, 0x00, 0x00, 0x00, 0x00, 0x00, 0x00, 0x00, 0x00,
  0x00, 0x00, 0x00, 0x00, 0x00, 0x00, 0x00, 0x00, 0x00, 0x00, 0x00, 0x00,
  0x00, 0x00, 0x00, 0x00, 0x00, 0x00, 0x00, 0x00, 0x00, 0x00, 0x00, 0x00,
  0x00, 0x00, 0x00, 0x00, 0x00, 0x00, 0x00, 0x00, 0x00, 0x00, 0x00, 0x00,
  0x00, 0x00, 0x00, 0x00, 0x00, 0x00, 0x00, 0x00, 0x00, 0x00, 0x00, 0x00,
  0x00, 0x00, 0x00, 0x00, 0x00, 0x00, 0x00, 0x00, 0x00, 0x00, 0x00, 0x00,
  0x00, 0x00, 0x00, 0x00, 0x00, 0x00, 0x00, 0x00, 0x00, 0x00, 0x00, 0x00,
  0x00, 0x00, 0x00, 0x00, 0x00, 0x00, 0x00, 0x00, 0x00, 0x00, 0x00, 0x00,
  0x00, 0x00, 0x00, 0x00, 0x00, 0x00, 0x00, 0x00, 0x00, 0x00, 0x00, 0x00,
  0x00, 0x00, 0x00, 0x00, 0x00, 0x00, 0x00, 0x00, 0x00, 0x00, 0x00, 0x00,
  0x00, 0x00, 0x00, 0x00, 0x00, 0x00, 0x00, 0x00, 0x00, 0x00, 0x00, 0x00,
  0x00, 0x00, 0x00, 0x00, 0x00, 0x00, 0x00, 0x00, 0x00, 0x00, 0x00, 0x00,
  0x00, 0x00, 0x00, 0x00, 0x00, 0x00, 0x00, 0x00, 0x00, 0x00, 0x00, 0x00,
  0x00, 0x00, 0x00, 0x00, 0x00, 0x00, 0x00, 0x00, 0x00, 0x00, 0x00, 0x00,
  0x00, 0x00, 0x00, 0x00, 0x00, 0x00, 0x00, 0x00, 0x00, 0x00, 0x00, 0x00,
  0x00, 0x00, 0x00, 0x00, 0x00, 0x00, 0x00, 0x00, 0x00, 0x00, 0x00, 0x00,
  0x00, 0x00, 0x00, 0x00, 0x00, 0x00, 0x00, 0x00, 0x00, 0x00, 0x00, 0x00,
  0x00, 0x00, 0x00, 0x00, 0x00, 0x00, 0x00, 0x00, 0x00, 0x00, 0x00, 0x00,
  0x00, 0x00, 0x00, 0x00, 0x00, 0x00, 0x00, 0x00, 0x00, 0x00, 0x00, 0x00,
  0x00, 0x00, 0x00, 0x00, 0x00, 0x00, 0x00, 0x00, 0x00, 0x00, 0x00, 0x00,
  0x00, 0x00, 0x00, 0x00, 0x00, 0x00, 0x00, 0x00, 0x00, 0x00, 0x00, 0x00,
  0x00, 0x00, 0x00, 0x00, 0x00, 0x00, 0x00, 0x00, 0x00, 0x00, 0x00, 0x00,
  0x00, 0x00, 0x00, 0x00, 0x00, 0x00, 0x00, 0x00, 0x00, 0x00, 0x00, 0x00,
  0x00, 0x00, 0x00, 0x00, 0x00, 0x00, 0x00, 0x00, 0x00, 0x00, 0x00, 0x00,
  0x00, 0x00, 0x00, 0x00, 0x00, 0x00, 0x00, 0x00, 0x00, 0x00, 0x00, 0x00,
  0x00, 0x00, 0x00, 0x00, 0x00, 0x00, 0x00, 0x00, 0x00, 0x00, 0x00, 0x00,
  0x00, 0x00, 0x00, 0x00, 0x00, 0x00, 0x00, 0x00, 0x00, 0x00, 0x00, 0x00,
  0x00, 0x00, 0x00, 0x00, 0x00, 0x00, 0x00, 0x00, 0x00, 0x00, 0x00, 0x00,
  0x00, 0x00, 0x00, 0x00, 0x00, 0x00, 0x00, 0x00, 0x00, 0x00, 0x00, 0x00,
  0x00, 0x00, 0x00, 0x00, 0x00, 0x00, 0x00, 0x00, 0x00, 0x00, 0x00, 0x00,
  0x00, 0x00, 0x00, 0x00, 0x00, 0x00, 0x00, 0x00, 0x00, 0x00, 0x00, 0x00,
  0x00, 0x00, 0x00, 0x00, 0x00, 0x00, 0x00, 0x00, 0x00, 0x00, 0x00, 0x00,
  0x00, 0x00, 0x00, 0x00, 0x00, 0x00, 0x00, 0x00, 0x00, 0x00, 0x00, 0x00,
  0x00, 0x00, 0x00, 0x00, 0x00, 0x00, 0x00, 0x00, 0x00, 0x00, 0x00, 0x00,
  0x00, 0x00, 0x00, 0x00, 0x00, 0x00, 0x00, 0x00, 0x00, 0x00, 0x00, 0x00,
  0x00, 0x00, 0x00, 0x00, 0x00, 0x00, 0x00, 0x00, 0x00, 0x00, 0x00, 0x00,
  0x00, 0x00, 0x00, 0x00, 0x00, 0x00, 0x00, 0x00, 0x00, 0x00, 0x00, 0x00,
  0x00, 0x00, 0x00, 0x00, 0x00, 0x00, 0x00, 0x00, 0x00, 0x00, 0x00, 0x00,
  0x00, 0x00, 0x00, 0x00, 0x00, 0x00, 0x00, 0x00, 0x00, 0x00, 0x00, 0x00,
  0x00, 0x00, 0x00, 0x00, 0x00, 0x00, 0x00, 0x00, 0x00, 0x00, 0x00, 0x00,
  0x00, 0x00, 0x00, 0x00, 0x00, 0x00, 0x00, 0x00, 0x00, 0x00, 0x00, 0x00,
  0x00, 0x00, 0x00, 0x00, 0x00, 0x00, 0x00, 0x00, 0x00, 0x00, 0x00, 0x00,
  0x00, 0x00, 0x00, 0x00, 0x00, 0x00, 0x00, 0x00, 0x00, 0x00, 0x00, 0x00,
  0x00, 0x00, 0x00, 0x00, 0x00, 0x00, 0x00, 0x00, 0x00, 0x00, 0x00, 0x00,
  0x00, 0x00, 0x00, 0x00, 0x01, 0x00, 0x00, 0x00, 0x00, 0x00, 0x00, 0x00,
  0x00, 0x00, 0x00, 0x00, 0x00, 0x00, 0x00, 0x00, 0x00, 0x00, 0x00, 0x00,
  0x00, 0x00, 0x00, 0x00, 0x00, 0x00, 0x00, 0x00, 0x00, 0x00, 0x00, 0x00,
  0x2f, 0x00, 0x00, 0x00, 0x00, 0x00, 0x00, 0x00, 0x00, 0x00, 0x00, 0x00,
  0x00, 0x00, 0x00, 0x00, 0x00, 0x00, 0x00, 0x00, 0x00, 0x00, 0x00, 0x00,
  0x00, 0x00, 0x00, 0x00, 0x00, 0x00, 0x00, 0x00, 0x00, 0x00, 0x00, 0x00,
  0x00, 0x00, 0x00, 0x00, 0x00, 0x00, 0x00, 0x00, 0x00, 0x00, 0x00, 0x00,
  0x00, 0x00, 0x00, 0x00, 0x00, 0x00, 0x00, 0x00, 0x00, 0x00, 0x00, 0x00,
  0x00, 0x00, 0x00, 0x00, 0x00, 0x00, 0x00, 0x00, 0x00, 0x00, 0x00, 0x00,
  0x00, 0x00, 0x00, 0x00, 0x00, 0x00, 0x00, 0x00, 0x00, 0x00, 0x00, 0x00,
  0x00, 0x00, 0x00, 0x00, 0x00, 0x00, 0x00, 0x00, 0x00, 0x00, 0x00, 0x00,
  0x00, 0x00, 0x00, 0x00, 0x00, 0x00, 0x00, 0x00, 0x00, 0x00, 0x00, 0x00,
  0x00, 0x00, 0x00, 0x00, 0x00, 0x00, 0x00, 0x00, 0x00, 0x00, 0x00, 0x00,
  0x00, 0x00, 0x00, 0x00, 0x00, 0x00, 0x00, 0x00, 0x00, 0x00, 0x00, 0x00,
  0x00, 0x00, 0x00, 0x00, 0x00, 0x00, 0x00, 0x00, 0x00, 0x00, 0x00, 0x00,
  0x00, 0x00, 0x00, 0x00, 0x00, 0x00, 0x00, 0x00, 0x00, 0x00, 0x00, 0x00,
  0x00, 0x00, 0x00, 0x00, 0x00, 0x00, 0x00, 0x00, 0x00, 0x00, 0x00, 0x00,
  0x00, 0x00, 0x00, 0x00, 0x00, 0x00, 0x00, 0x00, 0x00, 0x00, 0x00, 0x00,
  0x00, 0x00, 0x00, 0x00, 0x00, 0x00, 0x00, 0x00, 0x00, 0x00, 0x00, 0x00,
  0x00, 0x00, 0x00, 0x00, 0x00, 0x00, 0x00, 0x00, 0x00, 0x00, 0x00, 0x00,
  0x00, 0x00, 0x00, 0x00, 0x00, 0x00, 0x00, 0x00, 0x00, 0x00, 0x00, 0x00,
  0x00, 0x00, 0x00, 0x00, 0x00, 0x00, 0x00, 0x00, 0x00, 0x00, 0x00, 0x00,
  0x00, 0x00, 0x00, 0x00, 0x00, 0x00, 0x00, 0x00, 0x00, 0x00, 0x00, 0x00,
  0x00, 0x00, 0x00, 0x00, 0x00, 0x00, 0x00, 0x00, 0x00, 0x00, 0x00, 0x00,
  0x00, 0x00, 0x00, 0x00, 0x00, 0x00, 0x00, 0x00, 0x00, 0x00, 0x00, 0x00,
  0x00, 0x00, 0x00, 0x00, 0x00, 0x00, 0x00, 0x00, 0x01, 0x00, 0x00, 0x00,
  0x00, 0x00, 0x00, 0x00, 0x00, 0x00, 0x00, 0x00, 0x04, 0x00, 0xf1, 0xff,
  0x14, 0x00, 0x00, 0x00, 0x00, 0x00, 0x80, 0x00, 0x41, 0x00, 0x00, 0x00,
  0x02, 0x00, 0x01, 0x00, 0x1b, 0x00, 0x00, 0x00, 0x41, 0x00, 0x80, 0x00,
  0x33, 0x00, 0x00, 0x00, 0x02, 0x00, 0x01, 0x00, 0x22, 0x00, 0x00, 0x00,
  0x74, 0x00, 0x80, 0x00, 0x28, 0x00, 0x00, 0x00, 0x02, 0x00, 0x01, 0x00,
  0x2e, 0x00, 0x00, 0x00, 0x9c, 0x00, 0x80, 0x00, 0x26, 0x00, 0x00, 0x00,
  0x02, 0x00, 0x01, 0x00, 0x3a, 0x00, 0x00, 0x00, 0xc2, 0x00, 0x80, 0x00,
  0x6b, 0x00, 0x00, 0x00, 0x02, 0x00, 0x01, 0x00, 0x47, 0x00, 0x00, 0x00,
  0x2d, 0x01, 0x80, 0x00, 0x3f, 0x00, 0x00, 0x00, 0x02, 0x00, 0x01, 0x00,
  0x53, 0x00, 0x00, 0x00, 0x6c, 0x01, 0x80, 0x00, 0x34, 0x00, 0x00, 0x00,
  0x02, 0x00, 0x01, 0x00, 0x5f, 0x00, 0x00, 0x00, 0xa0, 0x01, 0x80, 0x00,
  0x65, 0x00, 0x00, 0x00, 0x02, 0x00, 0x01, 0x00, 0x6c, 0x00, 0x00, 0x00,
  0x05, 0x02, 0x80, 0x00, 0x72, 0x00, 0x00, 0x00, 0x02, 0x00, 0x01, 0x00,
  0x79, 0x00, 0x00, 0x00, 0x77, 0x02, 0x80, 0x00, 0x39, 0x00, 0x00, 0x00,
  0x02, 0x00, 0x01, 0x00, 0x86, 0x00, 0x00, 0x00, 0xb0, 0x02, 0x80, 0x00,
  0x2f, 0x00, 0x00, 0x00, 0x02, 0x00, 0x01, 0x00, 0x92, 0x00, 0x00, 0x00,
  0xdf, 0x02, 0x80, 0x00, 0x13, 0x00, 0x00, 0x00, 0x02, 0x00, 0x01, 0x00,
  0x9b, 0x00, 0x00, 0x00, 0xf2, 0x02, 0x80, 0x00, 0x1c, 0x00, 0x00, 0x00,
  0x02, 0x00, 0x01, 0x00, 0xa4, 0x00, 0x00, 0x00, 0x0e, 0x03, 0x80, 0x00,
  0x1f, 0x00, 0x00, 0x00, 0x02, 0x00, 0x01, 0x00, 0xad, 0x00, 0x00, 0x00,
  0x2d, 0x03, 0x80, 0x00, 0x20, 0x00, 0x00, 0x00, 0x02, 0x00, 0x01, 0x00,
  0xb6, 0x00, 0x00, 0x00, 0x4d, 0x03, 0x80, 0x00, 0x17, 0x00, 0x00, 0x00,
  0x02, 0x00, 0x01, 0x00, 0xc3, 0x00, 0x00, 0x00, 0x64, 0x03, 0x80, 0x00,
  0x13, 0x00, 0x00, 0x00, 0x02, 0x00, 0x01, 0x00, 0xd1, 0x00, 0x00, 0x00,
  0x77, 0x03, 0x80, 0x00, 0x1b, 0x00, 0x00, 0x00, 0x02, 0x00, 0x01, 0x00,
  0xde, 0x00, 0x00, 0x00, 0x92, 0x03, 0x80, 0x00, 0x1b, 0x00, 0x00, 0x00,
  0x02, 0x00, 0x01, 0x00, 0xec, 0x00, 0x00, 0x00, 0xad, 0x03, 0x80, 0x00,
  0x1b, 0x00, 0x00, 0x00, 0x02, 0x00, 0x01, 0x00, 0xfd, 0x00, 0x00, 0x00,
  0xc8, 0x03, 0x80, 0x00, 0x17, 0x00, 0x00, 0x00, 0x02, 0x00, 0x01, 0x00,
  0x0c, 0x01, 0x00, 0x00, 0xdf, 0x03, 0x80, 0x00, 0x13, 0x00, 0x00, 0x00,
  0x02, 0x00, 0x01, 0x00, 0x1a, 0x01, 0x00, 0x00, 0xf2, 0x03, 0x80, 0x00,
  0x13, 0x00, 0x00, 0x00, 0x02, 0x00, 0x01, 0x00, 0x28, 0x01, 0x00, 0x00,
  0x05, 0x04, 0x80, 0x00, 0x13, 0x00, 0x00, 0x00, 0x02, 0x00, 0x01, 0x00,
  0x37, 0x01, 0x00, 0x00, 0x18, 0x04, 0x80, 0x00, 0x13, 0x00, 0x00, 0x00,
  0x02, 0x00, 0x01, 0x00, 0x45, 0x01, 0x00, 0x00, 0x2b, 0x04, 0x80, 0x00,
  0x17, 0x00, 0x00, 0x00, 0x02, 0x00, 0x01, 0x00, 0x54, 0x01, 0x00, 0x00,
  0x42, 0x04, 0x80, 0x00, 0x13, 0x00, 0x00, 0x00, 0x02, 0x00, 0x01, 0x00,
  0x61, 0x01, 0x00, 0x00, 0x55, 0x04, 0x80, 0x00, 0x17, 0x00, 0x00, 0x00,
  0x02, 0x00, 0x01, 0x00, 0x6e, 0x01, 0x00, 0x00, 0x6c, 0x04, 0x80, 0x00,
  0x13, 0x00, 0x00, 0x00, 0x02, 0x00, 0x01, 0x00, 0x7c, 0x01, 0x00, 0x00,
  0x7f, 0x04, 0x80, 0x00, 0x0f, 0x00, 0x00, 0x00, 0x02, 0x00, 0x01, 0x00,
  0x8b, 0x01, 0x00, 0x00, 0x8e, 0x04, 0x80, 0x00, 0x0f, 0x00, 0x00, 0x00,
  0x02, 0x00, 0x01, 0x00, 0x9b, 0x01, 0x00, 0x00, 0x9d, 0x04, 0x80, 0x00,
  0x0f, 0x00, 0x00, 0x00, 0x02, 0x00, 0x01, 0x00, 0xa8, 0x01, 0x00, 0x00,
  0xac, 0x04, 0x80, 0x00, 0x1b, 0x00, 0x00, 0x00, 0x02, 0x00, 0x01, 0x00,
  0xb8, 0x01, 0x00, 0x00, 0xc7, 0x04, 0x80, 0x00, 0x17, 0x00, 0x00, 0x00,
  0x02, 0x00, 0x01, 0x00, 0xc5, 0x01, 0x00, 0x00, 0xde, 0x04, 0x80, 0x00,
  0x0f, 0x00, 0x00, 0x00, 0x02, 0x00, 0x01, 0x00, 0xd4, 0x01, 0x00, 0x00,
  0xed, 0x04, 0x80, 0x00, 0x0f, 0x00, 0x00, 0x00, 0x02, 0x00, 0x01, 0x00,
  0xe4, 0x01, 0x00, 0x00, 0xfc, 0x04, 0x80, 0x00, 0x12, 0x00, 0x00, 0x00,
  0x02, 0x00, 0x01, 0x00, 0xf3, 0x01, 0x00, 0x00, 0x0e, 0x05, 0x80, 0x00,
  0x0f, 0x00, 0x00, 0x00, 0x02, 0x00, 0x01, 0x00, 0x02, 0x02, 0x00, 0x00,
  0x1d, 0x05, 0x80, 0x00, 0x0f, 0x00, 0x00, 0x00, 0x02, 0x00, 0x01, 0x00,
  0x12, 0x02, 0x00, 0x00, 0x2c, 0x05, 0x80, 0x00, 0x12, 0x00, 0x00, 0x00,
  0x02, 0x00, 0x01, 0x00, 0x21, 0x02, 0x00, 0x00, 0x3e, 0x05, 0x80, 0x00,
  0x1a, 0x00, 0x00, 0x00, 0x02, 0x00, 0x01, 0x00, 0x33, 0x02, 0x00, 0x00,
  0x58, 0x05, 0x80, 0x00, 0x0f, 0x00, 0x00, 0x00, 0x02, 0x00, 0x01, 0x00,
  0x40, 0x02, 0x00, 0x00, 0x67, 0x05, 0x80, 0x00, 0x12, 0x00, 0x00, 0x00,
  0x02, 0x00, 0x01, 0x00, 0x50, 0x02, 0x00, 0x00, 0x79, 0x05, 0x80, 0x00,
  0x12, 0x00, 0x00, 0x00, 0x02, 0x00, 0x01, 0x00, 0x5f, 0x02, 0x00, 0x00,
  0x8b, 0x05, 0x80, 0x00, 0x16, 0x00, 0x00, 0x00, 0x02, 0x00, 0x01, 0x00,
  0x6f, 0x02, 0x00, 0x00, 0xa1, 0x05, 0x80, 0x00, 0x16, 0x00, 0x00, 0x00,
  0x02, 0x00, 0x01, 0x00, 0x80, 0x02, 0x00, 0x00, 0xb7, 0x05, 0x80, 0x00,
  0x12, 0x00, 0x00, 0x00, 0x02, 0x00, 0x01, 0x00, 0x92, 0x02, 0x00, 0x00,
  0xc9, 0x05, 0x80, 0x00, 0x16, 0x00, 0x00, 0x00, 0x02, 0x00, 0x01, 0x00,
  0xa2, 0x02, 0x00, 0x00, 0xdf, 0x05, 0x80, 0x00, 0x1a, 0x00, 0x00, 0x00,
  0x02, 0x00, 0x01, 0x00, 0xb3, 0x02, 0x00, 0x00, 0xf9, 0x05, 0x80, 0x00,
  0x16, 0x00, 0x00, 0x00, 0x02, 0x00, 0x01, 0x00, 0xc2, 0x02, 0x00, 0x00,
  0x0f, 0x06, 0x80, 0x00, 0x1e, 0x00, 0x00, 0x00, 0x02, 0x00, 0x01, 0x00,
  0xd0, 0x02, 0x00, 0x00, 0x2d, 0x06, 0x80, 0x00, 0x16, 0x00, 0x00, 0x00,
  0x02, 0x00, 0x01, 0x00, 0xdf, 0x02, 0x00, 0x00, 0x43, 0x06, 0x80, 0x00,
  0x1a, 0x00, 0x00, 0x00, 0x02, 0x00, 0x01, 0x00, 0xf1, 0x02, 0x00, 0x00,
  0x5d, 0x06, 0x80, 0x00, 0x8d, 0x00, 0x00, 0x00, 0x02, 0x00, 0x01, 0x00,
  0xfb, 0x02, 0x00, 0x00, 0xea, 0x06, 0x80, 0x00, 0x13, 0x00, 0x00, 0x00,
  0x02, 0x00, 0x01, 0x00, 0x03, 0x03, 0x00, 0x00, 0xfd, 0x06, 0x80, 0x00,
  0x1c, 0x00, 0x00, 0x00, 0x02, 0x00, 0x01, 0x00, 0x0b, 0x03, 0x00, 0x00,
  0x19, 0x07, 0x80, 0x00, 0x20, 0x00, 0x00, 0x00, 0x02, 0x00, 0x01, 0x00,
  0x13, 0x03, 0x00, 0x00, 0x39, 0x07, 0x80, 0x00, 0x12, 0x00, 0x00, 0x00,
  0x02, 0x00, 0x01, 0x00, 0x1e, 0x03, 0x00, 0x00, 0x4b, 0x07, 0x80, 0x00,
  0x15, 0x00, 0x00, 0x00, 0x02, 0x00, 0x01, 0x00, 0x29, 0x03, 0x00, 0x00,
  0x60, 0x07, 0x80, 0x00, 0x15, 0x00, 0x00, 0x00, 0x02, 0x00, 0x01, 0x00,
  0x34, 0x03, 0x00, 0x00, 0x75, 0x07, 0x80, 0x00, 0x16, 0x00, 0x00, 0x00,
  0x02, 0x00, 0x01, 0x00, 0x3e, 0x03, 0x00, 0x00, 0x8b, 0x07, 0x80, 0x00,
  0x1d, 0x00, 0x00, 0x00, 0x02, 0x00, 0x01, 0x00, 0x53, 0x03, 0x00, 0x00,
  0xa8, 0x07, 0x80, 0x00, 0x10, 0x00, 0x00, 0x00, 0x02, 0x00, 0x01, 0x00,
  0x5d, 0x03, 0x00, 0x00, 0xb8, 0x07, 0x80, 0x00, 0x1f, 0x00, 0x00, 0x00,
  0x02, 0x00, 0x01, 0x00, 0x62, 0x03, 0x00, 0x00, 0xd7, 0x07, 0x80, 0x00,
  0x1d, 0x00, 0x00, 0x00, 0x02, 0x00, 0x01, 0x00, 0x66, 0x03, 0x00, 0x00,
  0xf4, 0x07, 0x80, 0x00, 0x3c, 0x00, 0x00, 0x00, 0x02, 0x00, 0x01, 0x00,
  0x6f, 0x03, 0x00, 0x00, 0x30, 0x08, 0x80, 0x00, 0x2b, 0x00, 0x00, 0x00,
  0x02, 0x00, 0x01, 0x00, 0x78, 0x03, 0x00, 0x00, 0x5b, 0x08, 0x80, 0x00,
  0x33, 0x00, 0x00, 0x00, 0x02, 0x00, 0x01, 0x00, 0x81, 0x03, 0x00, 0x00,
  0x8e, 0x08, 0x80, 0x00, 0x13, 0x00, 0x00, 0x00, 0x02, 0x00, 0x01, 0x00,
  0x87, 0x03, 0x00, 0x00, 0xa1, 0x08, 0x80, 0x00, 0x13, 0x00, 0x00, 0x00,
  0x02, 0x00, 0x01, 0x00, 0x8d, 0x03, 0x00, 0x00, 0xb4, 0x08, 0x80, 0x00,
  0x13, 0x00, 0x00, 0x00, 0x02, 0x00, 0x01, 0x00, 0x93, 0x03, 0x00, 0x00,
  0xc7, 0x08, 0x80, 0x00, 0x13, 0x00, 0x00, 0x00, 0x02, 0x00, 0x01, 0x00,
  0x99, 0x03, 0x00, 0x00, 0xda, 0x08, 0x80, 0x00, 0x13, 0x00, 0x00, 0x00,
  0x02, 0x00, 0x01, 0x00, 0x9f, 0x03, 0x00, 0x00, 0xed, 0x08, 0x80, 0x00,
  0x13, 0x00, 0x00, 0x00, 0x02, 0x00, 0x01, 0x00, 0xa5, 0x03, 0x00, 0x00,
  0x00, 0x09, 0x80, 0x00, 0x13, 0x00, 0x00, 0x00, 0x02, 0x00, 0x01, 0x00,
  0xab, 0x03, 0x00, 0x00, 0x13, 0x09, 0x80, 0x00, 0x3f, 0x00, 0x00, 0x00,
  0x02, 0x00, 0x01, 0x00, 0xb4, 0x03, 0x00, 0x00, 0x52, 0x09, 0x80, 0x00,
  0x3e, 0x00, 0x00, 0x00, 0x02, 0x00, 0x01, 0x00, 0xbd, 0x03, 0x00, 0x00,
  0x90, 0x09, 0x80, 0x00, 0x11, 0x00, 0x00, 0x00, 0x02, 0x00, 0x01, 0x00,
  0xc8, 0x03, 0x00, 0x00, 0xa1, 0x09, 0x80, 0x00, 0x7c, 0x00, 0x00, 0x00,
  0x02, 0x00, 0x01, 0x00, 0xd2, 0x03, 0x00, 0x00, 0x1d, 0x0a, 0x80, 0x00,
  0x35, 0x00, 0x00, 0x00, 0x02, 0x00, 0x01, 0x00, 0xdc, 0x03, 0x00, 0x00,
  0x52, 0x0a, 0x80, 0x00, 0x25, 0x00, 0x00, 0x00, 0x02, 0x00, 0x01, 0x00,
  0xe6, 0x03, 0x00, 0x00, 0x77, 0x0a, 0x80, 0x00, 0x3b, 0x00, 0x00, 0x00,
  0x02, 0x00, 0x01, 0x00, 0xef, 0x03, 0x00, 0x00, 0xb2, 0x0a, 0x80, 0x00,
  0x0f, 0x01, 0x00, 0x00, 0x02, 0x00, 0x01, 0x00, 0xfa, 0x03, 0x00, 0x00,
  0xc1, 0x0b, 0x80, 0x00, 0x58, 0x00, 0x00, 0x00, 0x02, 0x00, 0x01, 0x00,
  0x08, 0x04, 0x00, 0x00, 0x19, 0x0c, 0x80, 0x00, 0x9b, 0x00, 0x00, 0x00,
  0x02, 0x00, 0x01, 0x00, 0x12, 0x04, 0x00, 0x00, 0xb4, 0x0c, 0x80, 0x00,
  0x94, 0x00, 0x00, 0x00, 0x02, 0x00, 0x01, 0x00, 0x08, 0x01, 0x00, 0x00,
  0x20, 0x30, 0x80, 0x00, 0x00, 0x01, 0x00, 0x00, 0x11, 0x00, 0x03, 0x00,
  0x1c, 0x04, 0x00, 0x00, 0x00, 0x30, 0x80, 0x00, 0x04, 0x00, 0x00, 0x00,
  0x11, 0x00, 0x03, 0x00, 0x23, 0x04, 0x00, 0x00, 0x00, 0x40, 0x80, 0x00,
  0x00, 0x00, 0x00, 0x00, 0x10, 0x00, 0x03, 0x00, 0x38, 0x04, 0x00, 0x00,
  0x48, 0x0d, 0x80, 0x00, 0x6f, 0x03, 0x00, 0x00, 0x12, 0x00, 0x01, 0x00,
  0x2d, 0x04, 0x00, 0x00, 0x00, 0x40, 0x80, 0x00, 0x00, 0x00, 0x00, 0x00,
  0x10, 0x00, 0x03, 0x00, 0x33, 0x04, 0x00, 0x00, 0x00, 0x40, 0x80, 0x00,
  0x00, 0x00, 0x00, 0x00, 0x10, 0x00, 0x03, 0x00, 0x00, 0x6c, 0x6f, 0x67,
  0x69, 0x6e, 0x5f, 0x73, 0x74, 0x61, 0x6e, 0x64, 0x61, 0x6c, 0x6f, 0x6e,
  0x65, 0x2e, 0x63, 0x00, 0x6d, 0x65, 0x6d, 0x63, 0x70, 0x79, 0x00, 0x6d,
  0x65, 0x6d, 0x73, 0x65, 0x74, 0x00, 0x6d, 0x75, 0x73, 0x72, 0x5f, 0x73,
  0x74, 0x72, 0x6c, 0x65, 0x6e, 0x00, 0x6d, 0x75, 0x73, 0x72, 0x5f, 0x73,
  0x74, 0x72, 0x63, 0x70, 0x79, 0x00, 0x6d, 0x75, 0x73, 0x72, 0x5f, 0x73,
  0x74, 0x72, 0x6e, 0x63, 0x70, 0x79, 0x00, 0x6d, 0x75, 0x73, 0x72, 0x5f,
  0x73, 0x74, 0x72, 0x63, 0x6d, 0x70, 0x00, 0x6d, 0x75, 0x73, 0x72, 0x5f,
  0x73, 0x74, 0x72, 0x63, 0x61, 0x74, 0x00, 0x6d, 0x75, 0x73, 0x72, 0x5f,
  0x73, 0x74, 0x72, 0x6e, 0x63, 0x61, 0x74, 0x00, 0x6d, 0x75, 0x73, 0x72,
  0x5f, 0x73, 0x74, 0x72, 0x6e, 0x63, 0x6d, 0x70, 0x00, 0x6d, 0x75, 0x73,
  0x72, 0x5f, 0x73, 0x74, 0x72, 0x70, 0x72, 0x65, 0x66, 0x00, 0x6d, 0x75,
  0x73, 0x72, 0x5f, 0x73, 0x74, 0x72, 0x63, 0x68, 0x72, 0x00, 0x6d, 0x75,
  0x73, 0x72, 0x5f, 0x73, 0x63, 0x30, 0x00, 0x6d, 0x75, 0x73, 0x72, 0x5f,
  0x73, 0x63, 0x31, 0x00, 0x6d, 0x75, 0x73, 0x72, 0x5f, 0x73, 0x63, 0x32,
  0x00, 0x6d, 0x75, 0x73, 0x72, 0x5f, 0x73, 0x63, 0x33, 0x00, 0x6d, 0x75,
  0x73, 0x72, 0x5f, 0x73, 0x63, 0x5f, 0x6f, 0x70, 0x65, 0x6e, 0x00, 0x6d,
  0x75, 0x73, 0x72, 0x5f, 0x73, 0x63, 0x5f, 0x63, 0x6c, 0x6f, 0x73, 0x65,
  0x00, 0x6d, 0x75, 0x73, 0x72, 0x5f, 0x73, 0x63, 0x5f, 0x72, 0x65, 0x61,
  0x64, 0x00, 0x6d, 0x75, 0x73, 0x72, 0x5f, 0x73, 0x63, 0x5f, 0x77, 0x72,
  0x69, 0x74, 0x65, 0x00, 0x6d, 0x75, 0x73, 0x72, 0x5f, 0x73, 0x63, 0x5f,
  0x67, 0x65, 0x74, 0x64, 0x65, 0x6e, 0x74, 0x73, 0x00, 0x6d, 0x75, 0x73,
  0x72, 0x5f, 0x73, 0x63, 0x5f, 0x67, 0x65, 0x74, 0x63, 0x77, 0x64, 0x00,
  0x6d, 0x75, 0x73, 0x72, 0x5f, 0x73, 0x63, 0x5f, 0x63, 0x68, 0x64, 0x69,
  0x72, 0x00, 0x6d, 0x75, 0x73, 0x72, 0x5f, 0x73, 0x63, 0x5f, 0x6d, 0x6b,
  0x64, 0x69, 0x72, 0x00, 0x6d, 0x75, 0x73, 0x72, 0x5f, 0x73, 0x63, 0x5f,
  0x75, 0x6e, 0x6c, 0x69, 0x6e, 0x6b, 0x00, 0x6d, 0x75, 0x73, 0x72, 0x5f,
  0x73, 0x63, 0x5f, 0x72, 0x6d, 0x64, 0x69, 0x72, 0x00, 0x6d, 0x75, 0x73,
  0x72, 0x5f, 0x73, 0x63, 0x5f, 0x72, 0x65, 0x6e, 0x61, 0x6d, 0x65, 0x00,
  0x6d, 0x75, 0x73, 0x72, 0x5f, 0x73, 0x63, 0x5f, 0x70, 0x69, 0x70, 0x65,
  0x00, 0x6d, 0x75, 0x73, 0x72, 0x5f, 0x73, 0x63, 0x5f, 0x64, 0x75, 0x70,
  0x32, 0x00, 0x6d, 0x75, 0x73, 0x72, 0x5f, 0x73, 0x63, 0x5f, 0x75, 0x6e,
  0x61, 0x6d, 0x65, 0x00, 0x6d, 0x75, 0x73, 0x72, 0x5f, 0x73, 0x63, 0x5f,
  0x67, 0x65, 0x74, 0x70, 0x69, 0x64, 0x00, 0x6d, 0x75, 0x73, 0x72, 0x5f,
  0x73, 0x63, 0x5f, 0x67, 0x65, 0x74, 0x70, 0x70, 0x69, 0x64, 0x00, 0x6d,
  0x75, 0x73, 0x72, 0x5f, 0x73, 0x63, 0x5f, 0x66, 0x6f, 0x72, 0x6b, 0x00,
  0x6d, 0x75, 0x73, 0x72, 0x5f, 0x73, 0x63, 0x5f, 0x77, 0x61, 0x69, 0x74,
  0x70, 0x69, 0x64, 0x00, 0x6d, 0x75, 0x73, 0x72, 0x5f, 0x73, 0x63, 0x5f,
  0x6b, 0x69, 0x6c, 0x6c, 0x00, 0x6d, 0x75, 0x73, 0x72, 0x5f, 0x73, 0x63,
  0x5f, 0x67, 0x65, 0x74, 0x75, 0x69, 0x64, 0x00, 0x6d, 0x75, 0x73, 0x72,
  0x5f, 0x73, 0x63, 0x5f, 0x67, 0x65, 0x74, 0x65, 0x75, 0x69, 0x64, 0x00,
  0x6d, 0x75, 0x73, 0x72, 0x5f, 0x73, 0x63, 0x5f, 0x73, 0x65, 0x74, 0x75,
  0x69, 0x64, 0x00, 0x6d, 0x75, 0x73, 0x72, 0x5f, 0x73, 0x63, 0x5f, 0x67,
  0x65, 0x74, 0x67, 0x69, 0x64, 0x00, 0x6d, 0x75, 0x73, 0x72, 0x5f, 0x73,
  0x63, 0x5f, 0x67, 0x65, 0x74, 0x65, 0x67, 0x69, 0x64, 0x00, 0x6d, 0x75,
  0x73, 0x72, 0x5f, 0x73, 0x63, 0x5f, 0x73, 0x65, 0x74, 0x67, 0x69, 0x64,
  0x00, 0x6d, 0x75, 0x73, 0x72, 0x5f, 0x73, 0x63, 0x5f, 0x67, 0x65, 0x74,
  0x67, 0x72, 0x6f, 0x75, 0x70, 0x73, 0x00, 0x6d, 0x75, 0x73, 0x72, 0x5f,
  0x73, 0x63, 0x5f, 0x74, 0x69, 0x6d, 0x65, 0x00, 0x6d, 0x75, 0x73, 0x72,
  0x5f, 0x73, 0x63, 0x5f, 0x73, 0x65, 0x74, 0x74, 0x69, 0x6d, 0x65, 0x00,
  0x6d, 0x75, 0x73, 0x72, 0x5f, 0x73, 0x63, 0x5f, 0x75, 0x70, 0x74, 0x69,
  0x6d, 0x65, 0x00, 0x6d, 0x75, 0x73, 0x72, 0x5f, 0x73, 0x63, 0x5f, 0x72,
  0x74, 0x63, 0x72, 0x65, 0x61, 0x64, 0x00, 0x6d, 0x75, 0x73, 0x72, 0x5f,
  0x73, 0x63, 0x5f, 0x72, 0x74, 0x63, 0x77, 0x72, 0x69, 0x74, 0x65, 0x00,
  0x6d, 0x75, 0x73, 0x72, 0x5f, 0x73, 0x63, 0x5f, 0x74, 0x69, 0x6d, 0x65,
  0x72, 0x6c, 0x69, 0x73, 0x74, 0x00, 0x6d, 0x75, 0x73, 0x72, 0x5f, 0x73,
  0x63, 0x5f, 0x73, 0x79, 0x73, 0x69, 0x6e, 0x66, 0x6f, 0x00, 0x6d, 0x75,
  0x73, 0x72, 0x5f, 0x73, 0x63, 0x5f, 0x67, 0x65, 0x74, 0x70, 0x72, 0x6f,
  0x63, 0x73, 0x00, 0x6d, 0x75, 0x73, 0x72, 0x5f, 0x73, 0x63, 0x5f, 0x73,
  0x74, 0x61, 0x74, 0x66, 0x73, 0x00, 0x6d, 0x75, 0x73, 0x72, 0x5f, 0x73,
  0x63, 0x5f, 0x6d, 0x6f, 0x75, 0x6e, 0x74, 0x00, 0x6d, 0x75, 0x73, 0x72,
  0x5f, 0x73, 0x63, 0x5f, 0x75, 0x6d, 0x6f, 0x75, 0x6e, 0x74, 0x00, 0x6d,
  0x75, 0x73, 0x72, 0x5f, 0x73, 0x63, 0x5f, 0x6d, 0x6f, 0x75, 0x6e, 0x74,
  0x69, 0x6e, 0x66, 0x6f, 0x00, 0x6d, 0x75, 0x73, 0x72, 0x5f, 0x61, 0x74,
  0x6f, 0x69, 0x00, 0x6d, 0x34, 0x6b, 0x5f, 0x73, 0x63, 0x30, 0x00, 0x6d,
  0x34, 0x6b, 0x5f, 0x73, 0x63, 0x31, 0x00, 0x6d, 0x34, 0x6b, 0x5f, 0x73,
  0x63, 0x33, 0x00, 0x6d, 0x34, 0x6b, 0x5f, 0x67, 0x65, 0x74, 0x70, 0x69,
  0x64, 0x00, 0x6d, 0x34, 0x6b, 0x5f, 0x73, 0x65, 0x74, 0x75, 0x69, 0x64,
  0x00, 0x6d, 0x34, 0x6b, 0x5f, 0x73, 0x65, 0x74, 0x67, 0x69, 0x64, 0x00,
  0x6d, 0x34, 0x6b, 0x5f, 0x73, 0x70, 0x61, 0x77, 0x6e, 0x00, 0x6d, 0x34,
  0x6b, 0x5f, 0x72, 0x65, 0x67, 0x69, 0x73, 0x74, 0x65, 0x72, 0x5f, 0x73,
  0x65, 0x73, 0x73, 0x69, 0x6f, 0x6e, 0x00, 0x6d, 0x34, 0x6b, 0x5f, 0x63,
  0x68, 0x64, 0x69, 0x72, 0x00, 0x6f, 0x75, 0x74, 0x62, 0x00, 0x69, 0x6e,
  0x62, 0x00, 0x73, 0x65, 0x72, 0x5f, 0x70, 0x75, 0x74, 0x63, 0x00, 0x73,
  0x65, 0x72, 0x5f, 0x70, 0x75, 0x74, 0x73, 0x00, 0x73, 0x65, 0x72, 0x5f,
  0x67, 0x65, 0x74, 0x63, 0x00, 0x63, 0x5f, 0x67, 0x72, 0x6e, 0x00, 0x63,
  0x5f, 0x72, 0x65, 0x64, 0x00, 0x63, 0x5f, 0x79, 0x6c, 0x77, 0x00, 0x63,
  0x5f, 0x63, 0x79, 0x6e, 0x00, 0x63, 0x5f, 0x6d, 0x61, 0x67, 0x00, 0x63,
  0x5f, 0x77, 0x68, 0x74, 0x00, 0x63, 0x5f, 0x72, 0x73, 0x74, 0x00, 0x6f,
  0x75, 0x74, 0x5f, 0x70, 0x75, 0x74, 0x63, 0x00, 0x6f, 0x75, 0x74, 0x5f,
  0x70, 0x75, 0x74, 0x73, 0x00, 0x6f, 0x75, 0x74, 0x5f, 0x70, 0x72, 0x69,
  0x6e, 0x74, 0x66, 0x00, 0x70, 0x72, 0x69, 0x6e, 0x74, 0x5f, 0x75, 0x33,
  0x32, 0x00, 0x70, 0x72, 0x69, 0x6e, 0x74, 0x5f, 0x75, 0x36, 0x34, 0x00,
  0x70, 0x72, 0x69, 0x6e, 0x74, 0x5f, 0x73, 0x33, 0x32, 0x00, 0x63, 0x77,
  0x64, 0x5f, 0x69, 0x6e, 0x69, 0x74, 0x00, 0x63, 0x77, 0x64, 0x5f, 0x74,
  0x6f, 0x5f, 0x61, 0x62, 0x73, 0x00, 0x70, 0x72, 0x69, 0x6e, 0x74, 0x5f,
  0x70, 0x61, 0x64, 0x5f, 0x75, 0x33, 0x32, 0x00, 0x72, 0x65, 0x61, 0x64,
  0x5f, 0x6c, 0x69, 0x6e, 0x65, 0x00, 0x72, 0x65, 0x61, 0x64, 0x5f, 0x70,
  0x61, 0x73, 0x73, 0x00, 0x6f, 0x75, 0x74, 0x5f, 0x66, 0x64, 0x00, 0x5f,
  0x5f, 0x62, 0x73, 0x73, 0x5f, 0x65, 0x6e, 0x64, 0x00, 0x5f, 0x5f, 0x65,
  0x6e, 0x64, 0x00, 0x5f, 0x5f, 0x62, 0x73, 0x73, 0x5f, 0x73, 0x74, 0x61,
  0x72, 0x74, 0x00, 0x00, 0x2e, 0x73, 0x79, 0x6d, 0x74, 0x61, 0x62, 0x00,
  0x2e, 0x73, 0x74, 0x72, 0x74, 0x61, 0x62, 0x00, 0x2e, 0x73, 0x68, 0x73,
  0x74, 0x72, 0x74, 0x61, 0x62, 0x00, 0x2e, 0x74, 0x65, 0x78, 0x74, 0x00,
  0x2e, 0x72, 0x6f, 0x64, 0x61, 0x74, 0x61, 0x00, 0x2e, 0x64, 0x61, 0x74,
  0x61, 0x00, 0x00, 0x00, 0x00, 0x00, 0x00, 0x00, 0x00, 0x00, 0x00, 0x00,
  0x00, 0x00, 0x00, 0x00, 0x00, 0x00, 0x00, 0x00, 0x00, 0x00, 0x00, 0x00,
  0x00, 0x00, 0x00, 0x00, 0x00, 0x00, 0x00, 0x00, 0x00, 0x00, 0x00, 0x00,
  0x00, 0x00, 0x00, 0x00, 0x00, 0x00, 0x00, 0x00, 0x1b, 0x00, 0x00, 0x00,
  0x01, 0x00, 0x00, 0x00, 0x06, 0x00, 0x00, 0x00, 0x00, 0x00, 0x80, 0x00,
  0x00, 0x10, 0x00, 0x00, 0xb7, 0x10, 0x00, 0x00, 0x00, 0x00, 0x00, 0x00,
  0x00, 0x00, 0x00, 0x00, 0x01, 0x00, 0x00, 0x00, 0x00, 0x00, 0x00, 0x00,
  0x21, 0x00, 0x00, 0x00, 0x01, 0x00, 0x00, 0x00, 0x02, 0x00, 0x00, 0x00,
  0x00, 0x20, 0x80, 0x00, 0x00, 0x30, 0x00, 0x00, 0x20, 0x01, 0x00, 0x00,
  0x00, 0x00, 0x00, 0x00, 0x00, 0x00, 0x00, 0x00, 0x01, 0x00, 0x00, 0x00,
  0x00, 0x00, 0x00, 0x00, 0x29, 0x00, 0x00, 0x00, 0x01, 0x00, 0x00, 0x00,
  0x03, 0x00, 0x00, 0x00, 0x00, 0x30, 0x80, 0x00, 0x00, 0x40, 0x00, 0x00,
  0x20, 0x01, 0x00, 0x00, 0x00, 0x00, 0x00, 0x00, 0x00, 0x00, 0x00, 0x00,
  0x20, 0x00, 0x00, 0x00, 0x00, 0x00, 0x00, 0x00, 0x01, 0x00, 0x00, 0x00,
  0x02, 0x00, 0x00, 0x00, 0x00, 0x00, 0x00, 0x00, 0x00, 0x00, 0x00, 0x00,
  0x20, 0x41, 0x00, 0x00, 0xe0, 0x05, 0x00, 0x00, 0x05, 0x00, 0x00, 0x00,
  0x58, 0x00, 0x00, 0x00, 0x04, 0x00, 0x00, 0x00, 0x10, 0x00, 0x00, 0x00,
  0x09, 0x00, 0x00, 0x00, 0x03, 0x00, 0x00, 0x00, 0x00, 0x00, 0x00, 0x00,
  0x00, 0x00, 0x00, 0x00, 0x00, 0x47, 0x00, 0x00, 0x3f, 0x04, 0x00, 0x00,
  0x00, 0x00, 0x00, 0x00, 0x00, 0x00, 0x00, 0x00, 0x01, 0x00, 0x00, 0x00,
  0x00, 0x00, 0x00, 0x00, 0x11, 0x00, 0x00, 0x00, 0x03, 0x00, 0x00, 0x00,
  0x00, 0x00, 0x00, 0x00, 0x00, 0x00, 0x00, 0x00, 0x3f, 0x4b, 0x00, 0x00,
  0x2f, 0x00, 0x00, 0x00, 0x00, 0x00, 0x00, 0x00, 0x00, 0x00, 0x00, 0x00,
  0x01, 0x00, 0x00, 0x00, 0x00, 0x00, 0x00, 0x00
};
unsigned int login_init_elf_len = 19592;
