/* Generated by tools/build/gen_man_pages.sh — DO NOT EDIT
 * Manual pages baked from docs/zh_CN/man at build time. */
#include <stdint.h>

static const unsigned char man_page_cat__1[] = {
0x2e, 0x5c, 0x22, 0x20, 0x4d, 0x34, 0x4b, 0x4b, 0x31, 0x20, 0x34, 0x50,
0x31, 0x20, 0x2d, 0x20, 0x63, 0x61, 0x74, 0x2e, 0x31, 0x0a, 0x2e, 0x54,
0x48, 0x20, 0x43, 0x41, 0x54, 0x20, 0x31, 0x20, 0x22, 0x32, 0x30, 0x32,
0x36, 0x2d, 0x30, 0x37, 0x2d, 0x32, 0x32, 0x22, 0x20, 0x22, 0x4d, 0x34,
0x4b, 0x4b, 0x31, 0x20, 0x31, 0x2e, 0x30, 0x22, 0x20, 0x22, 0x4d, 0x34,
0x4b, 0x4b, 0x31, 0x20, 0xe7, 0x94, 0xa8, 0xe6, 0x88, 0xb7, 0xe5, 0x91,
0xbd, 0xe4, 0xbb, 0xa4, 0x22, 0x0a, 0x2e, 0x53, 0x48, 0x20, 0xe5, 0x90,
0x8d, 0xe7, 0xa7, 0xb0, 0x0a, 0x63, 0x61, 0x74, 0x20, 0x5c, 0x2d, 0x20,
0xe6, 0x98, 0xbe, 0xe7, 0xa4, 0xba, 0xe6, 0x96, 0x87, 0xe4, 0xbb, 0xb6,
0xe5, 0x86, 0x85, 0xe5, 0xae, 0xb9, 0x0a, 0x2e, 0x53, 0x48, 0x20, 0xe6,
0xa6, 0x82, 0xe8, 0xa6, 0x81, 0x0a, 0x2e, 0x42, 0x20, 0x63, 0x61, 0x74,
0x0a, 0x5c, 0x66, 0x49, 0xe6, 0x96, 0x87, 0xe4, 0xbb, 0xb6, 0x5c, 0x66,
0x52, 0x0a, 0x2e, 0x53, 0x48, 0x20, 0xe6, 0x8f, 0x8f, 0xe8, 0xbf, 0xb0,
0x0a, 0xe8, 0xaf, 0xbb, 0xe5, 0x8f, 0x96, 0xe6, 0x8c, 0x87, 0xe5, 0xae,
0x9a, 0xe6, 0x96, 0x87, 0xe4, 0xbb, 0xb6, 0xe7, 0x9a, 0x84, 0xe5, 0x86,
0x85, 0xe5, 0xae, 0xb9, 0xe5, 0xb9, 0xb6, 0xe8, 0xbe, 0x93, 0xe5, 0x87,
0xba, 0xe5, 0x88, 0xb0, 0xe6, 0xa0, 0x87, 0xe5, 0x87, 0x86, 0xe8, 0xbe,
0x93, 0xe5, 0x87, 0xba, 0xe3, 0x80, 0x82, 0x0a, 0x2e, 0x53, 0x48, 0x20,
0xe7, 0xa4, 0xba, 0xe4, 0xbe, 0x8b, 0x0a, 0x2e, 0x54, 0x50, 0x0a, 0x2e,
0x42, 0x20, 0x63, 0x61, 0x74, 0x20, 0x2f, 0x65, 0x78, 0x70, 0x6f, 0x72,
0x74, 0x2f, 0x63, 0x66, 0x67, 0x2f, 0x70, 0x61, 0x73, 0x73, 0x77, 0x64,
0x2e, 0x64, 0x62, 0x0a, 0xe6, 0x98, 0xbe, 0xe7, 0xa4, 0xba, 0xe7, 0x94,
0xa8, 0xe6, 0x88, 0xb7, 0xe6, 0x95, 0xb0, 0xe6, 0x8d, 0xae, 0xe5, 0xba,
0x93, 0x0a, 0x2e, 0x53, 0x48, 0x20, 0xe5, 0x8f, 0x82, 0xe8, 0xa7, 0x81,
0x0a, 0x2e, 0x42, 0x52, 0x20, 0x6c, 0x73, 0x20, 0x28, 0x31, 0x29, 0x2c,
0x0a, 0x2e, 0x42, 0x52, 0x20, 0x67, 0x72, 0x65, 0x70, 0x20, 0x28, 0x31,
0x29, 0x2c, 0x0a, 0x2e, 0x42, 0x52, 0x20, 0x77, 0x63, 0x20, 0x28, 0x31,
0x29, 0x0a
};
static const unsigned int man_page_cat__1_len = 326;

static const unsigned char man_page_date__1[] = {
0x2e, 0x5c, 0x22, 0x20, 0x4d, 0x34, 0x4b, 0x4b, 0x31, 0x20, 0x34, 0x50,
0x31, 0x20, 0x2d, 0x20, 0x64, 0x61, 0x74, 0x65, 0x2e, 0x31, 0x0a, 0x2e,
0x54, 0x48, 0x20, 0x44, 0x41, 0x54, 0x45, 0x20, 0x31, 0x20, 0x22, 0x32,
0x30, 0x32, 0x36, 0x2d, 0x30, 0x37, 0x2d, 0x32, 0x32, 0x22, 0x20, 0x22,
0x4d, 0x34, 0x4b, 0x4b, 0x31, 0x20, 0x31, 0x2e, 0x30, 0x22, 0x20, 0x22,
0x4d, 0x34, 0x4b, 0x4b, 0x31, 0x20, 0xe7, 0x94, 0xa8, 0xe6, 0x88, 0xb7,
0xe5, 0x91, 0xbd, 0xe4, 0xbb, 0xa4, 0x22, 0x0a, 0x2e, 0x53, 0x48, 0x20,
0xe5, 0x90, 0x8d, 0xe7, 0xa7, 0xb0, 0x0a, 0x64, 0x61, 0x74, 0x65, 0x20,
0x5c, 0x2d, 0x20, 0xe6, 0x98, 0xbe, 0xe7, 0xa4, 0xba, 0xe6, 0x88, 0x96,
0xe8, 0xae, 0xbe, 0xe7, 0xbd, 0xae, 0xe7, 0xb3, 0xbb, 0xe7, 0xbb, 0x9f,
0xe6, 0x97, 0xa5, 0xe6, 0x9c, 0x9f, 0xe5, 0x92, 0x8c, 0xe6, 0x97, 0xb6,
0xe9, 0x97, 0xb4, 0x0a, 0x2e, 0x53, 0x48, 0x20, 0xe6, 0xa6, 0x82, 0xe8,
0xa6, 0x81, 0x0a, 0x2e, 0x42, 0x20, 0x64, 0x61, 0x74, 0x65, 0x0a, 0x5b,
0x5c, 0x66, 0x49, 0xe9, 0x80, 0x89, 0xe9, 0xa1, 0xb9, 0x5c, 0x66, 0x52,
0x5d, 0x0a, 0x2e, 0x53, 0x48, 0x20, 0xe6, 0x8f, 0x8f, 0xe8, 0xbf, 0xb0,
0x0a, 0xe6, 0x98, 0xbe, 0xe7, 0xa4, 0xba, 0xe5, 0xbd, 0x93, 0xe5, 0x89,
0x8d, 0xe7, 0xb3, 0xbb, 0xe7, 0xbb, 0x9f, 0xe6, 0x97, 0xa5, 0xe6, 0x9c,
0x9f, 0xe5, 0x92, 0x8c, 0xe6, 0x97, 0xb6, 0xe9, 0x97, 0xb4, 0xef, 0xbc,
0x8c, 0xe6, 0x88, 0x96, 0xe8, 0xae, 0xbe, 0xe7, 0xbd, 0xae, 0xe7, 0xb3,
0xbb, 0xe7, 0xbb, 0x9f, 0xe6, 0x97, 0xb6, 0xe9, 0x97, 0xb4, 0xe3, 0x80,
0x82, 0x0a, 0x2e, 0x53, 0x48, 0x20, 0xe9, 0x80, 0x89, 0xe9, 0xa1, 0xb9,
0x0a, 0x2e, 0x54, 0x50, 0x0a, 0x2e, 0x42, 0x20, 0x5c, 0x2d, 0x66, 0x2c,
0x20, 0x5c, 0x2d, 0x5c, 0x2d, 0x66, 0x6f, 0x72, 0x6d, 0x61, 0x74, 0x20,
0x5c, 0x66, 0x49, 0x46, 0x4d, 0x54, 0x5c, 0x66, 0x52, 0x0a, 0x73, 0x74,
0x72, 0x66, 0x74, 0x69, 0x6d, 0x65, 0x20, 0xe6, 0xa0, 0xbc, 0xe5, 0xbc,
0x8f, 0xe8, 0xbe, 0x93, 0xe5, 0x87, 0xba, 0x0a, 0x2e, 0x54, 0x50, 0x0a,
0x2e, 0x42, 0x20, 0x5c, 0x2d, 0x75, 0x2c, 0x20, 0x5c, 0x2d, 0x5c, 0x2d,
0x75, 0x74, 0x63, 0x0a, 0xe4, 0xbb, 0xa5, 0x20, 0x55, 0x54, 0x43, 0x20,
0xe6, 0x98, 0xbe, 0xe7, 0xa4, 0xba, 0xe6, 0x97, 0xb6, 0xe9, 0x97, 0xb4,
0x0a, 0x2e, 0x54, 0x50, 0x0a, 0x2e, 0x42, 0x20, 0x5c, 0x2d, 0x64, 0x2c,
0x20, 0x5c, 0x2d, 0x5c, 0x2d, 0x64, 0x61, 0x74, 0x65, 0x20, 0x5c, 0x66,
0x49, 0x44, 0x54, 0x5c, 0x66, 0x52, 0x0a, 0xe8, 0xa7, 0xa3, 0xe6, 0x9e,
0x90, 0xe5, 0xb9, 0xb6, 0xe6, 0x98, 0xbe, 0xe7, 0xa4, 0xba, 0xe6, 0x97,
0xa5, 0xe6, 0x9c, 0x9f, 0x0a, 0x2e, 0x54, 0x50, 0x0a, 0x2e, 0x42, 0x20,
0x5c, 0x2d, 0x73, 0x2c, 0x20, 0x5c, 0x2d, 0x5c, 0x2d, 0x73, 0x65, 0x74,
0x20, 0x5c, 0x66, 0x49, 0x44, 0x54, 0x5c, 0x66, 0x52, 0x0a, 0xe8, 0xae,
0xbe, 0xe7, 0xbd, 0xae, 0xe7, 0xb3, 0xbb, 0xe7, 0xbb, 0x9f, 0xe6, 0x97,
0xb6, 0xe9, 0x97, 0xb4, 0x0a, 0x2e, 0x54, 0x50, 0x0a, 0x2e, 0x42, 0x20,
0x5c, 0x2d, 0x5c, 0x2d, 0x75, 0x70, 0x74, 0x69, 0x6d, 0x65, 0x0a, 0xe6,
0x98, 0xbe, 0xe7, 0xa4, 0xba, 0xe7, 0xb3, 0xbb, 0xe7, 0xbb, 0x9f, 0xe8,
0xbf, 0x90, 0xe8, 0xa1, 0x8c, 0xe6, 0x97, 0xb6, 0xe9, 0x97, 0xb4, 0x0a,
0x2e, 0x54, 0x50, 0x0a, 0x2e, 0x42, 0x20, 0x5c, 0x2d, 0x5c, 0x2d, 0x68,
0x77, 0x63, 0x6c, 0x6f, 0x63, 0x6b, 0x0a, 0xe8, 0xaf, 0xbb, 0xe5, 0x8f,
0x96, 0x20, 0x52, 0x54, 0x43, 0x20, 0xe6, 0x97, 0xb6, 0xe9, 0x97, 0xb4,
0x0a, 0x2e, 0x54, 0x50, 0x0a, 0x2e, 0x42, 0x20, 0x5c, 0x2d, 0x5c, 0x2d,
0x74, 0x69, 0x6d, 0x65, 0x72, 0x73, 0x0a, 0xe6, 0x98, 0xbe, 0xe7, 0xa4,
0xba, 0xe6, 0xb4, 0xbb, 0xe8, 0xb7, 0x83, 0xe5, 0x86, 0x85, 0xe6, 0xa0,
0xb8, 0xe5, 0xae, 0x9a, 0xe6, 0x97, 0xb6, 0xe5, 0x99, 0xa8, 0xe6, 0x95,
0xb0, 0x0a, 0x2e, 0x53, 0x48, 0x20, 0xe5, 0x8f, 0x82, 0xe8, 0xa7, 0x81,
0x0a, 0x2e, 0x42, 0x52, 0x20, 0x63, 0x61, 0x6c, 0x20, 0x28, 0x31, 0x29,
0x2c, 0x0a, 0x2e, 0x42, 0x52, 0x20, 0x75, 0x6e, 0x61, 0x6d, 0x65, 0x20,
0x28, 0x31, 0x29, 0x0a
};
static const unsigned int man_page_date__1_len = 616;

static const unsigned char man_page_echo__1[] = {
0x2e, 0x5c, 0x22, 0x20, 0x4d, 0x34, 0x4b, 0x4b, 0x31, 0x20, 0x34, 0x50,
0x31, 0x20, 0x2d, 0x20, 0x65, 0x63, 0x68, 0x6f, 0x2e, 0x31, 0x0a, 0x2e,
0x54, 0x48, 0x20, 0x45, 0x43, 0x48, 0x4f, 0x20, 0x31, 0x20, 0x22, 0x32,
0x30, 0x32, 0x36, 0x2d, 0x30, 0x37, 0x2d, 0x32, 0x32, 0x22, 0x20, 0x22,
0x4d, 0x34, 0x4b, 0x4b, 0x31, 0x20, 0x31, 0x2e, 0x30, 0x22, 0x20, 0x22,
0x4d, 0x34, 0x4b, 0x4b, 0x31, 0x20, 0xe7, 0x94, 0xa8, 0xe6, 0x88, 0xb7,
0xe5, 0x91, 0xbd, 0xe4, 0xbb, 0xa4, 0x22, 0x0a, 0x2e, 0x53, 0x48, 0x20,
0xe5, 0x90, 0x8d, 0xe7, 0xa7, 0xb0, 0x0a, 0x65, 0x63, 0x68, 0x6f, 0x20,
0x5c, 0x2d, 0x20, 0xe8, 0xbe, 0x93, 0xe5, 0x87, 0xba, 0xe6, 0x96, 0x87,
0xe6, 0x9c, 0xac, 0x0a, 0x2e, 0x53, 0x48, 0x20, 0xe6, 0xa6, 0x82, 0xe8,
0xa6, 0x81, 0x0a, 0x2e, 0x42, 0x20, 0x65, 0x63, 0x68, 0x6f, 0x0a, 0x5b,
0x5c, 0x66, 0x42, 0x5c, 0x2d, 0x65, 0x5c, 0x66, 0x52, 0x5d, 0x20, 0x5b,
0x5c, 0x66, 0x42, 0x5c, 0x2d, 0x45, 0x5c, 0x66, 0x52, 0x5d, 0x20, 0x5b,
0x5c, 0x66, 0x42, 0x5c, 0x2d, 0x6e, 0x5c, 0x66, 0x52, 0x5d, 0x20, 0x5c,
0x66, 0x49, 0xe5, 0x8f, 0x82, 0xe6, 0x95, 0xb0, 0x5c, 0x66, 0x52, 0x2e,
0x2e, 0x2e, 0x0a, 0x2e, 0x53, 0x48, 0x20, 0xe6, 0x8f, 0x8f, 0xe8, 0xbf,
0xb0, 0x0a, 0xe5, 0xb0, 0x86, 0xe5, 0x8f, 0x82, 0xe6, 0x95, 0xb0, 0xe8,
0xbe, 0x93, 0xe5, 0x87, 0xba, 0xe5, 0x88, 0xb0, 0xe6, 0xa0, 0x87, 0xe5,
0x87, 0x86, 0xe8, 0xbe, 0x93, 0xe5, 0x87, 0xba, 0xe3, 0x80, 0x82, 0xe9,
0xbb, 0x98, 0xe8, 0xae, 0xa4, 0xe5, 0x9c, 0xa8, 0xe6, 0x9c, 0xab, 0xe5,
0xb0, 0xbe, 0xe6, 0xb7, 0xbb, 0xe5, 0x8a, 0xa0, 0xe6, 0x8d, 0xa2, 0xe8,
0xa1, 0x8c, 0xe3, 0x80, 0x82, 0x0a, 0x2e, 0x53, 0x48, 0x20, 0xe9, 0x80,
0x89, 0xe9, 0xa1, 0xb9, 0x0a, 0x2e, 0x54, 0x50, 0x0a, 0x2e, 0x42, 0x20,
0x5c, 0x2d, 0x65, 0x0a, 0xe5, 0x90, 0xaf, 0xe7, 0x94, 0xa8, 0xe8, 0xbd,
0xac, 0xe4, 0xb9, 0x89, 0xe5, 0xba, 0x8f, 0xe5, 0x88, 0x97, 0xe8, 0xa7,
0xa3, 0xe9, 0x87, 0x8a, 0x0a, 0x2e, 0x54, 0x50, 0x0a, 0x2e, 0x42, 0x20,
0x5c, 0x2d, 0x45, 0x0a, 0xe7, 0xa6, 0x81, 0xe7, 0x94, 0xa8, 0xe8, 0xbd,
0xac, 0xe4, 0xb9, 0x89, 0xe5, 0xba, 0x8f, 0xe5, 0x88, 0x97, 0xe8, 0xa7,
0xa3, 0xe9, 0x87, 0x8a, 0xef, 0xbc, 0x88, 0xe9, 0xbb, 0x98, 0xe8, 0xae,
0xa4, 0xef, 0xbc, 0x89, 0x0a, 0x2e, 0x54, 0x50, 0x0a, 0x2e, 0x42, 0x20,
0x5c, 0x2d, 0x6e, 0x0a, 0xe4, 0xb8, 0x8d, 0xe8, 0xbe, 0x93, 0xe5, 0x87,
0xba, 0xe6, 0x9c, 0xab, 0xe5, 0xb0, 0xbe, 0xe6, 0x8d, 0xa2, 0xe8, 0xa1,
0x8c, 0x0a, 0x2e, 0x53, 0x48, 0x20, 0xe8, 0xbd, 0xac, 0xe4, 0xb9, 0x89,
0xe5, 0xba, 0x8f, 0xe5, 0x88, 0x97, 0x0a, 0x2e, 0x54, 0x50, 0x0a, 0x2e,
0x42, 0x20, 0x5c, 0x65, 0x6e, 0x0a, 0xe6, 0x8d, 0xa2, 0xe8, 0xa1, 0x8c,
0x0a, 0x2e, 0x54, 0x50, 0x0a, 0x2e, 0x42, 0x20, 0x5c, 0x65, 0x74, 0x0a,
0xe5, 0x88, 0xb6, 0xe8, 0xa1, 0xa8, 0xe7, 0xac, 0xa6, 0x0a, 0x2e, 0x54,
0x50, 0x0a, 0x2e, 0x42, 0x20, 0x5c, 0x65, 0x5c, 0x65, 0x0a, 0xe5, 0x8f,
0x8d, 0xe6, 0x96, 0x9c, 0xe6, 0x9d, 0xa0, 0x0a, 0x2e, 0x54, 0x50, 0x0a,
0x2e, 0x42, 0x20, 0x5c, 0x65, 0x30, 0x4e, 0x4e, 0x4e, 0x0a, 0xe5, 0x85,
0xab, 0xe8, 0xbf, 0x9b, 0xe5, 0x88, 0xb6, 0xe5, 0xad, 0x97, 0xe7, 0xac,
0xa6, 0x0a, 0x2e, 0x53, 0x48, 0x20, 0xe7, 0xa4, 0xba, 0xe4, 0xbe, 0x8b,
0x0a, 0x2e, 0x54, 0x50, 0x0a, 0x2e, 0x42, 0x20, 0x65, 0x63, 0x68, 0x6f,
0x20, 0x68, 0x65, 0x6c, 0x6c, 0x6f, 0x20, 0x77, 0x6f, 0x72, 0x6c, 0x64,
0x0a, 0xe8, 0xbe, 0x93, 0xe5, 0x87, 0xba, 0x20, 0x22, 0x68, 0x65, 0x6c,
0x6c, 0x6f, 0x20, 0x77, 0x6f, 0x72, 0x6c, 0x64, 0x22, 0x0a, 0x2e, 0x54,
0x50, 0x0a, 0x2e, 0x42, 0x20, 0x65, 0x63, 0x68, 0x6f, 0x20, 0x2d, 0x65,
0x20, 0x22, 0x6c, 0x69, 0x6e, 0x65, 0x31, 0x5c, 0x65, 0x6e, 0x6c, 0x69,
0x6e, 0x65, 0x32, 0x22, 0x0a, 0xe8, 0xbe, 0x93, 0xe5, 0x87, 0xba, 0xe4,
0xb8, 0xa4, 0xe8, 0xa1, 0x8c, 0x0a, 0x2e, 0x53, 0x48, 0x20, 0xe5, 0x8f,
0x82, 0xe8, 0xa7, 0x81, 0x0a, 0x2e, 0x42, 0x52, 0x20, 0x67, 0x72, 0x65,
0x70, 0x20, 0x28, 0x31, 0x29, 0x2c, 0x0a, 0x2e, 0x42, 0x52, 0x20, 0x63,
0x61, 0x74, 0x20, 0x28, 0x31, 0x29, 0x0a
};
static const unsigned int man_page_echo__1_len = 631;

static const unsigned char man_page_grep__1[] = {
0x2e, 0x5c, 0x22, 0x20, 0x4d, 0x34, 0x4b, 0x4b, 0x31, 0x20, 0x34, 0x50,
0x31, 0x20, 0x2d, 0x20, 0x67, 0x72, 0x65, 0x70, 0x2e, 0x31, 0x0a, 0x2e,
0x54, 0x48, 0x20, 0x47, 0x52, 0x45, 0x50, 0x20, 0x31, 0x20, 0x22, 0x32,
0x30, 0x32, 0x36, 0x2d, 0x30, 0x37, 0x2d, 0x32, 0x32, 0x22, 0x20, 0x22,
0x4d, 0x34, 0x4b, 0x4b, 0x31, 0x20, 0x31, 0x2e, 0x30, 0x22, 0x20, 0x22,
0x4d, 0x34, 0x4b, 0x4b, 0x31, 0x20, 0xe7, 0x94, 0xa8, 0xe6, 0x88, 0xb7,
0xe5, 0x91, 0xbd, 0xe4, 0xbb, 0xa4, 0x22, 0x0a, 0x2e, 0x53, 0x48, 0x20,
0xe5, 0x90, 0x8d, 0xe7, 0xa7, 0xb0, 0x0a, 0x67, 0x72, 0x65, 0x70, 0x20,
0x5c, 0x2d, 0x20, 0xe4, 0xbd, 0xbf, 0xe7, 0x94, 0xa8, 0xe6, 0xad, 0xa3,
0xe5, 0x88, 0x99, 0xe8, 0xa1, 0xa8, 0xe8, 0xbe, 0xbe, 0xe5, 0xbc, 0x8f,
0xe6, 0x90, 0x9c, 0xe7, 0xb4, 0xa2, 0xe6, 0x96, 0x87, 0xe6, 0x9c, 0xac,
0x0a, 0x2e, 0x53, 0x48, 0x20, 0xe6, 0xa6, 0x82, 0xe8, 0xa6, 0x81, 0x0a,
0x2e, 0x42, 0x20, 0x67, 0x72, 0x65, 0x70, 0x0a, 0x5c, 0x66, 0x49, 0xe6,
0xa8, 0xa1, 0xe5, 0xbc, 0x8f, 0x5c, 0x66, 0x52, 0x20, 0x5b, 0x5c, 0x66,
0x49, 0xe6, 0x96, 0x87, 0xe4, 0xbb, 0xb6, 0x5c, 0x66, 0x52, 0x5d, 0x0a,
0x2e, 0x53, 0x48, 0x20, 0xe6, 0x8f, 0x8f, 0xe8, 0xbf, 0xb0, 0x0a, 0xe5,
0x9c, 0xa8, 0xe6, 0x96, 0x87, 0xe4, 0xbb, 0xb6, 0xe6, 0x88, 0x96, 0xe6,
0xa0, 0x87, 0xe5, 0x87, 0x86, 0xe8, 0xbe, 0x93, 0xe5, 0x85, 0xa5, 0xe4,
0xb8, 0xad, 0xe6, 0x90, 0x9c, 0xe7, 0xb4, 0xa2, 0xe5, 0x8c, 0xb9, 0xe9,
0x85, 0x8d, 0xe7, 0xbb, 0x99, 0xe5, 0xae, 0x9a, 0xe6, 0xad, 0xa3, 0xe5,
0x88, 0x99, 0xe8, 0xa1, 0xa8, 0xe8, 0xbe, 0xbe, 0xe5, 0xbc, 0x8f, 0xe7,
0x9a, 0x84, 0xe8, 0xa1, 0x8c, 0xe5, 0xb9, 0xb6, 0xe8, 0xbe, 0x93, 0xe5,
0x87, 0xba, 0xe3, 0x80, 0x82, 0xe5, 0xa6, 0x82, 0xe6, 0x9e, 0x9c, 0xe6,
0x9c, 0xaa, 0xe6, 0x8c, 0x87, 0xe5, 0xae, 0x9a, 0xe6, 0x96, 0x87, 0xe4,
0xbb, 0xb6, 0xef, 0xbc, 0x8c, 0xe4, 0xbb, 0x8e, 0xe6, 0xa0, 0x87, 0xe5,
0x87, 0x86, 0xe8, 0xbe, 0x93, 0xe5, 0x85, 0xa5, 0xe8, 0xaf, 0xbb, 0xe5,
0x8f, 0x96, 0xe3, 0x80, 0x82, 0x0a, 0x2e, 0x53, 0x48, 0x20, 0xe6, 0xad,
0xa3, 0xe5, 0x88, 0x99, 0xe8, 0xa1, 0xa8, 0xe8, 0xbe, 0xbe, 0xe5, 0xbc,
0x8f, 0xe8, 0xaf, 0xad, 0xe6, 0xb3, 0x95, 0x0a, 0x2e, 0x54, 0x50, 0x0a,
0x2e, 0x42, 0x20, 0x2e, 0x0a, 0xe4, 0xbb, 0xbb, 0xe6, 0x84, 0x8f, 0xe5,
0x8d, 0x95, 0xe5, 0xad, 0x97, 0xe7, 0xac, 0xa6, 0xef, 0xbc, 0x88, 0xe9,
0x99, 0xa4, 0xe6, 0x8d, 0xa2, 0xe8, 0xa1, 0x8c, 0xef, 0xbc, 0x89, 0x0a,
0x2e, 0x54, 0x50, 0x0a, 0x2e, 0x42, 0x20, 0x2a, 0x0a, 0xe5, 0x89, 0x8d,
0xe9, 0xa1, 0xb9, 0xe9, 0x9b, 0xb6, 0xe6, 0xac, 0xa1, 0xe6, 0x88, 0x96,
0xe5, 0xa4, 0x9a, 0xe6, 0xac, 0xa1, 0x0a, 0x2e, 0x54, 0x50, 0x0a, 0x2e,
0x42, 0x20, 0x2b, 0x0a, 0xe5, 0x89, 0x8d, 0xe9, 0xa1, 0xb9, 0xe4, 0xb8,
0x80, 0xe6, 0xac, 0xa1, 0xe6, 0x88, 0x96, 0xe5, 0xa4, 0x9a, 0xe6, 0xac,
0xa1, 0x0a, 0x2e, 0x54, 0x50, 0x0a, 0x2e, 0x42, 0x20, 0x3f, 0x0a, 0xe5,
0x89, 0x8d, 0xe9, 0xa1, 0xb9, 0xe9, 0x9b, 0xb6, 0xe6, 0xac, 0xa1, 0xe6,
0x88, 0x96, 0xe4, 0xb8, 0x80, 0xe6, 0xac, 0xa1, 0x0a, 0x2e, 0x54, 0x50,
0x0a, 0x2e, 0x42, 0x20, 0x5b, 0x2e, 0x2e, 0x2e, 0x5d, 0x0a, 0xe5, 0xad,
0x97, 0xe7, 0xac, 0xa6, 0xe7, 0xb1, 0xbb, 0x0a, 0x2e, 0x54, 0x50, 0x0a,
0x2e, 0x42, 0x20, 0x5b, 0x5e, 0x2e, 0x2e, 0x2e, 0x5d, 0x0a, 0xe5, 0x90,
0xa6, 0xe5, 0xae, 0x9a, 0xe5, 0xad, 0x97, 0xe7, 0xac, 0xa6, 0xe7, 0xb1,
0xbb, 0x0a, 0x2e, 0x54, 0x50, 0x0a, 0x2e, 0x42, 0x20, 0x5e, 0x0a, 0xe8,
0xa1, 0x8c, 0xe9, 0xa6, 0x96, 0xe9, 0x94, 0x9a, 0xe5, 0xae, 0x9a, 0x0a,
0x2e, 0x54, 0x50, 0x0a, 0x2e, 0x42, 0x20, 0x24, 0x0a, 0xe8, 0xa1, 0x8c,
0xe5, 0xb0, 0xbe, 0xe9, 0x94, 0x9a, 0xe5, 0xae, 0x9a, 0x0a, 0x2e, 0x54,
0x50, 0x0a, 0x2e, 0x42, 0x20, 0x5c, 0x65, 0x7c, 0x0a, 0xe4, 0xba, 0xa4,
0xe6, 0x9b, 0xbf, 0x0a, 0x2e, 0x54, 0x50, 0x0a, 0x2e, 0x42, 0x20, 0x28,
0x2e, 0x2e, 0x2e, 0x29, 0x0a, 0xe5, 0x88, 0x86, 0xe7, 0xbb, 0x84, 0x0a,
0x2e, 0x53, 0x48, 0x20, 0xe7, 0xa4, 0xba, 0xe4, 0xbe, 0x8b, 0x0a, 0x2e,
0x54, 0x50, 0x0a, 0x2e, 0x42, 0x20, 0x67, 0x72, 0x65, 0x70, 0x20, 0x5e,
0x72, 0x6f, 0x6f, 0x74, 0x20, 0x2f, 0x65, 0x78, 0x70, 0x6f, 0x72, 0x74,
0x2f, 0x63, 0x66, 0x67, 0x2f, 0x70, 0x61, 0x73, 0x73, 0x77, 0x64, 0x2e,
0x64, 0x62, 0x0a, 0xe6, 0x90, 0x9c, 0xe7, 0xb4, 0xa2, 0x20, 0x72, 0x6f,
0x6f, 0x74, 0x20, 0xe7, 0x94, 0xa8, 0xe6, 0x88, 0xb7, 0x0a, 0x2e, 0x53,
0x48, 0x20, 0xe5, 0x8f, 0x82, 0xe8, 0xa7, 0x81, 0x0a, 0x2e, 0x42, 0x52,
0x20, 0x65, 0x63, 0x68, 0x6f, 0x20, 0x28, 0x31, 0x29, 0x2c, 0x0a, 0x2e,
0x42, 0x52, 0x20, 0x63, 0x61, 0x74, 0x20, 0x28, 0x31, 0x29, 0x2c, 0x0a,
0x2e, 0x42, 0x52, 0x20, 0x77, 0x63, 0x20, 0x28, 0x31, 0x29, 0x0a
};
static const unsigned int man_page_grep__1_len = 731;

static const unsigned char man_page_id__1[] = {
0x2e, 0x5c, 0x22, 0x20, 0x4d, 0x34, 0x4b, 0x4b, 0x31, 0x20, 0x34, 0x50,
0x31, 0x20, 0x2d, 0x20, 0x69, 0x64, 0x2e, 0x31, 0x0a, 0x2e, 0x54, 0x48,
0x20, 0x49, 0x44, 0x20, 0x31, 0x20, 0x22, 0x32, 0x30, 0x32, 0x36, 0x2d,
0x30, 0x37, 0x2d, 0x32, 0x32, 0x22, 0x20, 0x22, 0x4d, 0x34, 0x4b, 0x4b,
0x31, 0x20, 0x31, 0x2e, 0x30, 0x22, 0x20, 0x22, 0x4d, 0x34, 0x4b, 0x4b,
0x31, 0x20, 0xe7, 0x94, 0xa8, 0xe6, 0x88, 0xb7, 0xe5, 0x91, 0xbd, 0xe4,
0xbb, 0xa4, 0x22, 0x0a, 0x2e, 0x53, 0x48, 0x20, 0xe5, 0x90, 0x8d, 0xe7,
0xa7, 0xb0, 0x0a, 0x69, 0x64, 0x20, 0x5c, 0x2d, 0x20, 0xe6, 0x98, 0xbe,
0xe7, 0xa4, 0xba, 0xe7, 0x94, 0xa8, 0xe6, 0x88, 0xb7, 0xe8, 0xba, 0xab,
0xe4, 0xbb, 0xbd, 0xe4, 0xbf, 0xa1, 0xe6, 0x81, 0xaf, 0x0a, 0x2e, 0x53,
0x48, 0x20, 0xe6, 0xa6, 0x82, 0xe8, 0xa6, 0x81, 0x0a, 0x2e, 0x42, 0x20,
0x69, 0x64, 0x0a, 0x2e, 0x53, 0x48, 0x20, 0xe6, 0x8f, 0x8f, 0xe8, 0xbf,
0xb0, 0x0a, 0xe6, 0x98, 0xbe, 0xe7, 0xa4, 0xba, 0xe5, 0xbd, 0x93, 0xe5,
0x89, 0x8d, 0xe7, 0x94, 0xa8, 0xe6, 0x88, 0xb7, 0xe7, 0x9a, 0x84, 0x20,
0x55, 0x49, 0x44, 0xe3, 0x80, 0x81, 0x47, 0x49, 0x44, 0xe3, 0x80, 0x81,
0xe6, 0x9c, 0x89, 0xe6, 0x95, 0x88, 0x20, 0x55, 0x49, 0x44, 0x2f, 0x45,
0x55, 0x49, 0x44, 0xe3, 0x80, 0x81, 0xe6, 0x9c, 0x89, 0xe6, 0x95, 0x88,
0x20, 0x47, 0x49, 0x44, 0x2f, 0x45, 0x47, 0x49, 0x44, 0x20, 0xe4, 0xbb,
0xa5, 0xe5, 0x8f, 0x8a, 0xe9, 0x99, 0x84, 0xe5, 0x8a, 0xa0, 0xe7, 0xbb,
0x84, 0xe5, 0x88, 0x97, 0xe8, 0xa1, 0xa8, 0xe3, 0x80, 0x82, 0x0a, 0x2e,
0x53, 0x48, 0x20, 0xe5, 0x8f, 0x82, 0xe8, 0xa7, 0x81, 0x0a, 0x2e, 0x42,
0x52, 0x20, 0x77, 0x68, 0x6f, 0x20, 0x28, 0x31, 0x29, 0x2c, 0x0a, 0x2e,
0x42, 0x52, 0x20, 0x70, 0x61, 0x73, 0x73, 0x77, 0x64, 0x20, 0x28, 0x38,
0x29, 0x2c, 0x0a, 0x2e, 0x42, 0x52, 0x20, 0x75, 0x73, 0x65, 0x72, 0x6d,
0x6f, 0x64, 0x20, 0x28, 0x38, 0x29, 0x0a
};
static const unsigned int man_page_id__1_len = 295;

static const unsigned char man_page_ls__1[] = {
0x2e, 0x5c, 0x22, 0x20, 0x4d, 0x34, 0x4b, 0x4b, 0x31, 0x20, 0x34, 0x50,
0x31, 0x20, 0x2d, 0x20, 0x6c, 0x73, 0x2e, 0x31, 0x0a, 0x2e, 0x54, 0x48,
0x20, 0x4c, 0x53, 0x20, 0x31, 0x20, 0x22, 0x32, 0x30, 0x32, 0x36, 0x2d,
0x30, 0x37, 0x2d, 0x32, 0x32, 0x22, 0x20, 0x22, 0x4d, 0x34, 0x4b, 0x4b,
0x31, 0x20, 0x31, 0x2e, 0x30, 0x22, 0x20, 0x22, 0x4d, 0x34, 0x4b, 0x4b,
0x31, 0x20, 0xe7, 0x94, 0xa8, 0xe6, 0x88, 0xb7, 0xe5, 0x91, 0xbd, 0xe4,
0xbb, 0xa4, 0x22, 0x0a, 0x2e, 0x53, 0x48, 0x20, 0xe5, 0x90, 0x8d, 0xe7,
0xa7, 0xb0, 0x0a, 0x6c, 0x73, 0x20, 0x5c, 0x2d, 0x20, 0xe5, 0x88, 0x97,
0xe5, 0x87, 0xba, 0xe7, 0x9b, 0xae, 0xe5, 0xbd, 0x95, 0xe5, 0x86, 0x85,
0xe5, 0xae, 0xb9, 0x0a, 0x2e, 0x53, 0x48, 0x20, 0xe6, 0xa6, 0x82, 0xe8,
0xa6, 0x81, 0x0a, 0x2e, 0x42, 0x20, 0x6c, 0x73, 0x0a, 0x5b, 0x5c, 0x66,
0x49, 0xe8, 0xb7, 0xaf, 0xe5, 0xbe, 0x84, 0x5c, 0x66, 0x52, 0x5d, 0x0a,
0x2e, 0x53, 0x48, 0x20, 0xe6, 0x8f, 0x8f, 0xe8, 0xbf, 0xb0, 0x0a, 0xe5,
0x88, 0x97, 0xe5, 0x87, 0xba, 0xe6, 0x8c, 0x87, 0xe5, 0xae, 0x9a, 0xe7,
0x9b, 0xae, 0xe5, 0xbd, 0x95, 0xe7, 0x9a, 0x84, 0xe5, 0x86, 0x85, 0xe5,
0xae, 0xb9, 0xe3, 0x80, 0x82, 0xe5, 0xa6, 0x82, 0xe6, 0x9e, 0x9c, 0xe4,
0xb8, 0x8d, 0xe6, 0x8c, 0x87, 0xe5, 0xae, 0x9a, 0xe8, 0xb7, 0xaf, 0xe5,
0xbe, 0x84, 0xef, 0xbc, 0x8c, 0xe5, 0x88, 0x97, 0xe5, 0x87, 0xba, 0xe5,
0xbd, 0x93, 0xe5, 0x89, 0x8d, 0xe7, 0x9b, 0xae, 0xe5, 0xbd, 0x95, 0xe3,
0x80, 0x82, 0x0a, 0x2e, 0x53, 0x48, 0x20, 0xe7, 0xa4, 0xba, 0xe4, 0xbe,
0x8b, 0x0a, 0x2e, 0x54, 0x50, 0x0a, 0x2e, 0x42, 0x20, 0x6c, 0x73, 0x0a,
0xe5, 0x88, 0x97, 0xe5, 0x87, 0xba, 0xe5, 0xbd, 0x93, 0xe5, 0x89, 0x8d,
0xe7, 0x9b, 0xae, 0xe5, 0xbd, 0x95, 0x0a, 0x2e, 0x54, 0x50, 0x0a, 0x2e,
0x42, 0x20, 0x6c, 0x73, 0x20, 0x2f, 0x62, 0x69, 0x6e, 0x0a, 0xe5, 0x88,
0x97, 0xe5, 0x87, 0xba, 0x20, 0x2f, 0x62, 0x69, 0x6e, 0x20, 0xe7, 0x9b,
0xae, 0xe5, 0xbd, 0x95, 0x0a, 0x2e, 0x53, 0x48, 0x20, 0xe5, 0x8f, 0x82,
0xe8, 0xa7, 0x81, 0x0a, 0x2e, 0x42, 0x52, 0x20, 0x63, 0x61, 0x74, 0x20,
0x28, 0x31, 0x29, 0x2c, 0x0a, 0x2e, 0x42, 0x52, 0x20, 0x63, 0x64, 0x20,
0x28, 0x31, 0x29, 0x2c, 0x0a, 0x2e, 0x42, 0x52, 0x20, 0x70, 0x77, 0x64,
0x20, 0x28, 0x31, 0x29, 0x0a
};
static const unsigned int man_page_ls__1_len = 353;

static const unsigned char man_page_m4sh__1[] = {
0x2e, 0x5c, 0x22, 0x20, 0x4d, 0x34, 0x4b, 0x4b, 0x31, 0x20, 0x34, 0x50,
0x31, 0x20, 0x2d, 0x20, 0x6d, 0x34, 0x73, 0x68, 0x2e, 0x31, 0x0a, 0x2e,
0x54, 0x48, 0x20, 0x4d, 0x34, 0x53, 0x48, 0x20, 0x31, 0x20, 0x22, 0x32,
0x30, 0x32, 0x36, 0x2d, 0x30, 0x37, 0x2d, 0x32, 0x32, 0x22, 0x20, 0x22,
0x4d, 0x34, 0x4b, 0x4b, 0x31, 0x20, 0x31, 0x2e, 0x30, 0x22, 0x20, 0x22,
0x4d, 0x34, 0x4b, 0x4b, 0x31, 0x20, 0xe7, 0x94, 0xa8, 0xe6, 0x88, 0xb7,
0xe5, 0x91, 0xbd, 0xe4, 0xbb, 0xa4, 0x22, 0x0a, 0x2e, 0x53, 0x48, 0x20,
0xe5, 0x90, 0x8d, 0xe7, 0xa7, 0xb0, 0x0a, 0x6d, 0x34, 0x73, 0x68, 0x20,
0x5c, 0x2d, 0x20, 0x4d, 0x34, 0x4b, 0x4b, 0x31, 0x20, 0x53, 0x68, 0x65,
0x6c, 0x6c, 0xef, 0xbc, 0x8c, 0xe4, 0xba, 0xa4, 0xe4, 0xba, 0x92, 0xe5,
0xbc, 0x8f, 0xe5, 0x91, 0xbd, 0xe4, 0xbb, 0xa4, 0xe8, 0xa1, 0x8c, 0xe8,
0xa7, 0xa3, 0xe9, 0x87, 0x8a, 0xe5, 0x99, 0xa8, 0x0a, 0x2e, 0x53, 0x48,
0x20, 0xe6, 0xa6, 0x82, 0xe8, 0xa6, 0x81, 0x0a, 0x2e, 0x42, 0x20, 0x6d,
0x34, 0x73, 0x68, 0x0a, 0x2e, 0x53, 0x48, 0x20, 0xe6, 0x8f, 0x8f, 0xe8,
0xbf, 0xb0, 0x0a, 0x4d, 0x34, 0x53, 0x48, 0x20, 0xe6, 0x98, 0xaf, 0x20,
0x4d, 0x34, 0x4b, 0x4b, 0x31, 0x20, 0xe7, 0xb3, 0xbb, 0xe7, 0xbb, 0x9f,
0xe7, 0x9a, 0x84, 0x20, 0x69, 0x6e, 0x69, 0x74, 0x20, 0xe8, 0xbf, 0x9b,
0xe7, 0xa8, 0x8b, 0xef, 0xbc, 0x88, 0x50, 0x49, 0x44, 0x20, 0x31, 0xef,
0xbc, 0x89, 0xef, 0xbc, 0x8c, 0xe6, 0x8f, 0x90, 0xe4, 0xbe, 0x9b, 0xe4,
0xba, 0xa4, 0xe4, 0xba, 0x92, 0xe5, 0xbc, 0x8f, 0xe5, 0x91, 0xbd, 0xe4,
0xbb, 0xa4, 0xe8, 0xa1, 0x8c, 0xe7, 0x8e, 0xaf, 0xe5, 0xa2, 0x83, 0xe3,
0x80, 0x82, 0xe6, 0x94, 0xaf, 0xe6, 0x8c, 0x81, 0xe5, 0x91, 0xbd, 0xe4,
0xbb, 0xa4, 0xe6, 0x89, 0xa7, 0xe8, 0xa1, 0x8c, 0xe3, 0x80, 0x81, 0xe7,
0xae, 0xa1, 0xe9, 0x81, 0x93, 0xe3, 0x80, 0x81, 0xe9, 0x87, 0x8d, 0xe5,
0xae, 0x9a, 0xe5, 0x90, 0x91, 0xe3, 0x80, 0x81, 0xe7, 0x8e, 0xaf, 0xe5,
0xa2, 0x83, 0xe5, 0x8f, 0x98, 0xe9, 0x87, 0x8f, 0xe3, 0x80, 0x81, 0xe5,
0x91, 0xbd, 0xe4, 0xbb, 0xa4, 0xe5, 0x8e, 0x86, 0xe5, 0x8f, 0xb2, 0xe3,
0x80, 0x81, 0x54, 0x61, 0x62, 0x20, 0xe8, 0xa1, 0xa5, 0xe5, 0x85, 0xa8,
0xe3, 0x80, 0x82, 0x0a, 0x2e, 0x53, 0x48, 0x20, 0xe5, 0x91, 0xbd, 0xe4,
0xbb, 0xa4, 0xe8, 0xa1, 0x8c, 0xe7, 0xbc, 0x96, 0xe8, 0xbe, 0x91, 0x0a,
0x2e, 0x54, 0x50, 0x0a, 0x2e, 0x42, 0x20, 0xe5, 0xad, 0x97, 0xe7, 0xac,
0xa6, 0xe9, 0x94, 0xae, 0x0a, 0xe8, 0xbf, 0xbd, 0xe5, 0x8a, 0xa0, 0xe5,
0x88, 0xb0, 0xe5, 0x91, 0xbd, 0xe4, 0xbb, 0xa4, 0xe8, 0xa1, 0x8c, 0x0a,
0x2e, 0x54, 0x50, 0x0a, 0x2e, 0x42, 0x20, 0x42, 0x61, 0x63, 0x6b, 0x73,
0x70, 0x61, 0x63, 0x65, 0x20, 0x2f, 0x20, 0x30, 0x78, 0x37, 0x46, 0x0a,
0xe5, 0x88, 0xa0, 0xe9, 0x99, 0xa4, 0xe6, 0x9c, 0x80, 0xe5, 0x90, 0x8e,
0xe4, 0xb8, 0x80, 0xe4, 0xb8, 0xaa, 0xe5, 0xad, 0x97, 0xe7, 0xac, 0xa6,
0x0a, 0x2e, 0x54, 0x50, 0x0a, 0x2e, 0x42, 0x20, 0x45, 0x6e, 0x74, 0x65,
0x72, 0x20, 0x2f, 0x20, 0x30, 0x78, 0x30, 0x44, 0x0a, 0xe6, 0x89, 0xa7,
0xe8, 0xa1, 0x8c, 0xe5, 0x91, 0xbd, 0xe4, 0xbb, 0xa4, 0x0a, 0x2e, 0x54,
0x50, 0x0a, 0x2e, 0x42, 0x20, 0x54, 0x61, 0x62, 0x0a, 0xe5, 0x91, 0xbd,
0xe4, 0xbb, 0xa4, 0xe5, 0x90, 0x8d, 0xe8, 0xa1, 0xa5, 0xe5, 0x85, 0xa8,
0x0a, 0x2e, 0x54, 0x50, 0x0a, 0x2e, 0x42, 0x20, 0x55, 0x70, 0x20, 0x2f,
0x20, 0x45, 0x73, 0x63, 0x20, 0x5b, 0x20, 0x41, 0x0a, 0xe5, 0x8e, 0x86,
0xe5, 0x8f, 0xb2, 0xe4, 0xb8, 0x8a, 0xe4, 0xb8, 0x80, 0xe6, 0x9d, 0xa1,
0x0a, 0x2e, 0x54, 0x50, 0x0a, 0x2e, 0x42, 0x20, 0x44, 0x6f, 0x77, 0x6e,
0x20, 0x2f, 0x20, 0x45, 0x73, 0x63, 0x20, 0x5b, 0x20, 0x42, 0x0a, 0xe5,
0x8e, 0x86, 0xe5, 0x8f, 0xb2, 0xe4, 0xb8, 0x8b, 0xe4, 0xb8, 0x80, 0xe6,
0x9d, 0xa1, 0x0a, 0x2e, 0x54, 0x50, 0x0a, 0x2e, 0x42, 0x20, 0x43, 0x74,
0x72, 0x6c, 0x2b, 0x43, 0x0a, 0xe5, 0x8f, 0x96, 0xe6, 0xb6, 0x88, 0xe5,
0xbd, 0x93, 0xe5, 0x89, 0x8d, 0xe8, 0xa1, 0x8c, 0x0a, 0x2e, 0x54, 0x50,
0x0a, 0x2e, 0x42, 0x20, 0x43, 0x74, 0x72, 0x6c, 0x2b, 0x44, 0x0a, 0xe7,
0xa9, 0xba, 0xe8, 0xa1, 0x8c, 0xe6, 0x97, 0xb6, 0xe9, 0x80, 0x80, 0xe5,
0x87, 0xba, 0x20, 0x53, 0x68, 0x65, 0x6c, 0x6c, 0x0a, 0x2e, 0x53, 0x48,
0x20, 0xe5, 0x91, 0xbd, 0xe4, 0xbb, 0xa4, 0xe6, 0x93, 0x8d, 0xe4, 0xbd,
0x9c, 0xe7, 0xac, 0xa6, 0x0a, 0x2e, 0x54, 0x50, 0x0a, 0x2e, 0x42, 0x20,
0x5c, 0x3b, 0x0a, 0xe9, 0xa1, 0xba, 0xe5, 0xba, 0x8f, 0xe6, 0x89, 0xa7,
0xe8, 0xa1, 0x8c, 0x0a, 0x2e, 0x54, 0x50, 0x0a, 0x2e, 0x42, 0x20, 0x26,
0x26, 0x0a, 0xe5, 0x89, 0x8d, 0xe4, 0xb8, 0x80, 0xe5, 0x91, 0xbd, 0xe4,
0xbb, 0xa4, 0xe6, 0x88, 0x90, 0xe5, 0x8a, 0x9f, 0xe5, 0x88, 0x99, 0xe6,
0x89, 0xa7, 0xe8, 0xa1, 0x8c, 0xe5, 0x90, 0x8e, 0xe4, 0xb8, 0x80, 0xe5,
0x91, 0xbd, 0xe4, 0xbb, 0xa4, 0x0a, 0x2e, 0x54, 0x50, 0x0a, 0x2e, 0x42,
0x20, 0x5c, 0x7c, 0x5c, 0x7c, 0x0a, 0xe5, 0x89, 0x8d, 0xe4, 0xb8, 0x80,
0xe5, 0x91, 0xbd, 0xe4, 0xbb, 0xa4, 0xe5, 0xa4, 0xb1, 0xe8, 0xb4, 0xa5,
0xe5, 0x88, 0x99, 0xe6, 0x89, 0xa7, 0xe8, 0xa1, 0x8c, 0xe5, 0x90, 0x8e,
0xe4, 0xb8, 0x80, 0xe5, 0x91, 0xbd, 0xe4, 0xbb, 0xa4, 0x0a, 0x2e, 0x54,
0x50, 0x0a, 0x2e, 0x42, 0x20, 0x5c, 0x7c, 0x0a, 0xe7, 0xae, 0xa1, 0xe9,
0x81, 0x93, 0xef, 0xbc, 0x88, 0xe5, 0x89, 0x8d, 0xe4, 0xb8, 0x80, 0xe5,
0x91, 0xbd, 0xe4, 0xbb, 0xa4, 0xe8, 0xbe, 0x93, 0xe5, 0x87, 0xba, 0xe4,
0xbd, 0x9c, 0xe4, 0xb8, 0xba, 0xe5, 0x90, 0x8e, 0xe4, 0xb8, 0x80, 0xe5,
0x91, 0xbd, 0xe4, 0xbb, 0xa4, 0xe8, 0xbe, 0x93, 0xe5, 0x85, 0xa5, 0xef,
0xbc, 0x89, 0x0a, 0x2e, 0x53, 0x48, 0x20, 0xe5, 0xbc, 0x95, 0xe5, 0x8f,
0xb7, 0xe5, 0xa4, 0x84, 0xe7, 0x90, 0x86, 0x0a, 0x2e, 0x54, 0x50, 0x0a,
0x2e, 0x42, 0x20, 0x5c, 0x27, 0x2e, 0x2e, 0x2e, 0x5c, 0x27, 0x0a, 0xe9,
0x80, 0x90, 0xe5, 0xad, 0x97, 0xe4, 0xbf, 0x9d, 0xe7, 0x95, 0x99, 0xe5,
0x86, 0x85, 0xe5, 0xae, 0xb9, 0xef, 0xbc, 0x8c, 0xe4, 0xb8, 0x8d, 0xe5,
0xb1, 0x95, 0xe5, 0xbc, 0x80, 0xe5, 0x8f, 0x98, 0xe9, 0x87, 0x8f, 0x0a,
0x2e, 0x54, 0x50, 0x0a, 0x2e, 0x42, 0x20, 0x5c, 0x22, 0x2e, 0x2e, 0x2e,
0x5c, 0x22, 0x0a, 0xe4, 0xbf, 0x9d, 0xe7, 0x95, 0x99, 0xe5, 0x86, 0x85,
0xe5, 0xae, 0xb9, 0xef, 0xbc, 0x8c, 0xe6, 0x94, 0xaf, 0xe6, 0x8c, 0x81,
0x20, 0x5c, 0x65, 0x22, 0x20, 0x5c, 0x65, 0x5c, 0x65, 0x20, 0x5c, 0x65,
0x24, 0x20, 0xe8, 0xbd, 0xac, 0xe4, 0xb9, 0x89, 0x0a, 0x2e, 0x54, 0x50,
0x0a, 0x2e, 0x42, 0x20, 0x5c, 0x65, 0x0a, 0xe8, 0xbd, 0xac, 0xe4, 0xb9,
0x89, 0xe4, 0xb8, 0x8b, 0xe4, 0xb8, 0x80, 0xe4, 0xb8, 0xaa, 0xe5, 0xad,
0x97, 0xe7, 0xac, 0xa6, 0x0a, 0x2e, 0x53, 0x48, 0x20, 0xe7, 0x8e, 0xaf,
0xe5, 0xa2, 0x83, 0xe5, 0x8f, 0x98, 0xe9, 0x87, 0x8f, 0x0a, 0xe6, 0x9c,
0x80, 0xe5, 0xa4, 0x9a, 0x20, 0x31, 0x36, 0x20, 0xe4, 0xb8, 0xaa, 0xe5,
0x8f, 0x98, 0xe9, 0x87, 0x8f, 0xef, 0xbc, 0x8c, 0xe6, 0xaf, 0x8f, 0xe4,
0xb8, 0xaa, 0xe6, 0x9c, 0x80, 0xe5, 0xa4, 0xa7, 0x20, 0x31, 0x32, 0x38,
0x20, 0xe5, 0xad, 0x97, 0xe8, 0x8a, 0x82, 0xe3, 0x80, 0x82, 0xe5, 0xaf,
0xbc, 0xe5, 0x87, 0xba, 0xe8, 0xaf, 0xad, 0xe6, 0xb3, 0x95, 0x3a, 0x20,
0x65, 0x78, 0x70, 0x6f, 0x72, 0x74, 0x20, 0x56, 0x41, 0x52, 0x3d, 0x76,
0x61, 0x6c, 0x75, 0x65, 0xe3, 0x80, 0x82, 0xe5, 0xb1, 0x95, 0xe5, 0xbc,
0x80, 0xe8, 0xaf, 0xad, 0xe6, 0xb3, 0x95, 0x3a, 0x20, 0x24, 0x56, 0x41,
0x52, 0x20, 0xe5, 0x92, 0x8c, 0x20, 0x24, 0x7b, 0x56, 0x41, 0x52, 0x7d,
0xe3, 0x80, 0x82, 0x0a, 0x2e, 0x53, 0x48, 0x20, 0xe5, 0x8f, 0x82, 0xe8,
0xa7, 0x81, 0x0a, 0x2e, 0x42, 0x52, 0x20, 0x6c, 0x73, 0x20, 0x28, 0x31,
0x29, 0x2c, 0x0a, 0x2e, 0x42, 0x52, 0x20, 0x63, 0x61, 0x74, 0x20, 0x28,
0x31, 0x29, 0x2c, 0x0a, 0x2e, 0x42, 0x52, 0x20, 0x67, 0x72, 0x65, 0x70,
0x20, 0x28, 0x31, 0x29, 0x2c, 0x0a, 0x2e, 0x42, 0x52, 0x20, 0x65, 0x63,
0x68, 0x6f, 0x20, 0x28, 0x31, 0x29, 0x0a
};
static const unsigned int man_page_m4sh__1_len = 1207;

static const unsigned char man_page_man__1[] = {
0x2e, 0x5c, 0x22, 0x20, 0x4d, 0x34, 0x4b, 0x4b, 0x31, 0x20, 0x34, 0x50,
0x31, 0x20, 0x2d, 0x20, 0x6d, 0x61, 0x6e, 0x2e, 0x31, 0x0a, 0x2e, 0x54,
0x48, 0x20, 0x4d, 0x41, 0x4e, 0x20, 0x31, 0x20, 0x22, 0x32, 0x30, 0x32,
0x36, 0x2d, 0x30, 0x38, 0x2d, 0x32, 0x33, 0x22, 0x20, 0x22, 0x4d, 0x34,
0x4b, 0x4b, 0x31, 0x20, 0x31, 0x2e, 0x30, 0x22, 0x20, 0x22, 0x4d, 0x34,
0x4b, 0x4b, 0x31, 0x20, 0xe7, 0x94, 0xa8, 0xe6, 0x88, 0xb7, 0xe5, 0x91,
0xbd, 0xe4, 0xbb, 0xa4, 0x22, 0x0a, 0x2e, 0x53, 0x48, 0x20, 0xe5, 0x90,
0x8d, 0xe7, 0xa7, 0xb0, 0x0a, 0x6d, 0x61, 0x6e, 0x20, 0x5c, 0x2d, 0x20,
0xe6, 0x98, 0xbe, 0xe7, 0xa4, 0xba, 0xe6, 0x89, 0x8b, 0xe5, 0x86, 0x8c,
0xe9, 0xa1, 0xb5, 0x0a, 0x2e, 0x53, 0x48, 0x20, 0xe6, 0xa6, 0x82, 0xe8,
0xa6, 0x81, 0x0a, 0x2e, 0x42, 0x20, 0x6d, 0x61, 0x6e, 0x0a, 0x5b, 0x5c,
0x66, 0x49, 0xe5, 0x90, 0x8d, 0xe7, 0xa7, 0xb0, 0x5c, 0x66, 0x52, 0x5d,
0x20, 0x5b, 0x5c, 0x66, 0x49, 0xe7, 0xab, 0xa0, 0xe8, 0x8a, 0x82, 0x5c,
0x66, 0x52, 0x5d, 0x0a, 0x2e, 0x62, 0x72, 0x0a, 0x2e, 0x42, 0x20, 0x6d,
0x61, 0x6e, 0x20, 0x5c, 0x2d, 0x6c, 0x0a, 0x2e, 0x53, 0x48, 0x20, 0xe6,
0x8f, 0x8f, 0xe8, 0xbf, 0xb0, 0x0a, 0xe6, 0x98, 0xbe, 0xe7, 0xa4, 0xba,
0x20, 0x4d, 0x34, 0x4b, 0x4b, 0x31, 0x20, 0xe6, 0x89, 0x8b, 0xe5, 0x86,
0x8c, 0xe9, 0xa1, 0xb5, 0xe3, 0x80, 0x82, 0xe6, 0x89, 0x8b, 0xe5, 0x86,
0x8c, 0xe9, 0xa1, 0xb5, 0xe5, 0x9c, 0xa8, 0xe6, 0x9e, 0x84, 0xe5, 0xbb,
0xba, 0xe6, 0x97, 0xb6, 0xe4, 0xbb, 0x8e, 0x20, 0x64, 0x6f, 0x63, 0x73,
0x2f, 0x7a, 0x68, 0x5f, 0x43, 0x4e, 0x2f, 0x6d, 0x61, 0x6e, 0x20, 0xe6,
0x89, 0x93, 0xe5, 0x8c, 0x85, 0xe8, 0xbf, 0x9b, 0xe5, 0x86, 0x85, 0xe6,
0xa0, 0xb8, 0xe9, 0x95, 0x9c, 0xe5, 0x83, 0x8f, 0xef, 0xbc, 0x8c, 0x0a,
0xe5, 0x90, 0xaf, 0xe5, 0x8a, 0xa8, 0xe6, 0x97, 0xb6, 0xe5, 0xae, 0x89,
0xe8, 0xa3, 0x85, 0xe5, 0x88, 0xb0, 0x20, 0x2f, 0x65, 0x78, 0x70, 0x6f,
0x72, 0x74, 0x2f, 0x73, 0x68, 0x61, 0x72, 0x65, 0x2f, 0x6d, 0x61, 0x6e,
0x2f, 0xe3, 0x80, 0x82, 0x0a, 0x2e, 0x54, 0x50, 0x0a, 0x2e, 0x42, 0x20,
0xe5, 0x90, 0x8d, 0xe7, 0xa7, 0xb0, 0x0a, 0xe8, 0xa6, 0x81, 0xe6, 0x9f,
0xa5, 0xe8, 0xaf, 0xa2, 0xe7, 0x9a, 0x84, 0xe6, 0x89, 0x8b, 0xe5, 0x86,
0x8c, 0xe9, 0xa1, 0xb5, 0xe5, 0x90, 0x8d, 0xe7, 0xa7, 0xb0, 0xef, 0xbc,
0x88, 0xe5, 0xa6, 0x82, 0x20, 0x6c, 0x73, 0xe3, 0x80, 0x81, 0x63, 0x61,
0x74, 0xe3, 0x80, 0x81, 0x64, 0x65, 0x73, 0x6b, 0x74, 0x6f, 0x70, 0xef,
0xbc, 0x89, 0xe3, 0x80, 0x82, 0x0a, 0x2e, 0x54, 0x50, 0x0a, 0x2e, 0x42,
0x20, 0xe7, 0xab, 0xa0, 0xe8, 0x8a, 0x82, 0x0a, 0xe5, 0x8f, 0xaf, 0xe9,
0x80, 0x89, 0xe7, 0xab, 0xa0, 0xe8, 0x8a, 0x82, 0xe5, 0x8f, 0xb7, 0xef,
0xbc, 0x88, 0x31, 0x5c, 0x2d, 0x38, 0xef, 0xbc, 0x89, 0xe3, 0x80, 0x82,
0xe7, 0x9c, 0x81, 0xe7, 0x95, 0xa5, 0xe6, 0x97, 0xb6, 0xe6, 0x8c, 0x89,
0x20, 0x31, 0x2c, 0x20, 0x37, 0x2c, 0x20, 0x38, 0x2c, 0x20, 0x34, 0x2c,
0x20, 0x35, 0x20, 0xe9, 0xa1, 0xba, 0xe5, 0xba, 0x8f, 0xe6, 0x90, 0x9c,
0xe7, 0xb4, 0xa2, 0xe3, 0x80, 0x82, 0x0a, 0x2e, 0x54, 0x50, 0x0a, 0x2e,
0x42, 0x20, 0x5c, 0x2d, 0x6c, 0x0a, 0xe5, 0x88, 0x97, 0xe5, 0x87, 0xba,
0xe6, 0x89, 0x80, 0xe6, 0x9c, 0x89, 0xe5, 0xb7, 0xb2, 0xe5, 0xae, 0x89,
0xe8, 0xa3, 0x85, 0xe7, 0x9a, 0x84, 0xe6, 0x89, 0x8b, 0xe5, 0x86, 0x8c,
0xe9, 0xa1, 0xb5, 0xe3, 0x80, 0x82, 0x0a, 0x2e, 0x53, 0x48, 0x20, 0xe7,
0xa4, 0xba, 0xe4, 0xbe, 0x8b, 0x0a, 0x2e, 0x54, 0x50, 0x0a, 0x2e, 0x42,
0x20, 0x6d, 0x61, 0x6e, 0x20, 0x6c, 0x73, 0x0a, 0xe6, 0x98, 0xbe, 0xe7,
0xa4, 0xba, 0x20, 0x6c, 0x73, 0x20, 0xe5, 0x91, 0xbd, 0xe4, 0xbb, 0xa4,
0xe7, 0x9a, 0x84, 0xe6, 0x89, 0x8b, 0xe5, 0x86, 0x8c, 0xe9, 0xa1, 0xb5,
0xe3, 0x80, 0x82, 0x0a, 0x2e, 0x54, 0x50, 0x0a, 0x2e, 0x42, 0x20, 0x6d,
0x61, 0x6e, 0x20, 0x64, 0x65, 0x73, 0x6b, 0x74, 0x6f, 0x70, 0x20, 0x37,
0x0a, 0xe6, 0x8c, 0x87, 0xe5, 0xae, 0x9a, 0xe6, 0x98, 0xbe, 0xe7, 0xa4,
0xba, 0xe7, 0xac, 0xac, 0x20, 0x37, 0x20, 0xe7, 0xab, 0xa0, 0xe7, 0x9a,
0x84, 0x20, 0x64, 0x65, 0x73, 0x6b, 0x74, 0x6f, 0x70, 0x20, 0xe6, 0x80,
0xbb, 0xe8, 0xa7, 0x88, 0xe9, 0xa1, 0xb5, 0xe3, 0x80, 0x82, 0x0a, 0x2e,
0x54, 0x50, 0x0a, 0x2e, 0x42, 0x20, 0x6d, 0x61, 0x6e, 0x20, 0x5c, 0x2d,
0x6c, 0x0a, 0xe5, 0x88, 0x97, 0xe5, 0x87, 0xba, 0xe5, 0x85, 0xa8, 0xe9,
0x83, 0xa8, 0xe6, 0x89, 0x8b, 0xe5, 0x86, 0x8c, 0xe9, 0xa1, 0xb5, 0xe3,
0x80, 0x82, 0x0a, 0x2e, 0x53, 0x48, 0x20, 0xe5, 0x8f, 0xa6, 0xe8, 0xa7,
0x81, 0x0a, 0x2e, 0x42, 0x52, 0x20, 0x68, 0x65, 0x6c, 0x70, 0x20, 0x28,
0x31, 0x29, 0x0a
};
static const unsigned int man_page_man__1_len = 711;

static const unsigned char man_page_ps__1[] = {
0x2e, 0x5c, 0x22, 0x20, 0x4d, 0x34, 0x4b, 0x4b, 0x31, 0x20, 0x34, 0x50,
0x31, 0x20, 0x2d, 0x20, 0x70, 0x73, 0x2e, 0x31, 0x0a, 0x2e, 0x54, 0x48,
0x20, 0x50, 0x53, 0x20, 0x31, 0x20, 0x22, 0x32, 0x30, 0x32, 0x36, 0x2d,
0x30, 0x37, 0x2d, 0x32, 0x32, 0x22, 0x20, 0x22, 0x4d, 0x34, 0x4b, 0x4b,
0x31, 0x20, 0x31, 0x2e, 0x30, 0x22, 0x20, 0x22, 0x4d, 0x34, 0x4b, 0x4b,
0x31, 0x20, 0xe7, 0x94, 0xa8, 0xe6, 0x88, 0xb7, 0xe5, 0x91, 0xbd, 0xe4,
0xbb, 0xa4, 0x22, 0x0a, 0x2e, 0x53, 0x48, 0x20, 0xe5, 0x90, 0x8d, 0xe7,
0xa7, 0xb0, 0x0a, 0x70, 0x73, 0x20, 0x5c, 0x2d, 0x20, 0xe6, 0x98, 0xbe,
0xe7, 0xa4, 0xba, 0xe8, 0xbf, 0x9b, 0xe7, 0xa8, 0x8b, 0xe7, 0x8a, 0xb6,
0xe6, 0x80, 0x81, 0x0a, 0x2e, 0x53, 0x48, 0x20, 0xe6, 0xa6, 0x82, 0xe8,
0xa6, 0x81, 0x0a, 0x2e, 0x42, 0x20, 0x70, 0x73, 0x0a, 0x2e, 0x53, 0x48,
0x20, 0xe6, 0x8f, 0x8f, 0xe8, 0xbf, 0xb0, 0x0a, 0xe6, 0x98, 0xbe, 0xe7,
0xa4, 0xba, 0xe5, 0xbd, 0x93, 0xe5, 0x89, 0x8d, 0xe7, 0xb3, 0xbb, 0xe7,
0xbb, 0x9f, 0xe4, 0xb8, 0xad, 0xe6, 0x89, 0x80, 0xe6, 0x9c, 0x89, 0xe8,
0xbf, 0x9b, 0xe7, 0xa8, 0x8b, 0xe7, 0x9a, 0x84, 0xe4, 0xbf, 0xa1, 0xe6,
0x81, 0xaf, 0xef, 0xbc, 0x8c, 0xe5, 0x8c, 0x85, 0xe6, 0x8b, 0xac, 0x20,
0x50, 0x49, 0x44, 0xe3, 0x80, 0x81, 0x50, 0x50, 0x49, 0x44, 0xe3, 0x80,
0x81, 0xe7, 0x8a, 0xb6, 0xe6, 0x80, 0x81, 0xe3, 0x80, 0x81, 0xe5, 0x90,
0x8d, 0xe7, 0xa7, 0xb0, 0xe3, 0x80, 0x82, 0xe5, 0xbd, 0x93, 0xe5, 0x89,
0x8d, 0xe4, 0xb8, 0xba, 0xe5, 0x8d, 0x95, 0xe8, 0xbf, 0x9b, 0xe7, 0xa8,
0x8b, 0xe7, 0xb3, 0xbb, 0xe7, 0xbb, 0x9f, 0xef, 0xbc, 0x8c, 0xe4, 0xbb,
0x85, 0xe6, 0x98, 0xbe, 0xe7, 0xa4, 0xba, 0x20, 0x69, 0x6e, 0x69, 0x74,
0x20, 0xe8, 0xbf, 0x9b, 0xe7, 0xa8, 0x8b, 0xe3, 0x80, 0x82, 0x0a, 0x2e,
0x53, 0x48, 0x20, 0xe5, 0x8f, 0x82, 0xe8, 0xa7, 0x81, 0x0a, 0x2e, 0x42,
0x52, 0x20, 0x77, 0x68, 0x6f, 0x20, 0x28, 0x31, 0x29, 0x2c, 0x0a, 0x2e,
0x42, 0x52, 0x20, 0x6b, 0x69, 0x6c, 0x6c, 0x20, 0x28, 0x31, 0x29, 0x0a
};
static const unsigned int man_page_ps__1_len = 312;

static const unsigned char man_page_wc__1[] = {
0x2e, 0x5c, 0x22, 0x20, 0x4d, 0x34, 0x4b, 0x4b, 0x31, 0x20, 0x34, 0x50,
0x31, 0x20, 0x2d, 0x20, 0x77, 0x63, 0x2e, 0x31, 0x0a, 0x2e, 0x54, 0x48,
0x20, 0x57, 0x43, 0x20, 0x31, 0x20, 0x22, 0x32, 0x30, 0x32, 0x36, 0x2d,
0x30, 0x37, 0x2d, 0x32, 0x32, 0x22, 0x20, 0x22, 0x4d, 0x34, 0x4b, 0x4b,
0x31, 0x20, 0x31, 0x2e, 0x30, 0x22, 0x20, 0x22, 0x4d, 0x34, 0x4b, 0x4b,
0x31, 0x20, 0xe7, 0x94, 0xa8, 0xe6, 0x88, 0xb7, 0xe5, 0x91, 0xbd, 0xe4,
0xbb, 0xa4, 0x22, 0x0a, 0x2e, 0x53, 0x48, 0x20, 0xe5, 0x90, 0x8d, 0xe7,
0xa7, 0xb0, 0x0a, 0x77, 0x63, 0x20, 0x5c, 0x2d, 0x20, 0xe7, 0xbb, 0x9f,
0xe8, 0xae, 0xa1, 0xe8, 0xa1, 0x8c, 0xe3, 0x80, 0x81, 0xe8, 0xaf, 0x8d,
0xe5, 0x92, 0x8c, 0xe5, 0xad, 0x97, 0xe7, 0xac, 0xa6, 0xe6, 0x95, 0xb0,
0x0a, 0x2e, 0x53, 0x48, 0x20, 0xe6, 0xa6, 0x82, 0xe8, 0xa6, 0x81, 0x0a,
0x2e, 0x42, 0x20, 0x77, 0x63, 0x0a, 0x5b, 0x5c, 0x66, 0x49, 0xe6, 0x96,
0x87, 0xe4, 0xbb, 0xb6, 0x5c, 0x66, 0x52, 0x5d, 0x0a, 0x2e, 0x53, 0x48,
0x20, 0xe6, 0x8f, 0x8f, 0xe8, 0xbf, 0xb0, 0x0a, 0xe7, 0xbb, 0x9f, 0xe8,
0xae, 0xa1, 0xe6, 0x8c, 0x87, 0xe5, 0xae, 0x9a, 0xe6, 0x96, 0x87, 0xe4,
0xbb, 0xb6, 0xe6, 0x88, 0x96, 0xe6, 0xa0, 0x87, 0xe5, 0x87, 0x86, 0xe8,
0xbe, 0x93, 0xe5, 0x85, 0xa5, 0xe7, 0x9a, 0x84, 0xe8, 0xa1, 0x8c, 0xe6,
0x95, 0xb0, 0xe3, 0x80, 0x81, 0xe8, 0xaf, 0x8d, 0xe6, 0x95, 0xb0, 0xe5,
0x92, 0x8c, 0xe5, 0xad, 0x97, 0xe7, 0xac, 0xa6, 0xe6, 0x95, 0xb0, 0xe3,
0x80, 0x82, 0x0a, 0x2e, 0x53, 0x48, 0x20, 0xe5, 0x8f, 0x82, 0xe8, 0xa7,
0x81, 0x0a, 0x2e, 0x42, 0x52, 0x20, 0x67, 0x72, 0x65, 0x70, 0x20, 0x28,
0x31, 0x29, 0x2c, 0x0a, 0x2e, 0x42, 0x52, 0x20, 0x63, 0x61, 0x74, 0x20,
0x28, 0x31, 0x29, 0x0a
};
static const unsigned int man_page_wc__1_len = 268;

static const unsigned char man_page_who__1[] = {
0x2e, 0x5c, 0x22, 0x20, 0x4d, 0x34, 0x4b, 0x4b, 0x31, 0x20, 0x34, 0x50,
0x31, 0x20, 0x2d, 0x20, 0x77, 0x68, 0x6f, 0x2e, 0x31, 0x0a, 0x2e, 0x54,
0x48, 0x20, 0x57, 0x48, 0x4f, 0x20, 0x31, 0x20, 0x22, 0x32, 0x30, 0x32,
0x36, 0x2d, 0x30, 0x37, 0x2d, 0x32, 0x32, 0x22, 0x20, 0x22, 0x4d, 0x34,
0x4b, 0x4b, 0x31, 0x20, 0x31, 0x2e, 0x30, 0x22, 0x20, 0x22, 0x4d, 0x34,
0x4b, 0x4b, 0x31, 0x20, 0xe7, 0x94, 0xa8, 0xe6, 0x88, 0xb7, 0xe5, 0x91,
0xbd, 0xe4, 0xbb, 0xa4, 0x22, 0x0a, 0x2e, 0x53, 0x48, 0x20, 0xe5, 0x90,
0x8d, 0xe7, 0xa7, 0xb0, 0x0a, 0x77, 0x68, 0x6f, 0x20, 0x5c, 0x2d, 0x20,
0xe6, 0x98, 0xbe, 0xe7, 0xa4, 0xba, 0xe5, 0xbd, 0x93, 0xe5, 0x89, 0x8d,
0xe7, 0x99, 0xbb, 0xe5, 0xbd, 0x95, 0xe7, 0x9a, 0x84, 0xe7, 0x94, 0xa8,
0xe6, 0x88, 0xb7, 0x0a, 0x2e, 0x53, 0x48, 0x20, 0xe6, 0xa6, 0x82, 0xe8,
0xa6, 0x81, 0x0a, 0x2e, 0x42, 0x20, 0x77, 0x68, 0x6f, 0x0a, 0x2e, 0x53,
0x48, 0x20, 0xe6, 0x8f, 0x8f, 0xe8, 0xbf, 0xb0, 0x0a, 0xe6, 0x98, 0xbe,
0xe7, 0xa4, 0xba, 0xe5, 0xbd, 0x93, 0xe5, 0x89, 0x8d, 0xe6, 0x89, 0x80,
0xe6, 0x9c, 0x89, 0xe6, 0xb4, 0xbb, 0xe8, 0xb7, 0x83, 0xe7, 0x99, 0xbb,
0xe5, 0xbd, 0x95, 0xe4, 0xbc, 0x9a, 0xe8, 0xaf, 0x9d, 0xe3, 0x80, 0x82,
0xe6, 0x95, 0xb0, 0xe6, 0x8d, 0xae, 0xe6, 0x9d, 0xa5, 0xe6, 0xba, 0x90,
0x3a, 0x20, 0x2f, 0x73, 0x79, 0x73, 0x2f, 0x73, 0x65, 0x73, 0x73, 0x69,
0x6f, 0x6e, 0x73, 0x2f, 0xe3, 0x80, 0x82, 0x0a, 0x2e, 0x53, 0x48, 0x20,
0xe8, 0xbe, 0x93, 0xe5, 0x87, 0xba, 0xe6, 0xa0, 0xbc, 0xe5, 0xbc, 0x8f,
0x0a, 0x55, 0x53, 0x45, 0x52, 0x20, 0x20, 0x20, 0x20, 0x20, 0x54, 0x54,
0x59, 0x20, 0x20, 0x20, 0x20, 0x20, 0x4c, 0x4f, 0x47, 0x49, 0x4e, 0x5f,
0x54, 0x49, 0x4d, 0x45, 0x20, 0x20, 0x20, 0x20, 0x20, 0x20, 0x20, 0x20,
0x20, 0x20, 0x46, 0x52, 0x4f, 0x4d, 0x0a, 0x2e, 0x53, 0x48, 0x20, 0xe5,
0x8f, 0x82, 0xe8, 0xa7, 0x81, 0x0a, 0x2e, 0x42, 0x52, 0x20, 0x69, 0x64,
0x20, 0x28, 0x31, 0x29, 0x2c, 0x0a, 0x2e, 0x42, 0x52, 0x20, 0x70, 0x73,
0x20, 0x28, 0x31, 0x29, 0x2c, 0x0a, 0x2e, 0x42, 0x52, 0x20, 0x63, 0x75,
0x20, 0x28, 0x38, 0x29, 0x0a
};
static const unsigned int man_page_who__1_len = 329;

static const unsigned char man_page_m4k_get_session_list__2[] = {
0x2e, 0x5c, 0x22, 0x20, 0x4d, 0x34, 0x4b, 0x4b, 0x31, 0x20, 0x34, 0x50,
0x31, 0x20, 0x2d, 0x20, 0x6d, 0x34, 0x6b, 0x5f, 0x67, 0x65, 0x74, 0x5f,
0x73, 0x65, 0x73, 0x73, 0x69, 0x6f, 0x6e, 0x5f, 0x6c, 0x69, 0x73, 0x74,
0x2e, 0x32, 0x0a, 0x2e, 0x54, 0x48, 0x20, 0x4d, 0x34, 0x4b, 0x5f, 0x47,
0x45, 0x54, 0x5f, 0x53, 0x45, 0x53, 0x53, 0x49, 0x4f, 0x4e, 0x5f, 0x4c,
0x49, 0x53, 0x54, 0x20, 0x32, 0x20, 0x22, 0x32, 0x30, 0x32, 0x36, 0x2d,
0x30, 0x37, 0x2d, 0x32, 0x32, 0x22, 0x20, 0x22, 0x4d, 0x34, 0x4b, 0x4b,
0x31, 0x20, 0x31, 0x2e, 0x30, 0x22, 0x20, 0x22, 0x4d, 0x34, 0x4b, 0x4b,
0x31, 0x20, 0xe7, 0xb3, 0xbb, 0xe7, 0xbb, 0x9f, 0xe8, 0xb0, 0x83, 0xe7,
0x94, 0xa8, 0x22, 0x0a, 0x2e, 0x53, 0x48, 0x20, 0xe5, 0x90, 0x8d, 0xe7,
0xa7, 0xb0, 0x0a, 0x6d, 0x34, 0x6b, 0x5f, 0x67, 0x65, 0x74, 0x5f, 0x73,
0x65, 0x73, 0x73, 0x69, 0x6f, 0x6e, 0x5f, 0x6c, 0x69, 0x73, 0x74, 0x20,
0x5c, 0x2d, 0x20, 0xe8, 0x8e, 0xb7, 0xe5, 0x8f, 0x96, 0xe4, 0xbc, 0x9a,
0xe8, 0xaf, 0x9d, 0xe5, 0x88, 0x97, 0xe8, 0xa1, 0xa8, 0x0a, 0x2e, 0x53,
0x48, 0x20, 0xe6, 0xa6, 0x82, 0xe8, 0xa6, 0x81, 0x0a, 0x2e, 0x6e, 0x66,
0x0a, 0x23, 0x69, 0x6e, 0x63, 0x6c, 0x75, 0x64, 0x65, 0x20, 0x3c, 0x6d,
0x34, 0x6b, 0x2f, 0x73, 0x79, 0x73, 0x63, 0x61, 0x6c, 0x6c, 0x2e, 0x68,
0x3e, 0x0a, 0x69, 0x6e, 0x74, 0x20, 0x6d, 0x34, 0x6b, 0x5f, 0x67, 0x65,
0x74, 0x5f, 0x73, 0x65, 0x73, 0x73, 0x69, 0x6f, 0x6e, 0x5f, 0x6c, 0x69,
0x73, 0x74, 0x28, 0x76, 0x6f, 0x69, 0x64, 0x20, 0x2a, 0x62, 0x75, 0x66,
0x2c, 0x20, 0x69, 0x6e, 0x74, 0x20, 0x6d, 0x61, 0x78, 0x29, 0x3b, 0x0a,
0x2e, 0x66, 0x69, 0x0a, 0x2e, 0x53, 0x48, 0x20, 0xe6, 0x8f, 0x8f, 0xe8,
0xbf, 0xb0, 0x0a, 0xe8, 0x8e, 0xb7, 0xe5, 0x8f, 0x96, 0xe5, 0xbd, 0x93,
0xe5, 0x89, 0x8d, 0xe6, 0x89, 0x80, 0xe6, 0x9c, 0x89, 0xe6, 0xb4, 0xbb,
0xe8, 0xb7, 0x83, 0xe7, 0x99, 0xbb, 0xe5, 0xbd, 0x95, 0xe4, 0xbc, 0x9a,
0xe8, 0xaf, 0x9d, 0xe7, 0x9a, 0x84, 0xe5, 0x88, 0x97, 0xe8, 0xa1, 0xa8,
0xe3, 0x80, 0x82, 0xe6, 0xaf, 0x8f, 0xe4, 0xb8, 0xaa, 0xe4, 0xbc, 0x9a,
0xe8, 0xaf, 0x9d, 0xe5, 0x8c, 0x85, 0xe5, 0x90, 0xab, 0x20, 0x54, 0x54,
0x59, 0xe3, 0x80, 0x81, 0x55, 0x49, 0x44, 0xe3, 0x80, 0x81, 0xe7, 0x99,
0xbb, 0xe5, 0xbd, 0x95, 0xe6, 0x97, 0xb6, 0xe9, 0x97, 0xb4, 0xe5, 0x92,
0x8c, 0xe7, 0x94, 0xa8, 0xe6, 0x88, 0xb7, 0xe5, 0x90, 0x8d, 0xe3, 0x80,
0x82, 0x0a, 0x2e, 0x53, 0x48, 0x20, 0xe8, 0xbf, 0x94, 0xe5, 0x9b, 0x9e,
0xe5, 0x80, 0xbc, 0x0a, 0xe6, 0x88, 0x90, 0xe5, 0x8a, 0x9f, 0xe8, 0xbf,
0x94, 0xe5, 0x9b, 0x9e, 0xe4, 0xbc, 0x9a, 0xe8, 0xaf, 0x9d, 0xe6, 0x95,
0xb0, 0xe9, 0x87, 0x8f, 0xef, 0xbc, 0x8c, 0xe5, 0xa4, 0xb1, 0xe8, 0xb4,
0xa5, 0xe8, 0xbf, 0x94, 0xe5, 0x9b, 0x9e, 0xe8, 0xb4, 0x9f, 0xe7, 0x9a,
0x84, 0x20, 0x4d, 0x34, 0x4b, 0x5f, 0x45, 0x2a, 0x20, 0xe9, 0x94, 0x99,
0xe8, 0xaf, 0xaf, 0xe7, 0xa0, 0x81, 0xe3, 0x80, 0x82, 0x0a, 0x2e, 0x53,
0x48, 0x20, 0xe5, 0x8f, 0x82, 0xe8, 0xa7, 0x81, 0x0a, 0x2e, 0x42, 0x52,
0x20, 0x6d, 0x34, 0x6b, 0x5f, 0x72, 0x65, 0x67, 0x69, 0x73, 0x74, 0x65,
0x72, 0x5f, 0x73, 0x65, 0x73, 0x73, 0x69, 0x6f, 0x6e, 0x20, 0x28, 0x32,
0x29, 0x2c, 0x0a, 0x2e, 0x42, 0x52, 0x20, 0x77, 0x68, 0x6f, 0x20, 0x28,
0x31, 0x29, 0x0a
};
static const unsigned int man_page_m4k_get_session_list__2_len = 507;

static const unsigned char man_page_m4k_register_session__2[] = {
0x2e, 0x5c, 0x22, 0x20, 0x4d, 0x34, 0x4b, 0x4b, 0x31, 0x20, 0x34, 0x50,
0x31, 0x20, 0x2d, 0x20, 0x6d, 0x34, 0x6b, 0x5f, 0x72, 0x65, 0x67, 0x69,
0x73, 0x74, 0x65, 0x72, 0x5f, 0x73, 0x65, 0x73, 0x73, 0x69, 0x6f, 0x6e,
0x2e, 0x32, 0x0a, 0x2e, 0x54, 0x48, 0x20, 0x4d, 0x34, 0x4b, 0x5f, 0x52,
0x45, 0x47, 0x49, 0x53, 0x54, 0x45, 0x52, 0x5f, 0x53, 0x45, 0x53, 0x53,
0x49, 0x4f, 0x4e, 0x20, 0x32, 0x20, 0x22, 0x32, 0x30, 0x32, 0x36, 0x2d,
0x30, 0x37, 0x2d, 0x32, 0x32, 0x22, 0x20, 0x22, 0x4d, 0x34, 0x4b, 0x4b,
0x31, 0x20, 0x31, 0x2e, 0x30, 0x22, 0x20, 0x22, 0x4d, 0x34, 0x4b, 0x4b,
0x31, 0x20, 0xe7, 0xb3, 0xbb, 0xe7, 0xbb, 0x9f, 0xe8, 0xb0, 0x83, 0xe7,
0x94, 0xa8, 0x22, 0x0a, 0x2e, 0x53, 0x48, 0x20, 0xe5, 0x90, 0x8d, 0xe7,
0xa7, 0xb0, 0x0a, 0x6d, 0x34, 0x6b, 0x5f, 0x72, 0x65, 0x67, 0x69, 0x73,
0x74, 0x65, 0x72, 0x5f, 0x73, 0x65, 0x73, 0x73, 0x69, 0x6f, 0x6e, 0x20,
0x5c, 0x2d, 0x20, 0xe6, 0xb3, 0xa8, 0xe5, 0x86, 0x8c, 0xe7, 0x99, 0xbb,
0xe5, 0xbd, 0x95, 0xe4, 0xbc, 0x9a, 0xe8, 0xaf, 0x9d, 0x0a, 0x2e, 0x53,
0x48, 0x20, 0xe6, 0xa6, 0x82, 0xe8, 0xa6, 0x81, 0x0a, 0x2e, 0x6e, 0x66,
0x0a, 0x23, 0x69, 0x6e, 0x63, 0x6c, 0x75, 0x64, 0x65, 0x20, 0x3c, 0x6d,
0x34, 0x6b, 0x2f, 0x73, 0x79, 0x73, 0x63, 0x61, 0x6c, 0x6c, 0x2e, 0x68,
0x3e, 0x0a, 0x69, 0x6e, 0x74, 0x20, 0x6d, 0x34, 0x6b, 0x5f, 0x72, 0x65,
0x67, 0x69, 0x73, 0x74, 0x65, 0x72, 0x5f, 0x73, 0x65, 0x73, 0x73, 0x69,
0x6f, 0x6e, 0x28, 0x63, 0x6f, 0x6e, 0x73, 0x74, 0x20, 0x63, 0x68, 0x61,
0x72, 0x20, 0x2a, 0x74, 0x74, 0x79, 0x2c, 0x20, 0x75, 0x69, 0x64, 0x5f,
0x74, 0x20, 0x75, 0x69, 0x64, 0x2c, 0x20, 0x63, 0x6f, 0x6e, 0x73, 0x74,
0x20, 0x63, 0x68, 0x61, 0x72, 0x20, 0x2a, 0x75, 0x73, 0x65, 0x72, 0x6e,
0x61, 0x6d, 0x65, 0x29, 0x3b, 0x0a, 0x2e, 0x66, 0x69, 0x0a, 0x2e, 0x53,
0x48, 0x20, 0xe6, 0x8f, 0x8f, 0xe8, 0xbf, 0xb0, 0x0a, 0xe5, 0x9c, 0xa8,
0x20, 0x2f, 0x73, 0x79, 0x73, 0x2f, 0x73, 0x65, 0x73, 0x73, 0x69, 0x6f,
0x6e, 0x73, 0x2f, 0x20, 0xe4, 0xb8, 0xad, 0xe6, 0xb3, 0xa8, 0xe5, 0x86,
0x8c, 0xe4, 0xb8, 0x80, 0xe4, 0xb8, 0xaa, 0xe6, 0x96, 0xb0, 0xe7, 0x9a,
0x84, 0xe7, 0x99, 0xbb, 0xe5, 0xbd, 0x95, 0xe4, 0xbc, 0x9a, 0xe8, 0xaf,
0x9d, 0xef, 0xbc, 0x8c, 0xe7, 0x94, 0xa8, 0xe4, 0xba, 0x8e, 0x20, 0x77,
0x68, 0x6f, 0x20, 0xe5, 0x92, 0x8c, 0x20, 0x75, 0x73, 0x65, 0x72, 0x6c,
0x6f, 0x67, 0x20, 0xe5, 0x91, 0xbd, 0xe4, 0xbb, 0xa4, 0xe3, 0x80, 0x82,
0x0a, 0x2e, 0x53, 0x48, 0x20, 0xe8, 0xbf, 0x94, 0xe5, 0x9b, 0x9e, 0xe5,
0x80, 0xbc, 0x0a, 0xe6, 0x88, 0x90, 0xe5, 0x8a, 0x9f, 0xe8, 0xbf, 0x94,
0xe5, 0x9b, 0x9e, 0x20, 0x30, 0xef, 0xbc, 0x8c, 0xe5, 0xa4, 0xb1, 0xe8,
0xb4, 0xa5, 0xe8, 0xbf, 0x94, 0xe5, 0x9b, 0x9e, 0xe8, 0xb4, 0x9f, 0xe7,
0x9a, 0x84, 0x20, 0x4d, 0x34, 0x4b, 0x5f, 0x45, 0x2a, 0x20, 0xe9, 0x94,
0x99, 0xe8, 0xaf, 0xaf, 0xe7, 0xa0, 0x81, 0xe3, 0x80, 0x82, 0x0a, 0x2e,
0x53, 0x48, 0x20, 0xe5, 0x8f, 0x82, 0xe8, 0xa7, 0x81, 0x0a, 0x2e, 0x42,
0x52, 0x20, 0x6d, 0x34, 0x6b, 0x5f, 0x67, 0x65, 0x74, 0x5f, 0x73, 0x65,
0x73, 0x73, 0x69, 0x6f, 0x6e, 0x5f, 0x6c, 0x69, 0x73, 0x74, 0x20, 0x28,
0x32, 0x29, 0x2c, 0x0a, 0x2e, 0x42, 0x52, 0x20, 0x77, 0x68, 0x6f, 0x20,
0x28, 0x31, 0x29, 0x0a
};
static const unsigned int man_page_m4k_register_session__2_len = 508;

static const unsigned char man_page_m4k_setgid__2[] = {
0x2e, 0x5c, 0x22, 0x20, 0x4d, 0x34, 0x4b, 0x4b, 0x31, 0x20, 0x34, 0x50,
0x31, 0x20, 0x2d, 0x20, 0x6d, 0x34, 0x6b, 0x5f, 0x73, 0x65, 0x74, 0x67,
0x69, 0x64, 0x2e, 0x32, 0x0a, 0x2e, 0x54, 0x48, 0x20, 0x4d, 0x34, 0x4b,
0x5f, 0x53, 0x45, 0x54, 0x47, 0x49, 0x44, 0x20, 0x32, 0x20, 0x22, 0x32,
0x30, 0x32, 0x36, 0x2d, 0x30, 0x37, 0x2d, 0x32, 0x32, 0x22, 0x20, 0x22,
0x4d, 0x34, 0x4b, 0x4b, 0x31, 0x20, 0x31, 0x2e, 0x30, 0x22, 0x20, 0x22,
0x4d, 0x34, 0x4b, 0x4b, 0x31, 0x20, 0xe7, 0xb3, 0xbb, 0xe7, 0xbb, 0x9f,
0xe8, 0xb0, 0x83, 0xe7, 0x94, 0xa8, 0x22, 0x0a, 0x2e, 0x53, 0x48, 0x20,
0xe5, 0x90, 0x8d, 0xe7, 0xa7, 0xb0, 0x0a, 0x6d, 0x34, 0x6b, 0x5f, 0x73,
0x65, 0x74, 0x67, 0x69, 0x64, 0x20, 0x5c, 0x2d, 0x20, 0xe8, 0xae, 0xbe,
0xe7, 0xbd, 0xae, 0xe7, 0xbb, 0x84, 0x20, 0x49, 0x44, 0x0a, 0x2e, 0x53,
0x48, 0x20, 0xe6, 0xa6, 0x82, 0xe8, 0xa6, 0x81, 0x0a, 0x2e, 0x6e, 0x66,
0x0a, 0x23, 0x69, 0x6e, 0x63, 0x6c, 0x75, 0x64, 0x65, 0x20, 0x3c, 0x6d,
0x34, 0x6b, 0x2f, 0x73, 0x79, 0x73, 0x63, 0x61, 0x6c, 0x6c, 0x2e, 0x68,
0x3e, 0x0a, 0x69, 0x6e, 0x74, 0x20, 0x6d, 0x34, 0x6b, 0x5f, 0x73, 0x65,
0x74, 0x67, 0x69, 0x64, 0x28, 0x67, 0x69, 0x64, 0x5f, 0x74, 0x20, 0x67,
0x69, 0x64, 0x29, 0x3b, 0x0a, 0x2e, 0x66, 0x69, 0x0a, 0x2e, 0x53, 0x48,
0x20, 0xe6, 0x8f, 0x8f, 0xe8, 0xbf, 0xb0, 0x0a, 0xe8, 0xae, 0xbe, 0xe7,
0xbd, 0xae, 0xe8, 0xb0, 0x83, 0xe7, 0x94, 0xa8, 0xe8, 0xbf, 0x9b, 0xe7,
0xa8, 0x8b, 0xe7, 0x9a, 0x84, 0xe5, 0xae, 0x9e, 0xe9, 0x99, 0x85, 0x20,
0x47, 0x49, 0x44, 0x20, 0xe5, 0x92, 0x8c, 0xe6, 0x9c, 0x89, 0xe6, 0x95,
0x88, 0x20, 0x47, 0x49, 0x44, 0xe3, 0x80, 0x82, 0x0a, 0x2e, 0x53, 0x48,
0x20, 0xe8, 0xbf, 0x94, 0xe5, 0x9b, 0x9e, 0xe5, 0x80, 0xbc, 0x0a, 0xe6,
0x88, 0x90, 0xe5, 0x8a, 0x9f, 0xe8, 0xbf, 0x94, 0xe5, 0x9b, 0x9e, 0x20,
0x30, 0xef, 0xbc, 0x8c, 0xe5, 0xa4, 0xb1, 0xe8, 0xb4, 0xa5, 0xe8, 0xbf,
0x94, 0xe5, 0x9b, 0x9e, 0xe8, 0xb4, 0x9f, 0xe7, 0x9a, 0x84, 0x20, 0x4d,
0x34, 0x4b, 0x5f, 0x45, 0x2a, 0x20, 0xe9, 0x94, 0x99, 0xe8, 0xaf, 0xaf,
0xe7, 0xa0, 0x81, 0xe3, 0x80, 0x82, 0x0a, 0x2e, 0x53, 0x48, 0x20, 0xe9,
0x94, 0x99, 0xe8, 0xaf, 0xaf, 0x0a, 0x2e, 0x54, 0x50, 0x0a, 0x2e, 0x42,
0x20, 0x4d, 0x34, 0x4b, 0x5f, 0x45, 0x50, 0x45, 0x52, 0x4d, 0x0a, 0xe8,
0xb0, 0x83, 0xe7, 0x94, 0xa8, 0xe8, 0x80, 0x85, 0xe6, 0x97, 0xa0, 0xe6,
0x9d, 0x83, 0xe9, 0x99, 0x90, 0x0a, 0x2e, 0x53, 0x48, 0x20, 0xe5, 0x8f,
0x82, 0xe8, 0xa7, 0x81, 0x0a, 0x2e, 0x42, 0x52, 0x20, 0x6d, 0x34, 0x6b,
0x5f, 0x73, 0x65, 0x74, 0x75, 0x69, 0x64, 0x20, 0x28, 0x32, 0x29, 0x2c,
0x0a, 0x2e, 0x42, 0x52, 0x20, 0x6d, 0x34, 0x6b, 0x5f, 0x67, 0x65, 0x74,
0x67, 0x69, 0x64, 0x20, 0x28, 0x32, 0x29, 0x0a
};
static const unsigned int man_page_m4k_setgid__2_len = 428;

static const unsigned char man_page_m4k_setuid__2[] = {
0x2e, 0x5c, 0x22, 0x20, 0x4d, 0x34, 0x4b, 0x4b, 0x31, 0x20, 0x34, 0x50,
0x31, 0x20, 0x2d, 0x20, 0x6d, 0x34, 0x6b, 0x5f, 0x73, 0x65, 0x74, 0x75,
0x69, 0x64, 0x2e, 0x32, 0x0a, 0x2e, 0x54, 0x48, 0x20, 0x4d, 0x34, 0x4b,
0x5f, 0x53, 0x45, 0x54, 0x55, 0x49, 0x44, 0x20, 0x32, 0x20, 0x22, 0x32,
0x30, 0x32, 0x36, 0x2d, 0x30, 0x37, 0x2d, 0x32, 0x32, 0x22, 0x20, 0x22,
0x4d, 0x34, 0x4b, 0x4b, 0x31, 0x20, 0x31, 0x2e, 0x30, 0x22, 0x20, 0x22,
0x4d, 0x34, 0x4b, 0x4b, 0x31, 0x20, 0xe7, 0xb3, 0xbb, 0xe7, 0xbb, 0x9f,
0xe8, 0xb0, 0x83, 0xe7, 0x94, 0xa8, 0x22, 0x0a, 0x2e, 0x53, 0x48, 0x20,
0xe5, 0x90, 0x8d, 0xe7, 0xa7, 0xb0, 0x0a, 0x6d, 0x34, 0x6b, 0x5f, 0x73,
0x65, 0x74, 0x75, 0x69, 0x64, 0x20, 0x5c, 0x2d, 0x20, 0xe8, 0xae, 0xbe,
0xe7, 0xbd, 0xae, 0xe7, 0x94, 0xa8, 0xe6, 0x88, 0xb7, 0x20, 0x49, 0x44,
0x0a, 0x2e, 0x53, 0x48, 0x20, 0xe6, 0xa6, 0x82, 0xe8, 0xa6, 0x81, 0x0a,
0x2e, 0x6e, 0x66, 0x0a, 0x23, 0x69, 0x6e, 0x63, 0x6c, 0x75, 0x64, 0x65,
0x20, 0x3c, 0x6d, 0x34, 0x6b, 0x2f, 0x73, 0x79, 0x73, 0x63, 0x61, 0x6c,
0x6c, 0x2e, 0x68, 0x3e, 0x0a, 0x69, 0x6e, 0x74, 0x20, 0x6d, 0x34, 0x6b,
0x5f, 0x73, 0x65, 0x74, 0x75, 0x69, 0x64, 0x28, 0x75, 0x69, 0x64, 0x5f,
0x74, 0x20, 0x75, 0x69, 0x64, 0x29, 0x3b, 0x0a, 0x2e, 0x66, 0x69, 0x0a,
0x2e, 0x53, 0x48, 0x20, 0xe6, 0x8f, 0x8f, 0xe8, 0xbf, 0xb0, 0x0a, 0xe8,
0xae, 0xbe, 0xe7, 0xbd, 0xae, 0xe8, 0xb0, 0x83, 0xe7, 0x94, 0xa8, 0xe8,
0xbf, 0x9b, 0xe7, 0xa8, 0x8b, 0xe7, 0x9a, 0x84, 0xe5, 0xae, 0x9e, 0xe9,
0x99, 0x85, 0x20, 0x55, 0x49, 0x44, 0x20, 0xe5, 0x92, 0x8c, 0xe6, 0x9c,
0x89, 0xe6, 0x95, 0x88, 0x20, 0x55, 0x49, 0x44, 0xe3, 0x80, 0x82, 0x0a,
0x2e, 0x53, 0x48, 0x20, 0xe8, 0xbf, 0x94, 0xe5, 0x9b, 0x9e, 0xe5, 0x80,
0xbc, 0x0a, 0xe6, 0x88, 0x90, 0xe5, 0x8a, 0x9f, 0xe8, 0xbf, 0x94, 0xe5,
0x9b, 0x9e, 0x20, 0x30, 0xef, 0xbc, 0x8c, 0xe5, 0xa4, 0xb1, 0xe8, 0xb4,
0xa5, 0xe8, 0xbf, 0x94, 0xe5, 0x9b, 0x9e, 0xe8, 0xb4, 0x9f, 0xe7, 0x9a,
0x84, 0x20, 0x4d, 0x34, 0x4b, 0x5f, 0x45, 0x2a, 0x20, 0xe9, 0x94, 0x99,
0xe8, 0xaf, 0xaf, 0xe7, 0xa0, 0x81, 0xe3, 0x80, 0x82, 0x0a, 0x2e, 0x53,
0x48, 0x20, 0xe9, 0x94, 0x99, 0xe8, 0xaf, 0xaf, 0x0a, 0x2e, 0x54, 0x50,
0x0a, 0x2e, 0x42, 0x20, 0x4d, 0x34, 0x4b, 0x5f, 0x45, 0x50, 0x45, 0x52,
0x4d, 0x0a, 0xe8, 0xb0, 0x83, 0xe7, 0x94, 0xa8, 0xe8, 0x80, 0x85, 0xe6,
0x97, 0xa0, 0xe6, 0x9d, 0x83, 0xe9, 0x99, 0x90, 0xef, 0xbc, 0x88, 0xe9,
0x9d, 0x9e, 0x20, 0x72, 0x6f, 0x6f, 0x74, 0x20, 0xe4, 0xb8, 0x94, 0xe4,
0xb8, 0x8d, 0xe6, 0x98, 0xaf, 0xe7, 0x9b, 0xae, 0xe6, 0xa0, 0x87, 0x20,
0x55, 0x49, 0x44, 0xef, 0xbc, 0x89, 0x0a, 0x2e, 0x53, 0x48, 0x20, 0xe5,
0x8f, 0x82, 0xe8, 0xa7, 0x81, 0x0a, 0x2e, 0x42, 0x52, 0x20, 0x6d, 0x34,
0x6b, 0x5f, 0x67, 0x65, 0x74, 0x75, 0x69, 0x64, 0x20, 0x28, 0x32, 0x29,
0x2c, 0x0a, 0x2e, 0x42, 0x52, 0x20, 0x6d, 0x34, 0x6b, 0x5f, 0x73, 0x65,
0x74, 0x67, 0x69, 0x64, 0x20, 0x28, 0x32, 0x29, 0x0a
};
static const unsigned int man_page_m4k_setuid__2_len = 465;

static const unsigned char man_page_musr_getgrnam__3[] = {
0x2e, 0x5c, 0x22, 0x20, 0x4d, 0x34, 0x4b, 0x4b, 0x31, 0x20, 0x34, 0x50,
0x31, 0x20, 0x2d, 0x20, 0x6d, 0x75, 0x73, 0x72, 0x5f, 0x67, 0x65, 0x74,
0x67, 0x72, 0x6e, 0x61, 0x6d, 0x2e, 0x33, 0x0a, 0x2e, 0x54, 0x48, 0x20,
0x4d, 0x55, 0x53, 0x52, 0x5f, 0x47, 0x45, 0x54, 0x47, 0x52, 0x4e, 0x41,
0x4d, 0x20, 0x33, 0x20, 0x22, 0x32, 0x30, 0x32, 0x36, 0x2d, 0x30, 0x37,
0x2d, 0x32, 0x32, 0x22, 0x20, 0x22, 0x4d, 0x34, 0x4b, 0x4b, 0x31, 0x20,
0x31, 0x2e, 0x30, 0x22, 0x20, 0x22, 0x4d, 0x34, 0x4b, 0x4b, 0x31, 0x20,
0xe5, 0xba, 0x93, 0xe5, 0x87, 0xbd, 0xe6, 0x95, 0xb0, 0x22, 0x0a, 0x2e,
0x53, 0x48, 0x20, 0xe5, 0x90, 0x8d, 0xe7, 0xa7, 0xb0, 0x0a, 0x6d, 0x75,
0x73, 0x72, 0x5f, 0x67, 0x65, 0x74, 0x67, 0x72, 0x6e, 0x61, 0x6d, 0x20,
0x5c, 0x2d, 0x20, 0xe6, 0x8c, 0x89, 0xe7, 0xbb, 0x84, 0xe5, 0x90, 0x8d,
0xe6, 0x9f, 0xa5, 0xe6, 0x89, 0xbe, 0xe7, 0xbb, 0x84, 0xe6, 0x95, 0xb0,
0xe6, 0x8d, 0xae, 0xe5, 0xba, 0x93, 0xe6, 0x9d, 0xa1, 0xe7, 0x9b, 0xae,
0x0a, 0x2e, 0x53, 0x48, 0x20, 0xe6, 0xa6, 0x82, 0xe8, 0xa6, 0x81, 0x0a,
0x2e, 0x6e, 0x66, 0x0a, 0x23, 0x69, 0x6e, 0x63, 0x6c, 0x75, 0x64, 0x65,
0x20, 0x3c, 0x6d, 0x34, 0x6b, 0x2f, 0x67, 0x72, 0x70, 0x2e, 0x68, 0x3e,
0x0a, 0x69, 0x6e, 0x74, 0x20, 0x6d, 0x75, 0x73, 0x72, 0x5f, 0x67, 0x65,
0x74, 0x67, 0x72, 0x6e, 0x61, 0x6d, 0x28, 0x63, 0x6f, 0x6e, 0x73, 0x74,
0x20, 0x63, 0x68, 0x61, 0x72, 0x20, 0x2a, 0x6e, 0x61, 0x6d, 0x65, 0x2c,
0x20, 0x67, 0x72, 0x6f, 0x75, 0x70, 0x5f, 0x65, 0x6e, 0x74, 0x72, 0x79,
0x5f, 0x74, 0x20, 0x2a, 0x6f, 0x75, 0x74, 0x29, 0x3b, 0x0a, 0x2e, 0x66,
0x69, 0x0a, 0x2e, 0x53, 0x48, 0x20, 0xe6, 0x8f, 0x8f, 0xe8, 0xbf, 0xb0,
0x0a, 0xe5, 0x9c, 0xa8, 0x20, 0x2f, 0x65, 0x78, 0x70, 0x6f, 0x72, 0x74,
0x2f, 0x63, 0x66, 0x67, 0x2f, 0x67, 0x72, 0x6f, 0x75, 0x70, 0x73, 0x2e,
0x64, 0x62, 0x20, 0xe4, 0xb8, 0xad, 0xe6, 0x9f, 0xa5, 0xe6, 0x89, 0xbe,
0xe5, 0x8c, 0xb9, 0xe9, 0x85, 0x8d, 0xe7, 0xbb, 0x84, 0xe5, 0x90, 0x8d,
0xe7, 0x9a, 0x84, 0xe6, 0x9d, 0xa1, 0xe7, 0x9b, 0xae, 0xef, 0xbc, 0x8c,
0xe7, 0xbb, 0x93, 0xe6, 0x9e, 0x9c, 0xe5, 0x86, 0x99, 0xe5, 0x85, 0xa5,
0x20, 0x6f, 0x75, 0x74, 0xe3, 0x80, 0x82, 0x0a, 0x2e, 0x53, 0x48, 0x20,
0xe8, 0xbf, 0x94, 0xe5, 0x9b, 0x9e, 0xe5, 0x80, 0xbc, 0x0a, 0xe6, 0x88,
0x90, 0xe5, 0x8a, 0x9f, 0xe8, 0xbf, 0x94, 0xe5, 0x9b, 0x9e, 0x20, 0x30,
0xef, 0xbc, 0x8c, 0xe6, 0x9c, 0xaa, 0xe6, 0x89, 0xbe, 0xe5, 0x88, 0xb0,
0xe8, 0xbf, 0x94, 0xe5, 0x9b, 0x9e, 0xe8, 0xb4, 0x9f, 0xe7, 0x9a, 0x84,
0x20, 0x4d, 0x34, 0x4b, 0x5f, 0x45, 0x4e, 0x4f, 0x45, 0x4e, 0x54, 0xe3,
0x80, 0x82, 0x0a, 0x2e, 0x53, 0x48, 0x20, 0xe5, 0x8f, 0x82, 0xe8, 0xa7,
0x81, 0x0a, 0x2e, 0x42, 0x52, 0x20, 0x6d, 0x75, 0x73, 0x72, 0x5f, 0x67,
0x65, 0x74, 0x70, 0x77, 0x6e, 0x61, 0x6d, 0x20, 0x28, 0x33, 0x29, 0x2c,
0x0a, 0x2e, 0x42, 0x52, 0x20, 0x6d, 0x75, 0x73, 0x72, 0x5f, 0x67, 0x65,
0x74, 0x70, 0x77, 0x75, 0x69, 0x64, 0x20, 0x28, 0x33, 0x29, 0x0a
};
static const unsigned int man_page_musr_getgrnam__3_len = 467;

static const unsigned char man_page_musr_getpwnam__3[] = {
0x2e, 0x5c, 0x22, 0x20, 0x4d, 0x34, 0x4b, 0x4b, 0x31, 0x20, 0x34, 0x50,
0x31, 0x20, 0x2d, 0x20, 0x6d, 0x75, 0x73, 0x72, 0x5f, 0x67, 0x65, 0x74,
0x70, 0x77, 0x6e, 0x61, 0x6d, 0x2e, 0x33, 0x0a, 0x2e, 0x54, 0x48, 0x20,
0x4d, 0x55, 0x53, 0x52, 0x5f, 0x47, 0x45, 0x54, 0x50, 0x57, 0x4e, 0x41,
0x4d, 0x20, 0x33, 0x20, 0x22, 0x32, 0x30, 0x32, 0x36, 0x2d, 0x30, 0x37,
0x2d, 0x32, 0x32, 0x22, 0x20, 0x22, 0x4d, 0x34, 0x4b, 0x4b, 0x31, 0x20,
0x31, 0x2e, 0x30, 0x22, 0x20, 0x22, 0x4d, 0x34, 0x4b, 0x4b, 0x31, 0x20,
0xe5, 0xba, 0x93, 0xe5, 0x87, 0xbd, 0xe6, 0x95, 0xb0, 0x22, 0x0a, 0x2e,
0x53, 0x48, 0x20, 0xe5, 0x90, 0x8d, 0xe7, 0xa7, 0xb0, 0x0a, 0x6d, 0x75,
0x73, 0x72, 0x5f, 0x67, 0x65, 0x74, 0x70, 0x77, 0x6e, 0x61, 0x6d, 0x20,
0x5c, 0x2d, 0x20, 0xe6, 0x8c, 0x89, 0xe7, 0x94, 0xa8, 0xe6, 0x88, 0xb7,
0xe5, 0x90, 0x8d, 0xe6, 0x9f, 0xa5, 0xe6, 0x89, 0xbe, 0xe7, 0x94, 0xa8,
0xe6, 0x88, 0xb7, 0xe6, 0x95, 0xb0, 0xe6, 0x8d, 0xae, 0xe5, 0xba, 0x93,
0xe6, 0x9d, 0xa1, 0xe7, 0x9b, 0xae, 0x0a, 0x2e, 0x53, 0x48, 0x20, 0xe6,
0xa6, 0x82, 0xe8, 0xa6, 0x81, 0x0a, 0x2e, 0x6e, 0x66, 0x0a, 0x23, 0x69,
0x6e, 0x63, 0x6c, 0x75, 0x64, 0x65, 0x20, 0x3c, 0x6d, 0x34, 0x6b, 0x2f,
0x70, 0x77, 0x64, 0x2e, 0x68, 0x3e, 0x0a, 0x69, 0x6e, 0x74, 0x20, 0x6d,
0x75, 0x73, 0x72, 0x5f, 0x67, 0x65, 0x74, 0x70, 0x77, 0x6e, 0x61, 0x6d,
0x28, 0x63, 0x6f, 0x6e, 0x73, 0x74, 0x20, 0x63, 0x68, 0x61, 0x72, 0x20,
0x2a, 0x6e, 0x61, 0x6d, 0x65, 0x2c, 0x20, 0x70, 0x61, 0x73, 0x73, 0x77,
0x64, 0x5f, 0x65, 0x6e, 0x74, 0x72, 0x79, 0x5f, 0x74, 0x20, 0x2a, 0x6f,
0x75, 0x74, 0x29, 0x3b, 0x0a, 0x2e, 0x66, 0x69, 0x0a, 0x2e, 0x53, 0x48,
0x20, 0xe6, 0x8f, 0x8f, 0xe8, 0xbf, 0xb0, 0x0a, 0xe5, 0x9c, 0xa8, 0x20,
0x2f, 0x65, 0x78, 0x70, 0x6f, 0x72, 0x74, 0x2f, 0x63, 0x66, 0x67, 0x2f,
0x70, 0x61, 0x73, 0x73, 0x77, 0x64, 0x2e, 0x64, 0x62, 0x20, 0xe4, 0xb8,
0xad, 0xe6, 0x9f, 0xa5, 0xe6, 0x89, 0xbe, 0xe5, 0x8c, 0xb9, 0xe9, 0x85,
0x8d, 0xe7, 0x94, 0xa8, 0xe6, 0x88, 0xb7, 0xe5, 0x90, 0x8d, 0xe7, 0x9a,
0x84, 0xe6, 0x9d, 0xa1, 0xe7, 0x9b, 0xae, 0xef, 0xbc, 0x8c, 0xe7, 0xbb,
0x93, 0xe6, 0x9e, 0x9c, 0xe5, 0x86, 0x99, 0xe5, 0x85, 0xa5, 0x20, 0x6f,
0x75, 0x74, 0xe3, 0x80, 0x82, 0x0a, 0x2e, 0x53, 0x48, 0x20, 0xe8, 0xbf,
0x94, 0xe5, 0x9b, 0x9e, 0xe5, 0x80, 0xbc, 0x0a, 0xe6, 0x88, 0x90, 0xe5,
0x8a, 0x9f, 0xe8, 0xbf, 0x94, 0xe5, 0x9b, 0x9e, 0x20, 0x30, 0xef, 0xbc,
0x8c, 0xe6, 0x9c, 0xaa, 0xe6, 0x89, 0xbe, 0xe5, 0x88, 0xb0, 0xe8, 0xbf,
0x94, 0xe5, 0x9b, 0x9e, 0xe8, 0xb4, 0x9f, 0xe7, 0x9a, 0x84, 0x20, 0x4d,
0x34, 0x4b, 0x5f, 0x45, 0x4e, 0x4f, 0x45, 0x4e, 0x54, 0xe3, 0x80, 0x82,
0x0a, 0x2e, 0x53, 0x48, 0x20, 0xe5, 0x8f, 0x82, 0xe8, 0xa7, 0x81, 0x0a,
0x2e, 0x42, 0x52, 0x20, 0x6d, 0x75, 0x73, 0x72, 0x5f, 0x67, 0x65, 0x74,
0x70, 0x77, 0x75, 0x69, 0x64, 0x20, 0x28, 0x33, 0x29, 0x2c, 0x0a, 0x2e,
0x42, 0x52, 0x20, 0x6d, 0x75, 0x73, 0x72, 0x5f, 0x67, 0x65, 0x74, 0x67,
0x72, 0x6e, 0x61, 0x6d, 0x20, 0x28, 0x33, 0x29, 0x0a
};
static const unsigned int man_page_musr_getpwnam__3_len = 477;

static const unsigned char man_page_musr_getpwuid__3[] = {
0x2e, 0x5c, 0x22, 0x20, 0x4d, 0x34, 0x4b, 0x4b, 0x31, 0x20, 0x34, 0x50,
0x31, 0x20, 0x2d, 0x20, 0x6d, 0x75, 0x73, 0x72, 0x5f, 0x67, 0x65, 0x74,
0x70, 0x77, 0x75, 0x69, 0x64, 0x2e, 0x33, 0x0a, 0x2e, 0x54, 0x48, 0x20,
0x4d, 0x55, 0x53, 0x52, 0x5f, 0x47, 0x45, 0x54, 0x50, 0x57, 0x55, 0x49,
0x44, 0x20, 0x33, 0x20, 0x22, 0x32, 0x30, 0x32, 0x36, 0x2d, 0x30, 0x37,
0x2d, 0x32, 0x32, 0x22, 0x20, 0x22, 0x4d, 0x34, 0x4b, 0x4b, 0x31, 0x20,
0x31, 0x2e, 0x30, 0x22, 0x20, 0x22, 0x4d, 0x34, 0x4b, 0x4b, 0x31, 0x20,
0xe5, 0xba, 0x93, 0xe5, 0x87, 0xbd, 0xe6, 0x95, 0xb0, 0x22, 0x0a, 0x2e,
0x53, 0x48, 0x20, 0xe5, 0x90, 0x8d, 0xe7, 0xa7, 0xb0, 0x0a, 0x6d, 0x75,
0x73, 0x72, 0x5f, 0x67, 0x65, 0x74, 0x70, 0x77, 0x75, 0x69, 0x64, 0x20,
0x5c, 0x2d, 0x20, 0xe6, 0x8c, 0x89, 0x20, 0x55, 0x49, 0x44, 0x20, 0xe6,
0x9f, 0xa5, 0xe6, 0x89, 0xbe, 0xe7, 0x94, 0xa8, 0xe6, 0x88, 0xb7, 0xe6,
0x95, 0xb0, 0xe6, 0x8d, 0xae, 0xe5, 0xba, 0x93, 0xe6, 0x9d, 0xa1, 0xe7,
0x9b, 0xae, 0x0a, 0x2e, 0x53, 0x48, 0x20, 0xe6, 0xa6, 0x82, 0xe8, 0xa6,
0x81, 0x0a, 0x2e, 0x6e, 0x66, 0x0a, 0x23, 0x69, 0x6e, 0x63, 0x6c, 0x75,
0x64, 0x65, 0x20, 0x3c, 0x6d, 0x34, 0x6b, 0x2f, 0x70, 0x77, 0x64, 0x2e,
0x68, 0x3e, 0x0a, 0x69, 0x6e, 0x74, 0x20, 0x6d, 0x75, 0x73, 0x72, 0x5f,
0x67, 0x65, 0x74, 0x70, 0x77, 0x75, 0x69, 0x64, 0x28, 0x75, 0x69, 0x64,
0x5f, 0x74, 0x20, 0x75, 0x69, 0x64, 0x2c, 0x20, 0x70, 0x61, 0x73, 0x73,
0x77, 0x64, 0x5f, 0x65, 0x6e, 0x74, 0x72, 0x79, 0x5f, 0x74, 0x20, 0x2a,
0x6f, 0x75, 0x74, 0x29, 0x3b, 0x0a, 0x2e, 0x66, 0x69, 0x0a, 0x2e, 0x53,
0x48, 0x20, 0xe6, 0x8f, 0x8f, 0xe8, 0xbf, 0xb0, 0x0a, 0xe5, 0x9c, 0xa8,
0x20, 0x2f, 0x65, 0x78, 0x70, 0x6f, 0x72, 0x74, 0x2f, 0x63, 0x66, 0x67,
0x2f, 0x70, 0x61, 0x73, 0x73, 0x77, 0x64, 0x2e, 0x64, 0x62, 0x20, 0xe4,
0xb8, 0xad, 0xe6, 0x9f, 0xa5, 0xe6, 0x89, 0xbe, 0xe5, 0x8c, 0xb9, 0xe9,
0x85, 0x8d, 0x20, 0x55, 0x49, 0x44, 0x20, 0xe7, 0x9a, 0x84, 0xe6, 0x9d,
0xa1, 0xe7, 0x9b, 0xae, 0xef, 0xbc, 0x8c, 0xe7, 0xbb, 0x93, 0xe6, 0x9e,
0x9c, 0xe5, 0x86, 0x99, 0xe5, 0x85, 0xa5, 0x20, 0x6f, 0x75, 0x74, 0xe3,
0x80, 0x82, 0x0a, 0x2e, 0x53, 0x48, 0x20, 0xe8, 0xbf, 0x94, 0xe5, 0x9b,
0x9e, 0xe5, 0x80, 0xbc, 0x0a, 0xe6, 0x88, 0x90, 0xe5, 0x8a, 0x9f, 0xe8,
0xbf, 0x94, 0xe5, 0x9b, 0x9e, 0x20, 0x30, 0xef, 0xbc, 0x8c, 0xe6, 0x9c,
0xaa, 0xe6, 0x89, 0xbe, 0xe5, 0x88, 0xb0, 0xe8, 0xbf, 0x94, 0xe5, 0x9b,
0x9e, 0xe8, 0xb4, 0x9f, 0xe7, 0x9a, 0x84, 0x20, 0x4d, 0x34, 0x4b, 0x5f,
0x45, 0x4e, 0x4f, 0x45, 0x4e, 0x54, 0xe3, 0x80, 0x82, 0x0a, 0x2e, 0x53,
0x48, 0x20, 0xe5, 0x8f, 0x82, 0xe8, 0xa7, 0x81, 0x0a, 0x2e, 0x42, 0x52,
0x20, 0x6d, 0x75, 0x73, 0x72, 0x5f, 0x67, 0x65, 0x74, 0x70, 0x77, 0x6e,
0x61, 0x6d, 0x20, 0x28, 0x33, 0x29, 0x2c, 0x0a, 0x2e, 0x42, 0x52, 0x20,
0x6d, 0x75, 0x73, 0x72, 0x5f, 0x67, 0x65, 0x74, 0x67, 0x72, 0x6e, 0x61,
0x6d, 0x20, 0x28, 0x33, 0x29, 0x0a
};
static const unsigned int man_page_musr_getpwuid__3_len = 462;

static const unsigned char man_page_console__4[] = {
0x2e, 0x5c, 0x22, 0x20, 0x4d, 0x34, 0x4b, 0x4b, 0x31, 0x20, 0x34, 0x50,
0x31, 0x20, 0x2d, 0x20, 0x63, 0x6f, 0x6e, 0x73, 0x6f, 0x6c, 0x65, 0x2e,
0x34, 0x0a, 0x2e, 0x54, 0x48, 0x20, 0x43, 0x4f, 0x4e, 0x53, 0x4f, 0x4c,
0x45, 0x20, 0x34, 0x20, 0x22, 0x32, 0x30, 0x32, 0x36, 0x2d, 0x30, 0x37,
0x2d, 0x32, 0x32, 0x22, 0x20, 0x22, 0x4d, 0x34, 0x4b, 0x4b, 0x31, 0x20,
0x31, 0x2e, 0x30, 0x22, 0x20, 0x22, 0x4d, 0x34, 0x4b, 0x4b, 0x31, 0x20,
0xe8, 0xae, 0xbe, 0xe5, 0xa4, 0x87, 0x22, 0x0a, 0x2e, 0x53, 0x48, 0x20,
0xe5, 0x90, 0x8d, 0xe7, 0xa7, 0xb0, 0x0a, 0x63, 0x6f, 0x6e, 0x73, 0x6f,
0x6c, 0x65, 0x20, 0x5c, 0x2d, 0x20, 0xe6, 0x8e, 0xa7, 0xe5, 0x88, 0xb6,
0xe5, 0x8f, 0xb0, 0xe8, 0xae, 0xbe, 0xe5, 0xa4, 0x87, 0x0a, 0x2e, 0x53,
0x48, 0x20, 0xe6, 0x8f, 0x8f, 0xe8, 0xbf, 0xb0, 0x0a, 0x2f, 0x64, 0x65,
0x76, 0x2f, 0x63, 0x6f, 0x6e, 0x73, 0x6f, 0x6c, 0x65, 0x20, 0xe6, 0x98,
0xaf, 0x20, 0x4d, 0x34, 0x4b, 0x4b, 0x31, 0x20, 0xe7, 0x9a, 0x84, 0xe7,
0xb3, 0xbb, 0xe7, 0xbb, 0x9f, 0xe6, 0x8e, 0xa7, 0xe5, 0x88, 0xb6, 0xe5,
0x8f, 0xb0, 0xe8, 0xae, 0xbe, 0xe5, 0xa4, 0x87, 0xef, 0xbc, 0x8c, 0xe5,
0x90, 0x8e, 0xe7, 0xab, 0xaf, 0xe4, 0xb8, 0xba, 0xe4, 0xb8, 0xb2, 0xe5,
0x8f, 0xa3, 0x20, 0x43, 0x4f, 0x4d, 0x31, 0xe3, 0x80, 0x82, 0xe9, 0x85,
0x8d, 0xe7, 0xbd, 0xae, 0x3a, 0x20, 0x33, 0x38, 0x34, 0x30, 0x30, 0x20,
0x38, 0x4e, 0x31, 0xef, 0xbc, 0x8c, 0xe6, 0x97, 0xa0, 0xe6, 0xb5, 0x81,
0xe6, 0x8e, 0xa7, 0xe3, 0x80, 0x82, 0x0a, 0x2e, 0x53, 0x48, 0x20, 0xe5,
0x8f, 0x82, 0xe8, 0xa7, 0x81, 0x0a, 0x2e, 0x42, 0x52, 0x20, 0x6e, 0x75,
0x6c, 0x6c, 0x20, 0x28, 0x34, 0x29, 0x2c, 0x0a, 0x2e, 0x42, 0x52, 0x20,
0x7a, 0x65, 0x72, 0x6f, 0x20, 0x28, 0x34, 0x29, 0x0a
};
static const unsigned int man_page_console__4_len = 273;

static const unsigned char man_page_null__4[] = {
0x2e, 0x5c, 0x22, 0x20, 0x4d, 0x34, 0x4b, 0x4b, 0x31, 0x20, 0x34, 0x50,
0x31, 0x20, 0x2d, 0x20, 0x6e, 0x75, 0x6c, 0x6c, 0x2e, 0x34, 0x0a, 0x2e,
0x54, 0x48, 0x20, 0x4e, 0x55, 0x4c, 0x4c, 0x20, 0x34, 0x20, 0x22, 0x32,
0x30, 0x32, 0x36, 0x2d, 0x30, 0x37, 0x2d, 0x32, 0x32, 0x22, 0x20, 0x22,
0x4d, 0x34, 0x4b, 0x4b, 0x31, 0x20, 0x31, 0x2e, 0x30, 0x22, 0x20, 0x22,
0x4d, 0x34, 0x4b, 0x4b, 0x31, 0x20, 0xe8, 0xae, 0xbe, 0xe5, 0xa4, 0x87,
0x22, 0x0a, 0x2e, 0x53, 0x48, 0x20, 0xe5, 0x90, 0x8d, 0xe7, 0xa7, 0xb0,
0x0a, 0x6e, 0x75, 0x6c, 0x6c, 0x20, 0x5c, 0x2d, 0x20, 0xe7, 0xa9, 0xba,
0xe8, 0xae, 0xbe, 0xe5, 0xa4, 0x87, 0x0a, 0x2e, 0x53, 0x48, 0x20, 0xe6,
0x8f, 0x8f, 0xe8, 0xbf, 0xb0, 0x0a, 0x2f, 0x64, 0x65, 0x76, 0x2f, 0x6e,
0x75, 0x6c, 0x6c, 0x20, 0xe6, 0x98, 0xaf, 0xe4, 0xb8, 0x80, 0xe4, 0xb8,
0xaa, 0xe7, 0x89, 0xb9, 0xe6, 0xae, 0x8a, 0xe7, 0x9a, 0x84, 0xe8, 0xae,
0xbe, 0xe5, 0xa4, 0x87, 0xe6, 0x96, 0x87, 0xe4, 0xbb, 0xb6, 0xe3, 0x80,
0x82, 0xe6, 0x89, 0x80, 0xe6, 0x9c, 0x89, 0xe5, 0x86, 0x99, 0xe5, 0x85,
0xa5, 0x20, 0x2f, 0x64, 0x65, 0x76, 0x2f, 0x6e, 0x75, 0x6c, 0x6c, 0x20,
0xe7, 0x9a, 0x84, 0xe6, 0x95, 0xb0, 0xe6, 0x8d, 0xae, 0xe8, 0xa2, 0xab,
0xe4, 0xb8, 0xa2, 0xe5, 0xbc, 0x83, 0xe3, 0x80, 0x82, 0xe8, 0xaf, 0xbb,
0xe5, 0x8f, 0x96, 0x20, 0x2f, 0x64, 0x65, 0x76, 0x2f, 0x6e, 0x75, 0x6c,
0x6c, 0x20, 0xe8, 0xbf, 0x94, 0xe5, 0x9b, 0x9e, 0x20, 0x45, 0x4f, 0x46,
0xef, 0xbc, 0x88, 0x30, 0x20, 0xe5, 0xad, 0x97, 0xe8, 0x8a, 0x82, 0xef,
0xbc, 0x89, 0xe3, 0x80, 0x82, 0x0a, 0x2e, 0x53, 0x48, 0x20, 0xe5, 0x8f,
0x82, 0xe8, 0xa7, 0x81, 0x0a, 0x2e, 0x42, 0x52, 0x20, 0x7a, 0x65, 0x72,
0x6f, 0x20, 0x28, 0x34, 0x29, 0x2c, 0x0a, 0x2e, 0x42, 0x52, 0x20, 0x63,
0x6f, 0x6e, 0x73, 0x6f, 0x6c, 0x65, 0x20, 0x28, 0x34, 0x29, 0x0a
};
static const unsigned int man_page_null__4_len = 287;

static const unsigned char man_page_zero__4[] = {
0x2e, 0x5c, 0x22, 0x20, 0x4d, 0x34, 0x4b, 0x4b, 0x31, 0x20, 0x34, 0x50,
0x31, 0x20, 0x2d, 0x20, 0x7a, 0x65, 0x72, 0x6f, 0x2e, 0x34, 0x0a, 0x2e,
0x54, 0x48, 0x20, 0x5a, 0x45, 0x52, 0x4f, 0x20, 0x34, 0x20, 0x22, 0x32,
0x30, 0x32, 0x36, 0x2d, 0x30, 0x37, 0x2d, 0x32, 0x32, 0x22, 0x20, 0x22,
0x4d, 0x34, 0x4b, 0x4b, 0x31, 0x20, 0x31, 0x2e, 0x30, 0x22, 0x20, 0x22,
0x4d, 0x34, 0x4b, 0x4b, 0x31, 0x20, 0xe8, 0xae, 0xbe, 0xe5, 0xa4, 0x87,
0x22, 0x0a, 0x2e, 0x53, 0x48, 0x20, 0xe5, 0x90, 0x8d, 0xe7, 0xa7, 0xb0,
0x0a, 0x7a, 0x65, 0x72, 0x6f, 0x20, 0x5c, 0x2d, 0x20, 0xe9, 0x9b, 0xb6,
0xe8, 0xae, 0xbe, 0xe5, 0xa4, 0x87, 0x0a, 0x2e, 0x53, 0x48, 0x20, 0xe6,
0x8f, 0x8f, 0xe8, 0xbf, 0xb0, 0x0a, 0x2f, 0x64, 0x65, 0x76, 0x2f, 0x7a,
0x65, 0x72, 0x6f, 0x20, 0xe6, 0x98, 0xaf, 0xe4, 0xb8, 0x80, 0xe4, 0xb8,
0xaa, 0xe7, 0x89, 0xb9, 0xe6, 0xae, 0x8a, 0xe7, 0x9a, 0x84, 0xe8, 0xae,
0xbe, 0xe5, 0xa4, 0x87, 0xe6, 0x96, 0x87, 0xe4, 0xbb, 0xb6, 0xe3, 0x80,
0x82, 0xe8, 0xaf, 0xbb, 0xe5, 0x8f, 0x96, 0x20, 0x2f, 0x64, 0x65, 0x76,
0x2f, 0x7a, 0x65, 0x72, 0x6f, 0x20, 0xe8, 0xbf, 0x94, 0xe5, 0x9b, 0x9e,
0xe6, 0x97, 0xa0, 0xe9, 0x99, 0x90, 0xe6, 0x95, 0xb0, 0xe9, 0x87, 0x8f,
0xe7, 0x9a, 0x84, 0x20, 0x5c, 0x5c, 0x30, 0x20, 0xe5, 0xad, 0x97, 0xe8,
0x8a, 0x82, 0xe3, 0x80, 0x82, 0xe5, 0x86, 0x99, 0xe5, 0x85, 0xa5, 0x20,
0x2f, 0x64, 0x65, 0x76, 0x2f, 0x7a, 0x65, 0x72, 0x6f, 0x20, 0xe7, 0x9a,
0x84, 0xe6, 0x95, 0xb0, 0xe6, 0x8d, 0xae, 0xe8, 0xa2, 0xab, 0xe4, 0xb8,
0xa2, 0xe5, 0xbc, 0x83, 0xe3, 0x80, 0x82, 0x0a, 0x2e, 0x53, 0x48, 0x20,
0xe5, 0x8f, 0x82, 0xe8, 0xa7, 0x81, 0x0a, 0x2e, 0x42, 0x52, 0x20, 0x6e,
0x75, 0x6c, 0x6c, 0x20, 0x28, 0x34, 0x29, 0x2c, 0x0a, 0x2e, 0x42, 0x52,
0x20, 0x63, 0x6f, 0x6e, 0x73, 0x6f, 0x6c, 0x65, 0x20, 0x28, 0x34, 0x29,
0x0a
};
static const unsigned int man_page_zero__4_len = 289;

static const unsigned char man_page_groups_db__5[] = {
0x2e, 0x5c, 0x22, 0x20, 0x4d, 0x34, 0x4b, 0x4b, 0x31, 0x20, 0x34, 0x50,
0x31, 0x20, 0x2d, 0x20, 0x67, 0x72, 0x6f, 0x75, 0x70, 0x73, 0x2e, 0x64,
0x62, 0x2e, 0x35, 0x0a, 0x2e, 0x54, 0x48, 0x20, 0x47, 0x52, 0x4f, 0x55,
0x50, 0x53, 0x2e, 0x44, 0x42, 0x20, 0x35, 0x20, 0x22, 0x32, 0x30, 0x32,
0x36, 0x2d, 0x30, 0x37, 0x2d, 0x32, 0x32, 0x22, 0x20, 0x22, 0x4d, 0x34,
0x4b, 0x4b, 0x31, 0x20, 0x31, 0x2e, 0x30, 0x22, 0x20, 0x22, 0x4d, 0x34,
0x4b, 0x4b, 0x31, 0x20, 0xe9, 0x85, 0x8d, 0xe7, 0xbd, 0xae, 0xe6, 0x96,
0x87, 0xe4, 0xbb, 0xb6, 0x22, 0x0a, 0x2e, 0x53, 0x48, 0x20, 0xe5, 0x90,
0x8d, 0xe7, 0xa7, 0xb0, 0x0a, 0x67, 0x72, 0x6f, 0x75, 0x70, 0x73, 0x2e,
0x64, 0x62, 0x20, 0x5c, 0x2d, 0x20, 0x4d, 0x34, 0x4b, 0x4b, 0x31, 0x20,
0xe7, 0xbb, 0x84, 0xe6, 0x95, 0xb0, 0xe6, 0x8d, 0xae, 0xe5, 0xba, 0x93,
0x0a, 0x2e, 0x53, 0x48, 0x20, 0xe6, 0x8f, 0x8f, 0xe8, 0xbf, 0xb0, 0x0a,
0x2f, 0x65, 0x74, 0x63, 0x2f, 0x67, 0x72, 0x6f, 0x75, 0x70, 0x73, 0x2e,
0x64, 0x62, 0xef, 0xbc, 0x88, 0xe5, 0xae, 0x9e, 0xe9, 0x99, 0x85, 0xe4,
0xbd, 0x8d, 0xe4, 0xba, 0x8e, 0x20, 0x2f, 0x65, 0x78, 0x70, 0x6f, 0x72,
0x74, 0x2f, 0x63, 0x66, 0x67, 0x2f, 0x67, 0x72, 0x6f, 0x75, 0x70, 0x73,
0x2e, 0x64, 0x62, 0xef, 0xbc, 0x89, 0xe5, 0x8c, 0x85, 0xe5, 0x90, 0xab,
0xe7, 0xb3, 0xbb, 0xe7, 0xbb, 0x9f, 0xe7, 0xbb, 0x84, 0xe4, 0xbf, 0xa1,
0xe6, 0x81, 0xaf, 0xe3, 0x80, 0x82, 0xe6, 0xaf, 0x8f, 0xe4, 0xb8, 0x80,
0xe8, 0xa1, 0x8c, 0xe5, 0x8c, 0x85, 0xe5, 0x90, 0xab, 0xe7, 0x94, 0xb1,
0xe5, 0x86, 0x92, 0xe5, 0x8f, 0xb7, 0xe5, 0x88, 0x86, 0xe9, 0x9a, 0x94,
0xe7, 0x9a, 0x84, 0xe5, 0xad, 0x97, 0xe6, 0xae, 0xb5, 0x3a, 0x0a, 0x2e,
0x54, 0x50, 0x0a, 0x2e, 0x42, 0x20, 0x67, 0x72, 0x6f, 0x75, 0x70, 0x6e,
0x61, 0x6d, 0x65, 0x0a, 0xe7, 0xbb, 0x84, 0xe5, 0x90, 0x8d, 0x0a, 0x2e,
0x54, 0x50, 0x0a, 0x2e, 0x42, 0x20, 0x67, 0x69, 0x64, 0x0a, 0xe7, 0xbb,
0x84, 0x20, 0x49, 0x44, 0x0a, 0x2e, 0x54, 0x50, 0x0a, 0x2e, 0x42, 0x20,
0x6d, 0x65, 0x6d, 0x62, 0x65, 0x72, 0x73, 0x0a, 0xe9, 0x80, 0x97, 0xe5,
0x8f, 0xb7, 0xe5, 0x88, 0x86, 0xe9, 0x9a, 0x94, 0xe7, 0x9a, 0x84, 0xe6,
0x88, 0x90, 0xe5, 0x91, 0x98, 0xe5, 0x88, 0x97, 0xe8, 0xa1, 0xa8, 0x0a,
0x2e, 0x53, 0x48, 0x20, 0xe7, 0xa4, 0xba, 0xe4, 0xbe, 0x8b, 0x0a, 0x2e,
0x6e, 0x66, 0x0a, 0x70, 0x72, 0x69, 0x6d, 0x65, 0x3a, 0x31, 0x30, 0x30,
0x31, 0x3a, 0x72, 0x6f, 0x6f, 0x74, 0x2c, 0x74, 0x65, 0x73, 0x74, 0x75,
0x73, 0x65, 0x72, 0x0a, 0x2e, 0x66, 0x69, 0x0a, 0x2e, 0x53, 0x48, 0x20,
0xe5, 0x8f, 0x82, 0xe8, 0xa7, 0x81, 0x0a, 0x2e, 0x42, 0x52, 0x20, 0x70,
0x61, 0x73, 0x73, 0x77, 0x64, 0x2e, 0x64, 0x62, 0x20, 0x28, 0x35, 0x29,
0x2c, 0x0a, 0x2e, 0x42, 0x52, 0x20, 0x6c, 0x6f, 0x67, 0x69, 0x6e, 0x2e,
0x63, 0x6f, 0x6e, 0x66, 0x20, 0x28, 0x35, 0x29, 0x0a
};
static const unsigned int man_page_groups_db__5_len = 441;

static const unsigned char man_page_login_conf__5[] = {
0x2e, 0x5c, 0x22, 0x20, 0x4d, 0x34, 0x4b, 0x4b, 0x31, 0x20, 0x34, 0x50,
0x31, 0x20, 0x2d, 0x20, 0x6c, 0x6f, 0x67, 0x69, 0x6e, 0x2e, 0x63, 0x6f,
0x6e, 0x66, 0x2e, 0x35, 0x0a, 0x2e, 0x54, 0x48, 0x20, 0x4c, 0x4f, 0x47,
0x49, 0x4e, 0x2e, 0x43, 0x4f, 0x4e, 0x46, 0x20, 0x35, 0x20, 0x22, 0x32,
0x30, 0x32, 0x36, 0x2d, 0x30, 0x37, 0x2d, 0x32, 0x32, 0x22, 0x20, 0x22,
0x4d, 0x34, 0x4b, 0x4b, 0x31, 0x20, 0x31, 0x2e, 0x30, 0x22, 0x20, 0x22,
0x4d, 0x34, 0x4b, 0x4b, 0x31, 0x20, 0xe9, 0x85, 0x8d, 0xe7, 0xbd, 0xae,
0xe6, 0x96, 0x87, 0xe4, 0xbb, 0xb6, 0x22, 0x0a, 0x2e, 0x53, 0x48, 0x20,
0xe5, 0x90, 0x8d, 0xe7, 0xa7, 0xb0, 0x0a, 0x6c, 0x6f, 0x67, 0x69, 0x6e,
0x2e, 0x63, 0x6f, 0x6e, 0x66, 0x20, 0x5c, 0x2d, 0x20, 0x4d, 0x34, 0x4b,
0x4b, 0x31, 0x20, 0xe7, 0x99, 0xbb, 0xe5, 0xbd, 0x95, 0xe7, 0xb1, 0xbb,
0xe5, 0x88, 0xab, 0xe8, 0xb5, 0x84, 0xe6, 0xba, 0x90, 0xe9, 0x99, 0x90,
0xe5, 0x88, 0xb6, 0xe9, 0x85, 0x8d, 0xe7, 0xbd, 0xae, 0x0a, 0x2e, 0x53,
0x48, 0x20, 0xe6, 0x8f, 0x8f, 0xe8, 0xbf, 0xb0, 0x0a, 0x2f, 0x65, 0x78,
0x70, 0x6f, 0x72, 0x74, 0x2f, 0x6c, 0x6f, 0x67, 0x69, 0x6e, 0x2e, 0x63,
0x6f, 0x6e, 0x66, 0x20, 0xe5, 0xae, 0x9a, 0xe4, 0xb9, 0x89, 0x20, 0x42,
0x53, 0x44, 0x20, 0xe9, 0xa3, 0x8e, 0xe6, 0xa0, 0xbc, 0xe7, 0x9a, 0x84,
0xe7, 0x99, 0xbb, 0xe5, 0xbd, 0x95, 0xe7, 0xb1, 0xbb, 0xe5, 0x88, 0xab,
0xe5, 0x92, 0x8c, 0xe8, 0xb5, 0x84, 0xe6, 0xba, 0x90, 0xe9, 0x99, 0x90,
0xe5, 0x88, 0xb6, 0xe3, 0x80, 0x82, 0x0a, 0x2e, 0x53, 0x48, 0x20, 0xe6,
0x96, 0x87, 0xe4, 0xbb, 0xb6, 0xe6, 0xa0, 0xbc, 0xe5, 0xbc, 0x8f, 0x0a,
0x2e, 0x6e, 0x66, 0x0a, 0x3c, 0xe7, 0xb1, 0xbb, 0xe5, 0x90, 0x8d, 0x3e,
0x3a, 0x5c, 0x5c, 0x0a, 0x20, 0x20, 0x20, 0x20, 0x3a, 0x3c, 0xe9, 0x94,
0xae, 0x3e, 0x3d, 0x3c, 0xe5, 0x80, 0xbc, 0x3e, 0x3a, 0x5c, 0x5c, 0x0a,
0x20, 0x20, 0x20, 0x20, 0x3a, 0x3c, 0xe9, 0x94, 0xae, 0x3e, 0x3d, 0x3c,
0xe5, 0x80, 0xbc, 0x3e, 0x3a, 0x0a, 0x2e, 0x66, 0x69, 0x0a, 0x2e, 0x53,
0x48, 0x20, 0xe8, 0xb5, 0x84, 0xe6, 0xba, 0x90, 0xe9, 0x94, 0xae, 0x0a,
0x2e, 0x54, 0x50, 0x0a, 0x2e, 0x42, 0x20, 0x63, 0x70, 0x75, 0x74, 0x69,
0x6d, 0x65, 0x0a, 0x43, 0x50, 0x55, 0x20, 0xe6, 0x97, 0xb6, 0xe9, 0x97,
0xb4, 0xef, 0xbc, 0x88, 0xe7, 0xa7, 0x92, 0xef, 0xbc, 0x89, 0x0a, 0x2e,
0x54, 0x50, 0x0a, 0x2e, 0x42, 0x20, 0x64, 0x61, 0x74, 0x61, 0x73, 0x69,
0x7a, 0x65, 0x0a, 0xe6, 0x95, 0xb0, 0xe6, 0x8d, 0xae, 0xe6, 0xae, 0xb5,
0x20, 0x2b, 0x20, 0xe5, 0xa0, 0x86, 0xe5, 0xa4, 0xa7, 0xe5, 0xb0, 0x8f,
0x0a, 0x2e, 0x54, 0x50, 0x0a, 0x2e, 0x42, 0x20, 0x73, 0x74, 0x61, 0x63,
0x6b, 0x73, 0x69, 0x7a, 0x65, 0x0a, 0xe6, 0xa0, 0x88, 0xe5, 0xa4, 0xa7,
0xe5, 0xb0, 0x8f, 0x0a, 0x2e, 0x54, 0x50, 0x0a, 0x2e, 0x42, 0x20, 0x6d,
0x61, 0x78, 0x70, 0x72, 0x6f, 0x63, 0x0a, 0xe6, 0x9c, 0x80, 0xe5, 0xa4,
0xa7, 0xe8, 0xbf, 0x9b, 0xe7, 0xa8, 0x8b, 0xe6, 0x95, 0xb0, 0x0a, 0x2e,
0x54, 0x50, 0x0a, 0x2e, 0x42, 0x20, 0x6f, 0x70, 0x65, 0x6e, 0x66, 0x69,
0x6c, 0x65, 0x73, 0x0a, 0xe6, 0x9c, 0x80, 0xe5, 0xa4, 0xa7, 0xe6, 0x89,
0x93, 0xe5, 0xbc, 0x80, 0xe6, 0x96, 0x87, 0xe4, 0xbb, 0xb6, 0xe6, 0x95,
0xb0, 0x0a, 0x2e, 0x53, 0x48, 0x20, 0xe5, 0x8f, 0x82, 0xe8, 0xa7, 0x81,
0x0a, 0x2e, 0x42, 0x52, 0x20, 0x70, 0x61, 0x73, 0x73, 0x77, 0x64, 0x2e,
0x64, 0x62, 0x20, 0x28, 0x35, 0x29, 0x2c, 0x0a, 0x2e, 0x42, 0x52, 0x20,
0x67, 0x72, 0x6f, 0x75, 0x70, 0x73, 0x2e, 0x64, 0x62, 0x20, 0x28, 0x35,
0x29, 0x0a
};
static const unsigned int man_page_login_conf__5_len = 542;

static const unsigned char man_page_passwd_db__5[] = {
0x2e, 0x5c, 0x22, 0x20, 0x4d, 0x34, 0x4b, 0x4b, 0x31, 0x20, 0x34, 0x50,
0x31, 0x20, 0x2d, 0x20, 0x70, 0x61, 0x73, 0x73, 0x77, 0x64, 0x2e, 0x64,
0x62, 0x2e, 0x35, 0x0a, 0x2e, 0x54, 0x48, 0x20, 0x50, 0x41, 0x53, 0x53,
0x57, 0x44, 0x2e, 0x44, 0x42, 0x20, 0x35, 0x20, 0x22, 0x32, 0x30, 0x32,
0x36, 0x2d, 0x30, 0x37, 0x2d, 0x32, 0x32, 0x22, 0x20, 0x22, 0x4d, 0x34,
0x4b, 0x4b, 0x31, 0x20, 0x31, 0x2e, 0x30, 0x22, 0x20, 0x22, 0x4d, 0x34,
0x4b, 0x4b, 0x31, 0x20, 0xe9, 0x85, 0x8d, 0xe7, 0xbd, 0xae, 0xe6, 0x96,
0x87, 0xe4, 0xbb, 0xb6, 0x22, 0x0a, 0x2e, 0x53, 0x48, 0x20, 0xe5, 0x90,
0x8d, 0xe7, 0xa7, 0xb0, 0x0a, 0x70, 0x61, 0x73, 0x73, 0x77, 0x64, 0x2e,
0x64, 0x62, 0x20, 0x5c, 0x2d, 0x20, 0x4d, 0x34, 0x4b, 0x4b, 0x31, 0x20,
0xe7, 0x94, 0xa8, 0xe6, 0x88, 0xb7, 0xe6, 0x95, 0xb0, 0xe6, 0x8d, 0xae,
0xe5, 0xba, 0x93, 0x0a, 0x2e, 0x53, 0x48, 0x20, 0xe6, 0x8f, 0x8f, 0xe8,
0xbf, 0xb0, 0x0a, 0x2f, 0x65, 0x74, 0x63, 0x2f, 0x70, 0x61, 0x73, 0x73,
0x77, 0x64, 0x2e, 0x64, 0x62, 0xef, 0xbc, 0x88, 0xe5, 0xae, 0x9e, 0xe9,
0x99, 0x85, 0xe4, 0xbd, 0x8d, 0xe4, 0xba, 0x8e, 0x20, 0x2f, 0x65, 0x78,
0x70, 0x6f, 0x72, 0x74, 0x2f, 0x63, 0x66, 0x67, 0x2f, 0x70, 0x61, 0x73,
0x73, 0x77, 0x64, 0x2e, 0x64, 0x62, 0xef, 0xbc, 0x89, 0xe5, 0x8c, 0x85,
0xe5, 0x90, 0xab, 0xe6, 0xaf, 0x8f, 0xe4, 0xb8, 0xaa, 0xe7, 0x94, 0xa8,
0xe6, 0x88, 0xb7, 0xe7, 0x9a, 0x84, 0xe8, 0xb4, 0xa6, 0xe6, 0x88, 0xb7,
0xe4, 0xbf, 0xa1, 0xe6, 0x81, 0xaf, 0xe3, 0x80, 0x82, 0xe6, 0xaf, 0x8f,
0xe4, 0xb8, 0x80, 0xe8, 0xa1, 0x8c, 0xe5, 0x8c, 0x85, 0xe5, 0x90, 0xab,
0xe7, 0x94, 0xb1, 0xe5, 0x86, 0x92, 0xe5, 0x8f, 0xb7, 0xe5, 0x88, 0x86,
0xe9, 0x9a, 0x94, 0xe7, 0x9a, 0x84, 0x20, 0x37, 0x20, 0xe4, 0xb8, 0xaa,
0xe5, 0xad, 0x97, 0xe6, 0xae, 0xb5, 0x3a, 0x0a, 0x2e, 0x54, 0x50, 0x0a,
0x2e, 0x42, 0x20, 0x75, 0x73, 0x65, 0x72, 0x6e, 0x61, 0x6d, 0x65, 0x0a,
0xe7, 0x94, 0xa8, 0xe6, 0x88, 0xb7, 0xe5, 0x90, 0x8d, 0x0a, 0x2e, 0x54,
0x50, 0x0a, 0x2e, 0x42, 0x20, 0x75, 0x69, 0x64, 0x0a, 0xe7, 0x94, 0xa8,
0xe6, 0x88, 0xb7, 0x20, 0x49, 0x44, 0x0a, 0x2e, 0x54, 0x50, 0x0a, 0x2e,
0x42, 0x20, 0x67, 0x69, 0x64, 0x0a, 0xe4, 0xb8, 0xbb, 0xe7, 0xbb, 0x84,
0x20, 0x49, 0x44, 0x0a, 0x2e, 0x54, 0x50, 0x0a, 0x2e, 0x42, 0x20, 0x68,
0x6f, 0x6d, 0x65, 0x0a, 0xe5, 0xae, 0xb6, 0xe7, 0x9b, 0xae, 0xe5, 0xbd,
0x95, 0xe8, 0xb7, 0xaf, 0xe5, 0xbe, 0x84, 0x0a, 0x2e, 0x54, 0x50, 0x0a,
0x2e, 0x42, 0x20, 0x73, 0x68, 0x65, 0x6c, 0x6c, 0x0a, 0xe7, 0x99, 0xbb,
0xe5, 0xbd, 0x95, 0x20, 0x53, 0x68, 0x65, 0x6c, 0x6c, 0x0a, 0x2e, 0x54,
0x50, 0x0a, 0x2e, 0x42, 0x20, 0x67, 0x65, 0x63, 0x6f, 0x73, 0x0a, 0xe7,
0x94, 0xa8, 0xe6, 0x88, 0xb7, 0xe5, 0x85, 0xa8, 0xe5, 0x90, 0x8d, 0x2f,
0xe6, 0x8f, 0x8f, 0xe8, 0xbf, 0xb0, 0x0a, 0x2e, 0x54, 0x50, 0x0a, 0x2e,
0x42, 0x20, 0x70, 0x61, 0x73, 0x73, 0x77, 0x6f, 0x72, 0x64, 0x5f, 0x68,
0x61, 0x73, 0x68, 0x0a, 0xe5, 0xaf, 0x86, 0xe7, 0xa0, 0x81, 0xe5, 0x93,
0x88, 0xe5, 0xb8, 0x8c, 0xef, 0xbc, 0x88, 0x24, 0x53, 0x48, 0x41, 0x24,
0x73, 0x61, 0x6c, 0x74, 0x24, 0x68, 0x61, 0x73, 0x68, 0x20, 0xe6, 0xa0,
0xbc, 0xe5, 0xbc, 0x8f, 0xef, 0xbc, 0x89, 0x0a, 0x2e, 0x53, 0x48, 0x20,
0xe5, 0x8f, 0x82, 0xe8, 0xa7, 0x81, 0x0a, 0x2e, 0x42, 0x52, 0x20, 0x67,
0x72, 0x6f, 0x75, 0x70, 0x73, 0x2e, 0x64, 0x62, 0x20, 0x28, 0x35, 0x29,
0x2c, 0x0a, 0x2e, 0x42, 0x52, 0x20, 0x6c, 0x6f, 0x67, 0x69, 0x6e, 0x2e,
0x63, 0x6f, 0x6e, 0x66, 0x20, 0x28, 0x35, 0x29, 0x0a
};
static const unsigned int man_page_passwd_db__5_len = 549;

static const unsigned char man_page_desktop__7[] = {
0x2e, 0x44, 0x44, 0x20, 0x24, 0x7b, 0x64, 0x61, 0x74, 0x65, 0x7d, 0x0d,
0x0a, 0x2e, 0x54, 0x48, 0x20, 0x4d, 0x34, 0x4b, 0x4b, 0x31, 0x20, 0x37,
0x20, 0x22, 0xe6, 0xa1, 0x8c, 0xe9, 0x9d, 0xa2, 0xe4, 0xba, 0xa4, 0xe4,
0xba, 0x92, 0xe6, 0x8c, 0x87, 0xe5, 0x8d, 0x97, 0x22, 0x0d, 0x0a, 0x2e,
0x53, 0x48, 0x20, 0xe5, 0x90, 0x8d, 0xe7, 0xa7, 0xb0, 0x0d, 0x0a, 0xe6,
0xa1, 0x8c, 0xe9, 0x9d, 0xa2, 0xe4, 0xba, 0xa4, 0xe4, 0xba, 0x92, 0xe6,
0x8c, 0x87, 0xe5, 0x8d, 0x97, 0x20, 0x5c, 0x2d, 0x20, 0x53, 0x70, 0x72,
0x61, 0x63, 0x68, 0x20, 0xe7, 0xaa, 0x97, 0xe5, 0x8f, 0xa3, 0xe7, 0xae,
0xa1, 0xe7, 0x90, 0x86, 0xe5, 0x99, 0xa8, 0xe4, 0xb8, 0x8e, 0xe6, 0xa1,
0x8c, 0xe9, 0x9d, 0xa2, 0xe5, 0xba, 0x94, 0xe7, 0x94, 0xa8, 0xe7, 0x9a,
0x84, 0xe5, 0xbf, 0xab, 0xe6, 0x8d, 0xb7, 0xe9, 0x94, 0xae, 0xe3, 0x80,
0x81, 0xe8, 0x8f, 0x9c, 0xe5, 0x8d, 0x95, 0xe4, 0xb8, 0x8e, 0xe6, 0x93,
0x8d, 0xe4, 0xbd, 0x9c, 0xe8, 0xaf, 0xb4, 0xe6, 0x98, 0x8e, 0x0d, 0x0a,
0x2e, 0x53, 0x48, 0x20, 0xe6, 0xa6, 0x82, 0xe8, 0xbf, 0xb0, 0x0d, 0x0a,
0xe6, 0x9c, 0xac, 0xe6, 0x96, 0x87, 0xe6, 0xa1, 0xa3, 0xe6, 0x8f, 0x8f,
0xe8, 0xbf, 0xb0, 0x20, 0x4d, 0x34, 0x4b, 0x4b, 0x31, 0x20, 0xe6, 0xa1,
0x8c, 0xe9, 0x9d, 0xa2, 0xe7, 0x8e, 0xaf, 0xe5, 0xa2, 0x83, 0xef, 0xbc,
0x88, 0x43, 0x6f, 0x70, 0x6c, 0x61, 0x6e, 0x64, 0x20, 0xe6, 0x98, 0xbe,
0xe7, 0xa4, 0xba, 0xe6, 0x9c, 0x8d, 0xe5, 0x8a, 0xa1, 0xe5, 0x99, 0xa8,
0x20, 0x2b, 0x20, 0x53, 0x70, 0x72, 0x61, 0x63, 0x68, 0x20, 0x57, 0x4d,
0x20, 0x2b, 0x20, 0x4d, 0x44, 0x4d, 0x20, 0xe7, 0x99, 0xbb, 0xe5, 0xbd,
0x95, 0xe5, 0x99, 0xa8, 0xef, 0xbc, 0x89, 0xe7, 0x9a, 0x84, 0xe4, 0xba,
0xa4, 0xe4, 0xba, 0x92, 0xe5, 0x8a, 0x9f, 0xe8, 0x83, 0xbd, 0xef, 0xbc,
0x9a, 0x0d, 0x0a, 0x42, 0x61, 0x72, 0x20, 0xe8, 0x8f, 0x9c, 0xe5, 0x8d,
0x95, 0xe3, 0x80, 0x81, 0x44, 0x6f, 0x63, 0x6b, 0x20, 0xe5, 0xbf, 0xab,
0xe9, 0x80, 0x9f, 0xe5, 0x90, 0xaf, 0xe5, 0x8a, 0xa8, 0xe3, 0x80, 0x81,
0xe5, 0x90, 0xaf, 0xe5, 0x8a, 0xa8, 0xe5, 0x8f, 0xb0, 0xef, 0xbc, 0x88,
0x4c, 0x61, 0x75, 0x6e, 0x63, 0x68, 0x70, 0x61, 0x64, 0xef, 0xbc, 0x89,
0xe3, 0x80, 0x81, 0xe6, 0x96, 0x87, 0xe4, 0xbb, 0xb6, 0xe7, 0xae, 0xa1,
0xe7, 0x90, 0x86, 0xe5, 0x99, 0xa8, 0xef, 0xbc, 0x88, 0x66, 0x6d, 0xef,
0xbc, 0x89, 0xe3, 0x80, 0x81, 0xe8, 0x99, 0x9a, 0xe6, 0x8b, 0x9f, 0xe6,
0xa1, 0x8c, 0xe9, 0x9d, 0xa2, 0xe4, 0xb8, 0x8e, 0xe5, 0xa3, 0x81, 0xe7,
0xba, 0xb8, 0xe7, 0xb3, 0xbb, 0xe7, 0xbb, 0x9f, 0xe3, 0x80, 0x82, 0x0d,
0x0a, 0x2e, 0x5c, 0x22, 0x20, 0xe8, 0xa7, 0x84, 0xe5, 0x88, 0x99, 0xe9,
0x94, 0xae, 0xef, 0xbc, 0x88, 0x52, 0x75, 0x6c, 0x65, 0xef, 0xbc, 0x89,
0x0d, 0x0a, 0xe8, 0xa7, 0x84, 0xe5, 0x88, 0x99, 0xe9, 0x94, 0xae, 0xef,
0xbc, 0x88, 0x5c, 0x66, 0x42, 0x52, 0x75, 0x6c, 0x65, 0x5c, 0x66, 0x52,
0xef, 0xbc, 0x89, 0xe5, 0x8d, 0xb3, 0xe9, 0x94, 0xae, 0xe7, 0x9b, 0x98,
0xe4, 0xb8, 0x8a, 0xe7, 0x9a, 0x84, 0x20, 0x57, 0x69, 0x6e, 0x2f, 0x4d,
0x65, 0x74, 0x61, 0x20, 0xe9, 0x94, 0xae, 0xef, 0xbc, 0x8c, 0xe5, 0x9c,
0xa8, 0xe5, 0xbd, 0x93, 0xe5, 0x89, 0x8d, 0xe9, 0x94, 0xae, 0xe4, 0xbd,
0x8d, 0xe6, 0x98, 0xa0, 0xe5, 0xb0, 0x84, 0xe4, 0xb8, 0xad, 0xe4, 0xb8,
0x8e, 0x20, 0x5c, 0x66, 0x42, 0x41, 0x6c, 0x74, 0x5c, 0x66, 0x52, 0x20,
0xe5, 0x90, 0x8c, 0xe4, 0xb8, 0x80, 0xe4, 0xbf, 0xae, 0xe9, 0xa5, 0xb0,
0xe4, 0xbd, 0x8d, 0xe3, 0x80, 0x82, 0x0d, 0x0a, 0x2e, 0x53, 0x48, 0x20,
0x42, 0x61, 0x72, 0x20, 0xe8, 0x8f, 0x9c, 0xe5, 0x8d, 0x95, 0x0d, 0x0a,
0xe7, 0x82, 0xb9, 0xe5, 0x87, 0xbb, 0x20, 0x42, 0x61, 0x72, 0x20, 0xe5,
0xb7, 0xa6, 0xe4, 0xb8, 0x8a, 0xe8, 0xa7, 0x92, 0x20, 0x22, 0x4d, 0x34,
0x4b, 0x4b, 0x31, 0x22, 0x20, 0xe5, 0x93, 0x81, 0xe7, 0x89, 0x8c, 0xe6,
0x96, 0x87, 0xe5, 0xad, 0x97, 0xe5, 0xbc, 0xb9, 0xe5, 0x87, 0xba, 0xe4,
0xb8, 0x8b, 0xe6, 0x8b, 0x89, 0xe8, 0x8f, 0x9c, 0xe5, 0x8d, 0x95, 0xef,
0xbc, 0x9a, 0x0d, 0x0a, 0x2e, 0x54, 0x50, 0x0d, 0x0a, 0x2e, 0x42, 0x20,
0xe5, 0x85, 0xb3, 0xe4, 0xba, 0x8e, 0xe6, 0x9c, 0xac, 0xe6, 0x9c, 0xba,
0x20, 0x28, 0x41, 0x62, 0x6f, 0x75, 0x74, 0x20, 0x54, 0x68, 0x69, 0x73,
0x20, 0x50, 0x43, 0x29, 0x0d, 0x0a, 0xe5, 0xbc, 0xb9, 0xe5, 0x87, 0xba,
0xe4, 0xbf, 0xa1, 0xe6, 0x81, 0xaf, 0xe9, 0x9d, 0xa2, 0xe6, 0x9d, 0xbf,
0xef, 0xbc, 0x8c, 0xe6, 0x98, 0xbe, 0xe7, 0xa4, 0xba, 0x20, 0x4f, 0x53,
0x2f, 0xe5, 0x86, 0x85, 0xe6, 0xa0, 0xb8, 0xe7, 0x89, 0x88, 0xe6, 0x9c,
0xac, 0xef, 0xbc, 0x88, 0x75, 0x6e, 0x61, 0x6d, 0x65, 0xef, 0xbc, 0x89,
0xe3, 0x80, 0x81, 0xe5, 0x86, 0x85, 0xe5, 0xad, 0x98, 0xe6, 0x80, 0xbb,
0xe9, 0x87, 0x8f, 0x2f, 0xe5, 0xb7, 0xb2, 0xe7, 0x94, 0xa8, 0x2f, 0xe7,
0xa9, 0xba, 0xe9, 0x97, 0xb2, 0xef, 0xbc, 0x88, 0x73, 0x79, 0x73, 0x69,
0x6e, 0x66, 0x6f, 0xef, 0xbc, 0x8c, 0xe5, 0x8d, 0x95, 0xe4, 0xbd, 0x8d,
0x20, 0x4b, 0x42, 0xef, 0xbc, 0x89, 0xe3, 0x80, 0x81, 0x0d, 0x0a, 0xe6,
0x9e, 0x84, 0xe5, 0xbb, 0xba, 0xe6, 0x97, 0xa5, 0xe6, 0x9c, 0x9f, 0xe4,
0xb8, 0x8e, 0x20, 0x43, 0x50, 0x55, 0x20, 0xe5, 0x9e, 0x8b, 0xe5, 0x8f,
0xb7, 0xe3, 0x80, 0x82, 0x0d, 0x0a, 0x2e, 0x54, 0x50, 0x0d, 0x0a, 0x2e,
0x42, 0x20, 0xe7, 0xb3, 0xbb, 0xe7, 0xbb, 0x9f, 0xe8, 0xae, 0xbe, 0xe7,
0xbd, 0xae, 0x20, 0x28, 0x53, 0x79, 0x73, 0x74, 0x65, 0x6d, 0x20, 0x53,
0x65, 0x74, 0x74, 0x69, 0x6e, 0x67, 0x73, 0x29, 0x0d, 0x0a, 0xe9, 0xa2,
0x84, 0xe7, 0x95, 0x99, 0xe9, 0xa1, 0xb9, 0xef, 0xbc, 0x8c, 0xe6, 0x98,
0xbe, 0xe7, 0xa4, 0xba, 0x20, 0x22, 0x4e, 0x6f, 0x74, 0x20, 0x69, 0x6d,
0x70, 0x6c, 0x65, 0x6d, 0x65, 0x6e, 0x74, 0x65, 0x64, 0x20, 0x79, 0x65,
0x74, 0x22, 0xe3, 0x80, 0x82, 0x0d, 0x0a, 0x2e, 0x54, 0x50, 0x0d, 0x0a,
0x2e, 0x42, 0x20, 0xe9, 0x94, 0x81, 0xe5, 0xae, 0x9a, 0xe5, 0xb1, 0x8f,
0xe5, 0xb9, 0x95, 0x20, 0x28, 0x4c, 0x6f, 0x63, 0x6b, 0x20, 0x53, 0x63,
0x72, 0x65, 0x65, 0x6e, 0x29, 0x0d, 0x0a, 0xe7, 0xbb, 0x93, 0xe6, 0x9d,
0x9f, 0xe5, 0xbd, 0x93, 0xe5, 0x89, 0x8d, 0xe4, 0xbc, 0x9a, 0xe8, 0xaf,
0x9d, 0xef, 0xbc, 0x8c, 0xe5, 0xb1, 0x8f, 0xe5, 0xb9, 0x95, 0xe4, 0xba,
0xa4, 0xe8, 0xbf, 0x98, 0x20, 0x4d, 0x44, 0x4d, 0x20, 0xe7, 0x99, 0xbb,
0xe5, 0xbd, 0x95, 0xe5, 0x99, 0xa8, 0xe3, 0x80, 0x82, 0x0d, 0x0a, 0x2e,
0x54, 0x50, 0x0d, 0x0a, 0x2e, 0x42, 0x20, 0xe5, 0x85, 0xb3, 0xe6, 0x9c,
0xba, 0x20, 0x28, 0x53, 0x68, 0x75, 0x74, 0x20, 0x44, 0x6f, 0x77, 0x6e,
0x29, 0x0d, 0x0a, 0xe7, 0xbb, 0x93, 0xe6, 0x9d, 0x9f, 0xe4, 0xbc, 0x9a,
0xe8, 0xaf, 0x9d, 0xe5, 0x90, 0x8e, 0xe7, 0x94, 0xb1, 0x20, 0x43, 0x6f,
0x70, 0x6c, 0x61, 0x6e, 0x64, 0x20, 0xe5, 0x8f, 0x91, 0xe8, 0xb5, 0xb7,
0x20, 0x6d, 0x61, 0x67, 0x69, 0x63, 0x20, 0xe9, 0x97, 0xa8, 0xe6, 0x8e,
0xa7, 0xe7, 0x9a, 0x84, 0x20, 0x72, 0x65, 0x62, 0x6f, 0x6f, 0x74, 0x20,
0xe7, 0xb3, 0xbb, 0xe7, 0xbb, 0x9f, 0xe8, 0xb0, 0x83, 0xe7, 0x94, 0xa8,
0xef, 0xbc, 0x88, 0x69, 0x6e, 0x74, 0x20, 0x30, 0x78, 0x38, 0x30, 0x2c,
0x20, 0x6e, 0x72, 0x20, 0x30, 0x78, 0x36, 0x44, 0xef, 0xbc, 0x8c, 0x0d,
0x0a, 0x6d, 0x61, 0x67, 0x69, 0x63, 0x31, 0x3d, 0x30, 0x78, 0x30, 0x31,
0x32, 0x33, 0x34, 0x35, 0x36, 0x37, 0x20, 0x6d, 0x61, 0x67, 0x69, 0x63,
0x32, 0x3d, 0x30, 0x78, 0x38, 0x39, 0x41, 0x42, 0x43, 0x44, 0x45, 0x46,
0xef, 0xbc, 0x89, 0xe3, 0x80, 0x82, 0x51, 0x45, 0x4d, 0x55, 0x20, 0x73,
0x74, 0x64, 0x20, 0x69, 0x33, 0x38, 0x36, 0x20, 0xe6, 0x97, 0xa0, 0x20,
0x41, 0x43, 0x50, 0x49, 0x20, 0xe5, 0x85, 0xb3, 0xe6, 0x9c, 0xba, 0xef,
0xbc, 0x8c, 0x0d, 0x0a, 0x77, 0x61, 0x72, 0x6d, 0x20, 0x72, 0x65, 0x73,
0x65, 0x74, 0x20, 0xe6, 0x98, 0xaf, 0xe8, 0xaf, 0xa5, 0xe7, 0xa1, 0xac,
0xe4, 0xbb, 0xb6, 0xe5, 0x94, 0xaf, 0xe4, 0xb8, 0x80, 0xe7, 0x9a, 0x84,
0xe6, 0x9c, 0xba, 0xe5, 0x99, 0xa8, 0xe7, 0xba, 0xa7, 0xe9, 0x87, 0x8d,
0xe5, 0x90, 0xaf, 0xe3, 0x80, 0x82, 0x0d, 0x0a, 0x2e, 0x53, 0x48, 0x20,
0x44, 0x6f, 0x63, 0x6b, 0x20, 0xe5, 0xbf, 0xab, 0xe9, 0x80, 0x9f, 0xe5,
0x90, 0xaf, 0xe5, 0x8a, 0xa8, 0x0d, 0x0a, 0x2e, 0x54, 0x50, 0x0d, 0x0a,
0x2e, 0x42, 0x20, 0x52, 0x75, 0x6c, 0x65, 0x2b, 0x31, 0x20, 0x2e, 0x2e,
0x20, 0x52, 0x75, 0x6c, 0x65, 0x2b, 0x39, 0x0d, 0x0a, 0xe6, 0xbf, 0x80,
0xe6, 0xb4, 0xbb, 0x20, 0x44, 0x6f, 0x63, 0x6b, 0x20, 0xe5, 0xb7, 0xa6,
0xe8, 0xb5, 0xb7, 0xe7, 0xac, 0xac, 0x20, 0x4e, 0x20, 0xe4, 0xb8, 0xaa,
0xe5, 0xba, 0x94, 0xe7, 0x94, 0xa8, 0xe5, 0x9b, 0xbe, 0xe6, 0xa0, 0x87,
0xef, 0xbc, 0x9a, 0xe5, 0xb7, 0xb2, 0xe6, 0x9c, 0x89, 0xe5, 0xae, 0x9e,
0xe4, 0xbe, 0x8b, 0xe5, 0x88, 0x99, 0xe6, 0x8f, 0x90, 0xe5, 0x8d, 0x87,
0xe7, 0xaa, 0x97, 0xe5, 0x8f, 0xa3, 0xef, 0xbc, 0x8c, 0xe5, 0x90, 0xa6,
0xe5, 0x88, 0x99, 0xe5, 0x90, 0xaf, 0xe5, 0x8a, 0xa8, 0xe6, 0x96, 0xb0,
0xe5, 0xae, 0x9e, 0xe4, 0xbe, 0x8b, 0xe3, 0x80, 0x82, 0x0d, 0x0a, 0x2e,
0x53, 0x48, 0x20, 0xe5, 0x90, 0xaf, 0xe5, 0x8a, 0xa8, 0xe5, 0x8f, 0xb0,
0x20, 0x28, 0x4c, 0x61, 0x75, 0x6e, 0x63, 0x68, 0x70, 0x61, 0x64, 0x29,
0x0d, 0x0a, 0xe7, 0x82, 0xb9, 0xe5, 0x87, 0xbb, 0x20, 0x44, 0x6f, 0x63,
0x6b, 0x20, 0xe7, 0xbd, 0x91, 0xe6, 0xa0, 0xbc, 0xe5, 0x9b, 0xbe, 0xe6,
0xa0, 0x87, 0xe6, 0x89, 0x93, 0xe5, 0xbc, 0x80, 0xe5, 0x85, 0xa8, 0xe5,
0xb1, 0x8f, 0x20, 0x34, 0x20, 0xe5, 0x88, 0x97, 0xe5, 0xba, 0x94, 0xe7,
0x94, 0xa8, 0xe7, 0xbd, 0x91, 0xe6, 0xa0, 0xbc, 0xe3, 0x80, 0x82, 0xe5,
0xba, 0x94, 0xe7, 0x94, 0xa8, 0xe5, 0x88, 0x97, 0xe8, 0xa1, 0xa8, 0xe5,
0x9c, 0xa8, 0xe6, 0x89, 0x93, 0xe5, 0xbc, 0x80, 0xe6, 0x97, 0xb6, 0xe5,
0xae, 0x9e, 0xe6, 0x97, 0xb6, 0xe6, 0x89, 0xab, 0xe6, 0x8f, 0x8f, 0x0d,
0x0a, 0x5c, 0x66, 0x49, 0x2f, 0x62, 0x69, 0x6e, 0x5c, 0x66, 0x52, 0x20,
0xe4, 0xb8, 0x8e, 0x20, 0x5c, 0x66, 0x49, 0x2f, 0x75, 0x73, 0x72, 0x2f,
0x62, 0x69, 0x6e, 0x5c, 0x66, 0x52, 0xef, 0xbc, 0x88, 0xe4, 0xb8, 0xa4,
0xe7, 0x9b, 0xae, 0xe5, 0xbd, 0x95, 0xe5, 0x90, 0x8c, 0xe4, 0xb8, 0x80,
0xe7, 0x9b, 0xae, 0xe6, 0xa0, 0x87, 0xef, 0xbc, 0x8c, 0xe8, 0x87, 0xaa,
0xe5, 0x8a, 0xa8, 0xe5, 0x8e, 0xbb, 0xe9, 0x87, 0x8d, 0xef, 0xbc, 0x89,
0xef, 0xbc, 0x8c, 0xe6, 0x8e, 0x92, 0xe9, 0x99, 0xa4, 0xe4, 0xbb, 0xa5,
0x20, 0x2e, 0x20, 0xe5, 0xbc, 0x80, 0xe5, 0xa4, 0xb4, 0xe7, 0x9a, 0x84,
0xe6, 0x96, 0x87, 0xe4, 0xbb, 0xb6, 0xe5, 0x8f, 0x8a, 0x0d, 0x0a, 0x57,
0x4d, 0x20, 0xe5, 0x86, 0x85, 0xe9, 0x83, 0xa8, 0xe7, 0xbb, 0x84, 0xe4,
0xbb, 0xb6, 0xef, 0xbc, 0x88, 0x73, 0x70, 0x72, 0x61, 0x63, 0x68, 0x2f,
0x63, 0x6f, 0x70, 0x6c, 0x61, 0x6e, 0x64, 0x2f, 0x6c, 0x6f, 0x67, 0x69,
0x6e, 0x2f, 0x6d, 0x64, 0x6d, 0x20, 0xe7, 0xad, 0x89, 0xef, 0xbc, 0x89,
0xe3, 0x80, 0x82, 0xe6, 0xaf, 0x8f, 0xe4, 0xb8, 0xaa, 0xe5, 0xba, 0x94,
0xe7, 0x94, 0xa8, 0xe6, 0x98, 0xbe, 0xe7, 0xa4, 0xba, 0x20, 0x33, 0x32,
0x78, 0x33, 0x32, 0x20, 0xe5, 0x9b, 0xbe, 0xe6, 0xa0, 0x87, 0xef, 0xbc,
0x88, 0x69, 0x63, 0x6f, 0x6e, 0x73, 0x2e, 0x63, 0xef, 0xbc, 0x89, 0x0d,
0x0a, 0xe4, 0xb8, 0x8e, 0xe5, 0x90, 0x8d, 0xe7, 0xa7, 0xb0, 0xe3, 0x80,
0x82, 0xe7, 0x82, 0xb9, 0xe5, 0x87, 0xbb, 0xe5, 0x9b, 0xbe, 0xe6, 0xa0,
0x87, 0xe5, 0x90, 0xaf, 0xe5, 0x8a, 0xa8, 0xe5, 0xaf, 0xb9, 0xe5, 0xba,
0x94, 0xe7, 0xa8, 0x8b, 0xe5, 0xba, 0x8f, 0xe5, 0xb9, 0xb6, 0xe8, 0x87,
0xaa, 0xe5, 0x8a, 0xa8, 0xe5, 0x85, 0xb3, 0xe9, 0x97, 0xad, 0xe5, 0x90,
0xaf, 0xe5, 0x8a, 0xa8, 0xe5, 0x8f, 0xb0, 0xef, 0xbc, 0x9b, 0xe6, 0x8c,
0x89, 0x20, 0x45, 0x73, 0x63, 0x20, 0xe6, 0x88, 0x96, 0xe7, 0x82, 0xb9,
0xe5, 0x87, 0xbb, 0xe8, 0x83, 0x8c, 0xe6, 0x99, 0xaf, 0xe5, 0x85, 0xb3,
0xe9, 0x97, 0xad, 0xe3, 0x80, 0x82, 0x0d, 0x0a, 0x2e, 0x53, 0x48, 0x20,
0xe6, 0x96, 0x87, 0xe4, 0xbb, 0xb6, 0xe7, 0xae, 0xa1, 0xe7, 0x90, 0x86,
0xe5, 0x99, 0xa8, 0x20, 0x28, 0x66, 0x6d, 0x29, 0x0d, 0x0a, 0xe9, 0xbb,
0x98, 0xe8, 0xae, 0xa4, 0xe8, 0xb7, 0xaf, 0xe5, 0xbe, 0x84, 0xe4, 0xb8,
0xba, 0xe5, 0xbd, 0x93, 0xe5, 0x89, 0x8d, 0xe7, 0x94, 0xa8, 0xe6, 0x88,
0xb7, 0xe4, 0xb8, 0xbb, 0xe7, 0x9b, 0xae, 0xe5, 0xbd, 0x95, 0xef, 0xbc,
0x88, 0x70, 0x61, 0x73, 0x73, 0x77, 0x64, 0x2e, 0x64, 0x62, 0x20, 0xe4,
0xb8, 0xad, 0x20, 0x75, 0x69, 0x64, 0x20, 0xe5, 0xaf, 0xb9, 0xe5, 0xba,
0x94, 0xe7, 0x9a, 0x84, 0x20, 0x68, 0x6f, 0x6d, 0x65, 0x20, 0xe5, 0xad,
0x97, 0xe6, 0xae, 0xb5, 0xef, 0xbc, 0x8c, 0x72, 0x6f, 0x6f, 0x74, 0x20,
0xe4, 0xb8, 0xba, 0x20, 0x2f, 0x65, 0x78, 0x70, 0x6f, 0x72, 0x74, 0x2f,
0x72, 0x6f, 0x6f, 0x74, 0xef, 0xbc, 0x89, 0xe3, 0x80, 0x82, 0x0d, 0x0a,
0x2e, 0x54, 0x50, 0x0d, 0x0a, 0x2e, 0x42, 0x20, 0x43, 0x74, 0x72, 0x6c,
0x2b, 0x54, 0x20, 0x2f, 0x20, 0x43, 0x74, 0x72, 0x6c, 0x2b, 0x57, 0x0d,
0x0a, 0xe6, 0x96, 0xb0, 0xe5, 0xbb, 0xba, 0xe6, 0xa0, 0x87, 0xe7, 0xad,
0xbe, 0xe9, 0xa1, 0xb5, 0x20, 0x2f, 0x20, 0xe5, 0x85, 0xb3, 0xe9, 0x97,
0xad, 0xe5, 0xbd, 0x93, 0xe5, 0x89, 0x8d, 0xe6, 0xa0, 0x87, 0xe7, 0xad,
0xbe, 0xe9, 0xa1, 0xb5, 0xe3, 0x80, 0x82, 0x0d, 0x0a, 0x2e, 0x54, 0x50,
0x0d, 0x0a, 0x2e, 0x42, 0x20, 0x43, 0x74, 0x72, 0x6c, 0x2b, 0x54, 0x61,
0x62, 0x0d, 0x0a, 0xe5, 0x9c, 0xa8, 0xe5, 0xb7, 0xb2, 0xe7, 0x94, 0xa8,
0xe6, 0xa0, 0x87, 0xe7, 0xad, 0xbe, 0xe9, 0xa1, 0xb5, 0xe9, 0x97, 0xb4,
0xe5, 0xbe, 0xaa, 0xe7, 0x8e, 0xaf, 0xe5, 0x88, 0x87, 0xe6, 0x8d, 0xa2,
0xef, 0xbc, 0x88, 0xe4, 0xb9, 0x9f, 0xe5, 0x8f, 0xaf, 0xe7, 0x9b, 0xb4,
0xe6, 0x8e, 0xa5, 0xe7, 0x82, 0xb9, 0xe5, 0x87, 0xbb, 0xe6, 0xa0, 0x87,
0xe7, 0xad, 0xbe, 0xe6, 0x9d, 0xa1, 0xef, 0xbc, 0x89, 0xe3, 0x80, 0x82,
0x0d, 0x0a, 0x2e, 0x54, 0x50, 0x0d, 0x0a, 0x2e, 0x42, 0x20, 0x43, 0x74,
0x72, 0x6c, 0x2b, 0x4c, 0x0d, 0x0a, 0xe8, 0x81, 0x9a, 0xe7, 0x84, 0xa6,
0xe5, 0x9c, 0xb0, 0xe5, 0x9d, 0x80, 0xe6, 0xa0, 0x8f, 0xef, 0xbc, 0x8c,
0xe8, 0xbe, 0x93, 0xe5, 0x85, 0xa5, 0xe8, 0xb7, 0xaf, 0xe5, 0xbe, 0x84,
0xe5, 0x9b, 0x9e, 0xe8, 0xbd, 0xa6, 0xe8, 0xb7, 0xb3, 0xe8, 0xbd, 0xac,
0xef, 0xbc, 0x9b, 0x45, 0x73, 0x63, 0x20, 0xe5, 0x8f, 0x96, 0xe6, 0xb6,
0x88, 0xe3, 0x80, 0x82, 0x0d, 0x0a, 0x2e, 0x54, 0x50, 0x0d, 0x0a, 0x2e,
0x42, 0x20, 0x43, 0x74, 0x72, 0x6c, 0x2b, 0x48, 0x0d, 0x0a, 0xe5, 0x88,
0x87, 0xe6, 0x8d, 0xa2, 0xe9, 0x9a, 0x90, 0xe8, 0x97, 0x8f, 0xe6, 0x96,
0x87, 0xe4, 0xbb, 0xb6, 0xef, 0xbc, 0x88, 0x2e, 0x20, 0xe5, 0xbc, 0x80,
0xe5, 0xa4, 0xb4, 0xef, 0xbc, 0x89, 0xe6, 0x98, 0xbe, 0xe7, 0xa4, 0xba,
0xe3, 0x80, 0x82, 0x0d, 0x0a, 0x2e, 0x54, 0x50, 0x0d, 0x0a, 0x2e, 0x42,
0x20, 0x45, 0x6e, 0x74, 0x65, 0x72, 0x20, 0x2f, 0x20, 0x6a, 0x20, 0x2f,
0x20, 0x6b, 0x0d, 0x0a, 0xe6, 0x89, 0x93, 0xe5, 0xbc, 0x80, 0xe9, 0x80,
0x89, 0xe4, 0xb8, 0xad, 0xe9, 0xa1, 0xb9, 0x20, 0x2f, 0x20, 0xe5, 0x90,
0x91, 0xe4, 0xb8, 0x8b, 0xe3, 0x80, 0x81, 0xe5, 0x90, 0x91, 0xe4, 0xb8,
0x8a, 0xe7, 0xa7, 0xbb, 0xe5, 0x8a, 0xa8, 0xe9, 0x80, 0x89, 0xe6, 0x8b,
0xa9, 0xe3, 0x80, 0x82, 0x0d, 0x0a, 0x2e, 0x54, 0x50, 0x0d, 0x0a, 0x2e,
0x42, 0x20, 0xe9, 0xbc, 0xa0, 0xe6, 0xa0, 0x87, 0xe5, 0x8d, 0x95, 0xe5,
0x87, 0xbb, 0x20, 0x2f, 0x20, 0xe5, 0x8f, 0x8c, 0xe5, 0x87, 0xbb, 0x0d,
0x0a, 0xe5, 0x8d, 0x95, 0xe5, 0x87, 0xbb, 0xe9, 0x80, 0x89, 0xe4, 0xb8,
0xad, 0xe8, 0xa1, 0x8c, 0xe6, 0x88, 0x96, 0xe5, 0x88, 0x87, 0xe6, 0x8d,
0xa2, 0xe6, 0xa0, 0x87, 0xe7, 0xad, 0xbe, 0xe9, 0xa1, 0xb5, 0xef, 0xbc,
0x9b, 0xe5, 0x8f, 0x8c, 0xe5, 0x87, 0xbb, 0xe8, 0xbf, 0x9b, 0xe5, 0x85,
0xa5, 0xe7, 0x9b, 0xae, 0xe5, 0xbd, 0x95, 0xe6, 0x88, 0x96, 0xe6, 0x89,
0x93, 0xe5, 0xbc, 0x80, 0xe6, 0x96, 0x87, 0xe4, 0xbb, 0xb6, 0xe3, 0x80,
0x82, 0x0d, 0x0a, 0x2e, 0x54, 0x50, 0x0d, 0x0a, 0xe6, 0x96, 0x87, 0xe4,
0xbb, 0xb6, 0xe7, 0xb1, 0xbb, 0xe5, 0x9e, 0x8b, 0x0d, 0x0a, 0xe7, 0x9b,
0xae, 0xe5, 0xbd, 0x95, 0xe6, 0x98, 0xbe, 0xe7, 0xa4, 0xba, 0xe6, 0x96,
0x87, 0xe4, 0xbb, 0xb6, 0xe5, 0xa4, 0xb9, 0xe5, 0x9b, 0xbe, 0xe6, 0xa0,
0x87, 0xef, 0xbc, 0x9b, 0x5c, 0x20, 0x2e, 0x74, 0x78, 0x74, 0x20, 0xe6,
0x98, 0xbe, 0xe7, 0xa4, 0xba, 0xe6, 0x96, 0x87, 0xe6, 0x9c, 0xac, 0xe5,
0x9b, 0xbe, 0xe6, 0xa0, 0x87, 0xef, 0xbc, 0x9b, 0x5c, 0x20, 0x2e, 0x63,
0x2f, 0x2e, 0x68, 0x20, 0xe6, 0x98, 0xbe, 0xe7, 0xa4, 0xba, 0xe4, 0xbb,
0xa3, 0xe7, 0xa0, 0x81, 0xe5, 0x9b, 0xbe, 0xe6, 0xa0, 0x87, 0xef, 0xbc,
0x9b, 0xe5, 0x85, 0xb6, 0xe4, 0xbd, 0x99, 0xe6, 0x98, 0xbe, 0xe7, 0xa4,
0xba, 0xe9, 0x80, 0x9a, 0xe7, 0x94, 0xa8, 0xe6, 0x96, 0x87, 0xe4, 0xbb,
0xb6, 0xe5, 0x9b, 0xbe, 0xe6, 0xa0, 0x87, 0xe3, 0x80, 0x82, 0x0d, 0x0a,
0xe5, 0x8f, 0x8c, 0xe5, 0x87, 0xbb, 0xe6, 0x96, 0x87, 0xe6, 0x9c, 0xac,
0xe7, 0xb1, 0xbb, 0xe6, 0x96, 0x87, 0xe4, 0xbb, 0xb6, 0xe8, 0xbf, 0x9b,
0xe5, 0x85, 0xa5, 0xe5, 0x86, 0x85, 0xe7, 0xbd, 0xae, 0xe5, 0x8f, 0xaa,
0xe8, 0xaf, 0xbb, 0xe9, 0xa2, 0x84, 0xe8, 0xa7, 0x88, 0xef, 0xbc, 0x88,
0xe5, 0x89, 0x8d, 0x20, 0x32, 0x34, 0x20, 0xe8, 0xa1, 0x8c, 0xef, 0xbc,
0x89, 0xef, 0xbc, 0x8c, 0x45, 0x73, 0x63, 0x2f, 0x45, 0x6e, 0x74, 0x65,
0x72, 0x2f, 0x71, 0x20, 0xe9, 0x80, 0x80, 0xe5, 0x87, 0xba, 0xe9, 0xa2,
0x84, 0xe8, 0xa7, 0x88, 0xe3, 0x80, 0x82, 0x0d, 0x0a, 0xef, 0xbc, 0x88,
0x6d, 0x34, 0x6b, 0x5f, 0x73, 0x70, 0x61, 0x77, 0x6e, 0x20, 0xe4, 0xb8,
0x8d, 0xe6, 0x94, 0xaf, 0xe6, 0x8c, 0x81, 0x20, 0x61, 0x72, 0x67, 0x76,
0xef, 0xbc, 0x8c, 0xe6, 0x95, 0x85, 0xe6, 0x97, 0xa0, 0xe6, 0xb3, 0x95,
0xe4, 0xbb, 0xa5, 0xe8, 0xb7, 0xaf, 0xe5, 0xbe, 0x84, 0xe5, 0x8f, 0x82,
0xe6, 0x95, 0xb0, 0xe8, 0xb0, 0x83, 0xe8, 0xb5, 0xb7, 0x20, 0x73, 0x65,
0x61, 0x64, 0xef, 0xbc, 0x9b, 0xe9, 0xa2, 0x84, 0xe8, 0xa7, 0x88, 0xe4,
0xb8, 0xba, 0xe7, 0xad, 0x89, 0xe6, 0x95, 0x88, 0xe6, 0x9b, 0xbf, 0xe4,
0xbb, 0xa3, 0xe3, 0x80, 0x82, 0xef, 0xbc, 0x89, 0x0d, 0x0a, 0x2e, 0x53,
0x48, 0x20, 0xe8, 0x99, 0x9a, 0xe6, 0x8b, 0x9f, 0xe6, 0xa1, 0x8c, 0xe9,
0x9d, 0xa2, 0x0d, 0x0a, 0x2e, 0x54, 0x50, 0x0d, 0x0a, 0x2e, 0x42, 0x20,
0x52, 0x75, 0x6c, 0x65, 0x2b, 0x53, 0x68, 0x69, 0x66, 0x74, 0x2b, 0x31,
0x20, 0x2f, 0x20, 0x32, 0x20, 0x2f, 0x20, 0x33, 0x20, 0x2f, 0x20, 0x34,
0x0d, 0x0a, 0xe5, 0x88, 0x87, 0xe6, 0x8d, 0xa2, 0xe5, 0x88, 0xb0, 0xe7,
0xac, 0xac, 0x20, 0x31, 0x5c, 0x2d, 0x34, 0x20, 0xe4, 0xb8, 0xaa, 0xe8,
0x99, 0x9a, 0xe6, 0x8b, 0x9f, 0xe6, 0xa1, 0x8c, 0xe9, 0x9d, 0xa2, 0xe3,
0x80, 0x82, 0xe7, 0xaa, 0x97, 0xe5, 0x8f, 0xa3, 0xe6, 0x8c, 0x89, 0xe6,
0x89, 0x80, 0xe5, 0xb1, 0x9e, 0xe6, 0xa1, 0x8c, 0xe9, 0x9d, 0xa2, 0xe6,
0x98, 0xbe, 0xe7, 0xa4, 0xba, 0x2f, 0xe9, 0x9a, 0x90, 0xe8, 0x97, 0x8f,
0xef, 0xbc, 0x8c, 0x42, 0x61, 0x72, 0x20, 0xe4, 0xb8, 0xad, 0xe9, 0x97,
0xb4, 0xe6, 0x98, 0xbe, 0xe7, 0xa4, 0xba, 0x20, 0x22, 0x44, 0x65, 0x73,
0x6b, 0x74, 0x6f, 0x70, 0x20, 0x4e, 0x22, 0xe3, 0x80, 0x82, 0x0d, 0x0a,
0x2e, 0x53, 0x48, 0x20, 0xe5, 0xa3, 0x81, 0xe7, 0xba, 0xb8, 0x0d, 0x0a,
0x4d, 0x44, 0x4d, 0x20, 0xe7, 0x99, 0xbb, 0xe5, 0xbd, 0x95, 0xe5, 0xb1,
0x8f, 0xe4, 0xb8, 0x8e, 0x20, 0x53, 0x70, 0x72, 0x61, 0x63, 0x68, 0x20,
0xe6, 0xa1, 0x8c, 0xe9, 0x9d, 0xa2, 0xe8, 0x83, 0x8c, 0xe6, 0x99, 0xaf,
0xe7, 0xbb, 0x9f, 0xe4, 0xb8, 0x80, 0xe4, 0xbd, 0xbf, 0xe7, 0x94, 0xa8,
0x20, 0x5c, 0x66, 0x42, 0x67, 0x75, 0x69, 0x5f, 0x64, 0x72, 0x61, 0x77,
0x5f, 0x77, 0x61, 0x6c, 0x6c, 0x70, 0x61, 0x70, 0x65, 0x72, 0x28, 0x29,
0x5c, 0x66, 0x52, 0x20, 0xe7, 0xbb, 0x98, 0xe5, 0x88, 0xb6, 0xe7, 0x9a,
0x84, 0x0d, 0x0a, 0xe8, 0x93, 0x9d, 0xe8, 0x89, 0xb2, 0xe5, 0x9e, 0x82,
0xe7, 0x9b, 0xb4, 0xe6, 0xb8, 0x90, 0xe5, 0x8f, 0x98, 0xef, 0xbc, 0x88,
0x30, 0x78, 0x30, 0x30, 0x30, 0x30, 0x34, 0x34, 0x20, 0xe2, 0x86, 0x92,
0x20, 0x30, 0x78, 0x30, 0x30, 0x36, 0x36, 0x46, 0x46, 0xef, 0xbc, 0x89,
0xe3, 0x80, 0x82, 0x0d, 0x0a, 0x2e, 0x53, 0x48, 0x20, 0xe5, 0x8f, 0xa6,
0xe8, 0xa7, 0x81, 0x0d, 0x0a, 0x2e, 0x42, 0x52, 0x20, 0x63, 0x6f, 0x70,
0x6c, 0x61, 0x6e, 0x64, 0x20, 0x28, 0x37, 0x29, 0x2c, 0x0d, 0x0a, 0x2e,
0x42, 0x52, 0x20, 0x73, 0x70, 0x72, 0x61, 0x63, 0x68, 0x20, 0x28, 0x37,
0x29, 0x0d, 0x0a
};
static const unsigned int man_page_desktop__7_len = 3087;

static const unsigned char man_page_hier__7[] = {
0x2e, 0x5c, 0x22, 0x20, 0x4d, 0x34, 0x4b, 0x4b, 0x31, 0x20, 0x34, 0x50,
0x31, 0x20, 0x2d, 0x20, 0x68, 0x69, 0x65, 0x72, 0x2e, 0x37, 0x0a, 0x2e,
0x54, 0x48, 0x20, 0x48, 0x49, 0x45, 0x52, 0x20, 0x37, 0x20, 0x22, 0x32,
0x30, 0x32, 0x36, 0x2d, 0x30, 0x37, 0x2d, 0x32, 0x32, 0x22, 0x20, 0x22,
0x4d, 0x34, 0x4b, 0x4b, 0x31, 0x20, 0x31, 0x2e, 0x30, 0x22, 0x20, 0x22,
0x4d, 0x34, 0x4b, 0x4b, 0x31, 0x20, 0xe6, 0x96, 0x87, 0xe4, 0xbb, 0xb6,
0xe7, 0xb3, 0xbb, 0xe7, 0xbb, 0x9f, 0xe5, 0xb1, 0x82, 0xe6, 0xac, 0xa1,
0x22, 0x0a, 0x2e, 0x53, 0x48, 0x20, 0xe5, 0x90, 0x8d, 0xe7, 0xa7, 0xb0,
0x0a, 0x68, 0x69, 0x65, 0x72, 0x20, 0x5c, 0x2d, 0x20, 0x4d, 0x34, 0x4b,
0x4b, 0x31, 0x20, 0xe6, 0x96, 0x87, 0xe4, 0xbb, 0xb6, 0xe7, 0xb3, 0xbb,
0xe7, 0xbb, 0x9f, 0xe5, 0xb1, 0x82, 0xe6, 0xac, 0xa1, 0xe7, 0xbb, 0x93,
0xe6, 0x9e, 0x84, 0x0a, 0x2e, 0x53, 0x48, 0x20, 0xe6, 0x8f, 0x8f, 0xe8,
0xbf, 0xb0, 0x0a, 0x4d, 0x34, 0x4b, 0x4b, 0x31, 0x20, 0xe6, 0xa0, 0x87,
0xe5, 0x87, 0x86, 0xe6, 0x96, 0x87, 0xe4, 0xbb, 0xb6, 0xe7, 0xb3, 0xbb,
0xe7, 0xbb, 0x9f, 0xe5, 0xb1, 0x82, 0xe6, 0xac, 0xa1, 0x3a, 0x0a, 0x2e,
0x54, 0x50, 0x0a, 0x2e, 0x42, 0x20, 0x2f, 0x0a, 0xe6, 0xa0, 0xb9, 0xe6,
0x96, 0x87, 0xe4, 0xbb, 0xb6, 0xe7, 0xb3, 0xbb, 0xe7, 0xbb, 0x9f, 0x0a,
0x2e, 0x54, 0x50, 0x0a, 0x2e, 0x42, 0x20, 0x2f, 0x62, 0x69, 0x6e, 0x2f,
0x0a, 0xe5, 0x8f, 0xaf, 0xe6, 0x89, 0xa7, 0xe8, 0xa1, 0x8c, 0xe6, 0x96,
0x87, 0xe4, 0xbb, 0xb6, 0x20, 0x28, 0x6c, 0x6f, 0x67, 0x69, 0x6e, 0x2c,
0x20, 0x6d, 0x34, 0x73, 0x68, 0x29, 0x0a, 0x2e, 0x54, 0x50, 0x0a, 0x2e,
0x42, 0x20, 0x2f, 0x64, 0x65, 0x76, 0x2f, 0x0a, 0xe8, 0xae, 0xbe, 0xe5,
0xa4, 0x87, 0xe6, 0x96, 0x87, 0xe4, 0xbb, 0xb6, 0x20, 0x28, 0x63, 0x6f,
0x6e, 0x73, 0x6f, 0x6c, 0x65, 0x2c, 0x20, 0x6e, 0x75, 0x6c, 0x6c, 0x2c,
0x20, 0x7a, 0x65, 0x72, 0x6f, 0x29, 0x0a, 0x2e, 0x54, 0x50, 0x0a, 0x2e,
0x42, 0x20, 0x2f, 0x65, 0x78, 0x70, 0x6f, 0x72, 0x74, 0x2f, 0x63, 0x66,
0x67, 0x2f, 0x0a, 0xe9, 0x85, 0x8d, 0xe7, 0xbd, 0xae, 0xe6, 0x96, 0x87,
0xe4, 0xbb, 0xb6, 0x20, 0x28, 0x70, 0x61, 0x73, 0x73, 0x77, 0x64, 0x2e,
0x64, 0x62, 0x2c, 0x20, 0x67, 0x72, 0x6f, 0x75, 0x70, 0x73, 0x2e, 0x64,
0x62, 0x29, 0x0a, 0x2e, 0x54, 0x50, 0x0a, 0x2e, 0x42, 0x20, 0x2f, 0x65,
0x78, 0x70, 0x6f, 0x72, 0x74, 0x2f, 0x68, 0x6f, 0x6d, 0x65, 0x2f, 0x0a,
0xe7, 0x94, 0xa8, 0xe6, 0x88, 0xb7, 0xe5, 0xae, 0xb6, 0xe7, 0x9b, 0xae,
0xe5, 0xbd, 0x95, 0x0a, 0x2e, 0x54, 0x50, 0x0a, 0x2e, 0x42, 0x20, 0x2f,
0x73, 0x79, 0x73, 0x2f, 0x70, 0x72, 0x6f, 0x63, 0x2f, 0x0a, 0xe8, 0xbf,
0x9b, 0xe7, 0xa8, 0x8b, 0xe4, 0xbf, 0xa1, 0xe6, 0x81, 0xaf, 0xe4, 0xbc,
0xaa, 0xe6, 0x96, 0x87, 0xe4, 0xbb, 0xb6, 0xe7, 0xb3, 0xbb, 0xe7, 0xbb,
0x9f, 0x0a, 0x2e, 0x54, 0x50, 0x0a, 0x2e, 0x42, 0x20, 0x2f, 0x73, 0x79,
0x73, 0x2f, 0x73, 0x65, 0x73, 0x73, 0x69, 0x6f, 0x6e, 0x73, 0x2f, 0x0a,
0xe7, 0x99, 0xbb, 0xe5, 0xbd, 0x95, 0xe4, 0xbc, 0x9a, 0xe8, 0xaf, 0x9d,
0x0a, 0x2e, 0x54, 0x50, 0x0a, 0x2e, 0x42, 0x20, 0x2f, 0x74, 0x6d, 0x70,
0x2f, 0x0a, 0xe4, 0xb8, 0xb4, 0xe6, 0x97, 0xb6, 0xe6, 0x96, 0x87, 0xe4,
0xbb, 0xb6, 0x0a, 0x2e, 0x53, 0x48, 0x20, 0xe5, 0x8f, 0x82, 0xe8, 0xa7,
0x81, 0x0a, 0x2e, 0x42, 0x52, 0x20, 0x6d, 0x34, 0x6b, 0x5f, 0x73, 0x74,
0x64, 0x20, 0x28, 0x37, 0x29, 0x0a
};
static const unsigned int man_page_hier__7_len = 522;

static const unsigned char man_page_m4k_std__7[] = {
0x2e, 0x5c, 0x22, 0x20, 0x4d, 0x34, 0x4b, 0x4b, 0x31, 0x20, 0x34, 0x50,
0x31, 0x20, 0x2d, 0x20, 0x6d, 0x34, 0x6b, 0x5f, 0x73, 0x74, 0x64, 0x2e,
0x37, 0x0a, 0x2e, 0x54, 0x48, 0x20, 0x4d, 0x34, 0x4b, 0x5f, 0x53, 0x54,
0x44, 0x20, 0x37, 0x20, 0x22, 0x32, 0x30, 0x32, 0x36, 0x2d, 0x30, 0x37,
0x2d, 0x32, 0x32, 0x22, 0x20, 0x22, 0x4d, 0x34, 0x4b, 0x4b, 0x31, 0x20,
0x31, 0x2e, 0x30, 0x22, 0x20, 0x22, 0x4d, 0x34, 0x4b, 0x4b, 0x31, 0x20,
0xe6, 0xa0, 0x87, 0xe5, 0x87, 0x86, 0x22, 0x0a, 0x2e, 0x53, 0x48, 0x20,
0xe5, 0x90, 0x8d, 0xe7, 0xa7, 0xb0, 0x0a, 0x6d, 0x34, 0x6b, 0x5f, 0x73,
0x74, 0x64, 0x20, 0x5c, 0x2d, 0x20, 0x4d, 0x34, 0x4b, 0x4b, 0x31, 0x20,
0x34, 0x50, 0x31, 0x20, 0xe7, 0x8b, 0xac, 0xe7, 0xab, 0x8b, 0xe6, 0xa0,
0x87, 0xe5, 0x87, 0x86, 0xe6, 0xa6, 0x82, 0xe8, 0xbf, 0xb0, 0x0a, 0x2e,
0x53, 0x48, 0x20, 0xe6, 0x8f, 0x8f, 0xe8, 0xbf, 0xb0, 0x0a, 0x4d, 0x34,
0x4b, 0x4b, 0x31, 0x20, 0xe9, 0x81, 0xb5, 0xe5, 0xbe, 0xaa, 0x20, 0x34,
0x50, 0x31, 0x20, 0xe7, 0x8b, 0xac, 0xe7, 0xab, 0x8b, 0xe6, 0xa0, 0x87,
0xe5, 0x87, 0x86, 0xe3, 0x80, 0x82, 0xe6, 0xa0, 0xb8, 0xe5, 0xbf, 0x83,
0xe7, 0xba, 0xa6, 0xe5, 0xae, 0x9a, 0x3a, 0x0a, 0x2e, 0x54, 0x50, 0x0a,
0x2e, 0x42, 0x20, 0xe7, 0xb3, 0xbb, 0xe7, 0xbb, 0x9f, 0xe8, 0xb0, 0x83,
0xe7, 0x94, 0xa8, 0x20, 0x41, 0x42, 0x49, 0x0a, 0x69, 0x6e, 0x74, 0x20,
0x30, 0x78, 0x34, 0x44, 0xef, 0xbc, 0x8c, 0xe5, 0x8f, 0x82, 0xe6, 0x95,
0xb0, 0xe9, 0x80, 0x9a, 0xe8, 0xbf, 0x87, 0xe5, 0xaf, 0x84, 0xe5, 0xad,
0x98, 0xe5, 0x99, 0xa8, 0xe4, 0xbc, 0xa0, 0xe9, 0x80, 0x92, 0xef, 0xbc,
0x8c, 0xe8, 0xbf, 0x94, 0xe5, 0x9b, 0x9e, 0xe5, 0x80, 0xbc, 0xe5, 0x9c,
0xa8, 0x20, 0x25, 0x65, 0x61, 0x78, 0xef, 0xbc, 0x88, 0xe8, 0xb4, 0x9f,
0xe5, 0x80, 0xbc, 0xe8, 0xa1, 0xa8, 0xe7, 0xa4, 0xba, 0xe9, 0x94, 0x99,
0xe8, 0xaf, 0xaf, 0xef, 0xbc, 0x89, 0x0a, 0x2e, 0x54, 0x50, 0x0a, 0x2e,
0x42, 0x20, 0xe5, 0x91, 0xbd, 0xe5, 0x90, 0x8d, 0xe7, 0xba, 0xa6, 0xe5,
0xae, 0x9a, 0x0a, 0x6d, 0x6b, 0x72, 0x6e, 0x5f, 0x20, 0xef, 0xbc, 0x88,
0xe5, 0x86, 0x85, 0xe6, 0xa0, 0xb8, 0xef, 0xbc, 0x89, 0xe3, 0x80, 0x81,
0x6d, 0x75, 0x73, 0x72, 0x5f, 0x20, 0xef, 0xbc, 0x88, 0xe7, 0x94, 0xa8,
0xe6, 0x88, 0xb7, 0xe7, 0xa9, 0xba, 0xe9, 0x97, 0xb4, 0xef, 0xbc, 0x89,
0xe3, 0x80, 0x81, 0x6d, 0x34, 0x6b, 0x5f, 0x20, 0xef, 0xbc, 0x88, 0xe7,
0xb3, 0xbb, 0xe7, 0xbb, 0x9f, 0xe8, 0xb0, 0x83, 0xe7, 0x94, 0xa8, 0x20,
0x41, 0x42, 0x49, 0xef, 0xbc, 0x89, 0x0a, 0x2e, 0x54, 0x50, 0x0a, 0x2e,
0x42, 0x20, 0xe9, 0x94, 0x99, 0xe8, 0xaf, 0xaf, 0xe5, 0xa4, 0x84, 0xe7,
0x90, 0x86, 0x0a, 0xe6, 0x97, 0xa0, 0x20, 0x65, 0x72, 0x72, 0x6e, 0x6f,
0xef, 0xbc, 0x8c, 0xe5, 0x87, 0xbd, 0xe6, 0x95, 0xb0, 0xe7, 0x9b, 0xb4,
0xe6, 0x8e, 0xa5, 0xe8, 0xbf, 0x94, 0xe5, 0x9b, 0x9e, 0xe8, 0xb4, 0x9f,
0xe5, 0x80, 0xbc, 0x0a, 0x2e, 0x54, 0x50, 0x0a, 0x2e, 0x42, 0x20, 0xe5,
0x86, 0x85, 0xe5, 0xad, 0x98, 0xe6, 0xa8, 0xa1, 0xe5, 0x9e, 0x8b, 0x0a,
0xe5, 0xb9, 0xb3, 0xe5, 0x9d, 0xa6, 0x20, 0x33, 0x32, 0x20, 0xe4, 0xbd,
0x8d, 0xe7, 0x89, 0xa9, 0xe7, 0x90, 0x86, 0xe5, 0x86, 0x85, 0xe5, 0xad,
0x98, 0xef, 0xbc, 0x8c, 0xe6, 0x97, 0xa0, 0x20, 0x4d, 0x4d, 0x55, 0x2f,
0xe5, 0x88, 0x86, 0xe9, 0xa1, 0xb5, 0x0a, 0x2e, 0x54, 0x50, 0x0a, 0x2e,
0x42, 0x20, 0xe6, 0x96, 0x87, 0xe4, 0xbb, 0xb6, 0xe6, 0x8f, 0x8f, 0xe8,
0xbf, 0xb0, 0xe7, 0xac, 0xa6, 0x0a, 0xe5, 0x85, 0xa8, 0xe5, 0xb1, 0x80,
0xe8, 0xa1, 0xa8, 0xef, 0xbc, 0x8c, 0xe6, 0x9c, 0x80, 0xe5, 0xa4, 0x9a,
0x20, 0x32, 0x35, 0x36, 0x20, 0xe4, 0xb8, 0xaa, 0x0a, 0x2e, 0x53, 0x48,
0x20, 0xe5, 0x8f, 0x82, 0xe8, 0xa7, 0x81, 0x0a, 0x2e, 0x42, 0x52, 0x20,
0x68, 0x69, 0x65, 0x72, 0x20, 0x28, 0x37, 0x29, 0x0a
};
static const unsigned int man_page_m4k_std__7_len = 585;

static const unsigned char man_page_cu__8[] = {
0x2e, 0x5c, 0x22, 0x20, 0x4d, 0x34, 0x4b, 0x4b, 0x31, 0x20, 0x34, 0x50,
0x31, 0x20, 0x2d, 0x20, 0x63, 0x75, 0x2e, 0x38, 0x0a, 0x2e, 0x54, 0x48,
0x20, 0x43, 0x55, 0x20, 0x38, 0x20, 0x22, 0x32, 0x30, 0x32, 0x36, 0x2d,
0x30, 0x37, 0x2d, 0x32, 0x32, 0x22, 0x20, 0x22, 0x4d, 0x34, 0x4b, 0x4b,
0x31, 0x20, 0x31, 0x2e, 0x30, 0x22, 0x20, 0x22, 0x4d, 0x34, 0x4b, 0x4b,
0x31, 0x20, 0xe7, 0xb3, 0xbb, 0xe7, 0xbb, 0x9f, 0xe7, 0xae, 0xa1, 0xe7,
0x90, 0x86, 0x22, 0x0a, 0x2e, 0x53, 0x48, 0x20, 0xe5, 0x90, 0x8d, 0xe7,
0xa7, 0xb0, 0x0a, 0x63, 0x75, 0x20, 0x5c, 0x2d, 0x20, 0xe5, 0xbc, 0xba,
0xe5, 0x88, 0xb6, 0xe6, 0xb3, 0xa8, 0xe9, 0x94, 0x80, 0xe7, 0x94, 0xa8,
0xe6, 0x88, 0xb7, 0x0a, 0x2e, 0x53, 0x48, 0x20, 0xe6, 0xa6, 0x82, 0xe8,
0xa6, 0x81, 0x0a, 0x2e, 0x42, 0x20, 0x63, 0x75, 0x0a, 0x5c, 0x66, 0x49,
0xe7, 0x94, 0xa8, 0xe6, 0x88, 0xb7, 0xe5, 0x90, 0x8d, 0x5c, 0x66, 0x52,
0x0a, 0x2e, 0x53, 0x48, 0x20, 0xe6, 0x8f, 0x8f, 0xe8, 0xbf, 0xb0, 0x0a,
0xe5, 0xbc, 0xba, 0xe5, 0x88, 0xb6, 0xe6, 0xb3, 0xa8, 0xe9, 0x94, 0x80,
0xe6, 0x8c, 0x87, 0xe5, 0xae, 0x9a, 0xe7, 0x94, 0xa8, 0xe6, 0x88, 0xb7,
0x3a, 0x20, 0xe9, 0x94, 0x81, 0xe5, 0xae, 0x9a, 0xe8, 0xb4, 0xa6, 0xe6,
0x88, 0xb7, 0xe3, 0x80, 0x81, 0xe7, 0xbb, 0x88, 0xe6, 0xad, 0xa2, 0xe8,
0xaf, 0xa5, 0xe7, 0x94, 0xa8, 0xe6, 0x88, 0xb7, 0xe7, 0x9a, 0x84, 0xe6,
0x89, 0x80, 0xe6, 0x9c, 0x89, 0xe8, 0xbf, 0x9b, 0xe7, 0xa8, 0x8b, 0xe3,
0x80, 0x81, 0xe5, 0x8d, 0xb8, 0xe8, 0xbd, 0xbd, 0xe5, 0xae, 0xb6, 0xe7,
0x9b, 0xae, 0xe5, 0xbd, 0x95, 0xe5, 0xb9, 0xb6, 0xe8, 0xae, 0xb0, 0xe5,
0xbd, 0x95, 0xe6, 0x97, 0xa5, 0xe5, 0xbf, 0x97, 0xe3, 0x80, 0x82, 0xe9,
0x9c, 0x80, 0xe8, 0xa6, 0x81, 0x20, 0x70, 0x72, 0x69, 0x6d, 0x65, 0x20,
0xe7, 0xbb, 0x84, 0xe6, 0x88, 0x90, 0xe5, 0x91, 0x98, 0xe6, 0x9d, 0x83,
0xe9, 0x99, 0x90, 0xe3, 0x80, 0x82, 0x0a, 0x2e, 0x53, 0x48, 0x20, 0xe5,
0x8f, 0x82, 0xe8, 0xa7, 0x81, 0x0a, 0x2e, 0x42, 0x52, 0x20, 0x75, 0x73,
0x65, 0x72, 0x6d, 0x6f, 0x64, 0x20, 0x28, 0x38, 0x29, 0x2c, 0x0a, 0x2e,
0x42, 0x52, 0x20, 0x77, 0x68, 0x6f, 0x20, 0x28, 0x31, 0x29, 0x2c, 0x0a,
0x2e, 0x42, 0x52, 0x20, 0x71, 0x75, 0x65, 0x6c, 0x6c, 0x20, 0x28, 0x38,
0x29, 0x0a
};
static const unsigned int man_page_cu__8_len = 350;

static const unsigned char man_page_groupmod__8[] = {
0x2e, 0x5c, 0x22, 0x20, 0x4d, 0x34, 0x4b, 0x4b, 0x31, 0x20, 0x34, 0x50,
0x31, 0x20, 0x2d, 0x20, 0x67, 0x72, 0x6f, 0x75, 0x70, 0x6d, 0x6f, 0x64,
0x2e, 0x38, 0x0a, 0x2e, 0x54, 0x48, 0x20, 0x47, 0x52, 0x4f, 0x55, 0x50,
0x4d, 0x4f, 0x44, 0x20, 0x38, 0x20, 0x22, 0x32, 0x30, 0x32, 0x36, 0x2d,
0x30, 0x37, 0x2d, 0x32, 0x32, 0x22, 0x20, 0x22, 0x4d, 0x34, 0x4b, 0x4b,
0x31, 0x20, 0x31, 0x2e, 0x30, 0x22, 0x20, 0x22, 0x4d, 0x34, 0x4b, 0x4b,
0x31, 0x20, 0xe7, 0xb3, 0xbb, 0xe7, 0xbb, 0x9f, 0xe7, 0xae, 0xa1, 0xe7,
0x90, 0x86, 0x22, 0x0a, 0x2e, 0x53, 0x48, 0x20, 0xe5, 0x90, 0x8d, 0xe7,
0xa7, 0xb0, 0x0a, 0x67, 0x72, 0x6f, 0x75, 0x70, 0x6d, 0x6f, 0x64, 0x20,
0x5c, 0x2d, 0x20, 0xe4, 0xbf, 0xae, 0xe6, 0x94, 0xb9, 0xe7, 0xbb, 0x84,
0x0a, 0x2e, 0x53, 0x48, 0x20, 0xe6, 0xa6, 0x82, 0xe8, 0xa6, 0x81, 0x0a,
0x2e, 0x42, 0x20, 0x67, 0x72, 0x6f, 0x75, 0x70, 0x6d, 0x6f, 0x64, 0x0a,
0x5b, 0x5c, 0x66, 0x49, 0xe9, 0x80, 0x89, 0xe9, 0xa1, 0xb9, 0x5c, 0x66,
0x52, 0x5d, 0x20, 0x5c, 0x66, 0x49, 0xe7, 0xbb, 0x84, 0xe5, 0x90, 0x8d,
0x5c, 0x66, 0x52, 0x0a, 0x2e, 0x53, 0x48, 0x20, 0xe6, 0x8f, 0x8f, 0xe8,
0xbf, 0xb0, 0x0a, 0xe4, 0xbf, 0xae, 0xe6, 0x94, 0xb9, 0x20, 0x2f, 0x65,
0x78, 0x70, 0x6f, 0x72, 0x74, 0x2f, 0x63, 0x66, 0x67, 0x2f, 0x67, 0x72,
0x6f, 0x75, 0x70, 0x73, 0x2e, 0x64, 0x62, 0x20, 0xe4, 0xb8, 0xad, 0xe7,
0x9a, 0x84, 0xe7, 0xbb, 0x84, 0xe4, 0xbf, 0xa1, 0xe6, 0x81, 0xaf, 0xe3,
0x80, 0x82, 0xe9, 0x9c, 0x80, 0xe8, 0xa6, 0x81, 0x20, 0x70, 0x72, 0x69,
0x6d, 0x65, 0x20, 0xe7, 0xbb, 0x84, 0xe6, 0x88, 0x90, 0xe5, 0x91, 0x98,
0xe6, 0x9d, 0x83, 0xe9, 0x99, 0x90, 0xe3, 0x80, 0x82, 0x0a, 0x2e, 0x53,
0x48, 0x20, 0xe9, 0x80, 0x89, 0xe9, 0xa1, 0xb9, 0x0a, 0x2e, 0x54, 0x50,
0x0a, 0x2e, 0x42, 0x20, 0x5c, 0x2d, 0x61, 0x2c, 0x20, 0x5c, 0x2d, 0x5c,
0x2d, 0x61, 0x64, 0x64, 0x20, 0x5c, 0x66, 0x49, 0xe7, 0x94, 0xa8, 0xe6,
0x88, 0xb7, 0x5c, 0x66, 0x52, 0x0a, 0xe6, 0xb7, 0xbb, 0xe5, 0x8a, 0xa0,
0xe7, 0x94, 0xa8, 0xe6, 0x88, 0xb7, 0xe5, 0x88, 0xb0, 0xe7, 0xbb, 0x84,
0x0a, 0x2e, 0x54, 0x50, 0x0a, 0x2e, 0x42, 0x20, 0x5c, 0x2d, 0x64, 0x2c,
0x20, 0x5c, 0x2d, 0x5c, 0x2d, 0x64, 0x65, 0x6c, 0x20, 0x5c, 0x66, 0x49,
0xe7, 0x94, 0xa8, 0xe6, 0x88, 0xb7, 0x5c, 0x66, 0x52, 0x0a, 0xe4, 0xbb,
0x8e, 0xe7, 0xbb, 0x84, 0xe4, 0xb8, 0xad, 0xe7, 0xa7, 0xbb, 0xe9, 0x99,
0xa4, 0xe7, 0x94, 0xa8, 0xe6, 0x88, 0xb7, 0x0a, 0x2e, 0x54, 0x50, 0x0a,
0x2e, 0x42, 0x20, 0x5c, 0x2d, 0x6e, 0x2c, 0x20, 0x5c, 0x2d, 0x5c, 0x2d,
0x6e, 0x65, 0x77, 0x20, 0x5c, 0x66, 0x49, 0xe6, 0x96, 0xb0, 0xe5, 0x90,
0x8d, 0x5c, 0x66, 0x52, 0x0a, 0xe9, 0x87, 0x8d, 0xe5, 0x91, 0xbd, 0xe5,
0x90, 0x8d, 0xe7, 0xbb, 0x84, 0x0a, 0x2e, 0x53, 0x48, 0x20, 0xe5, 0x8f,
0x82, 0xe8, 0xa7, 0x81, 0x0a, 0x2e, 0x42, 0x52, 0x20, 0x75, 0x73, 0x65,
0x72, 0x6d, 0x6f, 0x64, 0x20, 0x28, 0x38, 0x29, 0x2c, 0x0a, 0x2e, 0x42,
0x52, 0x20, 0x70, 0x61, 0x73, 0x73, 0x77, 0x64, 0x20, 0x28, 0x38, 0x29,
0x2c, 0x0a, 0x2e, 0x42, 0x52, 0x20, 0x71, 0x75, 0x65, 0x6c, 0x6c, 0x20,
0x28, 0x38, 0x29, 0x0a
};
static const unsigned int man_page_groupmod__8_len = 484;

static const unsigned char man_page_passwd__8[] = {
0x2e, 0x5c, 0x22, 0x20, 0x4d, 0x34, 0x4b, 0x4b, 0x31, 0x20, 0x34, 0x50,
0x31, 0x20, 0x2d, 0x20, 0x70, 0x61, 0x73, 0x73, 0x77, 0x64, 0x2e, 0x38,
0x0a, 0x2e, 0x54, 0x48, 0x20, 0x50, 0x41, 0x53, 0x53, 0x57, 0x44, 0x20,
0x38, 0x20, 0x22, 0x32, 0x30, 0x32, 0x36, 0x2d, 0x30, 0x37, 0x2d, 0x32,
0x32, 0x22, 0x20, 0x22, 0x4d, 0x34, 0x4b, 0x4b, 0x31, 0x20, 0x31, 0x2e,
0x30, 0x22, 0x20, 0x22, 0x4d, 0x34, 0x4b, 0x4b, 0x31, 0x20, 0xe7, 0xb3,
0xbb, 0xe7, 0xbb, 0x9f, 0xe7, 0xae, 0xa1, 0xe7, 0x90, 0x86, 0x22, 0x0a,
0x2e, 0x53, 0x48, 0x20, 0xe5, 0x90, 0x8d, 0xe7, 0xa7, 0xb0, 0x0a, 0x70,
0x61, 0x73, 0x73, 0x77, 0x64, 0x20, 0x5c, 0x2d, 0x20, 0xe4, 0xbf, 0xae,
0xe6, 0x94, 0xb9, 0xe7, 0x94, 0xa8, 0xe6, 0x88, 0xb7, 0xe5, 0xaf, 0x86,
0xe7, 0xa0, 0x81, 0x0a, 0x2e, 0x53, 0x48, 0x20, 0xe6, 0xa6, 0x82, 0xe8,
0xa6, 0x81, 0x0a, 0x2e, 0x42, 0x20, 0x70, 0x61, 0x73, 0x73, 0x77, 0x64,
0x0a, 0x5b, 0x5c, 0x66, 0x49, 0xe7, 0x94, 0xa8, 0xe6, 0x88, 0xb7, 0xe5,
0x90, 0x8d, 0x5c, 0x66, 0x52, 0x5d, 0x0a, 0x2e, 0x53, 0x48, 0x20, 0xe6,
0x8f, 0x8f, 0xe8, 0xbf, 0xb0, 0x0a, 0xe4, 0xbf, 0xae, 0xe6, 0x94, 0xb9,
0xe7, 0x94, 0xa8, 0xe6, 0x88, 0xb7, 0xe5, 0xaf, 0x86, 0xe7, 0xa0, 0x81,
0xe3, 0x80, 0x82, 0xe6, 0x97, 0xa0, 0xe5, 0x8f, 0x82, 0xe6, 0x95, 0xb0,
0xe6, 0x97, 0xb6, 0xe4, 0xbf, 0xae, 0xe6, 0x94, 0xb9, 0xe5, 0xbd, 0x93,
0xe5, 0x89, 0x8d, 0xe7, 0x94, 0xa8, 0xe6, 0x88, 0xb7, 0xe5, 0xaf, 0x86,
0xe7, 0xa0, 0x81, 0xe3, 0x80, 0x82, 0xe6, 0x8c, 0x87, 0xe5, 0xae, 0x9a,
0xe7, 0x94, 0xa8, 0xe6, 0x88, 0xb7, 0xe5, 0x90, 0x8d, 0xe6, 0x97, 0xb6,
0xe9, 0x9c, 0x80, 0xe8, 0xa6, 0x81, 0x20, 0x70, 0x72, 0x69, 0x6d, 0x65,
0x20, 0xe7, 0xbb, 0x84, 0xe6, 0x88, 0x90, 0xe5, 0x91, 0x98, 0xe6, 0x9d,
0x83, 0xe9, 0x99, 0x90, 0xe3, 0x80, 0x82, 0xe5, 0xaf, 0x86, 0xe7, 0xa0,
0x81, 0xe4, 0xbd, 0xbf, 0xe7, 0x94, 0xa8, 0x20, 0x53, 0x48, 0x41, 0x2d,
0x32, 0x35, 0x36, 0x20, 0x2b, 0x20, 0x73, 0x61, 0x6c, 0x74, 0x20, 0xe5,
0x93, 0x88, 0xe5, 0xb8, 0x8c, 0xe3, 0x80, 0x82, 0x0a, 0x2e, 0x53, 0x48,
0x20, 0xe5, 0x8f, 0x82, 0xe8, 0xa7, 0x81, 0x0a, 0x2e, 0x42, 0x52, 0x20,
0x75, 0x73, 0x65, 0x72, 0x6d, 0x6f, 0x64, 0x20, 0x28, 0x38, 0x29, 0x2c,
0x0a, 0x2e, 0x42, 0x52, 0x20, 0x71, 0x75, 0x65, 0x6c, 0x6c, 0x20, 0x28,
0x38, 0x29, 0x2c, 0x0a, 0x2e, 0x42, 0x52, 0x20, 0x6c, 0x6f, 0x67, 0x69,
0x6e, 0x2e, 0x63, 0x6f, 0x6e, 0x66, 0x20, 0x28, 0x35, 0x29, 0x0a
};
static const unsigned int man_page_passwd__8_len = 383;

static const unsigned char man_page_quell__8[] = {
0x2e, 0x5c, 0x22, 0x20, 0x4d, 0x34, 0x4b, 0x4b, 0x31, 0x20, 0x34, 0x50,
0x31, 0x20, 0x2d, 0x20, 0x71, 0x75, 0x65, 0x6c, 0x6c, 0x2e, 0x38, 0x0a,
0x2e, 0x54, 0x48, 0x20, 0x51, 0x55, 0x45, 0x4c, 0x4c, 0x20, 0x38, 0x20,
0x22, 0x32, 0x30, 0x32, 0x36, 0x2d, 0x30, 0x37, 0x2d, 0x32, 0x32, 0x22,
0x20, 0x22, 0x4d, 0x34, 0x4b, 0x4b, 0x31, 0x20, 0x31, 0x2e, 0x30, 0x22,
0x20, 0x22, 0x4d, 0x34, 0x4b, 0x4b, 0x31, 0x20, 0xe7, 0xb3, 0xbb, 0xe7,
0xbb, 0x9f, 0xe7, 0xae, 0xa1, 0xe7, 0x90, 0x86, 0x22, 0x0a, 0x2e, 0x53,
0x48, 0x20, 0xe5, 0x90, 0x8d, 0xe7, 0xa7, 0xb0, 0x0a, 0x71, 0x75, 0x65,
0x6c, 0x6c, 0x20, 0x5c, 0x2d, 0x20, 0xe4, 0xbb, 0xa5, 0x20, 0x70, 0x72,
0x69, 0x6d, 0x65, 0x20, 0xe7, 0xbb, 0x84, 0xe6, 0x9d, 0x83, 0xe9, 0x99,
0x90, 0xe6, 0x89, 0xa7, 0xe8, 0xa1, 0x8c, 0xe5, 0x91, 0xbd, 0xe4, 0xbb,
0xa4, 0x0a, 0x2e, 0x53, 0x48, 0x20, 0xe6, 0xa6, 0x82, 0xe8, 0xa6, 0x81,
0x0a, 0x2e, 0x42, 0x20, 0x71, 0x75, 0x65, 0x6c, 0x6c, 0x0a, 0x5c, 0x66,
0x49, 0xe5, 0x91, 0xbd, 0xe4, 0xbb, 0xa4, 0x5c, 0x66, 0x52, 0x20, 0x5b,
0x5c, 0x66, 0x49, 0xe5, 0x8f, 0x82, 0xe6, 0x95, 0xb0, 0x5c, 0x66, 0x52,
0x2e, 0x2e, 0x2e, 0x5d, 0x0a, 0x2e, 0x53, 0x48, 0x20, 0xe6, 0x8f, 0x8f,
0xe8, 0xbf, 0xb0, 0x0a, 0xe4, 0xbb, 0xa5, 0x20, 0x72, 0x6f, 0x6f, 0x74,
0x20, 0xe6, 0x9d, 0x83, 0xe9, 0x99, 0x90, 0xef, 0xbc, 0x88, 0x65, 0x75,
0x69, 0x64, 0x3d, 0x30, 0xef, 0xbc, 0x89, 0xe6, 0x89, 0xa7, 0xe8, 0xa1,
0x8c, 0xe6, 0x8c, 0x87, 0xe5, 0xae, 0x9a, 0xe5, 0x91, 0xbd, 0xe4, 0xbb,
0xa4, 0xe3, 0x80, 0x82, 0xe8, 0xb0, 0x83, 0xe7, 0x94, 0xa8, 0xe8, 0x80,
0x85, 0xe5, 0xbf, 0x85, 0xe9, 0xa1, 0xbb, 0xe5, 0x9c, 0xa8, 0x20, 0x70,
0x72, 0x69, 0x6d, 0x65, 0x20, 0xe7, 0xbb, 0x84, 0xef, 0xbc, 0x88, 0x47,
0x49, 0x44, 0x20, 0x31, 0x30, 0x30, 0x31, 0xef, 0xbc, 0x89, 0xe4, 0xb8,
0xad, 0xe3, 0x80, 0x82, 0xe8, 0xbf, 0x99, 0xe6, 0x98, 0xaf, 0x20, 0x4d,
0x34, 0x4b, 0x4b, 0x31, 0x20, 0xe4, 0xb8, 0xad, 0x20, 0x73, 0x75, 0x64,
0x6f, 0x20, 0xe7, 0x9a, 0x84, 0xe6, 0x9b, 0xbf, 0xe4, 0xbb, 0xa3, 0xe6,
0x96, 0xb9, 0xe6, 0xa1, 0x88, 0xe3, 0x80, 0x82, 0x0a, 0x2e, 0x53, 0x48,
0x20, 0xe7, 0xa4, 0xba, 0xe4, 0xbe, 0x8b, 0x0a, 0x2e, 0x54, 0x50, 0x0a,
0x2e, 0x42, 0x20, 0x71, 0x75, 0x65, 0x6c, 0x6c, 0x20, 0x6d, 0x6f, 0x75,
0x6e, 0x74, 0x20, 0x2f, 0x64, 0x65, 0x76, 0x2f, 0x79, 0x61, 0x66, 0x73,
0x30, 0x20, 0x2f, 0x6d, 0x6e, 0x74, 0x0a, 0xe6, 0x8c, 0x82, 0xe8, 0xbd,
0xbd, 0xe6, 0x96, 0x87, 0xe4, 0xbb, 0xb6, 0xe7, 0xb3, 0xbb, 0xe7, 0xbb,
0x9f, 0x0a, 0x2e, 0x54, 0x50, 0x0a, 0x2e, 0x42, 0x20, 0x71, 0x75, 0x65,
0x6c, 0x6c, 0x20, 0x75, 0x73, 0x65, 0x72, 0x6d, 0x6f, 0x64, 0x20, 0x2d,
0x61, 0x20, 0x2d, 0x2d, 0x67, 0x72, 0x6f, 0x75, 0x70, 0x20, 0x70, 0x72,
0x69, 0x6d, 0x65, 0x20, 0x61, 0x6c, 0x69, 0x63, 0x65, 0x0a, 0xe6, 0xb7,
0xbb, 0xe5, 0x8a, 0xa0, 0x20, 0x61, 0x6c, 0x69, 0x63, 0x65, 0x20, 0xe5,
0x88, 0xb0, 0x20, 0x70, 0x72, 0x69, 0x6d, 0x65, 0x20, 0xe7, 0xbb, 0x84,
0x0a, 0x2e, 0x53, 0x48, 0x20, 0xe5, 0x8f, 0x82, 0xe8, 0xa7, 0x81, 0x0a,
0x2e, 0x42, 0x52, 0x20, 0x75, 0x73, 0x65, 0x72, 0x6d, 0x6f, 0x64, 0x20,
0x28, 0x38, 0x29, 0x2c, 0x0a, 0x2e, 0x42, 0x52, 0x20, 0x67, 0x72, 0x6f,
0x75, 0x70, 0x6d, 0x6f, 0x64, 0x20, 0x28, 0x38, 0x29, 0x2c, 0x0a, 0x2e,
0x42, 0x52, 0x20, 0x70, 0x61, 0x73, 0x73, 0x77, 0x64, 0x20, 0x28, 0x38,
0x29, 0x0a
};
static const unsigned int man_page_quell__8_len = 530;

static const unsigned char man_page_usermod__8[] = {
0x2e, 0x5c, 0x22, 0x20, 0x4d, 0x34, 0x4b, 0x4b, 0x31, 0x20, 0x34, 0x50,
0x31, 0x20, 0x2d, 0x20, 0x75, 0x73, 0x65, 0x72, 0x6d, 0x6f, 0x64, 0x2e,
0x38, 0x0a, 0x2e, 0x54, 0x48, 0x20, 0x55, 0x53, 0x45, 0x52, 0x4d, 0x4f,
0x44, 0x20, 0x38, 0x20, 0x22, 0x32, 0x30, 0x32, 0x36, 0x2d, 0x30, 0x37,
0x2d, 0x32, 0x32, 0x22, 0x20, 0x22, 0x4d, 0x34, 0x4b, 0x4b, 0x31, 0x20,
0x31, 0x2e, 0x30, 0x22, 0x20, 0x22, 0x4d, 0x34, 0x4b, 0x4b, 0x31, 0x20,
0xe7, 0xb3, 0xbb, 0xe7, 0xbb, 0x9f, 0xe7, 0xae, 0xa1, 0xe7, 0x90, 0x86,
0x22, 0x0a, 0x2e, 0x53, 0x48, 0x20, 0xe5, 0x90, 0x8d, 0xe7, 0xa7, 0xb0,
0x0a, 0x75, 0x73, 0x65, 0x72, 0x6d, 0x6f, 0x64, 0x20, 0x5c, 0x2d, 0x20,
0xe4, 0xbf, 0xae, 0xe6, 0x94, 0xb9, 0xe7, 0x94, 0xa8, 0xe6, 0x88, 0xb7,
0xe8, 0xb4, 0xa6, 0xe6, 0x88, 0xb7, 0x0a, 0x2e, 0x53, 0x48, 0x20, 0xe6,
0xa6, 0x82, 0xe8, 0xa6, 0x81, 0x0a, 0x2e, 0x42, 0x20, 0x75, 0x73, 0x65,
0x72, 0x6d, 0x6f, 0x64, 0x0a, 0x5b, 0x5c, 0x66, 0x49, 0xe9, 0x80, 0x89,
0xe9, 0xa1, 0xb9, 0x5c, 0x66, 0x52, 0x5d, 0x20, 0x5c, 0x66, 0x49, 0xe7,
0x94, 0xa8, 0xe6, 0x88, 0xb7, 0xe5, 0x90, 0x8d, 0x5c, 0x66, 0x52, 0x0a,
0x2e, 0x53, 0x48, 0x20, 0xe6, 0x8f, 0x8f, 0xe8, 0xbf, 0xb0, 0x0a, 0xe4,
0xbf, 0xae, 0xe6, 0x94, 0xb9, 0x20, 0x2f, 0x65, 0x78, 0x70, 0x6f, 0x72,
0x74, 0x2f, 0x63, 0x66, 0x67, 0x2f, 0x70, 0x61, 0x73, 0x73, 0x77, 0x64,
0x2e, 0x64, 0x62, 0x20, 0xe4, 0xb8, 0xad, 0xe7, 0x9a, 0x84, 0xe7, 0x94,
0xa8, 0xe6, 0x88, 0xb7, 0xe8, 0xb4, 0xa6, 0xe6, 0x88, 0xb7, 0xe4, 0xbf,
0xa1, 0xe6, 0x81, 0xaf, 0xe3, 0x80, 0x82, 0xe9, 0x9c, 0x80, 0xe8, 0xa6,
0x81, 0x20, 0x70, 0x72, 0x69, 0x6d, 0x65, 0x20, 0xe7, 0xbb, 0x84, 0xe6,
0x88, 0x90, 0xe5, 0x91, 0x98, 0xe6, 0x9d, 0x83, 0xe9, 0x99, 0x90, 0xe3,
0x80, 0x82, 0x0a, 0x2e, 0x53, 0x48, 0x20, 0xe9, 0x80, 0x89, 0xe9, 0xa1,
0xb9, 0x0a, 0x2e, 0x54, 0x50, 0x0a, 0x2e, 0x42, 0x20, 0x5c, 0x2d, 0x61,
0x2c, 0x20, 0x5c, 0x2d, 0x5c, 0x2d, 0x61, 0x64, 0x64, 0x20, 0x5c, 0x66,
0x49, 0xe7, 0xbb, 0x84, 0x5c, 0x66, 0x52, 0x0a, 0xe6, 0xb7, 0xbb, 0xe5,
0x8a, 0xa0, 0xe7, 0x94, 0xa8, 0xe6, 0x88, 0xb7, 0xe5, 0x88, 0xb0, 0xe9,
0x99, 0x84, 0xe5, 0x8a, 0xa0, 0xe7, 0xbb, 0x84, 0x0a, 0x2e, 0x54, 0x50,
0x0a, 0x2e, 0x42, 0x20, 0x5c, 0x2d, 0x64, 0x2c, 0x20, 0x5c, 0x2d, 0x5c,
0x2d, 0x64, 0x65, 0x6c, 0x20, 0x5c, 0x66, 0x49, 0xe7, 0xbb, 0x84, 0x5c,
0x66, 0x52, 0x0a, 0xe4, 0xbb, 0x8e, 0xe7, 0xbb, 0x84, 0xe4, 0xb8, 0xad,
0xe7, 0xa7, 0xbb, 0xe9, 0x99, 0xa4, 0xe7, 0x94, 0xa8, 0xe6, 0x88, 0xb7,
0x0a, 0x2e, 0x54, 0x50, 0x0a, 0x2e, 0x42, 0x20, 0x5c, 0x2d, 0x73, 0x2c,
0x20, 0x5c, 0x2d, 0x5c, 0x2d, 0x73, 0x68, 0x65, 0x6c, 0x6c, 0x20, 0x5c,
0x66, 0x49, 0xe8, 0xb7, 0xaf, 0xe5, 0xbe, 0x84, 0x5c, 0x66, 0x52, 0x0a,
0xe6, 0x9b, 0xb4, 0xe6, 0x94, 0xb9, 0xe7, 0x99, 0xbb, 0xe5, 0xbd, 0x95,
0x20, 0x53, 0x68, 0x65, 0x6c, 0x6c, 0x0a, 0x2e, 0x54, 0x50, 0x0a, 0x2e,
0x42, 0x20, 0x5c, 0x2d, 0x67, 0x2c, 0x20, 0x5c, 0x2d, 0x5c, 0x2d, 0x67,
0x72, 0x6f, 0x75, 0x70, 0x20, 0x5c, 0x66, 0x49, 0xe7, 0xbb, 0x84, 0x5c,
0x66, 0x52, 0x0a, 0xe8, 0xae, 0xbe, 0xe7, 0xbd, 0xae, 0xe4, 0xb8, 0xbb,
0xe7, 0xbb, 0x84, 0x0a, 0x2e, 0x54, 0x50, 0x0a, 0x2e, 0x42, 0x20, 0x5c,
0x2d, 0x4c, 0x2c, 0x20, 0x5c, 0x2d, 0x5c, 0x2d, 0x6c, 0x6f, 0x63, 0x6b,
0x0a, 0xe9, 0x94, 0x81, 0xe5, 0xae, 0x9a, 0xe8, 0xb4, 0xa6, 0xe6, 0x88,
0xb7, 0x0a, 0x2e, 0x54, 0x50, 0x0a, 0x2e, 0x42, 0x20, 0x5c, 0x2d, 0x55,
0x2c, 0x20, 0x5c, 0x2d, 0x5c, 0x2d, 0x75, 0x6e, 0x6c, 0x6f, 0x63, 0x6b,
0x0a, 0xe8, 0xa7, 0xa3, 0xe9, 0x94, 0x81, 0xe8, 0xb4, 0xa6, 0xe6, 0x88,
0xb7, 0x0a, 0x2e, 0x53, 0x48, 0x20, 0xe5, 0x8f, 0x82, 0xe8, 0xa7, 0x81,
0x0a, 0x2e, 0x42, 0x52, 0x20, 0x67, 0x72, 0x6f, 0x75, 0x70, 0x6d, 0x6f,
0x64, 0x20, 0x28, 0x38, 0x29, 0x2c, 0x0a, 0x2e, 0x42, 0x52, 0x20, 0x70,
0x61, 0x73, 0x73, 0x77, 0x64, 0x20, 0x28, 0x38, 0x29, 0x2c, 0x0a, 0x2e,
0x42, 0x52, 0x20, 0x71, 0x75, 0x65, 0x6c, 0x6c, 0x20, 0x28, 0x38, 0x29,
0x0a
};
static const unsigned int man_page_usermod__8_len = 625;

#include "man_pages.h"
const struct mkrn_man_page mkrn_man_pages[] = {
    { "cat", 1, man_page_cat__1, man_page_cat__1_len },
    { "date", 1, man_page_date__1, man_page_date__1_len },
    { "echo", 1, man_page_echo__1, man_page_echo__1_len },
    { "grep", 1, man_page_grep__1, man_page_grep__1_len },
    { "id", 1, man_page_id__1, man_page_id__1_len },
    { "ls", 1, man_page_ls__1, man_page_ls__1_len },
    { "m4sh", 1, man_page_m4sh__1, man_page_m4sh__1_len },
    { "man", 1, man_page_man__1, man_page_man__1_len },
    { "ps", 1, man_page_ps__1, man_page_ps__1_len },
    { "wc", 1, man_page_wc__1, man_page_wc__1_len },
    { "who", 1, man_page_who__1, man_page_who__1_len },
    { "m4k_get_session_list", 2, man_page_m4k_get_session_list__2, man_page_m4k_get_session_list__2_len },
    { "m4k_register_session", 2, man_page_m4k_register_session__2, man_page_m4k_register_session__2_len },
    { "m4k_setgid", 2, man_page_m4k_setgid__2, man_page_m4k_setgid__2_len },
    { "m4k_setuid", 2, man_page_m4k_setuid__2, man_page_m4k_setuid__2_len },
    { "musr_getgrnam", 3, man_page_musr_getgrnam__3, man_page_musr_getgrnam__3_len },
    { "musr_getpwnam", 3, man_page_musr_getpwnam__3, man_page_musr_getpwnam__3_len },
    { "musr_getpwuid", 3, man_page_musr_getpwuid__3, man_page_musr_getpwuid__3_len },
    { "console", 4, man_page_console__4, man_page_console__4_len },
    { "null", 4, man_page_null__4, man_page_null__4_len },
    { "zero", 4, man_page_zero__4, man_page_zero__4_len },
    { "groups.db", 5, man_page_groups_db__5, man_page_groups_db__5_len },
    { "login.conf", 5, man_page_login_conf__5, man_page_login_conf__5_len },
    { "passwd.db", 5, man_page_passwd_db__5, man_page_passwd_db__5_len },
    { "desktop", 7, man_page_desktop__7, man_page_desktop__7_len },
    { "hier", 7, man_page_hier__7, man_page_hier__7_len },
    { "m4k_std", 7, man_page_m4k_std__7, man_page_m4k_std__7_len },
    { "cu", 8, man_page_cu__8, man_page_cu__8_len },
    { "groupmod", 8, man_page_groupmod__8, man_page_groupmod__8_len },
    { "passwd", 8, man_page_passwd__8, man_page_passwd__8_len },
    { "quell", 8, man_page_quell__8, man_page_quell__8_len },
    { "usermod", 8, man_page_usermod__8, man_page_usermod__8_len },
    { 0, 0, 0, 0 }
};
