unsigned char mdm_init_elf[] = {
  0x7f, 0x45, 0x4c, 0x46, 0x01, 0x01, 0x01, 0x00, 0x00, 0x00, 0x00, 0x00,
  0x00, 0x00, 0x00, 0x00, 0x02, 0x00, 0x03, 0x00, 0x01, 0x00, 0x00, 0x00,
  0x8c, 0x16, 0x80, 0x00, 0x34, 0x00, 0x00, 0x00, 0xa0, 0x9d, 0x00, 0x00,
  0x00, 0x00, 0x00, 0x00, 0x34, 0x00, 0x20, 0x00, 0x03, 0x00, 0x28, 0x00,
  0x08, 0x00, 0x07, 0x00, 0x01, 0x00, 0x00, 0x00, 0x00, 0x10, 0x00, 0x00,
  0x00, 0x00, 0x80, 0x00, 0x00, 0x00, 0x80, 0x00, 0xc0, 0x55, 0x00, 0x00,
  0xc0, 0x55, 0x00, 0x00, 0x05, 0x00, 0x00, 0x00, 0x00, 0x10, 0x00, 0x00,
  0x01, 0x00, 0x00, 0x00, 0x00, 0x70, 0x00, 0x00, 0x00, 0x60, 0x80, 0x00,
  0x00, 0x60, 0x80, 0x00, 0x0c, 0x04, 0x00, 0x00, 0x0c, 0x04, 0x00, 0x00,
  0x04, 0x00, 0x00, 0x00, 0x00, 0x10, 0x00, 0x00, 0x01, 0x00, 0x00, 0x00,
  0x00, 0x80, 0x00, 0x00, 0x00, 0x70, 0x80, 0x00, 0x00, 0x70, 0x80, 0x00,
  0xb0, 0x01, 0x00, 0x00, 0x9c, 0x12, 0x00, 0x00, 0x06, 0x00, 0x00, 0x00,
  0x00, 0x10, 0x00, 0x00, 0x00, 0x00, 0x00, 0x00, 0x00, 0x00, 0x00, 0x00,
  0x00, 0x00, 0x00, 0x00, 0x00, 0x00, 0x00, 0x00, 0x00, 0x00, 0x00, 0x00,
  0x00, 0x00, 0x00, 0x00, 0x00, 0x00, 0x00, 0x00, 0x00, 0x00, 0x00, 0x00,
  0x00, 0x00, 0x00, 0x00, 0x00, 0x00, 0x00, 0x00, 0x00, 0x00, 0x00, 0x00,
  0x00, 0x00, 0x00, 0x00, 0x00, 0x00, 0x00, 0x00, 0x00, 0x00, 0x00, 0x00,
  0x00, 0x00, 0x00, 0x00, 0x00, 0x00, 0x00, 0x00, 0x00, 0x00, 0x00, 0x00,
  0x00, 0x00, 0x00, 0x00, 0x00, 0x00, 0x00, 0x00, 0x00, 0x00, 0x00, 0x00,
  0x00, 0x00, 0x00, 0x00, 0x00, 0x00, 0x00, 0x00, 0x00, 0x00, 0x00, 0x00,
  0x00, 0x00, 0x00, 0x00, 0x00, 0x00, 0x00, 0x00, 0x00, 0x00, 0x00, 0x00,
  0x00, 0x00, 0x00, 0x00, 0x00, 0x00, 0x00, 0x00, 0x00, 0x00, 0x00, 0x00,
  0x00, 0x00, 0x00, 0x00, 0x00, 0x00, 0x00, 0x00, 0x00, 0x00, 0x00, 0x00,
  0x00, 0x00, 0x00, 0x00, 0x00, 0x00, 0x00, 0x00, 0x00, 0x00, 0x00, 0x00,
  0x00, 0x00, 0x00, 0x00, 0x00, 0x00, 0x00, 0x00, 0x00, 0x00, 0x00, 0x00,
  0x00, 0x00, 0x00, 0x00, 0x00, 0x00, 0x00, 0x00, 0x00, 0x00, 0x00, 0x00,
  0x00, 0x00, 0x00, 0x00, 0x00, 0x00, 0x00, 0x00, 0x00, 0x00, 0x00, 0x00,
  0x00, 0x00, 0x00, 0x00, 0x00, 0x00, 0x00, 0x00, 0x00, 0x00, 0x00, 0x00,
  0x00, 0x00, 0x00, 0x00, 0x00, 0x00, 0x00, 0x00, 0x00, 0x00, 0x00, 0x00,
  0x00, 0x00, 0x00, 0x00, 0x00, 0x00, 0x00, 0x00, 0x00, 0x00, 0x00, 0x00,
  0x00, 0x00, 0x00, 0x00, 0x00, 0x00, 0x00, 0x00, 0x00, 0x00, 0x00, 0x00,
  0x00, 0x00, 0x00, 0x00, 0x00, 0x00, 0x00, 0x00, 0x00, 0x00, 0x00, 0x00,
  0x00, 0x00, 0x00, 0x00, 0x00, 0x00, 0x00, 0x00, 0x00, 0x00, 0x00, 0x00,
  0x00, 0x00, 0x00, 0x00, 0x00, 0x00, 0x00, 0x00, 0x00, 0x00, 0x00, 0x00,
  0x00, 0x00, 0x00, 0x00, 0x00, 0x00, 0x00, 0x00, 0x00, 0x00, 0x00, 0x00,
  0x00, 0x00, 0x00, 0x00, 0x00, 0x00, 0x00, 0x00, 0x00, 0x00, 0x00, 0x00,
  0x00, 0x00, 0x00, 0x00, 0x00, 0x00, 0x00, 0x00, 0x00, 0x00, 0x00, 0x00,
  0x00, 0x00, 0x00, 0x00, 0x00, 0x00, 0x00, 0x00, 0x00, 0x00, 0x00, 0x00,
  0x00, 0x00, 0x00, 0x00, 0x00, 0x00, 0x00, 0x00, 0x00, 0x00, 0x00, 0x00,
  0x00, 0x00, 0x00, 0x00, 0x00, 0x00, 0x00, 0x00, 0x00, 0x00, 0x00, 0x00,
  0x00, 0x00, 0x00, 0x00, 0x00, 0x00, 0x00, 0x00, 0x00, 0x00, 0x00, 0x00,
  0x00, 0x00, 0x00, 0x00, 0x00, 0x00, 0x00, 0x00, 0x00, 0x00, 0x00, 0x00,
  0x00, 0x00, 0x00, 0x00, 0x00, 0x00, 0x00, 0x00, 0x00, 0x00, 0x00, 0x00,
  0x00, 0x00, 0x00, 0x00, 0x00, 0x00, 0x00, 0x00, 0x00, 0x00, 0x00, 0x00,
  0x00, 0x00, 0x00, 0x00, 0x00, 0x00, 0x00, 0x00, 0x00, 0x00, 0x00, 0x00,
  0x00, 0x00, 0x00, 0x00, 0x00, 0x00, 0x00, 0x00, 0x00, 0x00, 0x00, 0x00,
  0x00, 0x00, 0x00, 0x00, 0x00, 0x00, 0x00, 0x00, 0x00, 0x00, 0x00, 0x00,
  0x00, 0x00, 0x00, 0x00, 0x00, 0x00, 0x00, 0x00, 0x00, 0x00, 0x00, 0x00,
  0x00, 0x00, 0x00, 0x00, 0x00, 0x00, 0x00, 0x00, 0x00, 0x00, 0x00, 0x00,
  0x00, 0x00, 0x00, 0x00, 0x00, 0x00, 0x00, 0x00, 0x00, 0x00, 0x00, 0x00,
  0x00, 0x00, 0x00, 0x00, 0x00, 0x00, 0x00, 0x00, 0x00, 0x00, 0x00, 0x00,
  0x00, 0x00, 0x00, 0x00, 0x00, 0x00, 0x00, 0x00, 0x00, 0x00, 0x00, 0x00,
  0x00, 0x00, 0x00, 0x00, 0x00, 0x00, 0x00, 0x00, 0x00, 0x00, 0x00, 0x00,
  0x00, 0x00, 0x00, 0x00, 0x00, 0x00, 0x00, 0x00, 0x00, 0x00, 0x00, 0x00,
  0x00, 0x00, 0x00, 0x00, 0x00, 0x00, 0x00, 0x00, 0x00, 0x00, 0x00, 0x00,
  0x00, 0x00, 0x00, 0x00, 0x00, 0x00, 0x00, 0x00, 0x00, 0x00, 0x00, 0x00,
  0x00, 0x00, 0x00, 0x00, 0x00, 0x00, 0x00, 0x00, 0x00, 0x00, 0x00, 0x00,
  0x00, 0x00, 0x00, 0x00, 0x00, 0x00, 0x00, 0x00, 0x00, 0x00, 0x00, 0x00,
  0x00, 0x00, 0x00, 0x00, 0x00, 0x00, 0x00, 0x00, 0x00, 0x00, 0x00, 0x00,
  0x00, 0x00, 0x00, 0x00, 0x00, 0x00, 0x00, 0x00, 0x00, 0x00, 0x00, 0x00,
  0x00, 0x00, 0x00, 0x00, 0x00, 0x00, 0x00, 0x00, 0x00, 0x00, 0x00, 0x00,
  0x00, 0x00, 0x00, 0x00, 0x00, 0x00, 0x00, 0x00, 0x00, 0x00, 0x00, 0x00,
  0x00, 0x00, 0x00, 0x00, 0x00, 0x00, 0x00, 0x00, 0x00, 0x00, 0x00, 0x00,
  0x00, 0x00, 0x00, 0x00, 0x00, 0x00, 0x00, 0x00, 0x00, 0x00, 0x00, 0x00,
  0x00, 0x00, 0x00, 0x00, 0x00, 0x00, 0x00, 0x00, 0x00, 0x00, 0x00, 0x00,
  0x00, 0x00, 0x00, 0x00, 0x00, 0x00, 0x00, 0x00, 0x00, 0x00, 0x00, 0x00,
  0x00, 0x00, 0x00, 0x00, 0x00, 0x00, 0x00, 0x00, 0x00, 0x00, 0x00, 0x00,
  0x00, 0x00, 0x00, 0x00, 0x00, 0x00, 0x00, 0x00, 0x00, 0x00, 0x00, 0x00,
  0x00, 0x00, 0x00, 0x00, 0x00, 0x00, 0x00, 0x00, 0x00, 0x00, 0x00, 0x00,
  0x00, 0x00, 0x00, 0x00, 0x00, 0x00, 0x00, 0x00, 0x00, 0x00, 0x00, 0x00,
  0x00, 0x00, 0x00, 0x00, 0x00, 0x00, 0x00, 0x00, 0x00, 0x00, 0x00, 0x00,
  0x00, 0x00, 0x00, 0x00, 0x00, 0x00, 0x00, 0x00, 0x00, 0x00, 0x00, 0x00,
  0x00, 0x00, 0x00, 0x00, 0x00, 0x00, 0x00, 0x00, 0x00, 0x00, 0x00, 0x00,
  0x00, 0x00, 0x00, 0x00, 0x00, 0x00, 0x00, 0x00, 0x00, 0x00, 0x00, 0x00,
  0x00, 0x00, 0x00, 0x00, 0x00, 0x00, 0x00, 0x00, 0x00, 0x00, 0x00, 0x00,
  0x00, 0x00, 0x00, 0x00, 0x00, 0x00, 0x00, 0x00, 0x00, 0x00, 0x00, 0x00,
  0x00, 0x00, 0x00, 0x00, 0x00, 0x00, 0x00, 0x00, 0x00, 0x00, 0x00, 0x00,
  0x00, 0x00, 0x00, 0x00, 0x00, 0x00, 0x00, 0x00, 0x00, 0x00, 0x00, 0x00,
  0x00, 0x00, 0x00, 0x00, 0x00, 0x00, 0x00, 0x00, 0x00, 0x00, 0x00, 0x00,
  0x00, 0x00, 0x00, 0x00, 0x00, 0x00, 0x00, 0x00, 0x00, 0x00, 0x00, 0x00,
  0x00, 0x00, 0x00, 0x00, 0x00, 0x00, 0x00, 0x00, 0x00, 0x00, 0x00, 0x00,
  0x00, 0x00, 0x00, 0x00, 0x00, 0x00, 0x00, 0x00, 0x00, 0x00, 0x00, 0x00,
  0x00, 0x00, 0x00, 0x00, 0x00, 0x00, 0x00, 0x00, 0x00, 0x00, 0x00, 0x00,
  0x00, 0x00, 0x00, 0x00, 0x00, 0x00, 0x00, 0x00, 0x00, 0x00, 0x00, 0x00,
  0x00, 0x00, 0x00, 0x00, 0x00, 0x00, 0x00, 0x00, 0x00, 0x00, 0x00, 0x00,
  0x00, 0x00, 0x00, 0x00, 0x00, 0x00, 0x00, 0x00, 0x00, 0x00, 0x00, 0x00,
  0x00, 0x00, 0x00, 0x00, 0x00, 0x00, 0x00, 0x00, 0x00, 0x00, 0x00, 0x00,
  0x00, 0x00, 0x00, 0x00, 0x00, 0x00, 0x00, 0x00, 0x00, 0x00, 0x00, 0x00,
  0x00, 0x00, 0x00, 0x00, 0x00, 0x00, 0x00, 0x00, 0x00, 0x00, 0x00, 0x00,
  0x00, 0x00, 0x00, 0x00, 0x00, 0x00, 0x00, 0x00, 0x00, 0x00, 0x00, 0x00,
  0x00, 0x00, 0x00, 0x00, 0x00, 0x00, 0x00, 0x00, 0x00, 0x00, 0x00, 0x00,
  0x00, 0x00, 0x00, 0x00, 0x00, 0x00, 0x00, 0x00, 0x00, 0x00, 0x00, 0x00,
  0x00, 0x00, 0x00, 0x00, 0x00, 0x00, 0x00, 0x00, 0x00, 0x00, 0x00, 0x00,
  0x00, 0x00, 0x00, 0x00, 0x00, 0x00, 0x00, 0x00, 0x00, 0x00, 0x00, 0x00,
  0x00, 0x00, 0x00, 0x00, 0x00, 0x00, 0x00, 0x00, 0x00, 0x00, 0x00, 0x00,
  0x00, 0x00, 0x00, 0x00, 0x00, 0x00, 0x00, 0x00, 0x00, 0x00, 0x00, 0x00,
  0x00, 0x00, 0x00, 0x00, 0x00, 0x00, 0x00, 0x00, 0x00, 0x00, 0x00, 0x00,
  0x00, 0x00, 0x00, 0x00, 0x00, 0x00, 0x00, 0x00, 0x00, 0x00, 0x00, 0x00,
  0x00, 0x00, 0x00, 0x00, 0x00, 0x00, 0x00, 0x00, 0x00, 0x00, 0x00, 0x00,
  0x00, 0x00, 0x00, 0x00, 0x00, 0x00, 0x00, 0x00, 0x00, 0x00, 0x00, 0x00,
  0x00, 0x00, 0x00, 0x00, 0x00, 0x00, 0x00, 0x00, 0x00, 0x00, 0x00, 0x00,
  0x00, 0x00, 0x00, 0x00, 0x00, 0x00, 0x00, 0x00, 0x00, 0x00, 0x00, 0x00,
  0x00, 0x00, 0x00, 0x00, 0x00, 0x00, 0x00, 0x00, 0x00, 0x00, 0x00, 0x00,
  0x00, 0x00, 0x00, 0x00, 0x00, 0x00, 0x00, 0x00, 0x00, 0x00, 0x00, 0x00,
  0x00, 0x00, 0x00, 0x00, 0x00, 0x00, 0x00, 0x00, 0x00, 0x00, 0x00, 0x00,
  0x00, 0x00, 0x00, 0x00, 0x00, 0x00, 0x00, 0x00, 0x00, 0x00, 0x00, 0x00,
  0x00, 0x00, 0x00, 0x00, 0x00, 0x00, 0x00, 0x00, 0x00, 0x00, 0x00, 0x00,
  0x00, 0x00, 0x00, 0x00, 0x00, 0x00, 0x00, 0x00, 0x00, 0x00, 0x00, 0x00,
  0x00, 0x00, 0x00, 0x00, 0x00, 0x00, 0x00, 0x00, 0x00, 0x00, 0x00, 0x00,
  0x00, 0x00, 0x00, 0x00, 0x00, 0x00, 0x00, 0x00, 0x00, 0x00, 0x00, 0x00,
  0x00, 0x00, 0x00, 0x00, 0x00, 0x00, 0x00, 0x00, 0x00, 0x00, 0x00, 0x00,
  0x00, 0x00, 0x00, 0x00, 0x00, 0x00, 0x00, 0x00, 0x00, 0x00, 0x00, 0x00,
  0x00, 0x00, 0x00, 0x00, 0x00, 0x00, 0x00, 0x00, 0x00, 0x00, 0x00, 0x00,
  0x00, 0x00, 0x00, 0x00, 0x00, 0x00, 0x00, 0x00, 0x00, 0x00, 0x00, 0x00,
  0x00, 0x00, 0x00, 0x00, 0x00, 0x00, 0x00, 0x00, 0x00, 0x00, 0x00, 0x00,
  0x00, 0x00, 0x00, 0x00, 0x00, 0x00, 0x00, 0x00, 0x00, 0x00, 0x00, 0x00,
  0x00, 0x00, 0x00, 0x00, 0x00, 0x00, 0x00, 0x00, 0x00, 0x00, 0x00, 0x00,
  0x00, 0x00, 0x00, 0x00, 0x00, 0x00, 0x00, 0x00, 0x00, 0x00, 0x00, 0x00,
  0x00, 0x00, 0x00, 0x00, 0x00, 0x00, 0x00, 0x00, 0x00, 0x00, 0x00, 0x00,
  0x00, 0x00, 0x00, 0x00, 0x00, 0x00, 0x00, 0x00, 0x00, 0x00, 0x00, 0x00,
  0x00, 0x00, 0x00, 0x00, 0x00, 0x00, 0x00, 0x00, 0x00, 0x00, 0x00, 0x00,
  0x00, 0x00, 0x00, 0x00, 0x00, 0x00, 0x00, 0x00, 0x00, 0x00, 0x00, 0x00,
  0x00, 0x00, 0x00, 0x00, 0x00, 0x00, 0x00, 0x00, 0x00, 0x00, 0x00, 0x00,
  0x00, 0x00, 0x00, 0x00, 0x00, 0x00, 0x00, 0x00, 0x00, 0x00, 0x00, 0x00,
  0x00, 0x00, 0x00, 0x00, 0x00, 0x00, 0x00, 0x00, 0x00, 0x00, 0x00, 0x00,
  0x00, 0x00, 0x00, 0x00, 0x00, 0x00, 0x00, 0x00, 0x00, 0x00, 0x00, 0x00,
  0x00, 0x00, 0x00, 0x00, 0x00, 0x00, 0x00, 0x00, 0x00, 0x00, 0x00, 0x00,
  0x00, 0x00, 0x00, 0x00, 0x00, 0x00, 0x00, 0x00, 0x00, 0x00, 0x00, 0x00,
  0x00, 0x00, 0x00, 0x00, 0x00, 0x00, 0x00, 0x00, 0x00, 0x00, 0x00, 0x00,
  0x00, 0x00, 0x00, 0x00, 0x00, 0x00, 0x00, 0x00, 0x00, 0x00, 0x00, 0x00,
  0x00, 0x00, 0x00, 0x00, 0x00, 0x00, 0x00, 0x00, 0x00, 0x00, 0x00, 0x00,
  0x00, 0x00, 0x00, 0x00, 0x00, 0x00, 0x00, 0x00, 0x00, 0x00, 0x00, 0x00,
  0x00, 0x00, 0x00, 0x00, 0x00, 0x00, 0x00, 0x00, 0x00, 0x00, 0x00, 0x00,
  0x00, 0x00, 0x00, 0x00, 0x00, 0x00, 0x00, 0x00, 0x00, 0x00, 0x00, 0x00,
  0x00, 0x00, 0x00, 0x00, 0x00, 0x00, 0x00, 0x00, 0x00, 0x00, 0x00, 0x00,
  0x00, 0x00, 0x00, 0x00, 0x00, 0x00, 0x00, 0x00, 0x00, 0x00, 0x00, 0x00,
  0x00, 0x00, 0x00, 0x00, 0x00, 0x00, 0x00, 0x00, 0x00, 0x00, 0x00, 0x00,
  0x00, 0x00, 0x00, 0x00, 0x00, 0x00, 0x00, 0x00, 0x00, 0x00, 0x00, 0x00,
  0x00, 0x00, 0x00, 0x00, 0x00, 0x00, 0x00, 0x00, 0x00, 0x00, 0x00, 0x00,
  0x00, 0x00, 0x00, 0x00, 0x00, 0x00, 0x00, 0x00, 0x00, 0x00, 0x00, 0x00,
  0x00, 0x00, 0x00, 0x00, 0x00, 0x00, 0x00, 0x00, 0x00, 0x00, 0x00, 0x00,
  0x00, 0x00, 0x00, 0x00, 0x00, 0x00, 0x00, 0x00, 0x00, 0x00, 0x00, 0x00,
  0x00, 0x00, 0x00, 0x00, 0x00, 0x00, 0x00, 0x00, 0x00, 0x00, 0x00, 0x00,
  0x00, 0x00, 0x00, 0x00, 0x00, 0x00, 0x00, 0x00, 0x00, 0x00, 0x00, 0x00,
  0x00, 0x00, 0x00, 0x00, 0x00, 0x00, 0x00, 0x00, 0x00, 0x00, 0x00, 0x00,
  0x00, 0x00, 0x00, 0x00, 0x00, 0x00, 0x00, 0x00, 0x00, 0x00, 0x00, 0x00,
  0x00, 0x00, 0x00, 0x00, 0x00, 0x00, 0x00, 0x00, 0x00, 0x00, 0x00, 0x00,
  0x00, 0x00, 0x00, 0x00, 0x00, 0x00, 0x00, 0x00, 0x00, 0x00, 0x00, 0x00,
  0x00, 0x00, 0x00, 0x00, 0x00, 0x00, 0x00, 0x00, 0x00, 0x00, 0x00, 0x00,
  0x00, 0x00, 0x00, 0x00, 0x00, 0x00, 0x00, 0x00, 0x00, 0x00, 0x00, 0x00,
  0x00, 0x00, 0x00, 0x00, 0x00, 0x00, 0x00, 0x00, 0x00, 0x00, 0x00, 0x00,
  0x00, 0x00, 0x00, 0x00, 0x00, 0x00, 0x00, 0x00, 0x00, 0x00, 0x00, 0x00,
  0x00, 0x00, 0x00, 0x00, 0x00, 0x00, 0x00, 0x00, 0x00, 0x00, 0x00, 0x00,
  0x00, 0x00, 0x00, 0x00, 0x00, 0x00, 0x00, 0x00, 0x00, 0x00, 0x00, 0x00,
  0x00, 0x00, 0x00, 0x00, 0x00, 0x00, 0x00, 0x00, 0x00, 0x00, 0x00, 0x00,
  0x00, 0x00, 0x00, 0x00, 0x00, 0x00, 0x00, 0x00, 0x00, 0x00, 0x00, 0x00,
  0x00, 0x00, 0x00, 0x00, 0x00, 0x00, 0x00, 0x00, 0x00, 0x00, 0x00, 0x00,
  0x00, 0x00, 0x00, 0x00, 0x00, 0x00, 0x00, 0x00, 0x00, 0x00, 0x00, 0x00,
  0x00, 0x00, 0x00, 0x00, 0x00, 0x00, 0x00, 0x00, 0x00, 0x00, 0x00, 0x00,
  0x00, 0x00, 0x00, 0x00, 0x00, 0x00, 0x00, 0x00, 0x00, 0x00, 0x00, 0x00,
  0x00, 0x00, 0x00, 0x00, 0x00, 0x00, 0x00, 0x00, 0x00, 0x00, 0x00, 0x00,
  0x00, 0x00, 0x00, 0x00, 0x00, 0x00, 0x00, 0x00, 0x00, 0x00, 0x00, 0x00,
  0x00, 0x00, 0x00, 0x00, 0x00, 0x00, 0x00, 0x00, 0x00, 0x00, 0x00, 0x00,
  0x00, 0x00, 0x00, 0x00, 0x00, 0x00, 0x00, 0x00, 0x00, 0x00, 0x00, 0x00,
  0x00, 0x00, 0x00, 0x00, 0x00, 0x00, 0x00, 0x00, 0x00, 0x00, 0x00, 0x00,
  0x00, 0x00, 0x00, 0x00, 0x00, 0x00, 0x00, 0x00, 0x00, 0x00, 0x00, 0x00,
  0x00, 0x00, 0x00, 0x00, 0x00, 0x00, 0x00, 0x00, 0x00, 0x00, 0x00, 0x00,
  0x00, 0x00, 0x00, 0x00, 0x00, 0x00, 0x00, 0x00, 0x00, 0x00, 0x00, 0x00,
  0x00, 0x00, 0x00, 0x00, 0x00, 0x00, 0x00, 0x00, 0x00, 0x00, 0x00, 0x00,
  0x00, 0x00, 0x00, 0x00, 0x00, 0x00, 0x00, 0x00, 0x00, 0x00, 0x00, 0x00,
  0x00, 0x00, 0x00, 0x00, 0x00, 0x00, 0x00, 0x00, 0x00, 0x00, 0x00, 0x00,
  0x00, 0x00, 0x00, 0x00, 0x00, 0x00, 0x00, 0x00, 0x00, 0x00, 0x00, 0x00,
  0x00, 0x00, 0x00, 0x00, 0x00, 0x00, 0x00, 0x00, 0x00, 0x00, 0x00, 0x00,
  0x00, 0x00, 0x00, 0x00, 0x00, 0x00, 0x00, 0x00, 0x00, 0x00, 0x00, 0x00,
  0x00, 0x00, 0x00, 0x00, 0x00, 0x00, 0x00, 0x00, 0x00, 0x00, 0x00, 0x00,
  0x00, 0x00, 0x00, 0x00, 0x00, 0x00, 0x00, 0x00, 0x00, 0x00, 0x00, 0x00,
  0x00, 0x00, 0x00, 0x00, 0x00, 0x00, 0x00, 0x00, 0x00, 0x00, 0x00, 0x00,
  0x00, 0x00, 0x00, 0x00, 0x00, 0x00, 0x00, 0x00, 0x00, 0x00, 0x00, 0x00,
  0x00, 0x00, 0x00, 0x00, 0x00, 0x00, 0x00, 0x00, 0x00, 0x00, 0x00, 0x00,
  0x00, 0x00, 0x00, 0x00, 0x00, 0x00, 0x00, 0x00, 0x00, 0x00, 0x00, 0x00,
  0x00, 0x00, 0x00, 0x00, 0x00, 0x00, 0x00, 0x00, 0x00, 0x00, 0x00, 0x00,
  0x00, 0x00, 0x00, 0x00, 0x00, 0x00, 0x00, 0x00, 0x00, 0x00, 0x00, 0x00,
  0x00, 0x00, 0x00, 0x00, 0x00, 0x00, 0x00, 0x00, 0x00, 0x00, 0x00, 0x00,
  0x00, 0x00, 0x00, 0x00, 0x00, 0x00, 0x00, 0x00, 0x00, 0x00, 0x00, 0x00,
  0x00, 0x00, 0x00, 0x00, 0x00, 0x00, 0x00, 0x00, 0x00, 0x00, 0x00, 0x00,
  0x00, 0x00, 0x00, 0x00, 0x00, 0x00, 0x00, 0x00, 0x00, 0x00, 0x00, 0x00,
  0x00, 0x00, 0x00, 0x00, 0x00, 0x00, 0x00, 0x00, 0x00, 0x00, 0x00, 0x00,
  0x00, 0x00, 0x00, 0x00, 0x00, 0x00, 0x00, 0x00, 0x00, 0x00, 0x00, 0x00,
  0x00, 0x00, 0x00, 0x00, 0x00, 0x00, 0x00, 0x00, 0x00, 0x00, 0x00, 0x00,
  0x00, 0x00, 0x00, 0x00, 0x00, 0x00, 0x00, 0x00, 0x00, 0x00, 0x00, 0x00,
  0x00, 0x00, 0x00, 0x00, 0x00, 0x00, 0x00, 0x00, 0x00, 0x00, 0x00, 0x00,
  0x00, 0x00, 0x00, 0x00, 0x00, 0x00, 0x00, 0x00, 0x00, 0x00, 0x00, 0x00,
  0x00, 0x00, 0x00, 0x00, 0x00, 0x00, 0x00, 0x00, 0x00, 0x00, 0x00, 0x00,
  0x00, 0x00, 0x00, 0x00, 0x00, 0x00, 0x00, 0x00, 0x00, 0x00, 0x00, 0x00,
  0x00, 0x00, 0x00, 0x00, 0x00, 0x00, 0x00, 0x00, 0x00, 0x00, 0x00, 0x00,
  0x00, 0x00, 0x00, 0x00, 0x00, 0x00, 0x00, 0x00, 0x00, 0x00, 0x00, 0x00,
  0x00, 0x00, 0x00, 0x00, 0x00, 0x00, 0x00, 0x00, 0x00, 0x00, 0x00, 0x00,
  0x00, 0x00, 0x00, 0x00, 0x00, 0x00, 0x00, 0x00, 0x00, 0x00, 0x00, 0x00,
  0x00, 0x00, 0x00, 0x00, 0x00, 0x00, 0x00, 0x00, 0x00, 0x00, 0x00, 0x00,
  0x00, 0x00, 0x00, 0x00, 0x00, 0x00, 0x00, 0x00, 0x00, 0x00, 0x00, 0x00,
  0x00, 0x00, 0x00, 0x00, 0x00, 0x00, 0x00, 0x00, 0x00, 0x00, 0x00, 0x00,
  0x00, 0x00, 0x00, 0x00, 0x00, 0x00, 0x00, 0x00, 0x00, 0x00, 0x00, 0x00,
  0x00, 0x00, 0x00, 0x00, 0x00, 0x00, 0x00, 0x00, 0x00, 0x00, 0x00, 0x00,
  0x00, 0x00, 0x00, 0x00, 0x00, 0x00, 0x00, 0x00, 0x00, 0x00, 0x00, 0x00,
  0x00, 0x00, 0x00, 0x00, 0x00, 0x00, 0x00, 0x00, 0x00, 0x00, 0x00, 0x00,
  0x00, 0x00, 0x00, 0x00, 0x00, 0x00, 0x00, 0x00, 0x00, 0x00, 0x00, 0x00,
  0x00, 0x00, 0x00, 0x00, 0x00, 0x00, 0x00, 0x00, 0x00, 0x00, 0x00, 0x00,
  0x00, 0x00, 0x00, 0x00, 0x00, 0x00, 0x00, 0x00, 0x00, 0x00, 0x00, 0x00,
  0x00, 0x00, 0x00, 0x00, 0x00, 0x00, 0x00, 0x00, 0x00, 0x00, 0x00, 0x00,
  0x00, 0x00, 0x00, 0x00, 0x00, 0x00, 0x00, 0x00, 0x00, 0x00, 0x00, 0x00,
  0x00, 0x00, 0x00, 0x00, 0x00, 0x00, 0x00, 0x00, 0x00, 0x00, 0x00, 0x00,
  0x00, 0x00, 0x00, 0x00, 0x00, 0x00, 0x00, 0x00, 0x00, 0x00, 0x00, 0x00,
  0x00, 0x00, 0x00, 0x00, 0x00, 0x00, 0x00, 0x00, 0x00, 0x00, 0x00, 0x00,
  0x00, 0x00, 0x00, 0x00, 0x00, 0x00, 0x00, 0x00, 0x00, 0x00, 0x00, 0x00,
  0x00, 0x00, 0x00, 0x00, 0x00, 0x00, 0x00, 0x00, 0x00, 0x00, 0x00, 0x00,
  0x00, 0x00, 0x00, 0x00, 0x00, 0x00, 0x00, 0x00, 0x00, 0x00, 0x00, 0x00,
  0x00, 0x00, 0x00, 0x00, 0x00, 0x00, 0x00, 0x00, 0x00, 0x00, 0x00, 0x00,
  0x00, 0x00, 0x00, 0x00, 0x00, 0x00, 0x00, 0x00, 0x00, 0x00, 0x00, 0x00,
  0x00, 0x00, 0x00, 0x00, 0x00, 0x00, 0x00, 0x00, 0x00, 0x00, 0x00, 0x00,
  0x00, 0x00, 0x00, 0x00, 0x00, 0x00, 0x00, 0x00, 0x00, 0x00, 0x00, 0x00,
  0x00, 0x00, 0x00, 0x00, 0x00, 0x00, 0x00, 0x00, 0x00, 0x00, 0x00, 0x00,
  0x00, 0x00, 0x00, 0x00, 0x00, 0x00, 0x00, 0x00, 0x00, 0x00, 0x00, 0x00,
  0x00, 0x00, 0x00, 0x00, 0x00, 0x00, 0x00, 0x00, 0x00, 0x00, 0x00, 0x00,
  0x00, 0x00, 0x00, 0x00, 0x00, 0x00, 0x00, 0x00, 0x00, 0x00, 0x00, 0x00,
  0x00, 0x00, 0x00, 0x00, 0x00, 0x00, 0x00, 0x00, 0x00, 0x00, 0x00, 0x00,
  0x00, 0x00, 0x00, 0x00, 0x00, 0x00, 0x00, 0x00, 0x00, 0x00, 0x00, 0x00,
  0x00, 0x00, 0x00, 0x00, 0x00, 0x00, 0x00, 0x00, 0x00, 0x00, 0x00, 0x00,
  0x00, 0x00, 0x00, 0x00, 0x00, 0x00, 0x00, 0x00, 0x00, 0x00, 0x00, 0x00,
  0x00, 0x00, 0x00, 0x00, 0x00, 0x00, 0x00, 0x00, 0x00, 0x00, 0x00, 0x00,
  0x00, 0x00, 0x00, 0x00, 0x00, 0x00, 0x00, 0x00, 0x00, 0x00, 0x00, 0x00,
  0x00, 0x00, 0x00, 0x00, 0x00, 0x00, 0x00, 0x00, 0x00, 0x00, 0x00, 0x00,
  0x00, 0x00, 0x00, 0x00, 0x00, 0x00, 0x00, 0x00, 0x00, 0x00, 0x00, 0x00,
  0x00, 0x00, 0x00, 0x00, 0x00, 0x00, 0x00, 0x00, 0x00, 0x00, 0x00, 0x00,
  0x00, 0x00, 0x00, 0x00, 0x00, 0x00, 0x00, 0x00, 0x00, 0x00, 0x00, 0x00,
  0x00, 0x00, 0x00, 0x00, 0x00, 0x00, 0x00, 0x00, 0x00, 0x00, 0x00, 0x00,
  0x00, 0x00, 0x00, 0x00, 0x00, 0x00, 0x00, 0x00, 0x00, 0x00, 0x00, 0x00,
  0x00, 0x00, 0x00, 0x00, 0x00, 0x00, 0x00, 0x00, 0x00, 0x00, 0x00, 0x00,
  0x00, 0x00, 0x00, 0x00, 0x00, 0x00, 0x00, 0x00, 0x00, 0x00, 0x00, 0x00,
  0x00, 0x00, 0x00, 0x00, 0x00, 0x00, 0x00, 0x00, 0x00, 0x00, 0x00, 0x00,
  0x00, 0x00, 0x00, 0x00, 0x00, 0x00, 0x00, 0x00, 0x00, 0x00, 0x00, 0x00,
  0x00, 0x00, 0x00, 0x00, 0x00, 0x00, 0x00, 0x00, 0x00, 0x00, 0x00, 0x00,
  0x00, 0x00, 0x00, 0x00, 0x00, 0x00, 0x00, 0x00, 0x00, 0x00, 0x00, 0x00,
  0x00, 0x00, 0x00, 0x00, 0x00, 0x00, 0x00, 0x00, 0x00, 0x00, 0x00, 0x00,
  0x00, 0x00, 0x00, 0x00, 0x00, 0x00, 0x00, 0x00, 0x00, 0x00, 0x00, 0x00,
  0x00, 0x00, 0x00, 0x00, 0x00, 0x00, 0x00, 0x00, 0x00, 0x00, 0x00, 0x00,
  0x00, 0x00, 0x00, 0x00, 0x00, 0x00, 0x00, 0x00, 0x00, 0x00, 0x00, 0x00,
  0x00, 0x00, 0x00, 0x00, 0x00, 0x00, 0x00, 0x00, 0x00, 0x00, 0x00, 0x00,
  0x00, 0x00, 0x00, 0x00, 0x00, 0x00, 0x00, 0x00, 0x00, 0x00, 0x00, 0x00,
  0x00, 0x00, 0x00, 0x00, 0x00, 0x00, 0x00, 0x00, 0x00, 0x00, 0x00, 0x00,
  0x00, 0x00, 0x00, 0x00, 0x00, 0x00, 0x00, 0x00, 0x00, 0x00, 0x00, 0x00,
  0x00, 0x00, 0x00, 0x00, 0x00, 0x00, 0x00, 0x00, 0x00, 0x00, 0x00, 0x00,
  0x00, 0x00, 0x00, 0x00, 0x00, 0x00, 0x00, 0x00, 0x00, 0x00, 0x00, 0x00,
  0x00, 0x00, 0x00, 0x00, 0x00, 0x00, 0x00, 0x00, 0x00, 0x00, 0x00, 0x00,
  0x00, 0x00, 0x00, 0x00, 0x00, 0x00, 0x00, 0x00, 0x00, 0x00, 0x00, 0x00,
  0x00, 0x00, 0x00, 0x00, 0x00, 0x00, 0x00, 0x00, 0x00, 0x00, 0x00, 0x00,
  0x00, 0x00, 0x00, 0x00, 0x00, 0x00, 0x00, 0x00, 0x00, 0x00, 0x00, 0x00,
  0x00, 0x00, 0x00, 0x00, 0x00, 0x00, 0x00, 0x00, 0x00, 0x00, 0x00, 0x00,
  0x00, 0x00, 0x00, 0x00, 0x00, 0x00, 0x00, 0x00, 0x00, 0x00, 0x00, 0x00,
  0x00, 0x00, 0x00, 0x00, 0x00, 0x00, 0x00, 0x00, 0x00, 0x00, 0x00, 0x00,
  0x00, 0x00, 0x00, 0x00, 0x00, 0x00, 0x00, 0x00, 0x00, 0x00, 0x00, 0x00,
  0x00, 0x00, 0x00, 0x00, 0x00, 0x00, 0x00, 0x00, 0x00, 0x00, 0x00, 0x00,
  0x00, 0x00, 0x00, 0x00, 0x00, 0x00, 0x00, 0x00, 0x00, 0x00, 0x00, 0x00,
  0x00, 0x00, 0x00, 0x00, 0x00, 0x00, 0x00, 0x00, 0x00, 0x00, 0x00, 0x00,
  0x00, 0x00, 0x00, 0x00, 0x00, 0x00, 0x00, 0x00, 0x00, 0x00, 0x00, 0x00,
  0x00, 0x00, 0x00, 0x00, 0x00, 0x00, 0x00, 0x00, 0x00, 0x00, 0x00, 0x00,
  0x00, 0x00, 0x00, 0x00, 0x00, 0x00, 0x00, 0x00, 0x00, 0x00, 0x00, 0x00,
  0x00, 0x00, 0x00, 0x00, 0x00, 0x00, 0x00, 0x00, 0x00, 0x00, 0x00, 0x00,
  0x00, 0x00, 0x00, 0x00, 0x00, 0x00, 0x00, 0x00, 0x00, 0x00, 0x00, 0x00,
  0x00, 0x00, 0x00, 0x00, 0x00, 0x00, 0x00, 0x00, 0x00, 0x00, 0x00, 0x00,
  0x00, 0x00, 0x00, 0x00, 0x00, 0x00, 0x00, 0x00, 0x00, 0x00, 0x00, 0x00,
  0x00, 0x00, 0x00, 0x00, 0x00, 0x00, 0x00, 0x00, 0x00, 0x00, 0x00, 0x00,
  0x00, 0x00, 0x00, 0x00, 0x00, 0x00, 0x00, 0x00, 0x00, 0x00, 0x00, 0x00,
  0x00, 0x00, 0x00, 0x00, 0x00, 0x00, 0x00, 0x00, 0x00, 0x00, 0x00, 0x00,
  0x00, 0x00, 0x00, 0x00, 0x00, 0x00, 0x00, 0x00, 0x00, 0x00, 0x00, 0x00,
  0x00, 0x00, 0x00, 0x00, 0x00, 0x00, 0x00, 0x00, 0x00, 0x00, 0x00, 0x00,
  0x00, 0x00, 0x00, 0x00, 0x00, 0x00, 0x00, 0x00, 0x00, 0x00, 0x00, 0x00,
  0x00, 0x00, 0x00, 0x00, 0x00, 0x00, 0x00, 0x00, 0x00, 0x00, 0x00, 0x00,
  0x00, 0x00, 0x00, 0x00, 0x00, 0x00, 0x00, 0x00, 0x00, 0x00, 0x00, 0x00,
  0x00, 0x00, 0x00, 0x00, 0x00, 0x00, 0x00, 0x00, 0x00, 0x00, 0x00, 0x00,
  0x00, 0x00, 0x00, 0x00, 0x00, 0x00, 0x00, 0x00, 0x00, 0x00, 0x00, 0x00,
  0x00, 0x00, 0x00, 0x00, 0x00, 0x00, 0x00, 0x00, 0x00, 0x00, 0x00, 0x00,
  0x00, 0x00, 0x00, 0x00, 0x00, 0x00, 0x00, 0x00, 0x00, 0x00, 0x00, 0x00,
  0x00, 0x00, 0x00, 0x00, 0x00, 0x00, 0x00, 0x00, 0x00, 0x00, 0x00, 0x00,
  0x00, 0x00, 0x00, 0x00, 0x00, 0x00, 0x00, 0x00, 0x00, 0x00, 0x00, 0x00,
  0x00, 0x00, 0x00, 0x00, 0x00, 0x00, 0x00, 0x00, 0x00, 0x00, 0x00, 0x00,
  0x00, 0x00, 0x00, 0x00, 0x00, 0x00, 0x00, 0x00, 0x00, 0x00, 0x00, 0x00,
  0x00, 0x00, 0x00, 0x00, 0x00, 0x00, 0x00, 0x00, 0x00, 0x00, 0x00, 0x00,
  0x00, 0x00, 0x00, 0x00, 0x00, 0x00, 0x00, 0x00, 0x00, 0x00, 0x00, 0x00,
  0x00, 0x00, 0x00, 0x00, 0x00, 0x00, 0x00, 0x00, 0x00, 0x00, 0x00, 0x00,
  0x00, 0x00, 0x00, 0x00, 0x00, 0x00, 0x00, 0x00, 0x00, 0x00, 0x00, 0x00,
  0x00, 0x00, 0x00, 0x00, 0x00, 0x00, 0x00, 0x00, 0x00, 0x00, 0x00, 0x00,
  0x00, 0x00, 0x00, 0x00, 0x00, 0x00, 0x00, 0x00, 0x00, 0x00, 0x00, 0x00,
  0x00, 0x00, 0x00, 0x00, 0x00, 0x00, 0x00, 0x00, 0x00, 0x00, 0x00, 0x00,
  0x00, 0x00, 0x00, 0x00, 0x00, 0x00, 0x00, 0x00, 0x00, 0x00, 0x00, 0x00,
  0x00, 0x00, 0x00, 0x00, 0x00, 0x00, 0x00, 0x00, 0x00, 0x00, 0x00, 0x00,
  0x00, 0x00, 0x00, 0x00, 0x00, 0x00, 0x00, 0x00, 0x00, 0x00, 0x00, 0x00,
  0x00, 0x00, 0x00, 0x00, 0x00, 0x00, 0x00, 0x00, 0x00, 0x00, 0x00, 0x00,
  0x00, 0x00, 0x00, 0x00, 0x00, 0x00, 0x00, 0x00, 0x00, 0x00, 0x00, 0x00,
  0x00, 0x00, 0x00, 0x00, 0x00, 0x00, 0x00, 0x00, 0x00, 0x00, 0x00, 0x00,
  0x00, 0x00, 0x00, 0x00, 0x00, 0x00, 0x00, 0x00, 0x00, 0x00, 0x00, 0x00,
  0x00, 0x00, 0x00, 0x00, 0x00, 0x00, 0x00, 0x00, 0x00, 0x00, 0x00, 0x00,
  0x00, 0x00, 0x00, 0x00, 0x00, 0x00, 0x00, 0x00, 0x00, 0x00, 0x00, 0x00,
  0x00, 0x00, 0x00, 0x00, 0x00, 0x00, 0x00, 0x00, 0x00, 0x00, 0x00, 0x00,
  0x00, 0x00, 0x00, 0x00, 0x00, 0x00, 0x00, 0x00, 0x00, 0x00, 0x00, 0x00,
  0x00, 0x00, 0x00, 0x00, 0x00, 0x00, 0x00, 0x00, 0x00, 0x00, 0x00, 0x00,
  0x00, 0x00, 0x00, 0x00, 0x00, 0x00, 0x00, 0x00, 0x00, 0x00, 0x00, 0x00,
  0x00, 0x00, 0x00, 0x00, 0x00, 0x00, 0x00, 0x00, 0x00, 0x00, 0x00, 0x00,
  0x00, 0x00, 0x00, 0x00, 0x00, 0x00, 0x00, 0x00, 0x00, 0x00, 0x00, 0x00,
  0x00, 0x00, 0x00, 0x00, 0x00, 0x00, 0x00, 0x00, 0x00, 0x00, 0x00, 0x00,
  0x00, 0x00, 0x00, 0x00, 0x00, 0x00, 0x00, 0x00, 0x00, 0x00, 0x00, 0x00,
  0x00, 0x00, 0x00, 0x00, 0x00, 0x00, 0x00, 0x00, 0x00, 0x00, 0x00, 0x00,
  0x00, 0x00, 0x00, 0x00, 0x00, 0x00, 0x00, 0x00, 0x00, 0x00, 0x00, 0x00,
  0x00, 0x00, 0x00, 0x00, 0x00, 0x00, 0x00, 0x00, 0x00, 0x00, 0x00, 0x00,
  0x00, 0x00, 0x00, 0x00, 0x00, 0x00, 0x00, 0x00, 0x00, 0x00, 0x00, 0x00,
  0x00, 0x00, 0x00, 0x00, 0x00, 0x00, 0x00, 0x00, 0x00, 0x00, 0x00, 0x00,
  0x00, 0x00, 0x00, 0x00, 0x00, 0x00, 0x00, 0x00, 0x00, 0x00, 0x00, 0x00,
  0x00, 0x00, 0x00, 0x00, 0x00, 0x00, 0x00, 0x00, 0x00, 0x00, 0x00, 0x00,
  0x00, 0x00, 0x00, 0x00, 0x00, 0x00, 0x00, 0x00, 0x00, 0x00, 0x00, 0x00,
  0x00, 0x00, 0x00, 0x00, 0x00, 0x00, 0x00, 0x00, 0x00, 0x00, 0x00, 0x00,
  0x00, 0x00, 0x00, 0x00, 0x00, 0x00, 0x00, 0x00, 0x00, 0x00, 0x00, 0x00,
  0x00, 0x00, 0x00, 0x00, 0x00, 0x00, 0x00, 0x00, 0x00, 0x00, 0x00, 0x00,
  0x00, 0x00, 0x00, 0x00, 0x00, 0x00, 0x00, 0x00, 0x00, 0x00, 0x00, 0x00,
  0x00, 0x00, 0x00, 0x00, 0x00, 0x00, 0x00, 0x00, 0x00, 0x00, 0x00, 0x00,
  0x00, 0x00, 0x00, 0x00, 0x00, 0x00, 0x00, 0x00, 0x00, 0x00, 0x00, 0x00,
  0x00, 0x00, 0x00, 0x00, 0x00, 0x00, 0x00, 0x00, 0x00, 0x00, 0x00, 0x00,
  0x00, 0x00, 0x00, 0x00, 0x00, 0x00, 0x00, 0x00, 0x00, 0x00, 0x00, 0x00,
  0x00, 0x00, 0x00, 0x00, 0x00, 0x00, 0x00, 0x00, 0x00, 0x00, 0x00, 0x00,
  0x00, 0x00, 0x00, 0x00, 0x00, 0x00, 0x00, 0x00, 0x00, 0x00, 0x00, 0x00,
  0x00, 0x00, 0x00, 0x00, 0x00, 0x00, 0x00, 0x00, 0x00, 0x00, 0x00, 0x00,
  0x00, 0x00, 0x00, 0x00, 0x00, 0x00, 0x00, 0x00, 0x00, 0x00, 0x00, 0x00,
  0x00, 0x00, 0x00, 0x00, 0x00, 0x00, 0x00, 0x00, 0x00, 0x00, 0x00, 0x00,
  0x00, 0x00, 0x00, 0x00, 0x00, 0x00, 0x00, 0x00, 0x00, 0x00, 0x00, 0x00,
  0x00, 0x00, 0x00, 0x00, 0x00, 0x00, 0x00, 0x00, 0x00, 0x00, 0x00, 0x00,
  0x00, 0x00, 0x00, 0x00, 0x00, 0x00, 0x00, 0x00, 0x00, 0x00, 0x00, 0x00,
  0x00, 0x00, 0x00, 0x00, 0x00, 0x00, 0x00, 0x00, 0x00, 0x00, 0x00, 0x00,
  0x00, 0x00, 0x00, 0x00, 0x00, 0x00, 0x00, 0x00, 0x00, 0x00, 0x00, 0x00,
  0x00, 0x00, 0x00, 0x00, 0x00, 0x00, 0x00, 0x00, 0x00, 0x00, 0x00, 0x00,
  0x00, 0x00, 0x00, 0x00, 0x00, 0x00, 0x00, 0x00, 0x00, 0x00, 0x00, 0x00,
  0x00, 0x00, 0x00, 0x00, 0x00, 0x00, 0x00, 0x00, 0x00, 0x00, 0x00, 0x00,
  0x00, 0x00, 0x00, 0x00, 0x00, 0x00, 0x00, 0x00, 0x00, 0x00, 0x00, 0x00,
  0x00, 0x00, 0x00, 0x00, 0x00, 0x00, 0x00, 0x00, 0x00, 0x00, 0x00, 0x00,
  0x00, 0x00, 0x00, 0x00, 0xc8, 0x14, 0x00, 0x00, 0x8b, 0x45, 0x08, 0x89,
  0x45, 0xfc, 0x8b, 0x45, 0x0c, 0x89, 0x45, 0xf8, 0x83, 0x65, 0xf4, 0x00,
  0x8b, 0x45, 0x10, 0x39, 0x45, 0xf4, 0x7d, 0x1b, 0x8b, 0x45, 0xf8, 0x03,
  0x45, 0xf4, 0x8a, 0x00, 0x8b, 0x55, 0xfc, 0x03, 0x55, 0xf4, 0x88, 0x02,
  0x8b, 0x45, 0xf4, 0x89, 0x45, 0xf0, 0xff, 0x45, 0xf4, 0xeb, 0xdd, 0x8b,
  0x45, 0x08, 0x89, 0x45, 0xec, 0xeb, 0x00, 0x8b, 0x45, 0xec, 0xc9, 0xc3,
  0xc8, 0x10, 0x00, 0x00, 0x8b, 0x45, 0x08, 0x89, 0x45, 0xfc, 0x83, 0x65,
  0xf8, 0x00, 0x8b, 0x45, 0x10, 0x39, 0x45, 0xf8, 0x7d, 0x16, 0x8b, 0x45,
  0x0c, 0x8b, 0x55, 0xfc, 0x03, 0x55, 0xf8, 0x88, 0x02, 0x8b, 0x45, 0xf8,
  0x89, 0x45, 0xf4, 0xff, 0x45, 0xf8, 0xeb, 0xe2, 0x8b, 0x45, 0x08, 0x89,
  0x45, 0xf0, 0xeb, 0x00, 0x8b, 0x45, 0xf0, 0xc9, 0xc3, 0x8d, 0x76, 0x00,
  0xc8, 0x10, 0x00, 0x00, 0x83, 0x65, 0xfc, 0x00, 0x8b, 0x45, 0x08, 0x89,
  0x45, 0xf8, 0xff, 0x45, 0x08, 0x8b, 0x45, 0xf8, 0x0f, 0xbe, 0x00, 0x83,
  0xf8, 0x00, 0x74, 0x0b, 0x8b, 0x45, 0xfc, 0x89, 0x45, 0xf4, 0xff, 0x45,
  0xfc, 0xeb, 0xe1, 0x8b, 0x45, 0xfc, 0x89, 0x45, 0xf0, 0xeb, 0x00, 0x8b,
  0x45, 0xf0, 0xc9, 0xc3, 0xc8, 0x08, 0x00, 0x00, 0x8b, 0x45, 0x08, 0x89,
  0x45, 0xfc, 0xff, 0x45, 0x08, 0x8b, 0x45, 0x0c, 0x89, 0x45, 0xf8, 0xff,
  0x45, 0x0c, 0x8b, 0x45, 0xf8, 0x8a, 0x00, 0x8b, 0x55, 0xfc, 0x88, 0x02,
  0x0f, 0xbe, 0xc0, 0x83, 0xf8, 0x00, 0x74, 0x02, 0xeb, 0xda, 0xc9, 0xc3,
  0xc8, 0x08, 0x00, 0x00, 0x83, 0x65, 0xfc, 0x00, 0x8b, 0x45, 0x10, 0x39,
  0x45, 0xfc, 0x73, 0x29, 0x8b, 0x45, 0x0c, 0x03, 0x45, 0xfc, 0x0f, 0xbe,
  0x00, 0x83, 0xf8, 0x00, 0x74, 0x1b, 0x8b, 0x45, 0x0c, 0x03, 0x45, 0xfc,
  0x8a, 0x00, 0x8b, 0x55, 0x08, 0x03, 0x55, 0xfc, 0x88, 0x02, 0x8b, 0x45,
  0xfc, 0x89, 0x45, 0xf8, 0xff, 0x45, 0xfc, 0xeb, 0xcf, 0x8b, 0x45, 0x10,
  0x39, 0x45, 0xfc, 0x73, 0x0b, 0x8b, 0x45, 0x08, 0x03, 0x45, 0xfc, 0xc6,
  0x00, 0x00, 0xeb, 0x12, 0x83, 0x7d, 0x10, 0x00, 0x74, 0x0c, 0x8b, 0x45,
  0x08, 0x8b, 0x55, 0x10, 0x4a, 0x01, 0xd0, 0xc6, 0x00, 0x00, 0xc9, 0xc3,
  0xc8, 0x0c, 0x00, 0x00, 0x8b, 0x45, 0x08, 0x0f, 0xbe, 0x00, 0x83, 0xf8,
  0x00, 0x74, 0x24, 0x8b, 0x45, 0x08, 0x0f, 0xbe, 0x10, 0x8b, 0x45, 0x0c,
  0x0f, 0xbe, 0x00, 0x39, 0xc2, 0x75, 0x14, 0x8b, 0x45, 0x08, 0x89, 0x45,
  0xfc, 0xff, 0x45, 0x08, 0x8b, 0x45, 0x0c, 0x89, 0x45, 0xf8, 0xff, 0x45,
  0x0c, 0xeb, 0xd1, 0x8b, 0x45, 0x08, 0x0f, 0xb6, 0x00, 0x8b, 0x55, 0x0c,
  0x0f, 0xb6, 0x12, 0x29, 0xd0, 0x89, 0x45, 0xf4, 0xeb, 0x00, 0x8b, 0x45,
  0xf4, 0xc9, 0xc3, 0x90, 0xc8, 0x08, 0x00, 0x00, 0xff, 0x75, 0x08, 0xe8,
  0xe8, 0xfe, 0xff, 0xff, 0x83, 0xc4, 0x04, 0x01, 0x45, 0x08, 0x8b, 0x45,
  0x08, 0x89, 0x45, 0xfc, 0xff, 0x45, 0x08, 0x8b, 0x45, 0x0c, 0x89, 0x45,
  0xf8, 0xff, 0x45, 0x0c, 0x8b, 0x45, 0xf8, 0x8a, 0x00, 0x8b, 0x55, 0xfc,
  0x88, 0x02, 0x0f, 0xbe, 0xc0, 0x83, 0xf8, 0x00, 0x74, 0x02, 0xeb, 0xda,
  0xc9, 0xc3, 0x66, 0x90, 0xc8, 0x0c, 0x00, 0x00, 0xff, 0x75, 0x08, 0xe8,
  0xac, 0xfe, 0xff, 0xff, 0x83, 0xc4, 0x04, 0x89, 0x45, 0xfc, 0x83, 0x65,
  0xf8, 0x00, 0x8b, 0x45, 0x10, 0x39, 0x45, 0xf8, 0x73, 0x2e, 0x8b, 0x45,
  0x0c, 0x03, 0x45, 0xf8, 0x0f, 0xbe, 0x00, 0x83, 0xf8, 0x00, 0x74, 0x20,
  0x8b, 0x55, 0x08, 0x8b, 0x45, 0xfc, 0x03, 0x45, 0xf8, 0x01, 0xc2, 0x8b,
  0x45, 0x0c, 0x03, 0x45, 0xf8, 0x8a, 0x00, 0x88, 0x02, 0x8b, 0x45, 0xf8,
  0x89, 0x45, 0xf4, 0xff, 0x45, 0xf8, 0xeb, 0xca, 0x8b, 0x45, 0x08, 0x8b,
  0x55, 0xfc, 0x03, 0x55, 0xf8, 0x01, 0xd0, 0xc6, 0x00, 0x00, 0xc9, 0xc3,
  0xc8, 0x0c, 0x00, 0x00, 0x83, 0x65, 0xfc, 0x00, 0x8b, 0x45, 0x10, 0x39,
  0x45, 0xfc, 0x7d, 0x4e, 0x8b, 0x45, 0x08, 0x03, 0x45, 0xfc, 0x0f, 0xbe,
  0x10, 0x8b, 0x45, 0x0c, 0x03, 0x45, 0xfc, 0x0f, 0xbe, 0x00, 0x39, 0xc2,
  0x74, 0x19, 0x8b, 0x45, 0x08, 0x03, 0x45, 0xfc, 0x0f, 0xb6, 0x00, 0x8b,
  0x55, 0x0c, 0x03, 0x55, 0xfc, 0x0f, 0xb6, 0x12, 0x29, 0xd0, 0x89, 0x45,
  0xf4, 0xeb, 0x25, 0x8b, 0x45, 0x08, 0x03, 0x45, 0xfc, 0x0f, 0xbe, 0x00,
  0x83, 0xf8, 0x00, 0x75, 0x06, 0x83, 0x65, 0xf4, 0x00, 0xeb, 0x11, 0x8b,
  0x45, 0xfc, 0x89, 0x45, 0xf8, 0xff, 0x45, 0xfc, 0xeb, 0xaa, 0x83, 0x65,
  0xf4, 0x00, 0xeb, 0x00, 0x8b, 0x45, 0xf4, 0xc9, 0xc3, 0x8d, 0x76, 0x00,
  0xc8, 0x0c, 0x00, 0x00, 0x8b, 0x45, 0x0c, 0x0f, 0xbe, 0x00, 0x83, 0xf8,
  0x00, 0x74, 0x2a, 0x8b, 0x45, 0x08, 0x89, 0x45, 0xfc, 0xff, 0x45, 0x08,
  0x8b, 0x45, 0x0c, 0x89, 0x45, 0xf8, 0xff, 0x45, 0x0c, 0x8b, 0x45, 0xfc,
  0x0f, 0xbe, 0x10, 0x8b, 0x45, 0xf8, 0x0f, 0xbe, 0x00, 0x39, 0xc2, 0x74,
  0x06, 0x83, 0x65, 0xf4, 0x00, 0xeb, 0x0b, 0xeb, 0xcb, 0xc7, 0x45, 0xf4,
  0x01, 0x00, 0x00, 0x00, 0xeb, 0x00, 0x8b, 0x45, 0xf4, 0xc9, 0xc3, 0x90,
  0xc8, 0x08, 0x00, 0x00, 0x8b, 0x45, 0x08, 0x0f, 0xbe, 0x00, 0x83, 0xf8,
  0x00, 0x74, 0x21, 0x8b, 0x45, 0x08, 0x0f, 0xbe, 0x10, 0x8b, 0x45, 0x0c,
  0x39, 0xc2, 0x75, 0x09, 0xc7, 0x45, 0xf8, 0x01, 0x00, 0x00, 0x00, 0xeb,
  0x11, 0x8b, 0x45, 0x08, 0x89, 0x45, 0xfc, 0xff, 0x45, 0x08, 0xeb, 0xd4,
  0x83, 0x65, 0xf8, 0x00, 0xeb, 0x00, 0x8b, 0x45, 0xf8, 0xc9, 0xc3, 0x90,
  0xc8, 0x04, 0x00, 0x00, 0xff, 0x75, 0x0c, 0x8b, 0x55, 0x08, 0x52, 0x6a,
  0x05, 0xe8, 0x0e, 0x00, 0x00, 0x00, 0x83, 0xc4, 0x0c, 0x89, 0x45, 0xfc,
  0xeb, 0x00, 0x8b, 0x45, 0xfc, 0xc9, 0xc3, 0x90, 0xc8, 0x08, 0x00, 0x00,
  0x89, 0xda, 0x8b, 0x4d, 0x10, 0x8b, 0x5d, 0x0c, 0x8b, 0x45, 0x08, 0xcd,
  0x80, 0x89, 0x45, 0xfc, 0x8b, 0x45, 0xfc, 0x89, 0x45, 0xf8, 0xeb, 0x00,
  0x8b, 0x45, 0xf8, 0x89, 0xd3, 0xc9, 0xc3, 0x90, 0xc8, 0x04, 0x00, 0x00,
  0xff, 0x75, 0x08, 0x6a, 0x06, 0xe8, 0x0e, 0x00, 0x00, 0x00, 0x83, 0xc4,
  0x08, 0x89, 0x45, 0xfc, 0xeb, 0x00, 0x8b, 0x45, 0xfc, 0xc9, 0xc3, 0x90,
  0xc8, 0x08, 0x00, 0x00, 0x89, 0xda, 0x8b, 0x5d, 0x0c, 0x8b, 0x45, 0x08,
  0xcd, 0x80, 0x89, 0x45, 0xfc, 0x8b, 0x45, 0xfc, 0x89, 0x45, 0xf8, 0xeb,
  0x00, 0x8b, 0x45, 0xf8, 0x89, 0xd3, 0xc9, 0xc3, 0xc8, 0x04, 0x00, 0x00,
  0xff, 0x75, 0x10, 0x8b, 0x55, 0x0c, 0x52, 0xff, 0x75, 0x08, 0x6a, 0x03,
  0xe8, 0x0f, 0x00, 0x00, 0x00, 0x83, 0xc4, 0x10, 0x89, 0x45, 0xfc, 0xeb,
  0x00, 0x8b, 0x45, 0xfc, 0xc9, 0xc3, 0x66, 0x90, 0xc8, 0x0c, 0x00, 0x00,
  0x89, 0x5d, 0xf4, 0x8b, 0x55, 0x14, 0x8b, 0x4d, 0x10, 0x8b, 0x5d, 0x0c,
  0x8b, 0x45, 0x08, 0xcd, 0x80, 0x89, 0x45, 0xfc, 0x8b, 0x45, 0xfc, 0x89,
  0x45, 0xf8, 0xeb, 0x00, 0x8b, 0x45, 0xf8, 0x8b, 0x5d, 0xf4, 0xc9, 0xc3,
  0xc8, 0x04, 0x00, 0x00, 0xff, 0x75, 0x10, 0x8b, 0x55, 0x0c, 0x52, 0xff,
  0x75, 0x08, 0x6a, 0x04, 0xe8, 0xc3, 0xff, 0xff, 0xff, 0x83, 0xc4, 0x10,
  0x89, 0x45, 0xfc, 0xeb, 0x00, 0x8b, 0x45, 0xfc, 0xc9, 0xc3, 0x66, 0x90,
  0xc8, 0x04, 0x00, 0x00, 0xff, 0x75, 0x10, 0x8b, 0x55, 0x0c, 0x52, 0xff,
  0x75, 0x08, 0x6a, 0x47, 0xe8, 0x9f, 0xff, 0xff, 0xff, 0x83, 0xc4, 0x10,
  0x89, 0x45, 0xfc, 0xeb, 0x00, 0x8b, 0x45, 0xfc, 0xc9, 0xc3, 0x66, 0x90,
  0xc8, 0x04, 0x00, 0x00, 0xff, 0x75, 0x0c, 0x8b, 0x55, 0x08, 0x52, 0x6a,
  0x10, 0xe8, 0xfa, 0xfe, 0xff, 0xff, 0x83, 0xc4, 0x0c, 0x89, 0x45, 0xfc,
  0xeb, 0x00, 0x8b, 0x45, 0xfc, 0xc9, 0xc3, 0x90, 0xc8, 0x04, 0x00, 0x00,
  0x8b, 0x55, 0x08, 0x52, 0x6a, 0x11, 0xe8, 0x1d, 0xff, 0xff, 0xff, 0x83,
  0xc4, 0x08, 0x89, 0x45, 0xfc, 0xeb, 0x00, 0x8b, 0x45, 0xfc, 0xc9, 0xc3,
  0xc8, 0x04, 0x00, 0x00, 0x8b, 0x55, 0x08, 0x52, 0x6a, 0x12, 0xe8, 0x01,
  0xff, 0xff, 0xff, 0x83, 0xc4, 0x08, 0x89, 0x45, 0xfc, 0xeb, 0x00, 0x8b,
  0x45, 0xfc, 0xc9, 0xc3, 0xc8, 0x04, 0x00, 0x00, 0x8b, 0x55, 0x08, 0x52,
  0x6a, 0x15, 0xe8, 0xe5, 0xfe, 0xff, 0xff, 0x83, 0xc4, 0x08, 0x89, 0x45,
  0xfc, 0xeb, 0x00, 0x8b, 0x45, 0xfc, 0xc9, 0xc3, 0xc8, 0x04, 0x00, 0x00,
  0x8b, 0x55, 0x08, 0x52, 0x6a, 0x13, 0xe8, 0xc9, 0xfe, 0xff, 0xff, 0x83,
  0xc4, 0x08, 0x89, 0x45, 0xfc, 0xeb, 0x00, 0x8b, 0x45, 0xfc, 0xc9, 0xc3,
  0xc8, 0x04, 0x00, 0x00, 0x8b, 0x55, 0x0c, 0x52, 0x8b, 0x55, 0x08, 0x52,
  0x6a, 0x16, 0xe8, 0x69, 0xfe, 0xff, 0xff, 0x83, 0xc4, 0x0c, 0x89, 0x45,
  0xfc, 0xeb, 0x00, 0x8b, 0x45, 0xfc, 0xc9, 0xc3, 0xc8, 0x04, 0x00, 0x00,
  0x8b, 0x55, 0x08, 0x52, 0x6a, 0x28, 0xe8, 0x8d, 0xfe, 0xff, 0xff, 0x83,
  0xc4, 0x08, 0x89, 0x45, 0xfc, 0xeb, 0x00, 0x8b, 0x45, 0xfc, 0xc9, 0xc3,
  0xc8, 0x04, 0x00, 0x00, 0xff, 0x75, 0x0c, 0xff, 0x75, 0x08, 0x6a, 0x2a,
  0xe8, 0x2f, 0xfe, 0xff, 0xff, 0x83, 0xc4, 0x0c, 0x89, 0x45, 0xfc, 0xeb,
  0x00, 0x8b, 0x45, 0xfc, 0xc9, 0xc3, 0x66, 0x90, 0xc8, 0x04, 0x00, 0x00,
  0x8b, 0x55, 0x08, 0x52, 0x6a, 0x73, 0xe8, 0x51, 0xfe, 0xff, 0xff, 0x83,
  0xc4, 0x08, 0x89, 0x45, 0xfc, 0xeb, 0x00, 0x8b, 0x45, 0xfc, 0xc9, 0xc3,
  0xc8, 0x04, 0x00, 0x00, 0x6a, 0x09, 0xe8, 0x0d, 0x00, 0x00, 0x00, 0x83,
  0xc4, 0x04, 0x89, 0x45, 0xfc, 0xeb, 0x00, 0x8b, 0x45, 0xfc, 0xc9, 0xc3,
  0xc8, 0x08, 0x00, 0x00, 0x8b, 0x45, 0x08, 0xcd, 0x80, 0x89, 0x45, 0xfc,
  0x8b, 0x45, 0xfc, 0x89, 0x45, 0xf8, 0xeb, 0x00, 0x8b, 0x45, 0xf8, 0xc9,
  0xc3, 0x8d, 0x76, 0x00, 0xc8, 0x04, 0x00, 0x00, 0x6a, 0x0a, 0xe8, 0xd9,
  0xff, 0xff, 0xff, 0x83, 0xc4, 0x04, 0x89, 0x45, 0xfc, 0xeb, 0x00, 0x8b,
  0x45, 0xfc, 0xc9, 0xc3, 0xc8, 0x04, 0x00, 0x00, 0x6a, 0x02, 0xe8, 0xc1,
  0xff, 0xff, 0xff, 0x83, 0xc4, 0x04, 0x89, 0x45, 0xfc, 0xeb, 0x00, 0x8b,
  0x45, 0xfc, 0xc9, 0xc3, 0xc8, 0x04, 0x00, 0x00, 0xff, 0x75, 0x10, 0x8b,
  0x55, 0x0c, 0x52, 0xff, 0x75, 0x08, 0x6a, 0x07, 0xe8, 0x0f, 0xfe, 0xff,
  0xff, 0x83, 0xc4, 0x10, 0x89, 0x45, 0xfc, 0xeb, 0x00, 0x8b, 0x45, 0xfc,
  0xc9, 0xc3, 0x66, 0x90, 0xc8, 0x04, 0x00, 0x00, 0xff, 0x75, 0x0c, 0xff,
  0x75, 0x08, 0x6a, 0x64, 0xe8, 0x6b, 0xfd, 0xff, 0xff, 0x83, 0xc4, 0x0c,
  0x89, 0x45, 0xfc, 0xeb, 0x00, 0x8b, 0x45, 0xfc, 0xc9, 0xc3, 0x66, 0x90,
  0xc8, 0x04, 0x00, 0x00, 0x6a, 0x20, 0xe8, 0x65, 0xff, 0xff, 0xff, 0x83,
  0xc4, 0x04, 0x89, 0x45, 0xfc, 0xeb, 0x00, 0x8b, 0x45, 0xfc, 0xc9, 0xc3,
  0xc8, 0x04, 0x00, 0x00, 0x6a, 0x24, 0xe8, 0x4d, 0xff, 0xff, 0xff, 0x83,
  0xc4, 0x04, 0x89, 0x45, 0xfc, 0xeb, 0x00, 0x8b, 0x45, 0xfc, 0xc9, 0xc3,
  0xc8, 0x04, 0x00, 0x00, 0xff, 0x75, 0x08, 0x6a, 0x22, 0xe8, 0x5e, 0xfd,
  0xff, 0xff, 0x83, 0xc4, 0x08, 0x89, 0x45, 0xfc, 0xeb, 0x00, 0x8b, 0x45,
  0xfc, 0xc9, 0xc3, 0x90, 0xc8, 0x04, 0x00, 0x00, 0x6a, 0x21, 0xe8, 0x19,
  0xff, 0xff, 0xff, 0x83, 0xc4, 0x04, 0x89, 0x45, 0xfc, 0xeb, 0x00, 0x8b,
  0x45, 0xfc, 0xc9, 0xc3, 0xc8, 0x04, 0x00, 0x00, 0x6a, 0x25, 0xe8, 0x01,
  0xff, 0xff, 0xff, 0x83, 0xc4, 0x04, 0x89, 0x45, 0xfc, 0xeb, 0x00, 0x8b,
  0x45, 0xfc, 0xc9, 0xc3, 0xc8, 0x04, 0x00, 0x00, 0xff, 0x75, 0x08, 0x6a,
  0x23, 0xe8, 0x12, 0xfd, 0xff, 0xff, 0x83, 0xc4, 0x08, 0x89, 0x45, 0xfc,
  0xeb, 0x00, 0x8b, 0x45, 0xfc, 0xc9, 0xc3, 0x90, 0xc8, 0x04, 0x00, 0x00,
  0x8b, 0x55, 0x0c, 0x52, 0xff, 0x75, 0x08, 0x68, 0x8a, 0x00, 0x00, 0x00,
  0xe8, 0xaf, 0xfc, 0xff, 0xff, 0x83, 0xc4, 0x0c, 0x89, 0x45, 0xfc, 0xeb,
  0x00, 0x8b, 0x45, 0xfc, 0xc9, 0xc3, 0x66, 0x90, 0xc8, 0x04, 0x00, 0x00,
  0x6a, 0x1e, 0xe8, 0xa9, 0xfe, 0xff, 0xff, 0x83, 0xc4, 0x04, 0x89, 0x45,
  0xfc, 0xeb, 0x00, 0x8b, 0x45, 0xfc, 0xc9, 0xc3, 0xc8, 0x04, 0x00, 0x00,
  0xff, 0x75, 0x08, 0x6a, 0x5d, 0xe8, 0xba, 0xfc, 0xff, 0xff, 0x83, 0xc4,
  0x08, 0x89, 0x45, 0xfc, 0xeb, 0x00, 0x8b, 0x45, 0xfc, 0xc9, 0xc3, 0x90,
  0xc8, 0x04, 0x00, 0x00, 0x68, 0x8c, 0x00, 0x00, 0x00, 0xe8, 0x72, 0xfe,
  0xff, 0xff, 0x83, 0xc4, 0x04, 0x89, 0x45, 0xfc, 0xeb, 0x00, 0x8b, 0x45,
  0xfc, 0xc9, 0xc3, 0x90, 0xc8, 0x04, 0x00, 0x00, 0x8b, 0x55, 0x08, 0x52,
  0x68, 0x8d, 0x00, 0x00, 0x00, 0xe8, 0x7e, 0xfc, 0xff, 0xff, 0x83, 0xc4,
  0x08, 0x89, 0x45, 0xfc, 0xeb, 0x00, 0x8b, 0x45, 0xfc, 0xc9, 0xc3, 0x90,
  0xc8, 0x04, 0x00, 0x00, 0x8b, 0x55, 0x08, 0x52, 0x68, 0x8e, 0x00, 0x00,
  0x00, 0xe8, 0x5e, 0xfc, 0xff, 0xff, 0x83, 0xc4, 0x08, 0x89, 0x45, 0xfc,
  0xeb, 0x00, 0x8b, 0x45, 0xfc, 0xc9, 0xc3, 0x90, 0xc8, 0x04, 0x00, 0x00,
  0x68, 0x8f, 0x00, 0x00, 0x00, 0xe8, 0x16, 0xfe, 0xff, 0xff, 0x83, 0xc4,
  0x04, 0x89, 0x45, 0xfc, 0xeb, 0x00, 0x8b, 0x45, 0xfc, 0xc9, 0xc3, 0x90,
  0xc8, 0x04, 0x00, 0x00, 0x8b, 0x55, 0x08, 0x52, 0x68, 0x84, 0x00, 0x00,
  0x00, 0xe8, 0x22, 0xfc, 0xff, 0xff, 0x83, 0xc4, 0x08, 0x89, 0x45, 0xfc,
  0xeb, 0x00, 0x8b, 0x45, 0xfc, 0xc9, 0xc3, 0x90, 0xc8, 0x04, 0x00, 0x00,
  0xff, 0x75, 0x0c, 0x8b, 0x55, 0x08, 0x52, 0x68, 0x85, 0x00, 0x00, 0x00,
  0xe8, 0xbf, 0xfb, 0xff, 0xff, 0x83, 0xc4, 0x0c, 0x89, 0x45, 0xfc, 0xeb,
  0x00, 0x8b, 0x45, 0xfc, 0xc9, 0xc3, 0x66, 0x90, 0xc8, 0x04, 0x00, 0x00,
  0x8b, 0x55, 0x08, 0x52, 0x68, 0x86, 0x00, 0x00, 0x00, 0xe8, 0xde, 0xfb,
  0xff, 0xff, 0x83, 0xc4, 0x08, 0x89, 0x45, 0xfc, 0xeb, 0x00, 0x8b, 0x45,
  0xfc, 0xc9, 0xc3, 0x90, 0xc8, 0x04, 0x00, 0x00, 0x8b, 0x55, 0x10, 0x52,
  0x8b, 0x55, 0x0c, 0x52, 0x8b, 0x55, 0x08, 0x52, 0x68, 0x87, 0x00, 0x00,
  0x00, 0xe8, 0xfa, 0xfb, 0xff, 0xff, 0x83, 0xc4, 0x10, 0x89, 0x45, 0xfc,
  0xeb, 0x00, 0x8b, 0x45, 0xfc, 0xc9, 0xc3, 0x90, 0xc8, 0x04, 0x00, 0x00,
  0x8b, 0x55, 0x08, 0x52, 0x68, 0x88, 0x00, 0x00, 0x00, 0xe8, 0x96, 0xfb,
  0xff, 0xff, 0x83, 0xc4, 0x08, 0x89, 0x45, 0xfc, 0xeb, 0x00, 0x8b, 0x45,
  0xfc, 0xc9, 0xc3, 0x90, 0xc8, 0x04, 0x00, 0x00, 0xff, 0x75, 0x0c, 0x8b,
  0x55, 0x08, 0x52, 0x68, 0x89, 0x00, 0x00, 0x00, 0xe8, 0x33, 0xfb, 0xff,
  0xff, 0x83, 0xc4, 0x0c, 0x89, 0x45, 0xfc, 0xeb, 0x00, 0x8b, 0x45, 0xfc,
  0xc9, 0xc3, 0x66, 0x90, 0xc8, 0x18, 0x00, 0x00, 0x83, 0x65, 0xfc, 0x00,
  0xc7, 0x45, 0xf8, 0x01, 0x00, 0x00, 0x00, 0x8b, 0x45, 0x08, 0x0f, 0xbe,
  0x00, 0x83, 0xf8, 0x20, 0x75, 0x0b, 0x8b, 0x45, 0x08, 0x89, 0x45, 0xf4,
  0xff, 0x45, 0x08, 0xeb, 0xea, 0x8b, 0x45, 0x08, 0x0f, 0xbe, 0x00, 0x83,
  0xf8, 0x2d, 0x75, 0x12, 0xc7, 0x45, 0xf8, 0xff, 0xff, 0xff, 0xff, 0x8b,
  0x45, 0x08, 0x89, 0x45, 0xf0, 0xff, 0x45, 0x08, 0xeb, 0x14, 0x8b, 0x45,
  0x08, 0x0f, 0xbe, 0x00, 0x83, 0xf8, 0x2b, 0x75, 0x09, 0x8b, 0x45, 0x08,
  0x89, 0x45, 0xf0, 0xff, 0x45, 0x08, 0x8b, 0x45, 0x08, 0x0f, 0xbe, 0x00,
  0x83, 0xf8, 0x30, 0x7c, 0x2b, 0x8b, 0x45, 0x08, 0x0f, 0xbe, 0x00, 0x83,
  0xf8, 0x39, 0x7f, 0x20, 0x8b, 0x45, 0x08, 0x89, 0x45, 0xec, 0xff, 0x45,
  0x08, 0x8b, 0x45, 0xec, 0x0f, 0xbe, 0x10, 0x83, 0xea, 0x30, 0x8b, 0x45,
  0xfc, 0x6b, 0xc0, 0x0a, 0x8d, 0x04, 0x10, 0x89, 0x45, 0xfc, 0xeb, 0xca,
  0x8b, 0x45, 0xfc, 0x0f, 0xaf, 0x45, 0xf8, 0x89, 0x45, 0xe8, 0xeb, 0x00,
  0x8b, 0x45, 0xe8, 0xc9, 0xc3, 0x8d, 0x76, 0x00, 0x55, 0x89, 0xe5, 0x68,
  0xfd, 0x03, 0x00, 0x00, 0xe8, 0x23, 0x00, 0x00, 0x00, 0x83, 0xc4, 0x04,
  0x0f, 0xb6, 0xc0, 0x83, 0xe0, 0x20, 0x75, 0x02, 0xeb, 0xe9, 0x0f, 0xb6,
  0x55, 0x08, 0x52, 0x68, 0xf8, 0x03, 0x00, 0x00, 0xe8, 0x23, 0x00, 0x00,
  0x00, 0x83, 0xc4, 0x08, 0xc9, 0xc3, 0x66, 0x90, 0xc8, 0x08, 0x00, 0x00,
  0x66, 0x8b, 0x55, 0x08, 0xec, 0x88, 0x45, 0xff, 0x8a, 0x45, 0xff, 0x88,
  0x45, 0xf8, 0xeb, 0x00, 0x8a, 0x45, 0xf8, 0xc9, 0xc3, 0x8d, 0x76, 0x00,
  0x55, 0x89, 0xe5, 0x66, 0x8b, 0x55, 0x08, 0x8a, 0x45, 0x0c, 0xee, 0xc9,
  0xc3, 0x8d, 0x76, 0x00, 0xc8, 0x04, 0x00, 0x00, 0x8b, 0x45, 0x08, 0x0f,
  0xbe, 0x00, 0x83, 0xf8, 0x00, 0x74, 0x1a, 0x8b, 0x45, 0x08, 0x89, 0x45,
  0xfc, 0xff, 0x45, 0x08, 0x8b, 0x45, 0xfc, 0x0f, 0xbe, 0x10, 0x52, 0xe8,
  0x80, 0xff, 0xff, 0xff, 0x83, 0xc4, 0x04, 0xeb, 0xdb, 0xc9, 0xc3, 0x90,
  0xc8, 0x04, 0x00, 0x00, 0x68, 0xfd, 0x03, 0x00, 0x00, 0xe8, 0x9a, 0xff,
  0xff, 0xff, 0x83, 0xc4, 0x04, 0x0f, 0xb6, 0xc0, 0x83, 0xe0, 0x01, 0x74,
  0x15, 0x68, 0xf8, 0x03, 0x00, 0x00, 0xe8, 0x85, 0xff, 0xff, 0xff, 0x83,
  0xc4, 0x04, 0x0f, 0xb6, 0xc0, 0x89, 0x45, 0xfc, 0xeb, 0x0e, 0xe8, 0x11,
  0x00, 0x00, 0x00, 0xc7, 0x45, 0xfc, 0xff, 0xff, 0xff, 0xff, 0xeb, 0x00,
  0x8b, 0x45, 0xfc, 0xc9, 0xc3, 0x8d, 0x76, 0x00, 0xc8, 0x04, 0x00, 0x00,
  0x68, 0x43, 0x00, 0x00, 0x4d, 0xe8, 0x0e, 0x00, 0x00, 0x00, 0x83, 0xc4,
  0x04, 0x89, 0x45, 0xfc, 0xeb, 0x00, 0x8b, 0x45, 0xfc, 0xc9, 0xc3, 0x90,
  0xc8, 0x08, 0x00, 0x00, 0x8b, 0x45, 0x08, 0xcd, 0x4d, 0x89, 0x45, 0xfc,
  0x8b, 0x45, 0xfc, 0x89, 0x45, 0xf8, 0xeb, 0x00, 0x8b, 0x45, 0xf8, 0xc9,
  0xc3, 0x8d, 0x76, 0x00, 0x55, 0x89, 0xe5, 0x68, 0xe4, 0x61, 0x80, 0x00,
  0xe8, 0x4b, 0xff, 0xff, 0xff, 0x83, 0xc4, 0x04, 0xc9, 0xc3, 0x66, 0x90,
  0x55, 0x89, 0xe5, 0x68, 0xde, 0x61, 0x80, 0x00, 0xe8, 0x37, 0xff, 0xff,
  0xff, 0x83, 0xc4, 0x04, 0xc9, 0xc3, 0x66, 0x90, 0x55, 0x89, 0xe5, 0x68,
  0xd8, 0x61, 0x80, 0x00, 0xe8, 0x23, 0xff, 0xff, 0xff, 0x83, 0xc4, 0x04,
  0xc9, 0xc3, 0x66, 0x90, 0x55, 0x89, 0xe5, 0x68, 0xd2, 0x61, 0x80, 0x00,
  0xe8, 0x0f, 0xff, 0xff, 0xff, 0x83, 0xc4, 0x04, 0xc9, 0xc3, 0x66, 0x90,
  0x55, 0x89, 0xe5, 0x68, 0xcc, 0x61, 0x80, 0x00, 0xe8, 0xfb, 0xfe, 0xff,
  0xff, 0x83, 0xc4, 0x04, 0xc9, 0xc3, 0x66, 0x90, 0x55, 0x89, 0xe5, 0x68,
  0xc6, 0x61, 0x80, 0x00, 0xe8, 0xe7, 0xfe, 0xff, 0xff, 0x83, 0xc4, 0x04,
  0xc9, 0xc3, 0x66, 0x90, 0x55, 0x89, 0xe5, 0x68, 0xc1, 0x61, 0x80, 0x00,
  0xe8, 0xd3, 0xfe, 0xff, 0xff, 0x83, 0xc4, 0x04, 0xc9, 0xc3, 0x66, 0x90,
  0x55, 0x89, 0xe5, 0x83, 0x3d, 0x00, 0x70, 0x80, 0x00, 0x01, 0x75, 0x0f,
  0x0f, 0xbe, 0x55, 0x08, 0x52, 0xe8, 0x5a, 0xfe, 0xff, 0xff, 0x83, 0xc4,
  0x04, 0xeb, 0x14, 0x6a, 0x01, 0x8d, 0x45, 0x08, 0x50, 0xff, 0x35, 0x00,
  0x70, 0x80, 0x00, 0xe8, 0x74, 0xf9, 0xff, 0xff, 0x83, 0xc4, 0x0c, 0xc9,
  0xc3, 0x8d, 0x76, 0x00, 0xc8, 0x04, 0x00, 0x00, 0x83, 0x3d, 0x00, 0x70,
  0x80, 0x00, 0x01, 0x75, 0x0d, 0xff, 0x75, 0x08, 0xe8, 0x83, 0xfe, 0xff,
  0xff, 0x83, 0xc4, 0x04, 0xeb, 0x29, 0x8b, 0x45, 0x08, 0x0f, 0xbe, 0x00,
  0x83, 0xf8, 0x00, 0x74, 0x1e, 0x6a, 0x01, 0xff, 0x75, 0x08, 0xff, 0x35,
  0x00, 0x70, 0x80, 0x00, 0xe8, 0x37, 0xf9, 0xff, 0xff, 0x83, 0xc4, 0x0c,
  0x8b, 0x45, 0x08, 0x89, 0x45, 0xfc, 0xff, 0x45, 0x08, 0xeb, 0xd7, 0xc9,
  0xc3, 0x8d, 0x76, 0x00, 0x55, 0x89, 0xe5, 0xff, 0x75, 0x08, 0xe8, 0xad,
  0xff, 0xff, 0xff, 0x83, 0xc4, 0x04, 0xc9, 0xc3, 0xc8, 0x18, 0x00, 0x00,
  0x83, 0x65, 0xec, 0x00, 0x8b, 0x45, 0xec, 0x89, 0x45, 0xe8, 0xff, 0x45,
  0xec, 0x8b, 0x45, 0x08, 0xb9, 0x0a, 0x00, 0x00, 0x00, 0x31, 0xd2, 0xf7,
  0xf1, 0x88, 0xd0, 0x0f, 0xbe, 0xc0, 0x83, 0xc0, 0x30, 0x8d, 0x55, 0xf0,
  0x03, 0x55, 0xe8, 0x88, 0x02, 0x8b, 0x45, 0x08, 0xb9, 0x0a, 0x00, 0x00,
  0x00, 0x31, 0xd2, 0xf7, 0xf1, 0x89, 0x45, 0x08, 0x83, 0x7d, 0x08, 0x00,
  0x74, 0x09, 0xc7, 0x45, 0xe8, 0x01, 0x00, 0x00, 0x00, 0xeb, 0x04, 0x83,
  0x65, 0xe8, 0x00, 0x83, 0x7d, 0xe8, 0x00, 0x75, 0xb3, 0x83, 0x7d, 0xec,
  0x00, 0x7e, 0x1a, 0x8d, 0x45, 0xf0, 0x8b, 0x55, 0xec, 0x4a, 0x89, 0x55,
  0xec, 0x01, 0xd0, 0x0f, 0xbe, 0x10, 0x52, 0xe8, 0x04, 0xff, 0xff, 0xff,
  0x83, 0xc4, 0x04, 0xeb, 0xe0, 0xc9, 0xc3, 0x90, 0x55, 0x89, 0xe5, 0x31,
  0xd2, 0xb8, 0xff, 0xff, 0xff, 0xff, 0x39, 0x55, 0x0c, 0x77, 0x07, 0x72,
  0x14, 0x39, 0x45, 0x08, 0x76, 0x0f, 0x68, 0xbc, 0x61, 0x80, 0x00, 0xe8,
  0x10, 0xff, 0xff, 0xff, 0x83, 0xc4, 0x04, 0xeb, 0x0c, 0x8b, 0x45, 0x08,
  0x50, 0xe8, 0x5a, 0xff, 0xff, 0xff, 0x83, 0xc4, 0x04, 0xc9, 0xc3, 0x90,
  0x55, 0x89, 0xe5, 0x83, 0x7d, 0x08, 0x00, 0x7d, 0x12, 0x6a, 0x2d, 0xe8,
  0xb8, 0xfe, 0xff, 0xff, 0x83, 0xc4, 0x04, 0x8b, 0x45, 0x08, 0xf7, 0xd8,
  0x89, 0x45, 0x08, 0xff, 0x75, 0x08, 0xe8, 0x31, 0xff, 0xff, 0xff, 0x83,
  0xc4, 0x04, 0xc9, 0xc3, 0xc8, 0x04, 0x00, 0x00, 0x68, 0x00, 0x01, 0x00,
  0x00, 0x68, 0x04, 0x70, 0x80, 0x00, 0xe8, 0x75, 0xf8, 0xff, 0xff, 0x83,
  0xc4, 0x08, 0x89, 0x45, 0xfc, 0x83, 0x7d, 0xfc, 0x00, 0x7f, 0x17, 0x68,
  0xff, 0x00, 0x00, 0x00, 0x68, 0xba, 0x61, 0x80, 0x00, 0x68, 0x04, 0x70,
  0x80, 0x00, 0xe8, 0x0d, 0xf5, 0xff, 0xff, 0x83, 0xc4, 0x0c, 0xc9, 0xc3,
  0xc8, 0x1c, 0x00, 0x00, 0x83, 0x7d, 0x08, 0x00, 0x74, 0x0b, 0x8b, 0x45,
  0x08, 0x0f, 0xbe, 0x00, 0x83, 0xf8, 0x00, 0x75, 0x1a, 0x8b, 0x45, 0x10,
  0x48, 0x50, 0x68, 0x04, 0x70, 0x80, 0x00, 0xff, 0x75, 0x0c, 0xe8, 0xe1,
  0xf4, 0xff, 0xff, 0x83, 0xc4, 0x0c, 0xe9, 0xd3, 0x00, 0x00, 0x00, 0x8b,
  0x45, 0x08, 0x0f, 0xbe, 0x00, 0x83, 0xf8, 0x2f, 0x75, 0x18, 0x8b, 0x45,
  0x10, 0x48, 0x50, 0xff, 0x75, 0x08, 0xff, 0x75, 0x0c, 0xe8, 0xbe, 0xf4,
  0xff, 0xff, 0x83, 0xc4, 0x0c, 0xe9, 0xb0, 0x00, 0x00, 0x00, 0x83, 0x65,
  0xfc, 0x00, 0xb8, 0x04, 0x70, 0x80, 0x00, 0x03, 0x45, 0xfc, 0x0f, 0xbe,
  0x00, 0x83, 0xf8, 0x00, 0x74, 0x26, 0x8b, 0x45, 0x10, 0x48, 0x39, 0x45,
  0xfc, 0x7d, 0x1d, 0xb8, 0x04, 0x70, 0x80, 0x00, 0x03, 0x45, 0xfc, 0x8a,
  0x00, 0x8b, 0x55, 0x0c, 0x03, 0x55, 0xfc, 0x88, 0x02, 0x8b, 0x45, 0xfc,
  0x89, 0x45, 0xf4, 0xff, 0x45, 0xfc, 0xeb, 0xca, 0x8b, 0x45, 0xfc, 0x89,
  0x45, 0xf0, 0x83, 0x7d, 0xf0, 0x00, 0x7e, 0x22, 0xb8, 0x03, 0x70, 0x80,
  0x00, 0x03, 0x45, 0xf0, 0x0f, 0xbe, 0x00, 0x83, 0xf8, 0x2f, 0x74, 0x12,
  0x8b, 0x45, 0xf0, 0x89, 0x45, 0xec, 0xff, 0x45, 0xf0, 0x8b, 0x45, 0x0c,
  0x03, 0x45, 0xec, 0xc6, 0x00, 0x2f, 0x83, 0x65, 0xf8, 0x00, 0x8b, 0x45,
  0x08, 0x03, 0x45, 0xf8, 0x0f, 0xbe, 0x00, 0x83, 0xf8, 0x00, 0x74, 0x2d,
  0x8b, 0x45, 0x10, 0x48, 0x39, 0x45, 0xf0, 0x7d, 0x24, 0x8b, 0x45, 0x08,
  0x03, 0x45, 0xf8, 0x8a, 0x00, 0x8b, 0x55, 0x0c, 0x03, 0x55, 0xf0, 0x88,
  0x02, 0x8b, 0x45, 0xf8, 0x89, 0x45, 0xe8, 0xff, 0x45, 0xf8, 0x8b, 0x45,
  0xf0, 0x89, 0x45, 0xe4, 0xff, 0x45, 0xf0, 0xeb, 0xc5, 0x8b, 0x45, 0x0c,
  0x03, 0x45, 0xf0, 0xc6, 0x00, 0x00, 0xc9, 0xc3, 0xc8, 0x10, 0x00, 0x00,
  0x8b, 0x45, 0x0c, 0x89, 0x45, 0xfc, 0x8b, 0x45, 0x08, 0x89, 0x45, 0xf8,
  0x83, 0x7d, 0xfc, 0x00, 0x7e, 0x09, 0x8b, 0x45, 0xfc, 0x89, 0x45, 0xf4,
  0xff, 0x4d, 0xfc, 0x8b, 0x45, 0xf8, 0xb9, 0x0a, 0x00, 0x00, 0x00, 0x31,
  0xd2, 0xf7, 0xf1, 0x89, 0x45, 0xf8, 0x83, 0x7d, 0xf8, 0x00, 0x74, 0x09,
  0xc7, 0x45, 0xf4, 0x01, 0x00, 0x00, 0x00, 0xeb, 0x04, 0x83, 0x65, 0xf4,
  0x00, 0x83, 0x7d, 0xf4, 0x00, 0x75, 0xc9, 0x83, 0x7d, 0xfc, 0x00, 0x7e,
  0x15, 0x6a, 0x20, 0xe8, 0x10, 0xfd, 0xff, 0xff, 0x83, 0xc4, 0x04, 0x8b,
  0x45, 0xfc, 0x89, 0x45, 0xf0, 0xff, 0x4d, 0xfc, 0xeb, 0xe5, 0xff, 0x75,
  0x08, 0xe8, 0x86, 0xfd, 0xff, 0xff, 0x83, 0xc4, 0x04, 0xc9, 0xc3, 0x90,
  0xc8, 0x54, 0x00, 0x00, 0xe8, 0x37, 0x1c, 0x00, 0x00, 0x68, 0xff, 0xff,
  0xff, 0x00, 0x68, 0x2c, 0x01, 0x00, 0x00, 0x68, 0x90, 0x01, 0x00, 0x00,
  0x68, 0x96, 0x00, 0x00, 0x00, 0x68, 0xc8, 0x00, 0x00, 0x00, 0xe8, 0x09,
  0x18, 0x00, 0x00, 0x83, 0xc4, 0x14, 0x68, 0xc0, 0xc0, 0xc0, 0x00, 0x68,
  0x28, 0x01, 0x00, 0x00, 0x68, 0x8c, 0x01, 0x00, 0x00, 0x68, 0x98, 0x00,
  0x00, 0x00, 0x68, 0xca, 0x00, 0x00, 0x00, 0xe8, 0xe8, 0x17, 0x00, 0x00,
  0x83, 0xc4, 0x14, 0x68, 0xc0, 0xc0, 0xc0, 0x00, 0x6a, 0x00, 0x68, 0xae,
  0x61, 0x80, 0x00, 0x68, 0xaa, 0x00, 0x00, 0x00, 0x68, 0x40, 0x01, 0x00,
  0x00, 0xe8, 0x5a, 0x18, 0x00, 0x00, 0x83, 0xc4, 0x14, 0x68, 0xc0, 0xc0,
  0xc0, 0x00, 0x6a, 0x00, 0x68, 0xa4, 0x61, 0x80, 0x00, 0x68, 0xc8, 0x00,
  0x00, 0x00, 0x68, 0xfa, 0x00, 0x00, 0x00, 0xe8, 0x3c, 0x18, 0x00, 0x00,
  0x83, 0xc4, 0x14, 0x83, 0x3d, 0x88, 0x71, 0x80, 0x00, 0x00, 0x75, 0x09,
  0xc7, 0x45, 0xfc, 0x01, 0x00, 0x00, 0x00, 0xeb, 0x04, 0x83, 0x65, 0xfc,
  0x00, 0xff, 0x75, 0xfc, 0x68, 0x08, 0x71, 0x80, 0x00, 0x6a, 0x1e, 0x68,
  0x2c, 0x01, 0x00, 0x00, 0x68, 0xdc, 0x00, 0x00, 0x00, 0x68, 0xfa, 0x00,
  0x00, 0x00, 0xe8, 0x59, 0x18, 0x00, 0x00, 0x83, 0xc4, 0x18, 0x68, 0xc0,
  0xc0, 0xc0, 0x00, 0x6a, 0x00, 0x68, 0x9a, 0x61, 0x80, 0x00, 0x68, 0xfa,
  0x00, 0x00, 0x00, 0x68, 0xfa, 0x00, 0x00, 0x00, 0xe8, 0xe7, 0x17, 0x00,
  0x00, 0x83, 0xc4, 0x14, 0xc6, 0x45, 0xbc, 0x00, 0xc6, 0x45, 0xbd, 0x00,
  0xc6, 0x45, 0xbe, 0x00, 0xc6, 0x45, 0xbf, 0x00, 0xc6, 0x45, 0xc0, 0x00,
  0xc6, 0x45, 0xc1, 0x00, 0xc6, 0x45, 0xc2, 0x00, 0xc6, 0x45, 0xc3, 0x00,
  0xc6, 0x45, 0xc4, 0x00, 0xc6, 0x45, 0xc5, 0x00, 0xc6, 0x45, 0xc6, 0x00,
  0xc6, 0x45, 0xc7, 0x00, 0xc6, 0x45, 0xc8, 0x00, 0xc6, 0x45, 0xc9, 0x00,
  0xc6, 0x45, 0xca, 0x00, 0xc6, 0x45, 0xcb, 0x00, 0xc6, 0x45, 0xcc, 0x00,
  0xc6, 0x45, 0xcd, 0x00, 0xc6, 0x45, 0xce, 0x00, 0xc6, 0x45, 0xcf, 0x00,
  0xc6, 0x45, 0xd0, 0x00, 0xc6, 0x45, 0xd1, 0x00, 0xc6, 0x45, 0xd2, 0x00,
  0xc6, 0x45, 0xd3, 0x00, 0xc6, 0x45, 0xd4, 0x00, 0xc6, 0x45, 0xd5, 0x00,
  0xc6, 0x45, 0xd6, 0x00, 0xc6, 0x45, 0xd7, 0x00, 0xc6, 0x45, 0xd8, 0x00,
  0xc6, 0x45, 0xd9, 0x00, 0xc6, 0x45, 0xda, 0x00, 0xc6, 0x45, 0xdb, 0x00,
  0xc6, 0x45, 0xdc, 0x00, 0xc6, 0x45, 0xdd, 0x00, 0xc6, 0x45, 0xde, 0x00,
  0xc6, 0x45, 0xdf, 0x00, 0xc6, 0x45, 0xe0, 0x00, 0xc6, 0x45, 0xe1, 0x00,
  0xc6, 0x45, 0xe2, 0x00, 0xc6, 0x45, 0xe3, 0x00, 0xc6, 0x45, 0xe4, 0x00,
  0xc6, 0x45, 0xe5, 0x00, 0xc6, 0x45, 0xe6, 0x00, 0xc6, 0x45, 0xe7, 0x00,
  0xc6, 0x45, 0xe8, 0x00, 0xc6, 0x45, 0xe9, 0x00, 0xc6, 0x45, 0xea, 0x00,
  0xc6, 0x45, 0xeb, 0x00, 0xc6, 0x45, 0xec, 0x00, 0xc6, 0x45, 0xed, 0x00,
  0xc6, 0x45, 0xee, 0x00, 0xc6, 0x45, 0xef, 0x00, 0xc6, 0x45, 0xf0, 0x00,
  0xc6, 0x45, 0xf1, 0x00, 0xc6, 0x45, 0xf2, 0x00, 0xc6, 0x45, 0xf3, 0x00,
  0xc6, 0x45, 0xf4, 0x00, 0xc6, 0x45, 0xf5, 0x00, 0xc6, 0x45, 0xf6, 0x00,
  0xc6, 0x45, 0xf7, 0x00, 0xc6, 0x45, 0xf8, 0x00, 0xc6, 0x45, 0xf9, 0x00,
  0xc6, 0x45, 0xfa, 0x00, 0xc6, 0x45, 0xfb, 0x00, 0x68, 0x48, 0x71, 0x80,
  0x00, 0xe8, 0x4e, 0xf1, 0xff, 0xff, 0x83, 0xc4, 0x04, 0x89, 0x45, 0xb8,
  0x83, 0x65, 0xb4, 0x00, 0x8b, 0x45, 0xb8, 0x39, 0x45, 0xb4, 0x7d, 0x1a,
  0x83, 0x7d, 0xb4, 0x3f, 0x7d, 0x14, 0x8d, 0x45, 0xbc, 0x03, 0x45, 0xb4,
  0xc6, 0x00, 0x2a, 0x8b, 0x45, 0xb4, 0x89, 0x45, 0xb0, 0xff, 0x45, 0xb4,
  0xeb, 0xde, 0x8d, 0x45, 0xbc, 0x03, 0x45, 0xb8, 0xc6, 0x00, 0x00, 0x83,
  0x3d, 0x88, 0x71, 0x80, 0x00, 0x01, 0x75, 0x09, 0xc7, 0x45, 0xac, 0x01,
  0x00, 0x00, 0x00, 0xeb, 0x04, 0x83, 0x65, 0xac, 0x00, 0xff, 0x75, 0xac,
  0x8d, 0x45, 0xbc, 0x50, 0x6a, 0x1e, 0x68, 0x2c, 0x01, 0x00, 0x00, 0x68,
  0x0e, 0x01, 0x00, 0x00, 0x68, 0xfa, 0x00, 0x00, 0x00, 0xe8, 0xc6, 0x16,
  0x00, 0x00, 0x83, 0xc4, 0x18, 0xff, 0x35, 0x8c, 0x71, 0x80, 0x00, 0x68,
  0x94, 0x61, 0x80, 0x00, 0x6a, 0x23, 0x6a, 0x64, 0x68, 0x4a, 0x01, 0x00,
  0x00, 0x68, 0x5e, 0x01, 0x00, 0x00, 0xe8, 0x45, 0x17, 0x00, 0x00, 0x83,
  0xc4, 0x18, 0x83, 0x3d, 0x90, 0x71, 0x80, 0x00, 0x00, 0x74, 0x21, 0x68,
  0xc0, 0xc0, 0xc0, 0x00, 0x68, 0x00, 0x00, 0xff, 0x00, 0x68, 0x86, 0x61,
  0x80, 0x00, 0x68, 0x77, 0x01, 0x00, 0x00, 0x68, 0xfa, 0x00, 0x00, 0x00,
  0xe8, 0x27, 0x16, 0x00, 0x00, 0x83, 0xc4, 0x14, 0xe8, 0xeb, 0x19, 0x00,
  0x00, 0xc9, 0xc3, 0x90, 0xc8, 0x04, 0x00, 0x00, 0x83, 0x25, 0x98, 0x71,
  0x80, 0x00, 0x00, 0x68, 0x00, 0x80, 0x80, 0x00, 0x68, 0x08, 0x71, 0x80,
  0x00, 0xe8, 0x86, 0x36, 0x00, 0x00, 0x83, 0xc4, 0x08, 0x83, 0xf8, 0x00,
  0x74, 0x09, 0xc7, 0x45, 0xfc, 0xff, 0xff, 0xff, 0xff, 0xeb, 0x31, 0xba,
  0x88, 0x81, 0x80, 0x00, 0x52, 0x68, 0x48, 0x71, 0x80, 0x00, 0xe8, 0x61,
  0x31, 0x00, 0x00, 0x83, 0xc4, 0x08, 0x83, 0xf8, 0x00, 0x75, 0x09, 0xc7,
  0x45, 0xfc, 0xff, 0xff, 0xff, 0xff, 0xeb, 0x10, 0xc7, 0x05, 0x98, 0x71,
  0x80, 0x00, 0x01, 0x00, 0x00, 0x00, 0x83, 0x65, 0xfc, 0x00, 0xeb, 0x00,
  0x8b, 0x45, 0xfc, 0xc9, 0xc3, 0x8d, 0x76, 0x00, 0xc8, 0x18, 0x00, 0x00,
  0x83, 0x3d, 0x98, 0x71, 0x80, 0x00, 0x00, 0x75, 0x05, 0xe9, 0x75, 0x01,
  0x00, 0x00, 0xff, 0x35, 0x40, 0x80, 0x80, 0x00, 0xe8, 0x1b, 0x02, 0x00,
  0x00, 0x83, 0xc4, 0x04, 0xff, 0x35, 0x44, 0x80, 0x80, 0x00, 0xe8, 0xed,
  0x01, 0x00, 0x00, 0x83, 0xc4, 0x04, 0xb8, 0x48, 0x80, 0x80, 0x00, 0x50,
  0xe8, 0x53, 0x01, 0x00, 0x00, 0x83, 0xc4, 0x04, 0xe8, 0x37, 0x02, 0x00,
  0x00, 0x89, 0x45, 0xfc, 0x68, 0x08, 0x71, 0x80, 0x00, 0x89, 0xe8, 0x8b,
  0x40, 0xfc, 0x50, 0x68, 0x81, 0x61, 0x80, 0x00, 0xe8, 0x4f, 0x01, 0x00,
  0x00, 0x83, 0xc4, 0x0c, 0x68, 0x6c, 0x61, 0x80, 0x00, 0xe8, 0x52, 0xf8,
  0xff, 0xff, 0x83, 0xc4, 0x04, 0x68, 0x08, 0x71, 0x80, 0x00, 0xe8, 0x45,
  0xf8, 0xff, 0xff, 0x83, 0xc4, 0x04, 0x68, 0x43, 0x61, 0x80, 0x00, 0xe8,
  0x38, 0xf8, 0xff, 0xff, 0x83, 0xc4, 0x04, 0xe8, 0xa0, 0xf4, 0xff, 0xff,
  0x89, 0x45, 0xf8, 0x83, 0x7d, 0xf8, 0x00, 0x75, 0x57, 0x6a, 0x00, 0x68,
  0x36, 0x61, 0x80, 0x00, 0xe8, 0x33, 0x01, 0x00, 0x00, 0x83, 0xc4, 0x08,
  0x89, 0x45, 0xf4, 0x68, 0x15, 0x61, 0x80, 0x00, 0xe8, 0x0b, 0xf8, 0xff,
  0xff, 0x83, 0xc4, 0x04, 0x83, 0x7d, 0xf4, 0x00, 0x7d, 0x0a, 0x8b, 0x45,
  0xf4, 0xf7, 0xd8, 0x89, 0x45, 0xf0, 0xeb, 0x06, 0x8b, 0x45, 0xf4, 0x89,
  0x45, 0xf0, 0xff, 0x75, 0xf0, 0xe8, 0xaa, 0xf9, 0xff, 0xff, 0x83, 0xc4,
  0x04, 0x68, 0x12, 0x61, 0x80, 0x00, 0xe8, 0xdd, 0xf7, 0xff, 0xff, 0x83,
  0xc4, 0x04, 0x6a, 0x01, 0xe8, 0x73, 0x01, 0x00, 0x00, 0x83, 0xc4, 0x04,
  0x83, 0x7d, 0xf8, 0x00, 0x7d, 0x12, 0x68, 0xff, 0x60, 0x80, 0x00, 0xe8,
  0xc0, 0xf7, 0xff, 0xff, 0x83, 0xc4, 0x04, 0xe9, 0x87, 0x00, 0x00, 0x00,
  0x8b, 0x45, 0xf8, 0xa3, 0x9c, 0x71, 0x80, 0x00, 0xe8, 0x1b, 0xf4, 0xff,
  0xff, 0x89, 0x45, 0xf4, 0x83, 0x7d, 0xf4, 0x00, 0x75, 0x1c, 0x6a, 0x00,
  0x68, 0xf4, 0x60, 0x80, 0x00, 0xe8, 0xae, 0x00, 0x00, 0x00, 0x83, 0xc4,
  0x08, 0x89, 0x45, 0xf0, 0x6a, 0x01, 0xe8, 0x29, 0x01, 0x00, 0x00, 0x83,
  0xc4, 0x04, 0x6a, 0x01, 0x8d, 0x55, 0xf4, 0x52, 0xff, 0x75, 0xf8, 0xe8,
  0xb0, 0x00, 0x00, 0x00, 0x83, 0xc4, 0x0c, 0x89, 0x45, 0xf0, 0x8b, 0x45,
  0xf8, 0x39, 0x45, 0xf0, 0x74, 0x06, 0x83, 0x7d, 0xf0, 0x00, 0x7d, 0x02,
  0xeb, 0x1a, 0x83, 0x65, 0xec, 0x00, 0x81, 0x7d, 0xec, 0x80, 0x84, 0x1e,
  0x00, 0x7d, 0x0b, 0x8b, 0x45, 0xec, 0x89, 0x45, 0xe8, 0xff, 0x45, 0xec,
  0xeb, 0xec, 0xeb, 0xc2, 0xc7, 0x05, 0x9c, 0x71, 0x80, 0x00, 0xff, 0xff,
  0xff, 0xff, 0x68, 0xc1, 0x60, 0x80, 0x00, 0xe8, 0x34, 0xf7, 0xff, 0xff,
  0x83, 0xc4, 0x04, 0xc9, 0xc3, 0x8d, 0x76, 0x00, 0xc8, 0x04, 0x00, 0x00,
  0xff, 0x75, 0x08, 0xe8, 0x5c, 0xf2, 0xff, 0xff, 0x83, 0xc4, 0x04, 0x89,
  0x45, 0xfc, 0xeb, 0x00, 0x8b, 0x45, 0xfc, 0xc9, 0xc3, 0x8d, 0x76, 0x00,
  0xc8, 0x04, 0x00, 0x00, 0x8b, 0x55, 0x10, 0x52, 0xff, 0x75, 0x0c, 0x8b,
  0x55, 0x08, 0x52, 0x68, 0x41, 0x00, 0x00, 0x4d, 0xe8, 0xd3, 0x00, 0x00,
  0x00, 0x83, 0xc4, 0x10, 0x89, 0x45, 0xfc, 0xeb, 0x00, 0x8b, 0x45, 0xfc,
  0xc9, 0xc3, 0x66, 0x90, 0xc8, 0x04, 0x00, 0x00, 0x8b, 0x55, 0x08, 0x52,
  0x68, 0x02, 0x00, 0x00, 0x4d, 0xe8, 0xda, 0x00, 0x00, 0x00, 0x83, 0xc4,
  0x08, 0x89, 0x45, 0xfc, 0xeb, 0x00, 0x8b, 0x45, 0xfc, 0xc9, 0xc3, 0x90,
  0xc8, 0x04, 0x00, 0x00, 0xff, 0x75, 0x10, 0x8b, 0x55, 0x0c, 0x52, 0xff,
  0x75, 0x08, 0x68, 0x03, 0x00, 0x00, 0x4d, 0xe8, 0x8c, 0x00, 0x00, 0x00,
  0x83, 0xc4, 0x10, 0x89, 0x45, 0xfc, 0xeb, 0x00, 0x8b, 0x45, 0xfc, 0xc9,
  0xc3, 0x8d, 0x76, 0x00, 0xc8, 0x04, 0x00, 0x00, 0xff, 0x75, 0x08, 0x68,
  0x25, 0x00, 0x00, 0x4d, 0xe8, 0x93, 0x00, 0x00, 0x00, 0x83, 0xc4, 0x08,
  0x89, 0x45, 0xfc, 0xeb, 0x00, 0x8b, 0x45, 0xfc, 0xc9, 0xc3, 0x66, 0x90,
  0xc8, 0x04, 0x00, 0x00, 0xff, 0x75, 0x08, 0x68, 0x24, 0x00, 0x00, 0x4d,
  0xe8, 0x73, 0x00, 0x00, 0x00, 0x83, 0xc4, 0x08, 0x89, 0x45, 0xfc, 0xeb,
  0x00, 0x8b, 0x45, 0xfc, 0xc9, 0xc3, 0x66, 0x90, 0xc8, 0x04, 0x00, 0x00,
  0xff, 0x75, 0x08, 0x68, 0x01, 0x00, 0x00, 0x4d, 0xe8, 0x53, 0x00, 0x00,
  0x00, 0x83, 0xc4, 0x08, 0x89, 0x45, 0xfc, 0xeb, 0x00, 0x8b, 0x45, 0xfc,
  0xc9, 0xc3, 0x66, 0x90, 0xc8, 0x04, 0x00, 0x00, 0x68, 0x04, 0x00, 0x00,
  0x4d, 0xe8, 0xbe, 0xf6, 0xff, 0xff, 0x83, 0xc4, 0x04, 0x89, 0x45, 0xfc,
  0xeb, 0x00, 0x8b, 0x45, 0xfc, 0xc9, 0xc3, 0x90, 0xc8, 0x0c, 0x00, 0x00,
  0x89, 0x5d, 0xf4, 0x8b, 0x55, 0x14, 0x8b, 0x4d, 0x10, 0x8b, 0x5d, 0x0c,
  0x8b, 0x45, 0x08, 0xcd, 0x4d, 0x89, 0x45, 0xfc, 0x8b, 0x45, 0xfc, 0x89,
  0x45, 0xf8, 0xeb, 0x00, 0x8b, 0x45, 0xf8, 0x8b, 0x5d, 0xf4, 0xc9, 0xc3,
  0xc8, 0x08, 0x00, 0x00, 0x89, 0xda, 0x8b, 0x5d, 0x0c, 0x8b, 0x45, 0x08,
  0xcd, 0x4d, 0x89, 0x45, 0xfc, 0x8b, 0x45, 0xfc, 0x89, 0x45, 0xf8, 0xeb,
  0x00, 0x8b, 0x45, 0xf8, 0x89, 0xd3, 0xc9, 0xc3, 0xc8, 0x14, 0x00, 0x00,
  0x8d, 0x55, 0xfc, 0x52, 0xe8, 0x07, 0x17, 0x00, 0x00, 0x83, 0xc4, 0x04,
  0x83, 0xf8, 0x00, 0x0f, 0x8e, 0x4f, 0x01, 0x00, 0x00, 0x8a, 0x45, 0xfc,
  0x88, 0x45, 0xfb, 0x0f, 0xbe, 0x45, 0xfb, 0x83, 0xf8, 0x09, 0x75, 0x23,
  0x83, 0x3d, 0x88, 0x71, 0x80, 0x00, 0x00, 0x75, 0x09, 0xc7, 0x45, 0xf4,
  0x01, 0x00, 0x00, 0x00, 0xeb, 0x04, 0x83, 0x65, 0xf4, 0x00, 0x8b, 0x45,
  0xf4, 0xa3, 0x88, 0x71, 0x80, 0x00, 0xe9, 0x1d, 0x01, 0x00, 0x00, 0x0f,
  0xbe, 0x45, 0xfb, 0x83, 0xf8, 0x0d, 0x74, 0x09, 0x0f, 0xbe, 0x45, 0xfb,
  0x83, 0xf8, 0x0a, 0x75, 0x44, 0xe8, 0x5e, 0xfc, 0xff, 0xff, 0x83, 0xf8,
  0x00, 0x75, 0x1f, 0x83, 0x25, 0x90, 0x71, 0x80, 0x00, 0x00, 0xc7, 0x05,
  0x94, 0x71, 0x80, 0x00, 0x01, 0x00, 0x00, 0x00, 0xe8, 0xa7, 0xfc, 0xff,
  0xff, 0xc6, 0x05, 0x48, 0x71, 0x80, 0x00, 0x00, 0xeb, 0x11, 0xc7, 0x05,
  0x90, 0x71, 0x80, 0x00, 0x01, 0x00, 0x00, 0x00, 0xc6, 0x05, 0x48, 0x71,
  0x80, 0x00, 0x00, 0xe8, 0x80, 0xf9, 0xff, 0xff, 0xe9, 0xc7, 0x00, 0x00,
  0x00, 0x0f, 0xbe, 0x45, 0xfb, 0x83, 0xf8, 0x08, 0x74, 0x09, 0x0f, 0xbe,
  0x45, 0xfb, 0x83, 0xf8, 0x7f, 0x75, 0x4d, 0x83, 0x25, 0x90, 0x71, 0x80,
  0x00, 0x00, 0x83, 0x3d, 0x88, 0x71, 0x80, 0x00, 0x00, 0x75, 0x09, 0xc7,
  0x45, 0xf0, 0x08, 0x71, 0x80, 0x00, 0xeb, 0x07, 0xc7, 0x45, 0xf0, 0x48,
  0x71, 0x80, 0x00, 0x8b, 0x45, 0xf0, 0x89, 0x45, 0xf4, 0xff, 0x75, 0xf4,
  0xe8, 0x6f, 0xec, 0xff, 0xff, 0x83, 0xc4, 0x04, 0x89, 0x45, 0xec, 0x83,
  0x7d, 0xec, 0x00, 0x7e, 0x11, 0x8b, 0x45, 0xf4, 0x8b, 0x55, 0xec, 0x4a,
  0x01, 0xd0, 0xc6, 0x00, 0x00, 0xe8, 0x1e, 0xf9, 0xff, 0xff, 0xeb, 0x68,
  0x0f, 0xbe, 0x45, 0xfb, 0x83, 0xf8, 0x20, 0x7c, 0x5f, 0x0f, 0xbe, 0x45,
  0xfb, 0x83, 0xf8, 0x7f, 0x7d, 0x56, 0x83, 0x25, 0x90, 0x71, 0x80, 0x00,
  0x00, 0x83, 0x3d, 0x88, 0x71, 0x80, 0x00, 0x00, 0x75, 0x09, 0xc7, 0x45,
  0xf0, 0x08, 0x71, 0x80, 0x00, 0xeb, 0x07, 0xc7, 0x45, 0xf0, 0x48, 0x71,
  0x80, 0x00, 0x8b, 0x45, 0xf0, 0x89, 0x45, 0xf4, 0xff, 0x75, 0xf4, 0xe8,
  0x10, 0xec, 0xff, 0xff, 0x83, 0xc4, 0x04, 0x89, 0x45, 0xec, 0x83, 0x7d,
  0xec, 0x3f, 0x7d, 0x1c, 0x8b, 0x55, 0xf4, 0x03, 0x55, 0xec, 0x8a, 0x45,
  0xfb, 0x88, 0x02, 0x8b, 0x45, 0xf4, 0x8b, 0x55, 0xec, 0x42, 0x01, 0xd0,
  0xc6, 0x00, 0x00, 0xe8, 0xb4, 0xf8, 0xff, 0xff, 0xc9, 0xc3, 0x66, 0x90,
  0xc8, 0x10, 0x00, 0x00, 0x83, 0x65, 0xfc, 0x00, 0x83, 0x7d, 0xfc, 0x10,
  0x7d, 0x57, 0x83, 0x65, 0xf4, 0x00, 0x83, 0x7d, 0xf4, 0x08, 0x7d, 0x42,
  0xb8, 0x00, 0x60, 0x80, 0x00, 0x03, 0x45, 0xfc, 0x0f, 0xb6, 0x10, 0x8b,
  0x45, 0xf4, 0x88, 0xc1, 0xb8, 0x80, 0x00, 0x00, 0x00, 0xd3, 0xf8, 0x21,
  0xc2, 0x74, 0x1c, 0x6a, 0x00, 0x6a, 0x01, 0x6a, 0x01, 0x8b, 0x45, 0x0c,
  0x03, 0x45, 0xfc, 0x50, 0x8b, 0x45, 0x08, 0x03, 0x45, 0xf4, 0x50, 0xe8,
  0x94, 0x10, 0x00, 0x00, 0x83, 0xc4, 0x14, 0x8b, 0x45, 0xf4, 0x89, 0x45,
  0xf0, 0xff, 0x45, 0xf4, 0xeb, 0xb8, 0x8b, 0x45, 0xfc, 0x89, 0x45, 0xf8,
  0xff, 0x45, 0xfc, 0xeb, 0xa3, 0xc9, 0xc3, 0x90, 0xc8, 0x06, 0x00, 0x00,
  0x8d, 0x55, 0xfa, 0x52, 0xe8, 0xf7, 0x14, 0x00, 0x00, 0x83, 0xc4, 0x04,
  0x83, 0xf8, 0x00, 0x0f, 0x8e, 0x58, 0x01, 0x00, 0x00, 0x0f, 0xbf, 0x45,
  0xfa, 0x01, 0x05, 0xa0, 0x71, 0x80, 0x00, 0x0f, 0xbf, 0x45, 0xfc, 0x01,
  0x05, 0xa4, 0x71, 0x80, 0x00, 0x83, 0x3d, 0xa0, 0x71, 0x80, 0x00, 0x00,
  0x7d, 0x07, 0x83, 0x25, 0xa0, 0x71, 0x80, 0x00, 0x00, 0x81, 0x3d, 0xa0,
  0x71, 0x80, 0x00, 0x20, 0x03, 0x00, 0x00, 0x7c, 0x0a, 0xc7, 0x05, 0xa0,
  0x71, 0x80, 0x00, 0x1f, 0x03, 0x00, 0x00, 0x83, 0x3d, 0xa4, 0x71, 0x80,
  0x00, 0x00, 0x7d, 0x07, 0x83, 0x25, 0xa4, 0x71, 0x80, 0x00, 0x00, 0x81,
  0x3d, 0xa4, 0x71, 0x80, 0x00, 0x58, 0x02, 0x00, 0x00, 0x7c, 0x0a, 0xc7,
  0x05, 0xa4, 0x71, 0x80, 0x00, 0x57, 0x02, 0x00, 0x00, 0x0f, 0xb6, 0x45,
  0xfe, 0x83, 0xe0, 0x01, 0x0f, 0x84, 0xeb, 0x00, 0x00, 0x00, 0x6a, 0x23,
  0x6a, 0x64, 0x68, 0x4a, 0x01, 0x00, 0x00, 0x68, 0x5e, 0x01, 0x00, 0x00,
  0xff, 0x35, 0xa4, 0x71, 0x80, 0x00, 0xff, 0x35, 0xa0, 0x71, 0x80, 0x00,
  0xe8, 0xd7, 0x14, 0x00, 0x00, 0x83, 0xc4, 0x18, 0x83, 0xf8, 0x00, 0x74,
  0x55, 0xc7, 0x05, 0x8c, 0x71, 0x80, 0x00, 0x01, 0x00, 0x00, 0x00, 0xe8,
  0x8c, 0xf7, 0xff, 0xff, 0xe8, 0x2b, 0xfa, 0xff, 0xff, 0x83, 0xf8, 0x00,
  0x75, 0x1f, 0x83, 0x25, 0x90, 0x71, 0x80, 0x00, 0x00, 0xc7, 0x05, 0x94,
  0x71, 0x80, 0x00, 0x01, 0x00, 0x00, 0x00, 0xe8, 0x74, 0xfa, 0xff, 0xff,
  0xc6, 0x05, 0x48, 0x71, 0x80, 0x00, 0x00, 0xeb, 0x11, 0xc7, 0x05, 0x90,
  0x71, 0x80, 0x00, 0x01, 0x00, 0x00, 0x00, 0xc6, 0x05, 0x48, 0x71, 0x80,
  0x00, 0x00, 0x83, 0x25, 0x8c, 0x71, 0x80, 0x00, 0x00, 0xe8, 0x46, 0xf7,
  0xff, 0xff, 0x6a, 0x1e, 0x68, 0x2c, 0x01, 0x00, 0x00, 0x68, 0xdc, 0x00,
  0x00, 0x00, 0x68, 0xfa, 0x00, 0x00, 0x00, 0xff, 0x35, 0xa4, 0x71, 0x80,
  0x00, 0xff, 0x35, 0xa0, 0x71, 0x80, 0x00, 0xe8, 0x58, 0x14, 0x00, 0x00,
  0x83, 0xc4, 0x18, 0x83, 0xf8, 0x00, 0x74, 0x0c, 0x83, 0x25, 0x88, 0x71,
  0x80, 0x00, 0x00, 0xe8, 0x10, 0xf7, 0xff, 0xff, 0x6a, 0x1e, 0x68, 0x2c,
  0x01, 0x00, 0x00, 0x68, 0x0e, 0x01, 0x00, 0x00, 0x68, 0xfa, 0x00, 0x00,
  0x00, 0xff, 0x35, 0xa4, 0x71, 0x80, 0x00, 0xff, 0x35, 0xa0, 0x71, 0x80,
  0x00, 0xe8, 0x22, 0x14, 0x00, 0x00, 0x83, 0xc4, 0x18, 0x83, 0xf8, 0x00,
  0x74, 0x0f, 0xc7, 0x05, 0x88, 0x71, 0x80, 0x00, 0x01, 0x00, 0x00, 0x00,
  0xe8, 0xd7, 0xf6, 0xff, 0xff, 0xff, 0x35, 0xa4, 0x71, 0x80, 0x00, 0xff,
  0x35, 0xa0, 0x71, 0x80, 0x00, 0xe8, 0x16, 0xfe, 0xff, 0xff, 0x83, 0xc4,
  0x08, 0xc9, 0xc3, 0x90, 0xc8, 0x08, 0x00, 0x00, 0x68, 0x98, 0x60, 0x80,
  0x00, 0xe8, 0x72, 0xf2, 0xff, 0xff, 0x83, 0xc4, 0x04, 0xc7, 0x05, 0x04,
  0x71, 0x80, 0x00, 0xa0, 0x00, 0xad, 0xde, 0xc6, 0x05, 0x08, 0x71, 0x80,
  0x00, 0x00, 0xc6, 0x05, 0x48, 0x71, 0x80, 0x00, 0x00, 0x83, 0x25, 0x88,
  0x71, 0x80, 0x00, 0x00, 0x83, 0x25, 0x90, 0x71, 0x80, 0x00, 0x00, 0x83,
  0x25, 0x94, 0x71, 0x80, 0x00, 0x00, 0xc7, 0x05, 0x04, 0x71, 0x80, 0x00,
  0xa1, 0x00, 0xad, 0xde, 0xe8, 0x73, 0xf6, 0xff, 0xff, 0xc7, 0x05, 0x04,
  0x71, 0x80, 0x00, 0x01, 0x00, 0xad, 0xde, 0x68, 0x6b, 0x60, 0x80, 0x00,
  0xe8, 0x1f, 0xf2, 0xff, 0xff, 0x83, 0xc4, 0x04, 0xc7, 0x05, 0x04, 0x71,
  0x80, 0x00, 0x01, 0x00, 0xad, 0xde, 0x68, 0x39, 0x60, 0x80, 0x00, 0xe8,
  0x08, 0xf2, 0xff, 0xff, 0x83, 0xc4, 0x04, 0xc7, 0x05, 0x04, 0x71, 0x80,
  0x00, 0x02, 0x00, 0xad, 0xde, 0x6a, 0x3f, 0x68, 0x34, 0x60, 0x80, 0x00,
  0x68, 0x08, 0x71, 0x80, 0x00, 0xe8, 0xbe, 0xe9, 0xff, 0xff, 0x83, 0xc4,
  0x0c, 0x6a, 0x3f, 0x68, 0x2d, 0x60, 0x80, 0x00, 0x68, 0x48, 0x71, 0x80,
  0x00, 0xe8, 0xaa, 0xe9, 0xff, 0xff, 0x83, 0xc4, 0x0c, 0xe8, 0xb2, 0xf8,
  0xff, 0xff, 0x83, 0xf8, 0x00, 0x75, 0x1b, 0xc7, 0x05, 0x04, 0x71, 0x80,
  0x00, 0x03, 0x00, 0xad, 0xde, 0xc7, 0x05, 0x94, 0x71, 0x80, 0x00, 0x01,
  0x00, 0x00, 0x00, 0xe8, 0xf8, 0xf8, 0xff, 0xff, 0xeb, 0x19, 0xc7, 0x05,
  0x04, 0x71, 0x80, 0x00, 0x04, 0x00, 0xad, 0xde, 0x68, 0x10, 0x60, 0x80,
  0x00, 0xe8, 0x9a, 0xf1, 0xff, 0xff, 0x83, 0xc4, 0x04, 0xeb, 0xfe, 0xeb,
  0x2d, 0x83, 0x3d, 0x94, 0x71, 0x80, 0x00, 0x00, 0x75, 0x24, 0xe8, 0xa9,
  0xfb, 0xff, 0xff, 0xe8, 0x78, 0xfd, 0xff, 0xff, 0x83, 0x65, 0xfc, 0x00,
  0x81, 0x7d, 0xfc, 0xa0, 0x86, 0x01, 0x00, 0x7d, 0x0b, 0x8b, 0x45, 0xfc,
  0x89, 0x45, 0xf8, 0xff, 0x45, 0xfc, 0xeb, 0xec, 0xeb, 0xd3, 0xe9, 0xf2,
  0xfe, 0xff, 0xff, 0xc9, 0xc3, 0x66, 0x90, 0x90, 0xc8, 0x14, 0x00, 0x00,
  0x8b, 0x45, 0x08, 0x89, 0x45, 0xfc, 0x8b, 0x45, 0x0c, 0x89, 0x45, 0xf8,
  0x83, 0x65, 0xf4, 0x00, 0x8b, 0x45, 0x10, 0x39, 0x45, 0xf4, 0x7d, 0x1b,
  0x8b, 0x45, 0xf8, 0x03, 0x45, 0xf4, 0x8a, 0x00, 0x8b, 0x55, 0xfc, 0x03,
  0x55, 0xf4, 0x88, 0x02, 0x8b, 0x45, 0xf4, 0x89, 0x45, 0xf0, 0xff, 0x45,
  0xf4, 0xeb, 0xdd, 0x8b, 0x45, 0x08, 0x89, 0x45, 0xec, 0xeb, 0x00, 0x8b,
  0x45, 0xec, 0xc9, 0xc3, 0xc8, 0x10, 0x00, 0x00, 0x8b, 0x45, 0x08, 0x89,
  0x45, 0xfc, 0x83, 0x65, 0xf8, 0x00, 0x8b, 0x45, 0x10, 0x39, 0x45, 0xf8,
  0x7d, 0x16, 0x8b, 0x45, 0x0c, 0x8b, 0x55, 0xfc, 0x03, 0x55, 0xf8, 0x88,
  0x02, 0x8b, 0x45, 0xf8, 0x89, 0x45, 0xf4, 0xff, 0x45, 0xf8, 0xeb, 0xe2,
  0x8b, 0x45, 0x08, 0x89, 0x45, 0xf0, 0xeb, 0x00, 0x8b, 0x45, 0xf0, 0xc9,
  0xc3, 0x8d, 0x76, 0x00, 0xc8, 0x10, 0x00, 0x00, 0x83, 0x65, 0xfc, 0x00,
  0x8b, 0x45, 0x08, 0x89, 0x45, 0xf8, 0xff, 0x45, 0x08, 0x8b, 0x45, 0xf8,
  0x0f, 0xbe, 0x00, 0x83, 0xf8, 0x00, 0x74, 0x0b, 0x8b, 0x45, 0xfc, 0x89,
  0x45, 0xf4, 0xff, 0x45, 0xfc, 0xeb, 0xe1, 0x8b, 0x45, 0xfc, 0x89, 0x45,
  0xf0, 0xeb, 0x00, 0x8b, 0x45, 0xf0, 0xc9, 0xc3, 0xc8, 0x08, 0x00, 0x00,
  0x8b, 0x45, 0x08, 0x89, 0x45, 0xfc, 0xff, 0x45, 0x08, 0x8b, 0x45, 0x0c,
  0x89, 0x45, 0xf8, 0xff, 0x45, 0x0c, 0x8b, 0x45, 0xf8, 0x8a, 0x00, 0x8b,
  0x55, 0xfc, 0x88, 0x02, 0x0f, 0xbe, 0xc0, 0x83, 0xf8, 0x00, 0x74, 0x02,
  0xeb, 0xda, 0xc9, 0xc3, 0xc8, 0x08, 0x00, 0x00, 0x83, 0x65, 0xfc, 0x00,
  0x8b, 0x45, 0x10, 0x39, 0x45, 0xfc, 0x73, 0x29, 0x8b, 0x45, 0x0c, 0x03,
  0x45, 0xfc, 0x0f, 0xbe, 0x00, 0x83, 0xf8, 0x00, 0x74, 0x1b, 0x8b, 0x45,
  0x0c, 0x03, 0x45, 0xfc, 0x8a, 0x00, 0x8b, 0x55, 0x08, 0x03, 0x55, 0xfc,
  0x88, 0x02, 0x8b, 0x45, 0xfc, 0x89, 0x45, 0xf8, 0xff, 0x45, 0xfc, 0xeb,
  0xcf, 0x8b, 0x45, 0x10, 0x39, 0x45, 0xfc, 0x73, 0x0b, 0x8b, 0x45, 0x08,
  0x03, 0x45, 0xfc, 0xc6, 0x00, 0x00, 0xeb, 0x12, 0x83, 0x7d, 0x10, 0x00,
  0x74, 0x0c, 0x8b, 0x45, 0x08, 0x8b, 0x55, 0x10, 0x4a, 0x01, 0xd0, 0xc6,
  0x00, 0x00, 0xc9, 0xc3, 0xc8, 0x0c, 0x00, 0x00, 0x8b, 0x45, 0x08, 0x0f,
  0xbe, 0x00, 0x83, 0xf8, 0x00, 0x74, 0x24, 0x8b, 0x45, 0x08, 0x0f, 0xbe,
  0x10, 0x8b, 0x45, 0x0c, 0x0f, 0xbe, 0x00, 0x39, 0xc2, 0x75, 0x14, 0x8b,
  0x45, 0x08, 0x89, 0x45, 0xfc, 0xff, 0x45, 0x08, 0x8b, 0x45, 0x0c, 0x89,
  0x45, 0xf8, 0xff, 0x45, 0x0c, 0xeb, 0xd1, 0x8b, 0x45, 0x08, 0x0f, 0xb6,
  0x00, 0x8b, 0x55, 0x0c, 0x0f, 0xb6, 0x12, 0x29, 0xd0, 0x89, 0x45, 0xf4,
  0xeb, 0x00, 0x8b, 0x45, 0xf4, 0xc9, 0xc3, 0x90, 0xc8, 0x08, 0x00, 0x00,
  0xff, 0x75, 0x08, 0xe8, 0xe8, 0xfe, 0xff, 0xff, 0x83, 0xc4, 0x04, 0x01,
  0x45, 0x08, 0x8b, 0x45, 0x08, 0x89, 0x45, 0xfc, 0xff, 0x45, 0x08, 0x8b,
  0x45, 0x0c, 0x89, 0x45, 0xf8, 0xff, 0x45, 0x0c, 0x8b, 0x45, 0xf8, 0x8a,
  0x00, 0x8b, 0x55, 0xfc, 0x88, 0x02, 0x0f, 0xbe, 0xc0, 0x83, 0xf8, 0x00,
  0x74, 0x02, 0xeb, 0xda, 0xc9, 0xc3, 0x66, 0x90, 0xc8, 0x0c, 0x00, 0x00,
  0xff, 0x75, 0x08, 0xe8, 0xac, 0xfe, 0xff, 0xff, 0x83, 0xc4, 0x04, 0x89,
  0x45, 0xfc, 0x83, 0x65, 0xf8, 0x00, 0x8b, 0x45, 0x10, 0x39, 0x45, 0xf8,
  0x73, 0x2e, 0x8b, 0x45, 0x0c, 0x03, 0x45, 0xf8, 0x0f, 0xbe, 0x00, 0x83,
  0xf8, 0x00, 0x74, 0x20, 0x8b, 0x55, 0x08, 0x8b, 0x45, 0xfc, 0x03, 0x45,
  0xf8, 0x01, 0xc2, 0x8b, 0x45, 0x0c, 0x03, 0x45, 0xf8, 0x8a, 0x00, 0x88,
  0x02, 0x8b, 0x45, 0xf8, 0x89, 0x45, 0xf4, 0xff, 0x45, 0xf8, 0xeb, 0xca,
  0x8b, 0x45, 0x08, 0x8b, 0x55, 0xfc, 0x03, 0x55, 0xf8, 0x01, 0xd0, 0xc6,
  0x00, 0x00, 0xc9, 0xc3, 0xc8, 0x0c, 0x00, 0x00, 0x83, 0x65, 0xfc, 0x00,
  0x8b, 0x45, 0x10, 0x39, 0x45, 0xfc, 0x7d, 0x4e, 0x8b, 0x45, 0x08, 0x03,
  0x45, 0xfc, 0x0f, 0xbe, 0x10, 0x8b, 0x45, 0x0c, 0x03, 0x45, 0xfc, 0x0f,
  0xbe, 0x00, 0x39, 0xc2, 0x74, 0x19, 0x8b, 0x45, 0x08, 0x03, 0x45, 0xfc,
  0x0f, 0xb6, 0x00, 0x8b, 0x55, 0x0c, 0x03, 0x55, 0xfc, 0x0f, 0xb6, 0x12,
  0x29, 0xd0, 0x89, 0x45, 0xf4, 0xeb, 0x25, 0x8b, 0x45, 0x08, 0x03, 0x45,
  0xfc, 0x0f, 0xbe, 0x00, 0x83, 0xf8, 0x00, 0x75, 0x06, 0x83, 0x65, 0xf4,
  0x00, 0xeb, 0x11, 0x8b, 0x45, 0xfc, 0x89, 0x45, 0xf8, 0xff, 0x45, 0xfc,
  0xeb, 0xaa, 0x83, 0x65, 0xf4, 0x00, 0xeb, 0x00, 0x8b, 0x45, 0xf4, 0xc9,
  0xc3, 0x8d, 0x76, 0x00, 0xc8, 0x0c, 0x00, 0x00, 0x8b, 0x45, 0x0c, 0x0f,
  0xbe, 0x00, 0x83, 0xf8, 0x00, 0x74, 0x2a, 0x8b, 0x45, 0x08, 0x89, 0x45,
  0xfc, 0xff, 0x45, 0x08, 0x8b, 0x45, 0x0c, 0x89, 0x45, 0xf8, 0xff, 0x45,
  0x0c, 0x8b, 0x45, 0xfc, 0x0f, 0xbe, 0x10, 0x8b, 0x45, 0xf8, 0x0f, 0xbe,
  0x00, 0x39, 0xc2, 0x74, 0x06, 0x83, 0x65, 0xf4, 0x00, 0xeb, 0x0b, 0xeb,
  0xcb, 0xc7, 0x45, 0xf4, 0x01, 0x00, 0x00, 0x00, 0xeb, 0x00, 0x8b, 0x45,
  0xf4, 0xc9, 0xc3, 0x90, 0xc8, 0x08, 0x00, 0x00, 0x8b, 0x45, 0x08, 0x0f,
  0xbe, 0x00, 0x83, 0xf8, 0x00, 0x74, 0x21, 0x8b, 0x45, 0x08, 0x0f, 0xbe,
  0x10, 0x8b, 0x45, 0x0c, 0x39, 0xc2, 0x75, 0x09, 0xc7, 0x45, 0xf8, 0x01,
  0x00, 0x00, 0x00, 0xeb, 0x11, 0x8b, 0x45, 0x08, 0x89, 0x45, 0xfc, 0xff,
  0x45, 0x08, 0xeb, 0xd4, 0x83, 0x65, 0xf8, 0x00, 0xeb, 0x00, 0x8b, 0x45,
  0xf8, 0xc9, 0xc3, 0x90, 0xc8, 0x04, 0x00, 0x00, 0xff, 0x75, 0x0c, 0x8b,
  0x55, 0x08, 0x52, 0x6a, 0x05, 0xe8, 0x0e, 0x00, 0x00, 0x00, 0x83, 0xc4,
  0x0c, 0x89, 0x45, 0xfc, 0xeb, 0x00, 0x8b, 0x45, 0xfc, 0xc9, 0xc3, 0x90,
  0xc8, 0x08, 0x00, 0x00, 0x89, 0xda, 0x8b, 0x4d, 0x10, 0x8b, 0x5d, 0x0c,
  0x8b, 0x45, 0x08, 0xcd, 0x80, 0x89, 0x45, 0xfc, 0x8b, 0x45, 0xfc, 0x89,
  0x45, 0xf8, 0xeb, 0x00, 0x8b, 0x45, 0xf8, 0x89, 0xd3, 0xc9, 0xc3, 0x90,
  0xc8, 0x04, 0x00, 0x00, 0xff, 0x75, 0x08, 0x6a, 0x06, 0xe8, 0x0e, 0x00,
  0x00, 0x00, 0x83, 0xc4, 0x08, 0x89, 0x45, 0xfc, 0xeb, 0x00, 0x8b, 0x45,
  0xfc, 0xc9, 0xc3, 0x90, 0xc8, 0x08, 0x00, 0x00, 0x89, 0xda, 0x8b, 0x5d,
  0x0c, 0x8b, 0x45, 0x08, 0xcd, 0x80, 0x89, 0x45, 0xfc, 0x8b, 0x45, 0xfc,
  0x89, 0x45, 0xf8, 0xeb, 0x00, 0x8b, 0x45, 0xf8, 0x89, 0xd3, 0xc9, 0xc3,
  0xc8, 0x04, 0x00, 0x00, 0xff, 0x75, 0x10, 0x8b, 0x55, 0x0c, 0x52, 0xff,
  0x75, 0x08, 0x6a, 0x03, 0xe8, 0x0f, 0x00, 0x00, 0x00, 0x83, 0xc4, 0x10,
  0x89, 0x45, 0xfc, 0xeb, 0x00, 0x8b, 0x45, 0xfc, 0xc9, 0xc3, 0x66, 0x90,
  0xc8, 0x0c, 0x00, 0x00, 0x89, 0x5d, 0xf4, 0x8b, 0x55, 0x14, 0x8b, 0x4d,
  0x10, 0x8b, 0x5d, 0x0c, 0x8b, 0x45, 0x08, 0xcd, 0x80, 0x89, 0x45, 0xfc,
  0x8b, 0x45, 0xfc, 0x89, 0x45, 0xf8, 0xeb, 0x00, 0x8b, 0x45, 0xf8, 0x8b,
  0x5d, 0xf4, 0xc9, 0xc3, 0xc8, 0x04, 0x00, 0x00, 0xff, 0x75, 0x10, 0x8b,
  0x55, 0x0c, 0x52, 0xff, 0x75, 0x08, 0x6a, 0x04, 0xe8, 0xc3, 0xff, 0xff,
  0xff, 0x83, 0xc4, 0x10, 0x89, 0x45, 0xfc, 0xeb, 0x00, 0x8b, 0x45, 0xfc,
  0xc9, 0xc3, 0x66, 0x90, 0xc8, 0x04, 0x00, 0x00, 0xff, 0x75, 0x10, 0x8b,
  0x55, 0x0c, 0x52, 0xff, 0x75, 0x08, 0x6a, 0x47, 0xe8, 0x9f, 0xff, 0xff,
  0xff, 0x83, 0xc4, 0x10, 0x89, 0x45, 0xfc, 0xeb, 0x00, 0x8b, 0x45, 0xfc,
  0xc9, 0xc3, 0x66, 0x90, 0xc8, 0x04, 0x00, 0x00, 0xff, 0x75, 0x0c, 0x8b,
  0x55, 0x08, 0x52, 0x6a, 0x10, 0xe8, 0xfa, 0xfe, 0xff, 0xff, 0x83, 0xc4,
  0x0c, 0x89, 0x45, 0xfc, 0xeb, 0x00, 0x8b, 0x45, 0xfc, 0xc9, 0xc3, 0x90,
  0xc8, 0x04, 0x00, 0x00, 0x8b, 0x55, 0x08, 0x52, 0x6a, 0x11, 0xe8, 0x1d,
  0xff, 0xff, 0xff, 0x83, 0xc4, 0x08, 0x89, 0x45, 0xfc, 0xeb, 0x00, 0x8b,
  0x45, 0xfc, 0xc9, 0xc3, 0xc8, 0x04, 0x00, 0x00, 0x8b, 0x55, 0x08, 0x52,
  0x6a, 0x12, 0xe8, 0x01, 0xff, 0xff, 0xff, 0x83, 0xc4, 0x08, 0x89, 0x45,
  0xfc, 0xeb, 0x00, 0x8b, 0x45, 0xfc, 0xc9, 0xc3, 0xc8, 0x04, 0x00, 0x00,
  0x8b, 0x55, 0x08, 0x52, 0x6a, 0x15, 0xe8, 0xe5, 0xfe, 0xff, 0xff, 0x83,
  0xc4, 0x08, 0x89, 0x45, 0xfc, 0xeb, 0x00, 0x8b, 0x45, 0xfc, 0xc9, 0xc3,
  0xc8, 0x04, 0x00, 0x00, 0x8b, 0x55, 0x08, 0x52, 0x6a, 0x13, 0xe8, 0xc9,
  0xfe, 0xff, 0xff, 0x83, 0xc4, 0x08, 0x89, 0x45, 0xfc, 0xeb, 0x00, 0x8b,
  0x45, 0xfc, 0xc9, 0xc3, 0xc8, 0x04, 0x00, 0x00, 0x8b, 0x55, 0x0c, 0x52,
  0x8b, 0x55, 0x08, 0x52, 0x6a, 0x16, 0xe8, 0x69, 0xfe, 0xff, 0xff, 0x83,
  0xc4, 0x0c, 0x89, 0x45, 0xfc, 0xeb, 0x00, 0x8b, 0x45, 0xfc, 0xc9, 0xc3,
  0xc8, 0x04, 0x00, 0x00, 0x8b, 0x55, 0x08, 0x52, 0x6a, 0x28, 0xe8, 0x8d,
  0xfe, 0xff, 0xff, 0x83, 0xc4, 0x08, 0x89, 0x45, 0xfc, 0xeb, 0x00, 0x8b,
  0x45, 0xfc, 0xc9, 0xc3, 0xc8, 0x04, 0x00, 0x00, 0xff, 0x75, 0x0c, 0xff,
  0x75, 0x08, 0x6a, 0x2a, 0xe8, 0x2f, 0xfe, 0xff, 0xff, 0x83, 0xc4, 0x0c,
  0x89, 0x45, 0xfc, 0xeb, 0x00, 0x8b, 0x45, 0xfc, 0xc9, 0xc3, 0x66, 0x90,
  0xc8, 0x04, 0x00, 0x00, 0x8b, 0x55, 0x08, 0x52, 0x6a, 0x73, 0xe8, 0x51,
  0xfe, 0xff, 0xff, 0x83, 0xc4, 0x08, 0x89, 0x45, 0xfc, 0xeb, 0x00, 0x8b,
  0x45, 0xfc, 0xc9, 0xc3, 0xc8, 0x04, 0x00, 0x00, 0x6a, 0x09, 0xe8, 0x0d,
  0x00, 0x00, 0x00, 0x83, 0xc4, 0x04, 0x89, 0x45, 0xfc, 0xeb, 0x00, 0x8b,
  0x45, 0xfc, 0xc9, 0xc3, 0xc8, 0x08, 0x00, 0x00, 0x8b, 0x45, 0x08, 0xcd,
  0x80, 0x89, 0x45, 0xfc, 0x8b, 0x45, 0xfc, 0x89, 0x45, 0xf8, 0xeb, 0x00,
  0x8b, 0x45, 0xf8, 0xc9, 0xc3, 0x8d, 0x76, 0x00, 0xc8, 0x04, 0x00, 0x00,
  0x6a, 0x0a, 0xe8, 0xd9, 0xff, 0xff, 0xff, 0x83, 0xc4, 0x04, 0x89, 0x45,
  0xfc, 0xeb, 0x00, 0x8b, 0x45, 0xfc, 0xc9, 0xc3, 0xc8, 0x04, 0x00, 0x00,
  0x6a, 0x02, 0xe8, 0xc1, 0xff, 0xff, 0xff, 0x83, 0xc4, 0x04, 0x89, 0x45,
  0xfc, 0xeb, 0x00, 0x8b, 0x45, 0xfc, 0xc9, 0xc3, 0xc8, 0x04, 0x00, 0x00,
  0xff, 0x75, 0x10, 0x8b, 0x55, 0x0c, 0x52, 0xff, 0x75, 0x08, 0x6a, 0x07,
  0xe8, 0x0f, 0xfe, 0xff, 0xff, 0x83, 0xc4, 0x10, 0x89, 0x45, 0xfc, 0xeb,
  0x00, 0x8b, 0x45, 0xfc, 0xc9, 0xc3, 0x66, 0x90, 0xc8, 0x04, 0x00, 0x00,
  0xff, 0x75, 0x0c, 0xff, 0x75, 0x08, 0x6a, 0x64, 0xe8, 0x6b, 0xfd, 0xff,
  0xff, 0x83, 0xc4, 0x0c, 0x89, 0x45, 0xfc, 0xeb, 0x00, 0x8b, 0x45, 0xfc,
  0xc9, 0xc3, 0x66, 0x90, 0xc8, 0x04, 0x00, 0x00, 0x6a, 0x20, 0xe8, 0x65,
  0xff, 0xff, 0xff, 0x83, 0xc4, 0x04, 0x89, 0x45, 0xfc, 0xeb, 0x00, 0x8b,
  0x45, 0xfc, 0xc9, 0xc3, 0xc8, 0x04, 0x00, 0x00, 0x6a, 0x24, 0xe8, 0x4d,
  0xff, 0xff, 0xff, 0x83, 0xc4, 0x04, 0x89, 0x45, 0xfc, 0xeb, 0x00, 0x8b,
  0x45, 0xfc, 0xc9, 0xc3, 0xc8, 0x04, 0x00, 0x00, 0xff, 0x75, 0x08, 0x6a,
  0x22, 0xe8, 0x5e, 0xfd, 0xff, 0xff, 0x83, 0xc4, 0x08, 0x89, 0x45, 0xfc,
  0xeb, 0x00, 0x8b, 0x45, 0xfc, 0xc9, 0xc3, 0x90, 0xc8, 0x04, 0x00, 0x00,
  0x6a, 0x21, 0xe8, 0x19, 0xff, 0xff, 0xff, 0x83, 0xc4, 0x04, 0x89, 0x45,
  0xfc, 0xeb, 0x00, 0x8b, 0x45, 0xfc, 0xc9, 0xc3, 0xc8, 0x04, 0x00, 0x00,
  0x6a, 0x25, 0xe8, 0x01, 0xff, 0xff, 0xff, 0x83, 0xc4, 0x04, 0x89, 0x45,
  0xfc, 0xeb, 0x00, 0x8b, 0x45, 0xfc, 0xc9, 0xc3, 0xc8, 0x04, 0x00, 0x00,
  0xff, 0x75, 0x08, 0x6a, 0x23, 0xe8, 0x12, 0xfd, 0xff, 0xff, 0x83, 0xc4,
  0x08, 0x89, 0x45, 0xfc, 0xeb, 0x00, 0x8b, 0x45, 0xfc, 0xc9, 0xc3, 0x90,
  0xc8, 0x04, 0x00, 0x00, 0x8b, 0x55, 0x0c, 0x52, 0xff, 0x75, 0x08, 0x68,
  0x8a, 0x00, 0x00, 0x00, 0xe8, 0xaf, 0xfc, 0xff, 0xff, 0x83, 0xc4, 0x0c,
  0x89, 0x45, 0xfc, 0xeb, 0x00, 0x8b, 0x45, 0xfc, 0xc9, 0xc3, 0x66, 0x90,
  0xc8, 0x04, 0x00, 0x00, 0x6a, 0x1e, 0xe8, 0xa9, 0xfe, 0xff, 0xff, 0x83,
  0xc4, 0x04, 0x89, 0x45, 0xfc, 0xeb, 0x00, 0x8b, 0x45, 0xfc, 0xc9, 0xc3,
  0xc8, 0x04, 0x00, 0x00, 0xff, 0x75, 0x08, 0x6a, 0x5d, 0xe8, 0xba, 0xfc,
  0xff, 0xff, 0x83, 0xc4, 0x08, 0x89, 0x45, 0xfc, 0xeb, 0x00, 0x8b, 0x45,
  0xfc, 0xc9, 0xc3, 0x90, 0xc8, 0x04, 0x00, 0x00, 0x68, 0x8c, 0x00, 0x00,
  0x00, 0xe8, 0x72, 0xfe, 0xff, 0xff, 0x83, 0xc4, 0x04, 0x89, 0x45, 0xfc,
  0xeb, 0x00, 0x8b, 0x45, 0xfc, 0xc9, 0xc3, 0x90, 0xc8, 0x04, 0x00, 0x00,
  0x8b, 0x55, 0x08, 0x52, 0x68, 0x8d, 0x00, 0x00, 0x00, 0xe8, 0x7e, 0xfc,
  0xff, 0xff, 0x83, 0xc4, 0x08, 0x89, 0x45, 0xfc, 0xeb, 0x00, 0x8b, 0x45,
  0xfc, 0xc9, 0xc3, 0x90, 0xc8, 0x04, 0x00, 0x00, 0x8b, 0x55, 0x08, 0x52,
  0x68, 0x8e, 0x00, 0x00, 0x00, 0xe8, 0x5e, 0xfc, 0xff, 0xff, 0x83, 0xc4,
  0x08, 0x89, 0x45, 0xfc, 0xeb, 0x00, 0x8b, 0x45, 0xfc, 0xc9, 0xc3, 0x90,
  0xc8, 0x04, 0x00, 0x00, 0x68, 0x8f, 0x00, 0x00, 0x00, 0xe8, 0x16, 0xfe,
  0xff, 0xff, 0x83, 0xc4, 0x04, 0x89, 0x45, 0xfc, 0xeb, 0x00, 0x8b, 0x45,
  0xfc, 0xc9, 0xc3, 0x90, 0xc8, 0x04, 0x00, 0x00, 0x8b, 0x55, 0x08, 0x52,
  0x68, 0x84, 0x00, 0x00, 0x00, 0xe8, 0x22, 0xfc, 0xff, 0xff, 0x83, 0xc4,
  0x08, 0x89, 0x45, 0xfc, 0xeb, 0x00, 0x8b, 0x45, 0xfc, 0xc9, 0xc3, 0x90,
  0xc8, 0x04, 0x00, 0x00, 0xff, 0x75, 0x0c, 0x8b, 0x55, 0x08, 0x52, 0x68,
  0x85, 0x00, 0x00, 0x00, 0xe8, 0xbf, 0xfb, 0xff, 0xff, 0x83, 0xc4, 0x0c,
  0x89, 0x45, 0xfc, 0xeb, 0x00, 0x8b, 0x45, 0xfc, 0xc9, 0xc3, 0x66, 0x90,
  0xc8, 0x04, 0x00, 0x00, 0x8b, 0x55, 0x08, 0x52, 0x68, 0x86, 0x00, 0x00,
  0x00, 0xe8, 0xde, 0xfb, 0xff, 0xff, 0x83, 0xc4, 0x08, 0x89, 0x45, 0xfc,
  0xeb, 0x00, 0x8b, 0x45, 0xfc, 0xc9, 0xc3, 0x90, 0xc8, 0x04, 0x00, 0x00,
  0x8b, 0x55, 0x10, 0x52, 0x8b, 0x55, 0x0c, 0x52, 0x8b, 0x55, 0x08, 0x52,
  0x68, 0x87, 0x00, 0x00, 0x00, 0xe8, 0xfa, 0xfb, 0xff, 0xff, 0x83, 0xc4,
  0x10, 0x89, 0x45, 0xfc, 0xeb, 0x00, 0x8b, 0x45, 0xfc, 0xc9, 0xc3, 0x90,
  0xc8, 0x04, 0x00, 0x00, 0x8b, 0x55, 0x08, 0x52, 0x68, 0x88, 0x00, 0x00,
  0x00, 0xe8, 0x96, 0xfb, 0xff, 0xff, 0x83, 0xc4, 0x08, 0x89, 0x45, 0xfc,
  0xeb, 0x00, 0x8b, 0x45, 0xfc, 0xc9, 0xc3, 0x90, 0xc8, 0x04, 0x00, 0x00,
  0xff, 0x75, 0x0c, 0x8b, 0x55, 0x08, 0x52, 0x68, 0x89, 0x00, 0x00, 0x00,
  0xe8, 0x33, 0xfb, 0xff, 0xff, 0x83, 0xc4, 0x0c, 0x89, 0x45, 0xfc, 0xeb,
  0x00, 0x8b, 0x45, 0xfc, 0xc9, 0xc3, 0x66, 0x90, 0xc8, 0x18, 0x00, 0x00,
  0x83, 0x65, 0xfc, 0x00, 0xc7, 0x45, 0xf8, 0x01, 0x00, 0x00, 0x00, 0x8b,
  0x45, 0x08, 0x0f, 0xbe, 0x00, 0x83, 0xf8, 0x20, 0x75, 0x0b, 0x8b, 0x45,
  0x08, 0x89, 0x45, 0xf4, 0xff, 0x45, 0x08, 0xeb, 0xea, 0x8b, 0x45, 0x08,
  0x0f, 0xbe, 0x00, 0x83, 0xf8, 0x2d, 0x75, 0x12, 0xc7, 0x45, 0xf8, 0xff,
  0xff, 0xff, 0xff, 0x8b, 0x45, 0x08, 0x89, 0x45, 0xf0, 0xff, 0x45, 0x08,
  0xeb, 0x14, 0x8b, 0x45, 0x08, 0x0f, 0xbe, 0x00, 0x83, 0xf8, 0x2b, 0x75,
  0x09, 0x8b, 0x45, 0x08, 0x89, 0x45, 0xf0, 0xff, 0x45, 0x08, 0x8b, 0x45,
  0x08, 0x0f, 0xbe, 0x00, 0x83, 0xf8, 0x30, 0x7c, 0x2b, 0x8b, 0x45, 0x08,
  0x0f, 0xbe, 0x00, 0x83, 0xf8, 0x39, 0x7f, 0x20, 0x8b, 0x45, 0x08, 0x89,
  0x45, 0xec, 0xff, 0x45, 0x08, 0x8b, 0x45, 0xec, 0x0f, 0xbe, 0x10, 0x83,
  0xea, 0x30, 0x8b, 0x45, 0xfc, 0x6b, 0xc0, 0x0a, 0x8d, 0x04, 0x10, 0x89,
  0x45, 0xfc, 0xeb, 0xca, 0x8b, 0x45, 0xfc, 0x0f, 0xaf, 0x45, 0xf8, 0x89,
  0x45, 0xe8, 0xeb, 0x00, 0x8b, 0x45, 0xe8, 0xc9, 0xc3, 0x8d, 0x76, 0x00,
  0x55, 0x89, 0xe5, 0x68, 0xfd, 0x03, 0x00, 0x00, 0xe8, 0x23, 0x00, 0x00,
  0x00, 0x83, 0xc4, 0x04, 0x0f, 0xb6, 0xc0, 0x83, 0xe0, 0x20, 0x75, 0x02,
  0xeb, 0xe9, 0x0f, 0xb6, 0x55, 0x08, 0x52, 0x68, 0xf8, 0x03, 0x00, 0x00,
  0xe8, 0x23, 0x00, 0x00, 0x00, 0x83, 0xc4, 0x08, 0xc9, 0xc3, 0x66, 0x90,
  0xc8, 0x08, 0x00, 0x00, 0x66, 0x8b, 0x55, 0x08, 0xec, 0x88, 0x45, 0xff,
  0x8a, 0x45, 0xff, 0x88, 0x45, 0xf8, 0xeb, 0x00, 0x8a, 0x45, 0xf8, 0xc9,
  0xc3, 0x8d, 0x76, 0x00, 0x55, 0x89, 0xe5, 0x66, 0x8b, 0x55, 0x08, 0x8a,
  0x45, 0x0c, 0xee, 0xc9, 0xc3, 0x8d, 0x76, 0x00, 0xc8, 0x04, 0x00, 0x00,
  0x8b, 0x45, 0x08, 0x0f, 0xbe, 0x00, 0x83, 0xf8, 0x00, 0x74, 0x1a, 0x8b,
  0x45, 0x08, 0x89, 0x45, 0xfc, 0xff, 0x45, 0x08, 0x8b, 0x45, 0xfc, 0x0f,
  0xbe, 0x10, 0x52, 0xe8, 0x80, 0xff, 0xff, 0xff, 0x83, 0xc4, 0x04, 0xeb,
  0xdb, 0xc9, 0xc3, 0x90, 0xc8, 0x04, 0x00, 0x00, 0x68, 0xfd, 0x03, 0x00,
  0x00, 0xe8, 0x9a, 0xff, 0xff, 0xff, 0x83, 0xc4, 0x04, 0x0f, 0xb6, 0xc0,
  0x83, 0xe0, 0x01, 0x74, 0x15, 0x68, 0xf8, 0x03, 0x00, 0x00, 0xe8, 0x85,
  0xff, 0xff, 0xff, 0x83, 0xc4, 0x04, 0x0f, 0xb6, 0xc0, 0x89, 0x45, 0xfc,
  0xeb, 0x0e, 0xe8, 0x11, 0x00, 0x00, 0x00, 0xc7, 0x45, 0xfc, 0xff, 0xff,
  0xff, 0xff, 0xeb, 0x00, 0x8b, 0x45, 0xfc, 0xc9, 0xc3, 0x8d, 0x76, 0x00,
  0xc8, 0x04, 0x00, 0x00, 0x68, 0x43, 0x00, 0x00, 0x4d, 0xe8, 0x0e, 0x00,
  0x00, 0x00, 0x83, 0xc4, 0x04, 0x89, 0x45, 0xfc, 0xeb, 0x00, 0x8b, 0x45,
  0xfc, 0xc9, 0xc3, 0x90, 0xc8, 0x08, 0x00, 0x00, 0x8b, 0x45, 0x08, 0xcd,
  0x4d, 0x89, 0x45, 0xfc, 0x8b, 0x45, 0xfc, 0x89, 0x45, 0xf8, 0xeb, 0x00,
  0x8b, 0x45, 0xf8, 0xc9, 0xc3, 0x8d, 0x76, 0x00, 0x55, 0x89, 0xe5, 0x68,
  0x5e, 0x62, 0x80, 0x00, 0xe8, 0x4b, 0xff, 0xff, 0xff, 0x83, 0xc4, 0x04,
  0xc9, 0xc3, 0x66, 0x90, 0x55, 0x89, 0xe5, 0x68, 0x58, 0x62, 0x80, 0x00,
  0xe8, 0x37, 0xff, 0xff, 0xff, 0x83, 0xc4, 0x04, 0xc9, 0xc3, 0x66, 0x90,
  0x55, 0x89, 0xe5, 0x68, 0x52, 0x62, 0x80, 0x00, 0xe8, 0x23, 0xff, 0xff,
  0xff, 0x83, 0xc4, 0x04, 0xc9, 0xc3, 0x66, 0x90, 0x55, 0x89, 0xe5, 0x68,
  0x4c, 0x62, 0x80, 0x00, 0xe8, 0x0f, 0xff, 0xff, 0xff, 0x83, 0xc4, 0x04,
  0xc9, 0xc3, 0x66, 0x90, 0x55, 0x89, 0xe5, 0x68, 0x46, 0x62, 0x80, 0x00,
  0xe8, 0xfb, 0xfe, 0xff, 0xff, 0x83, 0xc4, 0x04, 0xc9, 0xc3, 0x66, 0x90,
  0x55, 0x89, 0xe5, 0x68, 0x40, 0x62, 0x80, 0x00, 0xe8, 0xe7, 0xfe, 0xff,
  0xff, 0x83, 0xc4, 0x04, 0xc9, 0xc3, 0x66, 0x90, 0x55, 0x89, 0xe5, 0x68,
  0x3b, 0x62, 0x80, 0x00, 0xe8, 0xd3, 0xfe, 0xff, 0xff, 0x83, 0xc4, 0x04,
  0xc9, 0xc3, 0x66, 0x90, 0x55, 0x89, 0xe5, 0x83, 0x3d, 0x00, 0x70, 0x80,
  0x00, 0x01, 0x75, 0x0f, 0x0f, 0xbe, 0x55, 0x08, 0x52, 0xe8, 0x5a, 0xfe,
  0xff, 0xff, 0x83, 0xc4, 0x04, 0xeb, 0x14, 0x6a, 0x01, 0x8d, 0x45, 0x08,
  0x50, 0xff, 0x35, 0x00, 0x70, 0x80, 0x00, 0xe8, 0x74, 0xf9, 0xff, 0xff,
  0x83, 0xc4, 0x0c, 0xc9, 0xc3, 0x8d, 0x76, 0x00, 0xc8, 0x04, 0x00, 0x00,
  0x83, 0x3d, 0x00, 0x70, 0x80, 0x00, 0x01, 0x75, 0x0d, 0xff, 0x75, 0x08,
  0xe8, 0x83, 0xfe, 0xff, 0xff, 0x83, 0xc4, 0x04, 0xeb, 0x29, 0x8b, 0x45,
  0x08, 0x0f, 0xbe, 0x00, 0x83, 0xf8, 0x00, 0x74, 0x1e, 0x6a, 0x01, 0xff,
  0x75, 0x08, 0xff, 0x35, 0x00, 0x70, 0x80, 0x00, 0xe8, 0x37, 0xf9, 0xff,
  0xff, 0x83, 0xc4, 0x0c, 0x8b, 0x45, 0x08, 0x89, 0x45, 0xfc, 0xff, 0x45,
  0x08, 0xeb, 0xd7, 0xc9, 0xc3, 0x8d, 0x76, 0x00, 0x55, 0x89, 0xe5, 0xff,
  0x75, 0x08, 0xe8, 0xad, 0xff, 0xff, 0xff, 0x83, 0xc4, 0x04, 0xc9, 0xc3,
  0xc8, 0x18, 0x00, 0x00, 0x83, 0x65, 0xec, 0x00, 0x8b, 0x45, 0xec, 0x89,
  0x45, 0xe8, 0xff, 0x45, 0xec, 0x8b, 0x45, 0x08, 0xb9, 0x0a, 0x00, 0x00,
  0x00, 0x31, 0xd2, 0xf7, 0xf1, 0x88, 0xd0, 0x0f, 0xbe, 0xc0, 0x83, 0xc0,
  0x30, 0x8d, 0x55, 0xf0, 0x03, 0x55, 0xe8, 0x88, 0x02, 0x8b, 0x45, 0x08,
  0xb9, 0x0a, 0x00, 0x00, 0x00, 0x31, 0xd2, 0xf7, 0xf1, 0x89, 0x45, 0x08,
  0x83, 0x7d, 0x08, 0x00, 0x74, 0x09, 0xc7, 0x45, 0xe8, 0x01, 0x00, 0x00,
  0x00, 0xeb, 0x04, 0x83, 0x65, 0xe8, 0x00, 0x83, 0x7d, 0xe8, 0x00, 0x75,
  0xb3, 0x83, 0x7d, 0xec, 0x00, 0x7e, 0x1a, 0x8d, 0x45, 0xf0, 0x8b, 0x55,
  0xec, 0x4a, 0x89, 0x55, 0xec, 0x01, 0xd0, 0x0f, 0xbe, 0x10, 0x52, 0xe8,
  0x04, 0xff, 0xff, 0xff, 0x83, 0xc4, 0x04, 0xeb, 0xe0, 0xc9, 0xc3, 0x90,
  0x55, 0x89, 0xe5, 0x31, 0xd2, 0xb8, 0xff, 0xff, 0xff, 0xff, 0x39, 0x55,
  0x0c, 0x77, 0x07, 0x72, 0x14, 0x39, 0x45, 0x08, 0x76, 0x0f, 0x68, 0x36,
  0x62, 0x80, 0x00, 0xe8, 0x10, 0xff, 0xff, 0xff, 0x83, 0xc4, 0x04, 0xeb,
  0x0c, 0x8b, 0x45, 0x08, 0x50, 0xe8, 0x5a, 0xff, 0xff, 0xff, 0x83, 0xc4,
  0x04, 0xc9, 0xc3, 0x90, 0x55, 0x89, 0xe5, 0x83, 0x7d, 0x08, 0x00, 0x7d,
  0x12, 0x6a, 0x2d, 0xe8, 0xb8, 0xfe, 0xff, 0xff, 0x83, 0xc4, 0x04, 0x8b,
  0x45, 0x08, 0xf7, 0xd8, 0x89, 0x45, 0x08, 0xff, 0x75, 0x08, 0xe8, 0x31,
  0xff, 0xff, 0xff, 0x83, 0xc4, 0x04, 0xc9, 0xc3, 0xc8, 0x04, 0x00, 0x00,
  0x68, 0x00, 0x01, 0x00, 0x00, 0x68, 0x04, 0x70, 0x80, 0x00, 0xe8, 0x75,
  0xf8, 0xff, 0xff, 0x83, 0xc4, 0x08, 0x89, 0x45, 0xfc, 0x83, 0x7d, 0xfc,
  0x00, 0x7f, 0x17, 0x68, 0xff, 0x00, 0x00, 0x00, 0x68, 0x34, 0x62, 0x80,
  0x00, 0x68, 0x04, 0x70, 0x80, 0x00, 0xe8, 0x0d, 0xf5, 0xff, 0xff, 0x83,
  0xc4, 0x0c, 0xc9, 0xc3, 0xc8, 0x1c, 0x00, 0x00, 0x83, 0x7d, 0x08, 0x00,
  0x74, 0x0b, 0x8b, 0x45, 0x08, 0x0f, 0xbe, 0x00, 0x83, 0xf8, 0x00, 0x75,
  0x1a, 0x8b, 0x45, 0x10, 0x48, 0x50, 0x68, 0x04, 0x70, 0x80, 0x00, 0xff,
  0x75, 0x0c, 0xe8, 0xe1, 0xf4, 0xff, 0xff, 0x83, 0xc4, 0x0c, 0xe9, 0xd3,
  0x00, 0x00, 0x00, 0x8b, 0x45, 0x08, 0x0f, 0xbe, 0x00, 0x83, 0xf8, 0x2f,
  0x75, 0x18, 0x8b, 0x45, 0x10, 0x48, 0x50, 0xff, 0x75, 0x08, 0xff, 0x75,
  0x0c, 0xe8, 0xbe, 0xf4, 0xff, 0xff, 0x83, 0xc4, 0x0c, 0xe9, 0xb0, 0x00,
  0x00, 0x00, 0x83, 0x65, 0xfc, 0x00, 0xb8, 0x04, 0x70, 0x80, 0x00, 0x03,
  0x45, 0xfc, 0x0f, 0xbe, 0x00, 0x83, 0xf8, 0x00, 0x74, 0x26, 0x8b, 0x45,
  0x10, 0x48, 0x39, 0x45, 0xfc, 0x7d, 0x1d, 0xb8, 0x04, 0x70, 0x80, 0x00,
  0x03, 0x45, 0xfc, 0x8a, 0x00, 0x8b, 0x55, 0x0c, 0x03, 0x55, 0xfc, 0x88,
  0x02, 0x8b, 0x45, 0xfc, 0x89, 0x45, 0xf4, 0xff, 0x45, 0xfc, 0xeb, 0xca,
  0x8b, 0x45, 0xfc, 0x89, 0x45, 0xf0, 0x83, 0x7d, 0xf0, 0x00, 0x7e, 0x22,
  0xb8, 0x03, 0x70, 0x80, 0x00, 0x03, 0x45, 0xf0, 0x0f, 0xbe, 0x00, 0x83,
  0xf8, 0x2f, 0x74, 0x12, 0x8b, 0x45, 0xf0, 0x89, 0x45, 0xec, 0xff, 0x45,
  0xf0, 0x8b, 0x45, 0x0c, 0x03, 0x45, 0xec, 0xc6, 0x00, 0x2f, 0x83, 0x65,
  0xf8, 0x00, 0x8b, 0x45, 0x08, 0x03, 0x45, 0xf8, 0x0f, 0xbe, 0x00, 0x83,
  0xf8, 0x00, 0x74, 0x2d, 0x8b, 0x45, 0x10, 0x48, 0x39, 0x45, 0xf0, 0x7d,
  0x24, 0x8b, 0x45, 0x08, 0x03, 0x45, 0xf8, 0x8a, 0x00, 0x8b, 0x55, 0x0c,
  0x03, 0x55, 0xf0, 0x88, 0x02, 0x8b, 0x45, 0xf8, 0x89, 0x45, 0xe8, 0xff,
  0x45, 0xf8, 0x8b, 0x45, 0xf0, 0x89, 0x45, 0xe4, 0xff, 0x45, 0xf0, 0xeb,
  0xc5, 0x8b, 0x45, 0x0c, 0x03, 0x45, 0xf0, 0xc6, 0x00, 0x00, 0xc9, 0xc3,
  0xc8, 0x10, 0x00, 0x00, 0x8b, 0x45, 0x0c, 0x89, 0x45, 0xfc, 0x8b, 0x45,
  0x08, 0x89, 0x45, 0xf8, 0x83, 0x7d, 0xfc, 0x00, 0x7e, 0x09, 0x8b, 0x45,
  0xfc, 0x89, 0x45, 0xf4, 0xff, 0x4d, 0xfc, 0x8b, 0x45, 0xf8, 0xb9, 0x0a,
  0x00, 0x00, 0x00, 0x31, 0xd2, 0xf7, 0xf1, 0x89, 0x45, 0xf8, 0x83, 0x7d,
  0xf8, 0x00, 0x74, 0x09, 0xc7, 0x45, 0xf4, 0x01, 0x00, 0x00, 0x00, 0xeb,
  0x04, 0x83, 0x65, 0xf4, 0x00, 0x83, 0x7d, 0xf4, 0x00, 0x75, 0xc9, 0x83,
  0x7d, 0xfc, 0x00, 0x7e, 0x15, 0x6a, 0x20, 0xe8, 0x10, 0xfd, 0xff, 0xff,
  0x83, 0xc4, 0x04, 0x8b, 0x45, 0xfc, 0x89, 0x45, 0xf0, 0xff, 0x4d, 0xfc,
  0xeb, 0xe5, 0xff, 0x75, 0x08, 0xe8, 0x86, 0xfd, 0xff, 0xff, 0x83, 0xc4,
  0x04, 0xc9, 0xc3, 0x90, 0xc8, 0x04, 0x00, 0x00, 0x83, 0x3d, 0xa8, 0x71,
  0x80, 0x00, 0x00, 0x75, 0x25, 0x68, 0x88, 0x82, 0x80, 0x00, 0xe8, 0x29,
  0x00, 0x00, 0x00, 0x83, 0xc4, 0x04, 0x83, 0xf8, 0x00, 0x7d, 0x09, 0xc7,
  0x45, 0xfc, 0xff, 0xff, 0xff, 0xff, 0xeb, 0x10, 0xc7, 0x05, 0xa8, 0x71,
  0x80, 0x00, 0x01, 0x00, 0x00, 0x00, 0x83, 0x65, 0xfc, 0x00, 0xeb, 0x00,
  0x8b, 0x45, 0xfc, 0xc9, 0xc3, 0x8d, 0x76, 0x00, 0xc8, 0x04, 0x00, 0x00,
  0x8b, 0x55, 0x08, 0x52, 0x68, 0x50, 0x00, 0x00, 0x4d, 0xe8, 0x0e, 0x00,
  0x00, 0x00, 0x83, 0xc4, 0x08, 0x89, 0x45, 0xfc, 0xeb, 0x00, 0x8b, 0x45,
  0xfc, 0xc9, 0xc3, 0x90, 0xc8, 0x08, 0x00, 0x00, 0x89, 0xda, 0x8b, 0x5d,
  0x0c, 0x8b, 0x45, 0x08, 0xcd, 0x4d, 0x89, 0x45, 0xfc, 0x8b, 0x45, 0xfc,
  0x89, 0x45, 0xf8, 0xeb, 0x00, 0x8b, 0x45, 0xf8, 0x89, 0xd3, 0xc9, 0xc3,
  0xc8, 0x04, 0x00, 0x00, 0xff, 0x75, 0x18, 0xff, 0x75, 0x14, 0xff, 0x75,
  0x10, 0xff, 0x75, 0x0c, 0xff, 0x75, 0x08, 0xe8, 0x10, 0x00, 0x00, 0x00,
  0x83, 0xc4, 0x14, 0x89, 0x45, 0xfc, 0xeb, 0x00, 0x8b, 0x45, 0xfc, 0xc9,
  0xc3, 0x8d, 0x76, 0x00, 0xc8, 0x04, 0x00, 0x00, 0xff, 0x75, 0x18, 0xff,
  0x75, 0x14, 0xff, 0x75, 0x10, 0xff, 0x75, 0x0c, 0xff, 0x75, 0x08, 0x68,
  0x54, 0x00, 0x00, 0x4d, 0xe8, 0x0f, 0x00, 0x00, 0x00, 0x83, 0xc4, 0x18,
  0x89, 0x45, 0xfc, 0xeb, 0x00, 0x8b, 0x45, 0xfc, 0xc9, 0xc3, 0x66, 0x90,
  0xc8, 0x14, 0x00, 0x00, 0x89, 0x5d, 0xf4, 0x89, 0x75, 0xf0, 0x89, 0x7d,
  0xec, 0x8b, 0x7d, 0x1c, 0x8b, 0x75, 0x18, 0x8b, 0x55, 0x14, 0x8b, 0x4d,
  0x10, 0x8b, 0x5d, 0x0c, 0x8b, 0x45, 0x08, 0xcd, 0x4d, 0x89, 0x45, 0xfc,
  0x8b, 0x45, 0xfc, 0x89, 0x45, 0xf8, 0xeb, 0x00, 0x8b, 0x45, 0xf8, 0x8b,
  0x5d, 0xf4, 0x8b, 0x75, 0xf0, 0x8b, 0x7d, 0xec, 0xc9, 0xc3, 0x66, 0x90,
  0xc8, 0x04, 0x00, 0x00, 0xff, 0x75, 0x18, 0xff, 0x75, 0x14, 0xff, 0x75,
  0x10, 0xff, 0x75, 0x0c, 0xff, 0x75, 0x08, 0xe8, 0x10, 0x00, 0x00, 0x00,
  0x83, 0xc4, 0x14, 0x89, 0x45, 0xfc, 0xeb, 0x00, 0x8b, 0x45, 0xfc, 0xc9,
  0xc3, 0x8d, 0x76, 0x00, 0xc8, 0x04, 0x00, 0x00, 0xff, 0x75, 0x18, 0xff,
  0x75, 0x14, 0x8b, 0x55, 0x10, 0x52, 0xff, 0x75, 0x0c, 0xff, 0x75, 0x08,
  0x68, 0x55, 0x00, 0x00, 0x4d, 0xe8, 0x7e, 0xff, 0xff, 0xff, 0x83, 0xc4,
  0x18, 0x89, 0x45, 0xfc, 0xeb, 0x00, 0x8b, 0x45, 0xfc, 0xc9, 0xc3, 0x90,
  0xc8, 0x10, 0x00, 0x00, 0x83, 0x7d, 0x1c, 0x00, 0x74, 0x09, 0xc7, 0x45,
  0xf8, 0xff, 0x00, 0x00, 0x00, 0xeb, 0x07, 0xc7, 0x45, 0xf8, 0x80, 0x80,
  0x80, 0x00, 0x8b, 0x45, 0xf8, 0x89, 0x45, 0xfc, 0xc7, 0x45, 0xf4, 0xff,
  0xff, 0xff, 0x00, 0xff, 0x75, 0xfc, 0xff, 0x75, 0x14, 0xff, 0x75, 0x10,
  0xff, 0x75, 0x0c, 0xff, 0x75, 0x08, 0xe8, 0xe1, 0xfe, 0xff, 0xff, 0x83,
  0xc4, 0x14, 0xff, 0x75, 0xf4, 0x8b, 0x45, 0x14, 0x83, 0xe8, 0x04, 0x50,
  0x8b, 0x45, 0x10, 0x83, 0xe8, 0x04, 0x50, 0x8b, 0x45, 0x0c, 0x83, 0xc0,
  0x02, 0x50, 0x8b, 0x45, 0x08, 0x83, 0xc0, 0x02, 0x50, 0xe8, 0xba, 0xfe,
  0xff, 0xff, 0x83, 0xc4, 0x14, 0x83, 0x7d, 0x18, 0x00, 0x74, 0x29, 0x8b,
  0x45, 0x18, 0x0f, 0xbe, 0x00, 0x83, 0xf8, 0x00, 0x74, 0x1e, 0xff, 0x75,
  0xf4, 0x6a, 0x00, 0xff, 0x75, 0x18, 0x8b, 0x45, 0x0c, 0x83, 0xc0, 0x06,
  0x50, 0x8b, 0x45, 0x08, 0x83, 0xc0, 0x06, 0x50, 0xe8, 0x1b, 0xff, 0xff,
  0xff, 0x83, 0xc4, 0x14, 0x83, 0x65, 0xf0, 0x00, 0xeb, 0x00, 0x8b, 0x45,
  0xf0, 0xc9, 0xc3, 0x90, 0xc8, 0x20, 0x00, 0x00, 0x83, 0x7d, 0x1c, 0x00,
  0x74, 0x09, 0xc7, 0x45, 0xf8, 0x40, 0x40, 0x40, 0x00, 0xeb, 0x07, 0xc7,
  0x45, 0xf8, 0xc0, 0xc0, 0xc0, 0x00, 0x8b, 0x45, 0xf8, 0x89, 0x45, 0xfc,
  0x83, 0x7d, 0x1c, 0x00, 0x74, 0x09, 0xc7, 0x45, 0xf0, 0xc0, 0xc0, 0xc0,
  0x00, 0xeb, 0x07, 0xc7, 0x45, 0xf0, 0x40, 0x40, 0x40, 0x00, 0x8b, 0x45,
  0xf0, 0x89, 0x45, 0xf4, 0xc7, 0x45, 0xec, 0x80, 0x80, 0x80, 0x00, 0xff,
  0x75, 0xec, 0x8b, 0x45, 0x14, 0x83, 0xe8, 0x04, 0x50, 0x8b, 0x45, 0x10,
  0x83, 0xe8, 0x04, 0x50, 0x8b, 0x45, 0x0c, 0x83, 0xc0, 0x02, 0x50, 0x8b,
  0x45, 0x08, 0x83, 0xc0, 0x02, 0x50, 0xe8, 0x15, 0xfe, 0xff, 0xff, 0x83,
  0xc4, 0x14, 0xff, 0x75, 0xfc, 0x6a, 0x02, 0xff, 0x75, 0x10, 0xff, 0x75,
  0x0c, 0xff, 0x75, 0x08, 0xe8, 0xff, 0xfd, 0xff, 0xff, 0x83, 0xc4, 0x14,
  0xff, 0x75, 0xfc, 0xff, 0x75, 0x14, 0x6a, 0x02, 0xff, 0x75, 0x0c, 0xff,
  0x75, 0x08, 0xe8, 0xe9, 0xfd, 0xff, 0xff, 0x83, 0xc4, 0x14, 0xff, 0x75,
  0xf4, 0x6a, 0x02, 0xff, 0x75, 0x10, 0x8b, 0x45, 0x0c, 0x03, 0x45, 0x14,
  0x83, 0xe8, 0x02, 0x50, 0xff, 0x75, 0x08, 0xe8, 0xcc, 0xfd, 0xff, 0xff,
  0x83, 0xc4, 0x14, 0xff, 0x75, 0xf4, 0xff, 0x75, 0x14, 0x6a, 0x02, 0xff,
  0x75, 0x0c, 0x8b, 0x45, 0x08, 0x03, 0x45, 0x10, 0x83, 0xe8, 0x02, 0x50,
  0xe8, 0xaf, 0xfd, 0xff, 0xff, 0x83, 0xc4, 0x14, 0x83, 0x7d, 0x18, 0x00,
  0x74, 0x53, 0xff, 0x75, 0x18, 0xe8, 0x52, 0xf0, 0xff, 0xff, 0x83, 0xc4,
  0x04, 0x6b, 0xc0, 0x09, 0x8b, 0x55, 0x10, 0x29, 0xc2, 0xb9, 0x02, 0x00,
  0x00, 0x00, 0x89, 0xd0, 0x99, 0xf7, 0xf9, 0x8b, 0x55, 0x08, 0x8d, 0x04,
  0x02, 0x89, 0x45, 0xe8, 0x8b, 0x45, 0x14, 0x83, 0xe8, 0x10, 0xb9, 0x02,
  0x00, 0x00, 0x00, 0x99, 0xf7, 0xf9, 0x8b, 0x55, 0x0c, 0x8d, 0x04, 0x02,
  0x89, 0x45, 0xe4, 0xff, 0x75, 0xec, 0x6a, 0x00, 0xff, 0x75, 0x18, 0xff,
  0x75, 0xe4, 0xff, 0x75, 0xe8, 0xe8, 0xe6, 0xfd, 0xff, 0xff, 0x83, 0xc4,
  0x14, 0x83, 0x65, 0xe0, 0x00, 0xeb, 0x00, 0x8b, 0x45, 0xe0, 0xc9, 0xc3,
  0xc8, 0x04, 0x00, 0x00, 0xe8, 0xbf, 0xfc, 0xff, 0xff, 0x83, 0xf8, 0x00,
  0x7d, 0x09, 0xc7, 0x45, 0xfc, 0xff, 0xff, 0xff, 0xff, 0xeb, 0x20, 0xff,
  0x75, 0x08, 0xff, 0x35, 0x90, 0x82, 0x80, 0x00, 0xff, 0x35, 0x8c, 0x82,
  0x80, 0x00, 0x6a, 0x00, 0x6a, 0x00, 0xe8, 0x19, 0xfd, 0xff, 0xff, 0x83,
  0xc4, 0x14, 0x89, 0x45, 0xfc, 0xeb, 0x00, 0x8b, 0x45, 0xfc, 0xc9, 0xc3,
  0xc8, 0x04, 0x00, 0x00, 0xe8, 0x83, 0xfc, 0xff, 0xff, 0x83, 0xf8, 0x00,
  0x7d, 0x09, 0xc7, 0x45, 0xfc, 0xff, 0xff, 0xff, 0xff, 0xeb, 0x23, 0xff,
  0x75, 0x0c, 0xff, 0x75, 0x08, 0xff, 0x35, 0x90, 0x82, 0x80, 0x00, 0xff,
  0x35, 0x8c, 0x82, 0x80, 0x00, 0x6a, 0x00, 0x6a, 0x00, 0xe8, 0x0e, 0x00,
  0x00, 0x00, 0x83, 0xc4, 0x18, 0x89, 0x45, 0xfc, 0xeb, 0x00, 0x8b, 0x45,
  0xfc, 0xc9, 0xc3, 0x90, 0xc8, 0x0c, 0x00, 0x00, 0x8b, 0x45, 0x18, 0x89,
  0x45, 0xf8, 0x8b, 0x45, 0x1c, 0x89, 0x45, 0xfc, 0x8d, 0x55, 0xf8, 0x52,
  0xff, 0x75, 0x14, 0xff, 0x75, 0x10, 0xff, 0x75, 0x0c, 0xff, 0x75, 0x08,
  0x68, 0x5d, 0x00, 0x00, 0x4d, 0xe8, 0xf6, 0xfc, 0xff, 0xff, 0x83, 0xc4,
  0x18, 0x89, 0x45, 0xf4, 0xeb, 0x00, 0x8b, 0x45, 0xf4, 0xc9, 0xc3, 0x90,
  0xc8, 0x08, 0x00, 0x00, 0x83, 0x7d, 0x08, 0x00, 0x7c, 0x06, 0x83, 0x7d,
  0x08, 0x06, 0x7c, 0x09, 0xc7, 0x45, 0xf8, 0xff, 0xff, 0xff, 0xff, 0xeb,
  0x33, 0xe8, 0x36, 0x00, 0x00, 0x00, 0x89, 0x45, 0xfc, 0x83, 0x7d, 0xfc,
  0x00, 0x74, 0x17, 0x8b, 0x45, 0xfc, 0x81, 0x38, 0x4c, 0x50, 0x4f, 0x43,
  0x75, 0x0c, 0x8b, 0x55, 0xfc, 0x8b, 0x45, 0x08, 0x89, 0x82, 0xa8, 0x06,
  0x00, 0x00, 0x8b, 0x45, 0x08, 0xa3, 0xac, 0x71, 0x80, 0x00, 0x83, 0x65,
  0xf8, 0x00, 0xeb, 0x00, 0x8b, 0x45, 0xf8, 0xc9, 0xc3, 0x8d, 0x76, 0x00,
  0xc8, 0x04, 0x00, 0x00, 0xc7, 0x45, 0xfc, 0x00, 0x00, 0x70, 0x00, 0xeb,
  0x00, 0x8b, 0x45, 0xfc, 0xc9, 0xc3, 0x66, 0x90, 0xc8, 0x08, 0x00, 0x00,
  0xe8, 0xe3, 0xff, 0xff, 0xff, 0x89, 0x45, 0xfc, 0x83, 0x7d, 0xfc, 0x00,
  0x74, 0x19, 0x8b, 0x45, 0xfc, 0x81, 0x38, 0x4c, 0x50, 0x4f, 0x43, 0x75,
  0x0e, 0x8b, 0x45, 0xfc, 0x8b, 0x80, 0xa8, 0x06, 0x00, 0x00, 0x89, 0x45,
  0xf8, 0xeb, 0x0a, 0xa1, 0xac, 0x71, 0x80, 0x00, 0x89, 0x45, 0xf8, 0xeb,
  0x00, 0x8b, 0x45, 0xf8, 0xc9, 0xc3, 0x66, 0x90, 0xc8, 0x08, 0x00, 0x00,
  0xa1, 0xac, 0x71, 0x80, 0x00, 0x89, 0x45, 0xfc, 0x83, 0x7d, 0xfc, 0x00,
  0x7c, 0x06, 0x83, 0x7d, 0xfc, 0x06, 0x7c, 0x04, 0x83, 0x65, 0xfc, 0x00,
  0xba, 0xf0, 0x61, 0x80, 0x00, 0x8b, 0x45, 0xfc, 0x6b, 0xc0, 0x0c, 0x01,
  0xc2, 0xff, 0x32, 0xba, 0xec, 0x61, 0x80, 0x00, 0x8b, 0x45, 0xfc, 0x6b,
  0xc0, 0x0c, 0x01, 0xc2, 0xff, 0x32, 0xe8, 0xa5, 0xfe, 0xff, 0xff, 0x83,
  0xc4, 0x08, 0x89, 0x45, 0xf8, 0xeb, 0x00, 0x8b, 0x45, 0xf8, 0xc9, 0xc3,
  0xc8, 0x04, 0x00, 0x00, 0xe8, 0x0b, 0x00, 0x00, 0x00, 0x89, 0x45, 0xfc,
  0xeb, 0x00, 0x8b, 0x45, 0xfc, 0xc9, 0xc3, 0x90, 0xc8, 0x04, 0x00, 0x00,
  0x68, 0x53, 0x00, 0x00, 0x4d, 0xe8, 0x4e, 0xf7, 0xff, 0xff, 0x83, 0xc4,
  0x04, 0x89, 0x45, 0xfc, 0xeb, 0x00, 0x8b, 0x45, 0xfc, 0xc9, 0xc3, 0x90,
  0xc8, 0x04, 0x00, 0x00, 0xff, 0x75, 0x08, 0xe8, 0x10, 0x00, 0x00, 0x00,
  0x83, 0xc4, 0x04, 0x89, 0x45, 0xfc, 0xeb, 0x00, 0x8b, 0x45, 0xfc, 0xc9,
  0xc3, 0x8d, 0x76, 0x00, 0xc8, 0x04, 0x00, 0x00, 0x8b, 0x55, 0x08, 0x52,
  0x68, 0x52, 0x00, 0x00, 0x4d, 0xe8, 0x26, 0xfb, 0xff, 0xff, 0x83, 0xc4,
  0x08, 0x89, 0x45, 0xfc, 0xeb, 0x00, 0x8b, 0x45, 0xfc, 0xc9, 0xc3, 0x90,
  0xc8, 0x04, 0x00, 0x00, 0xff, 0x75, 0x08, 0xe8, 0x10, 0x00, 0x00, 0x00,
  0x83, 0xc4, 0x04, 0x89, 0x45, 0xfc, 0xeb, 0x00, 0x8b, 0x45, 0xfc, 0xc9,
  0xc3, 0x8d, 0x76, 0x00, 0xc8, 0x04, 0x00, 0x00, 0x8b, 0x55, 0x08, 0x52,
  0x68, 0x56, 0x00, 0x00, 0x4d, 0xe8, 0xea, 0xfa, 0xff, 0xff, 0x83, 0xc4,
  0x08, 0x89, 0x45, 0xfc, 0xeb, 0x00, 0x8b, 0x45, 0xfc, 0xc9, 0xc3, 0x90,
  0xc8, 0x08, 0x00, 0x00, 0x8b, 0x45, 0x10, 0x39, 0x45, 0x08, 0x7c, 0x27,
  0x8b, 0x45, 0x10, 0x03, 0x45, 0x18, 0x39, 0x45, 0x08, 0x7d, 0x1c, 0x8b,
  0x45, 0x14, 0x39, 0x45, 0x0c, 0x7c, 0x14, 0x8b, 0x45, 0x14, 0x03, 0x45,
  0x1c, 0x39, 0x45, 0x0c, 0x7d, 0x09, 0xc7, 0x45, 0xfc, 0x01, 0x00, 0x00,
  0x00, 0xeb, 0x04, 0x83, 0x65, 0xfc, 0x00, 0x8b, 0x45, 0xfc, 0x89, 0x45,
  0xf8, 0xeb, 0x00, 0x8b, 0x45, 0xf8, 0xc9, 0xc3, 0xc8, 0x18, 0x00, 0x00,
  0x83, 0x7d, 0x08, 0x00, 0x74, 0x06, 0x83, 0x7d, 0x18, 0x00, 0x75, 0x09,
  0xc7, 0x45, 0xe8, 0xff, 0xff, 0xff, 0xff, 0xeb, 0x66, 0x83, 0x65, 0xfc,
  0x00, 0x83, 0x7d, 0xfc, 0x20, 0x7d, 0x56, 0x83, 0x65, 0xf4, 0x00, 0x83,
  0x7d, 0xf4, 0x20, 0x7d, 0x41, 0x8b, 0x55, 0x18, 0x8b, 0x45, 0xfc, 0xc1,
  0xe0, 0x05, 0x03, 0x45, 0xf4, 0x8b, 0x04, 0x82, 0x89, 0x45, 0xec, 0x83,
  0x7d, 0xec, 0x00, 0x75, 0x02, 0xeb, 0x1c, 0x8b, 0x55, 0x10, 0x03, 0x55,
  0xf4, 0x8b, 0x45, 0x14, 0x03, 0x45, 0xfc, 0x0f, 0xaf, 0x45, 0x0c, 0x8d,
  0x0c, 0x02, 0x8b, 0x55, 0x08, 0x8b, 0x45, 0xec, 0x89, 0x04, 0x8a, 0x8b,
  0x45, 0xf4, 0x89, 0x45, 0xf0, 0xff, 0x45, 0xf4, 0xeb, 0xb9, 0x8b, 0x45,
  0xfc, 0x89, 0x45, 0xf8, 0xff, 0x45, 0xfc, 0xeb, 0xa4, 0x83, 0x65, 0xe8,
  0x00, 0xeb, 0x00, 0x8b, 0x45, 0xe8, 0xc9, 0xc3, 0xc8, 0x14, 0x00, 0x00,
  0x8b, 0x45, 0x08, 0x89, 0x45, 0xfc, 0x8b, 0x45, 0x0c, 0x89, 0x45, 0xf8,
  0x83, 0x65, 0xf4, 0x00, 0x8b, 0x45, 0x10, 0x39, 0x45, 0xf4, 0x7d, 0x1b,
  0x8b, 0x45, 0xf8, 0x03, 0x45, 0xf4, 0x8a, 0x00, 0x8b, 0x55, 0xfc, 0x03,
  0x55, 0xf4, 0x88, 0x02, 0x8b, 0x45, 0xf4, 0x89, 0x45, 0xf0, 0xff, 0x45,
  0xf4, 0xeb, 0xdd, 0x8b, 0x45, 0x08, 0x89, 0x45, 0xec, 0xeb, 0x00, 0x8b,
  0x45, 0xec, 0xc9, 0xc3, 0xc8, 0x10, 0x00, 0x00, 0x8b, 0x45, 0x08, 0x89,
  0x45, 0xfc, 0x83, 0x65, 0xf8, 0x00, 0x8b, 0x45, 0x10, 0x39, 0x45, 0xf8,
  0x7d, 0x16, 0x8b, 0x45, 0x0c, 0x8b, 0x55, 0xfc, 0x03, 0x55, 0xf8, 0x88,
  0x02, 0x8b, 0x45, 0xf8, 0x89, 0x45, 0xf4, 0xff, 0x45, 0xf8, 0xeb, 0xe2,
  0x8b, 0x45, 0x08, 0x89, 0x45, 0xf0, 0xeb, 0x00, 0x8b, 0x45, 0xf0, 0xc9,
  0xc3, 0x8d, 0x76, 0x00, 0xc8, 0x10, 0x00, 0x00, 0x83, 0x65, 0xfc, 0x00,
  0x8b, 0x45, 0x08, 0x89, 0x45, 0xf8, 0xff, 0x45, 0x08, 0x8b, 0x45, 0xf8,
  0x0f, 0xbe, 0x00, 0x83, 0xf8, 0x00, 0x74, 0x0b, 0x8b, 0x45, 0xfc, 0x89,
  0x45, 0xf4, 0xff, 0x45, 0xfc, 0xeb, 0xe1, 0x8b, 0x45, 0xfc, 0x89, 0x45,
  0xf0, 0xeb, 0x00, 0x8b, 0x45, 0xf0, 0xc9, 0xc3, 0xc8, 0x08, 0x00, 0x00,
  0x8b, 0x45, 0x08, 0x89, 0x45, 0xfc, 0xff, 0x45, 0x08, 0x8b, 0x45, 0x0c,
  0x89, 0x45, 0xf8, 0xff, 0x45, 0x0c, 0x8b, 0x45, 0xf8, 0x8a, 0x00, 0x8b,
  0x55, 0xfc, 0x88, 0x02, 0x0f, 0xbe, 0xc0, 0x83, 0xf8, 0x00, 0x74, 0x02,
  0xeb, 0xda, 0xc9, 0xc3, 0xc8, 0x08, 0x00, 0x00, 0x83, 0x65, 0xfc, 0x00,
  0x8b, 0x45, 0x10, 0x39, 0x45, 0xfc, 0x73, 0x29, 0x8b, 0x45, 0x0c, 0x03,
  0x45, 0xfc, 0x0f, 0xbe, 0x00, 0x83, 0xf8, 0x00, 0x74, 0x1b, 0x8b, 0x45,
  0x0c, 0x03, 0x45, 0xfc, 0x8a, 0x00, 0x8b, 0x55, 0x08, 0x03, 0x55, 0xfc,
  0x88, 0x02, 0x8b, 0x45, 0xfc, 0x89, 0x45, 0xf8, 0xff, 0x45, 0xfc, 0xeb,
  0xcf, 0x8b, 0x45, 0x10, 0x39, 0x45, 0xfc, 0x73, 0x0b, 0x8b, 0x45, 0x08,
  0x03, 0x45, 0xfc, 0xc6, 0x00, 0x00, 0xeb, 0x12, 0x83, 0x7d, 0x10, 0x00,
  0x74, 0x0c, 0x8b, 0x45, 0x08, 0x8b, 0x55, 0x10, 0x4a, 0x01, 0xd0, 0xc6,
  0x00, 0x00, 0xc9, 0xc3, 0xc8, 0x0c, 0x00, 0x00, 0x8b, 0x45, 0x08, 0x0f,
  0xbe, 0x00, 0x83, 0xf8, 0x00, 0x74, 0x24, 0x8b, 0x45, 0x08, 0x0f, 0xbe,
  0x10, 0x8b, 0x45, 0x0c, 0x0f, 0xbe, 0x00, 0x39, 0xc2, 0x75, 0x14, 0x8b,
  0x45, 0x08, 0x89, 0x45, 0xfc, 0xff, 0x45, 0x08, 0x8b, 0x45, 0x0c, 0x89,
  0x45, 0xf8, 0xff, 0x45, 0x0c, 0xeb, 0xd1, 0x8b, 0x45, 0x08, 0x0f, 0xb6,
  0x00, 0x8b, 0x55, 0x0c, 0x0f, 0xb6, 0x12, 0x29, 0xd0, 0x89, 0x45, 0xf4,
  0xeb, 0x00, 0x8b, 0x45, 0xf4, 0xc9, 0xc3, 0x90, 0xc8, 0x08, 0x00, 0x00,
  0xff, 0x75, 0x08, 0xe8, 0xe8, 0xfe, 0xff, 0xff, 0x83, 0xc4, 0x04, 0x01,
  0x45, 0x08, 0x8b, 0x45, 0x08, 0x89, 0x45, 0xfc, 0xff, 0x45, 0x08, 0x8b,
  0x45, 0x0c, 0x89, 0x45, 0xf8, 0xff, 0x45, 0x0c, 0x8b, 0x45, 0xf8, 0x8a,
  0x00, 0x8b, 0x55, 0xfc, 0x88, 0x02, 0x0f, 0xbe, 0xc0, 0x83, 0xf8, 0x00,
  0x74, 0x02, 0xeb, 0xda, 0xc9, 0xc3, 0x66, 0x90, 0xc8, 0x0c, 0x00, 0x00,
  0xff, 0x75, 0x08, 0xe8, 0xac, 0xfe, 0xff, 0xff, 0x83, 0xc4, 0x04, 0x89,
  0x45, 0xfc, 0x83, 0x65, 0xf8, 0x00, 0x8b, 0x45, 0x10, 0x39, 0x45, 0xf8,
  0x73, 0x2e, 0x8b, 0x45, 0x0c, 0x03, 0x45, 0xf8, 0x0f, 0xbe, 0x00, 0x83,
  0xf8, 0x00, 0x74, 0x20, 0x8b, 0x55, 0x08, 0x8b, 0x45, 0xfc, 0x03, 0x45,
  0xf8, 0x01, 0xc2, 0x8b, 0x45, 0x0c, 0x03, 0x45, 0xf8, 0x8a, 0x00, 0x88,
  0x02, 0x8b, 0x45, 0xf8, 0x89, 0x45, 0xf4, 0xff, 0x45, 0xf8, 0xeb, 0xca,
  0x8b, 0x45, 0x08, 0x8b, 0x55, 0xfc, 0x03, 0x55, 0xf8, 0x01, 0xd0, 0xc6,
  0x00, 0x00, 0xc9, 0xc3, 0xc8, 0x0c, 0x00, 0x00, 0x83, 0x65, 0xfc, 0x00,
  0x8b, 0x45, 0x10, 0x39, 0x45, 0xfc, 0x7d, 0x4e, 0x8b, 0x45, 0x08, 0x03,
  0x45, 0xfc, 0x0f, 0xbe, 0x10, 0x8b, 0x45, 0x0c, 0x03, 0x45, 0xfc, 0x0f,
  0xbe, 0x00, 0x39, 0xc2, 0x74, 0x19, 0x8b, 0x45, 0x08, 0x03, 0x45, 0xfc,
  0x0f, 0xb6, 0x00, 0x8b, 0x55, 0x0c, 0x03, 0x55, 0xfc, 0x0f, 0xb6, 0x12,
  0x29, 0xd0, 0x89, 0x45, 0xf4, 0xeb, 0x25, 0x8b, 0x45, 0x08, 0x03, 0x45,
  0xfc, 0x0f, 0xbe, 0x00, 0x83, 0xf8, 0x00, 0x75, 0x06, 0x83, 0x65, 0xf4,
  0x00, 0xeb, 0x11, 0x8b, 0x45, 0xfc, 0x89, 0x45, 0xf8, 0xff, 0x45, 0xfc,
  0xeb, 0xaa, 0x83, 0x65, 0xf4, 0x00, 0xeb, 0x00, 0x8b, 0x45, 0xf4, 0xc9,
  0xc3, 0x8d, 0x76, 0x00, 0xc8, 0x0c, 0x00, 0x00, 0x8b, 0x45, 0x0c, 0x0f,
  0xbe, 0x00, 0x83, 0xf8, 0x00, 0x74, 0x2a, 0x8b, 0x45, 0x08, 0x89, 0x45,
  0xfc, 0xff, 0x45, 0x08, 0x8b, 0x45, 0x0c, 0x89, 0x45, 0xf8, 0xff, 0x45,
  0x0c, 0x8b, 0x45, 0xfc, 0x0f, 0xbe, 0x10, 0x8b, 0x45, 0xf8, 0x0f, 0xbe,
  0x00, 0x39, 0xc2, 0x74, 0x06, 0x83, 0x65, 0xf4, 0x00, 0xeb, 0x0b, 0xeb,
  0xcb, 0xc7, 0x45, 0xf4, 0x01, 0x00, 0x00, 0x00, 0xeb, 0x00, 0x8b, 0x45,
  0xf4, 0xc9, 0xc3, 0x90, 0xc8, 0x08, 0x00, 0x00, 0x8b, 0x45, 0x08, 0x0f,
  0xbe, 0x00, 0x83, 0xf8, 0x00, 0x74, 0x21, 0x8b, 0x45, 0x08, 0x0f, 0xbe,
  0x10, 0x8b, 0x45, 0x0c, 0x39, 0xc2, 0x75, 0x09, 0xc7, 0x45, 0xf8, 0x01,
  0x00, 0x00, 0x00, 0xeb, 0x11, 0x8b, 0x45, 0x08, 0x89, 0x45, 0xfc, 0xff,
  0x45, 0x08, 0xeb, 0xd4, 0x83, 0x65, 0xf8, 0x00, 0xeb, 0x00, 0x8b, 0x45,
  0xf8, 0xc9, 0xc3, 0x90, 0xc8, 0x04, 0x00, 0x00, 0xff, 0x75, 0x0c, 0x8b,
  0x55, 0x08, 0x52, 0x6a, 0x05, 0xe8, 0x0e, 0x00, 0x00, 0x00, 0x83, 0xc4,
  0x0c, 0x89, 0x45, 0xfc, 0xeb, 0x00, 0x8b, 0x45, 0xfc, 0xc9, 0xc3, 0x90,
  0xc8, 0x08, 0x00, 0x00, 0x89, 0xda, 0x8b, 0x4d, 0x10, 0x8b, 0x5d, 0x0c,
  0x8b, 0x45, 0x08, 0xcd, 0x80, 0x89, 0x45, 0xfc, 0x8b, 0x45, 0xfc, 0x89,
  0x45, 0xf8, 0xeb, 0x00, 0x8b, 0x45, 0xf8, 0x89, 0xd3, 0xc9, 0xc3, 0x90,
  0xc8, 0x04, 0x00, 0x00, 0xff, 0x75, 0x08, 0x6a, 0x06, 0xe8, 0x0e, 0x00,
  0x00, 0x00, 0x83, 0xc4, 0x08, 0x89, 0x45, 0xfc, 0xeb, 0x00, 0x8b, 0x45,
  0xfc, 0xc9, 0xc3, 0x90, 0xc8, 0x08, 0x00, 0x00, 0x89, 0xda, 0x8b, 0x5d,
  0x0c, 0x8b, 0x45, 0x08, 0xcd, 0x80, 0x89, 0x45, 0xfc, 0x8b, 0x45, 0xfc,
  0x89, 0x45, 0xf8, 0xeb, 0x00, 0x8b, 0x45, 0xf8, 0x89, 0xd3, 0xc9, 0xc3,
  0xc8, 0x04, 0x00, 0x00, 0xff, 0x75, 0x10, 0x8b, 0x55, 0x0c, 0x52, 0xff,
  0x75, 0x08, 0x6a, 0x03, 0xe8, 0x0f, 0x00, 0x00, 0x00, 0x83, 0xc4, 0x10,
  0x89, 0x45, 0xfc, 0xeb, 0x00, 0x8b, 0x45, 0xfc, 0xc9, 0xc3, 0x66, 0x90,
  0xc8, 0x0c, 0x00, 0x00, 0x89, 0x5d, 0xf4, 0x8b, 0x55, 0x14, 0x8b, 0x4d,
  0x10, 0x8b, 0x5d, 0x0c, 0x8b, 0x45, 0x08, 0xcd, 0x80, 0x89, 0x45, 0xfc,
  0x8b, 0x45, 0xfc, 0x89, 0x45, 0xf8, 0xeb, 0x00, 0x8b, 0x45, 0xf8, 0x8b,
  0x5d, 0xf4, 0xc9, 0xc3, 0xc8, 0x04, 0x00, 0x00, 0xff, 0x75, 0x10, 0x8b,
  0x55, 0x0c, 0x52, 0xff, 0x75, 0x08, 0x6a, 0x04, 0xe8, 0xc3, 0xff, 0xff,
  0xff, 0x83, 0xc4, 0x10, 0x89, 0x45, 0xfc, 0xeb, 0x00, 0x8b, 0x45, 0xfc,
  0xc9, 0xc3, 0x66, 0x90, 0xc8, 0x04, 0x00, 0x00, 0xff, 0x75, 0x10, 0x8b,
  0x55, 0x0c, 0x52, 0xff, 0x75, 0x08, 0x6a, 0x47, 0xe8, 0x9f, 0xff, 0xff,
  0xff, 0x83, 0xc4, 0x10, 0x89, 0x45, 0xfc, 0xeb, 0x00, 0x8b, 0x45, 0xfc,
  0xc9, 0xc3, 0x66, 0x90, 0xc8, 0x04, 0x00, 0x00, 0xff, 0x75, 0x0c, 0x8b,
  0x55, 0x08, 0x52, 0x6a, 0x10, 0xe8, 0xfa, 0xfe, 0xff, 0xff, 0x83, 0xc4,
  0x0c, 0x89, 0x45, 0xfc, 0xeb, 0x00, 0x8b, 0x45, 0xfc, 0xc9, 0xc3, 0x90,
  0xc8, 0x04, 0x00, 0x00, 0x8b, 0x55, 0x08, 0x52, 0x6a, 0x11, 0xe8, 0x1d,
  0xff, 0xff, 0xff, 0x83, 0xc4, 0x08, 0x89, 0x45, 0xfc, 0xeb, 0x00, 0x8b,
  0x45, 0xfc, 0xc9, 0xc3, 0xc8, 0x04, 0x00, 0x00, 0x8b, 0x55, 0x08, 0x52,
  0x6a, 0x12, 0xe8, 0x01, 0xff, 0xff, 0xff, 0x83, 0xc4, 0x08, 0x89, 0x45,
  0xfc, 0xeb, 0x00, 0x8b, 0x45, 0xfc, 0xc9, 0xc3, 0xc8, 0x04, 0x00, 0x00,
  0x8b, 0x55, 0x08, 0x52, 0x6a, 0x15, 0xe8, 0xe5, 0xfe, 0xff, 0xff, 0x83,
  0xc4, 0x08, 0x89, 0x45, 0xfc, 0xeb, 0x00, 0x8b, 0x45, 0xfc, 0xc9, 0xc3,
  0xc8, 0x04, 0x00, 0x00, 0x8b, 0x55, 0x08, 0x52, 0x6a, 0x13, 0xe8, 0xc9,
  0xfe, 0xff, 0xff, 0x83, 0xc4, 0x08, 0x89, 0x45, 0xfc, 0xeb, 0x00, 0x8b,
  0x45, 0xfc, 0xc9, 0xc3, 0xc8, 0x04, 0x00, 0x00, 0x8b, 0x55, 0x0c, 0x52,
  0x8b, 0x55, 0x08, 0x52, 0x6a, 0x16, 0xe8, 0x69, 0xfe, 0xff, 0xff, 0x83,
  0xc4, 0x0c, 0x89, 0x45, 0xfc, 0xeb, 0x00, 0x8b, 0x45, 0xfc, 0xc9, 0xc3,
  0xc8, 0x04, 0x00, 0x00, 0x8b, 0x55, 0x08, 0x52, 0x6a, 0x28, 0xe8, 0x8d,
  0xfe, 0xff, 0xff, 0x83, 0xc4, 0x08, 0x89, 0x45, 0xfc, 0xeb, 0x00, 0x8b,
  0x45, 0xfc, 0xc9, 0xc3, 0xc8, 0x04, 0x00, 0x00, 0xff, 0x75, 0x0c, 0xff,
  0x75, 0x08, 0x6a, 0x2a, 0xe8, 0x2f, 0xfe, 0xff, 0xff, 0x83, 0xc4, 0x0c,
  0x89, 0x45, 0xfc, 0xeb, 0x00, 0x8b, 0x45, 0xfc, 0xc9, 0xc3, 0x66, 0x90,
  0xc8, 0x04, 0x00, 0x00, 0x8b, 0x55, 0x08, 0x52, 0x6a, 0x73, 0xe8, 0x51,
  0xfe, 0xff, 0xff, 0x83, 0xc4, 0x08, 0x89, 0x45, 0xfc, 0xeb, 0x00, 0x8b,
  0x45, 0xfc, 0xc9, 0xc3, 0xc8, 0x04, 0x00, 0x00, 0x6a, 0x09, 0xe8, 0x0d,
  0x00, 0x00, 0x00, 0x83, 0xc4, 0x04, 0x89, 0x45, 0xfc, 0xeb, 0x00, 0x8b,
  0x45, 0xfc, 0xc9, 0xc3, 0xc8, 0x08, 0x00, 0x00, 0x8b, 0x45, 0x08, 0xcd,
  0x80, 0x89, 0x45, 0xfc, 0x8b, 0x45, 0xfc, 0x89, 0x45, 0xf8, 0xeb, 0x00,
  0x8b, 0x45, 0xf8, 0xc9, 0xc3, 0x8d, 0x76, 0x00, 0xc8, 0x04, 0x00, 0x00,
  0x6a, 0x0a, 0xe8, 0xd9, 0xff, 0xff, 0xff, 0x83, 0xc4, 0x04, 0x89, 0x45,
  0xfc, 0xeb, 0x00, 0x8b, 0x45, 0xfc, 0xc9, 0xc3, 0xc8, 0x04, 0x00, 0x00,
  0x6a, 0x02, 0xe8, 0xc1, 0xff, 0xff, 0xff, 0x83, 0xc4, 0x04, 0x89, 0x45,
  0xfc, 0xeb, 0x00, 0x8b, 0x45, 0xfc, 0xc9, 0xc3, 0xc8, 0x04, 0x00, 0x00,
  0xff, 0x75, 0x10, 0x8b, 0x55, 0x0c, 0x52, 0xff, 0x75, 0x08, 0x6a, 0x07,
  0xe8, 0x0f, 0xfe, 0xff, 0xff, 0x83, 0xc4, 0x10, 0x89, 0x45, 0xfc, 0xeb,
  0x00, 0x8b, 0x45, 0xfc, 0xc9, 0xc3, 0x66, 0x90, 0xc8, 0x04, 0x00, 0x00,
  0xff, 0x75, 0x0c, 0xff, 0x75, 0x08, 0x6a, 0x64, 0xe8, 0x6b, 0xfd, 0xff,
  0xff, 0x83, 0xc4, 0x0c, 0x89, 0x45, 0xfc, 0xeb, 0x00, 0x8b, 0x45, 0xfc,
  0xc9, 0xc3, 0x66, 0x90, 0xc8, 0x04, 0x00, 0x00, 0x6a, 0x20, 0xe8, 0x65,
  0xff, 0xff, 0xff, 0x83, 0xc4, 0x04, 0x89, 0x45, 0xfc, 0xeb, 0x00, 0x8b,
  0x45, 0xfc, 0xc9, 0xc3, 0xc8, 0x04, 0x00, 0x00, 0x6a, 0x24, 0xe8, 0x4d,
  0xff, 0xff, 0xff, 0x83, 0xc4, 0x04, 0x89, 0x45, 0xfc, 0xeb, 0x00, 0x8b,
  0x45, 0xfc, 0xc9, 0xc3, 0xc8, 0x04, 0x00, 0x00, 0xff, 0x75, 0x08, 0x6a,
  0x22, 0xe8, 0x5e, 0xfd, 0xff, 0xff, 0x83, 0xc4, 0x08, 0x89, 0x45, 0xfc,
  0xeb, 0x00, 0x8b, 0x45, 0xfc, 0xc9, 0xc3, 0x90, 0xc8, 0x04, 0x00, 0x00,
  0x6a, 0x21, 0xe8, 0x19, 0xff, 0xff, 0xff, 0x83, 0xc4, 0x04, 0x89, 0x45,
  0xfc, 0xeb, 0x00, 0x8b, 0x45, 0xfc, 0xc9, 0xc3, 0xc8, 0x04, 0x00, 0x00,
  0x6a, 0x25, 0xe8, 0x01, 0xff, 0xff, 0xff, 0x83, 0xc4, 0x04, 0x89, 0x45,
  0xfc, 0xeb, 0x00, 0x8b, 0x45, 0xfc, 0xc9, 0xc3, 0xc8, 0x04, 0x00, 0x00,
  0xff, 0x75, 0x08, 0x6a, 0x23, 0xe8, 0x12, 0xfd, 0xff, 0xff, 0x83, 0xc4,
  0x08, 0x89, 0x45, 0xfc, 0xeb, 0x00, 0x8b, 0x45, 0xfc, 0xc9, 0xc3, 0x90,
  0xc8, 0x04, 0x00, 0x00, 0x8b, 0x55, 0x0c, 0x52, 0xff, 0x75, 0x08, 0x68,
  0x8a, 0x00, 0x00, 0x00, 0xe8, 0xaf, 0xfc, 0xff, 0xff, 0x83, 0xc4, 0x0c,
  0x89, 0x45, 0xfc, 0xeb, 0x00, 0x8b, 0x45, 0xfc, 0xc9, 0xc3, 0x66, 0x90,
  0xc8, 0x04, 0x00, 0x00, 0x6a, 0x1e, 0xe8, 0xa9, 0xfe, 0xff, 0xff, 0x83,
  0xc4, 0x04, 0x89, 0x45, 0xfc, 0xeb, 0x00, 0x8b, 0x45, 0xfc, 0xc9, 0xc3,
  0xc8, 0x04, 0x00, 0x00, 0xff, 0x75, 0x08, 0x6a, 0x5d, 0xe8, 0xba, 0xfc,
  0xff, 0xff, 0x83, 0xc4, 0x08, 0x89, 0x45, 0xfc, 0xeb, 0x00, 0x8b, 0x45,
  0xfc, 0xc9, 0xc3, 0x90, 0xc8, 0x04, 0x00, 0x00, 0x68, 0x8c, 0x00, 0x00,
  0x00, 0xe8, 0x72, 0xfe, 0xff, 0xff, 0x83, 0xc4, 0x04, 0x89, 0x45, 0xfc,
  0xeb, 0x00, 0x8b, 0x45, 0xfc, 0xc9, 0xc3, 0x90, 0xc8, 0x04, 0x00, 0x00,
  0x8b, 0x55, 0x08, 0x52, 0x68, 0x8d, 0x00, 0x00, 0x00, 0xe8, 0x7e, 0xfc,
  0xff, 0xff, 0x83, 0xc4, 0x08, 0x89, 0x45, 0xfc, 0xeb, 0x00, 0x8b, 0x45,
  0xfc, 0xc9, 0xc3, 0x90, 0xc8, 0x04, 0x00, 0x00, 0x8b, 0x55, 0x08, 0x52,
  0x68, 0x8e, 0x00, 0x00, 0x00, 0xe8, 0x5e, 0xfc, 0xff, 0xff, 0x83, 0xc4,
  0x08, 0x89, 0x45, 0xfc, 0xeb, 0x00, 0x8b, 0x45, 0xfc, 0xc9, 0xc3, 0x90,
  0xc8, 0x04, 0x00, 0x00, 0x68, 0x8f, 0x00, 0x00, 0x00, 0xe8, 0x16, 0xfe,
  0xff, 0xff, 0x83, 0xc4, 0x04, 0x89, 0x45, 0xfc, 0xeb, 0x00, 0x8b, 0x45,
  0xfc, 0xc9, 0xc3, 0x90, 0xc8, 0x04, 0x00, 0x00, 0x8b, 0x55, 0x08, 0x52,
  0x68, 0x84, 0x00, 0x00, 0x00, 0xe8, 0x22, 0xfc, 0xff, 0xff, 0x83, 0xc4,
  0x08, 0x89, 0x45, 0xfc, 0xeb, 0x00, 0x8b, 0x45, 0xfc, 0xc9, 0xc3, 0x90,
  0xc8, 0x04, 0x00, 0x00, 0xff, 0x75, 0x0c, 0x8b, 0x55, 0x08, 0x52, 0x68,
  0x85, 0x00, 0x00, 0x00, 0xe8, 0xbf, 0xfb, 0xff, 0xff, 0x83, 0xc4, 0x0c,
  0x89, 0x45, 0xfc, 0xeb, 0x00, 0x8b, 0x45, 0xfc, 0xc9, 0xc3, 0x66, 0x90,
  0xc8, 0x04, 0x00, 0x00, 0x8b, 0x55, 0x08, 0x52, 0x68, 0x86, 0x00, 0x00,
  0x00, 0xe8, 0xde, 0xfb, 0xff, 0xff, 0x83, 0xc4, 0x08, 0x89, 0x45, 0xfc,
  0xeb, 0x00, 0x8b, 0x45, 0xfc, 0xc9, 0xc3, 0x90, 0xc8, 0x04, 0x00, 0x00,
  0x8b, 0x55, 0x10, 0x52, 0x8b, 0x55, 0x0c, 0x52, 0x8b, 0x55, 0x08, 0x52,
  0x68, 0x87, 0x00, 0x00, 0x00, 0xe8, 0xfa, 0xfb, 0xff, 0xff, 0x83, 0xc4,
  0x10, 0x89, 0x45, 0xfc, 0xeb, 0x00, 0x8b, 0x45, 0xfc, 0xc9, 0xc3, 0x90,
  0xc8, 0x04, 0x00, 0x00, 0x8b, 0x55, 0x08, 0x52, 0x68, 0x88, 0x00, 0x00,
  0x00, 0xe8, 0x96, 0xfb, 0xff, 0xff, 0x83, 0xc4, 0x08, 0x89, 0x45, 0xfc,
  0xeb, 0x00, 0x8b, 0x45, 0xfc, 0xc9, 0xc3, 0x90, 0xc8, 0x04, 0x00, 0x00,
  0xff, 0x75, 0x0c, 0x8b, 0x55, 0x08, 0x52, 0x68, 0x89, 0x00, 0x00, 0x00,
  0xe8, 0x33, 0xfb, 0xff, 0xff, 0x83, 0xc4, 0x0c, 0x89, 0x45, 0xfc, 0xeb,
  0x00, 0x8b, 0x45, 0xfc, 0xc9, 0xc3, 0x66, 0x90, 0xc8, 0x18, 0x00, 0x00,
  0x83, 0x65, 0xfc, 0x00, 0xc7, 0x45, 0xf8, 0x01, 0x00, 0x00, 0x00, 0x8b,
  0x45, 0x08, 0x0f, 0xbe, 0x00, 0x83, 0xf8, 0x20, 0x75, 0x0b, 0x8b, 0x45,
  0x08, 0x89, 0x45, 0xf4, 0xff, 0x45, 0x08, 0xeb, 0xea, 0x8b, 0x45, 0x08,
  0x0f, 0xbe, 0x00, 0x83, 0xf8, 0x2d, 0x75, 0x12, 0xc7, 0x45, 0xf8, 0xff,
  0xff, 0xff, 0xff, 0x8b, 0x45, 0x08, 0x89, 0x45, 0xf0, 0xff, 0x45, 0x08,
  0xeb, 0x14, 0x8b, 0x45, 0x08, 0x0f, 0xbe, 0x00, 0x83, 0xf8, 0x2b, 0x75,
  0x09, 0x8b, 0x45, 0x08, 0x89, 0x45, 0xf0, 0xff, 0x45, 0x08, 0x8b, 0x45,
  0x08, 0x0f, 0xbe, 0x00, 0x83, 0xf8, 0x30, 0x7c, 0x2b, 0x8b, 0x45, 0x08,
  0x0f, 0xbe, 0x00, 0x83, 0xf8, 0x39, 0x7f, 0x20, 0x8b, 0x45, 0x08, 0x89,
  0x45, 0xec, 0xff, 0x45, 0x08, 0x8b, 0x45, 0xec, 0x0f, 0xbe, 0x10, 0x83,
  0xea, 0x30, 0x8b, 0x45, 0xfc, 0x6b, 0xc0, 0x0a, 0x8d, 0x04, 0x10, 0x89,
  0x45, 0xfc, 0xeb, 0xca, 0x8b, 0x45, 0xfc, 0x0f, 0xaf, 0x45, 0xf8, 0x89,
  0x45, 0xe8, 0xeb, 0x00, 0x8b, 0x45, 0xe8, 0xc9, 0xc3, 0x8d, 0x76, 0x00,
  0x55, 0x89, 0xe5, 0x68, 0xfd, 0x03, 0x00, 0x00, 0xe8, 0x23, 0x00, 0x00,
  0x00, 0x83, 0xc4, 0x04, 0x0f, 0xb6, 0xc0, 0x83, 0xe0, 0x20, 0x75, 0x02,
  0xeb, 0xe9, 0x0f, 0xb6, 0x55, 0x08, 0x52, 0x68, 0xf8, 0x03, 0x00, 0x00,
  0xe8, 0x23, 0x00, 0x00, 0x00, 0x83, 0xc4, 0x08, 0xc9, 0xc3, 0x66, 0x90,
  0xc8, 0x08, 0x00, 0x00, 0x66, 0x8b, 0x55, 0x08, 0xec, 0x88, 0x45, 0xff,
  0x8a, 0x45, 0xff, 0x88, 0x45, 0xf8, 0xeb, 0x00, 0x8a, 0x45, 0xf8, 0xc9,
  0xc3, 0x8d, 0x76, 0x00, 0x55, 0x89, 0xe5, 0x66, 0x8b, 0x55, 0x08, 0x8a,
  0x45, 0x0c, 0xee, 0xc9, 0xc3, 0x8d, 0x76, 0x00, 0xc8, 0x04, 0x00, 0x00,
  0x8b, 0x45, 0x08, 0x0f, 0xbe, 0x00, 0x83, 0xf8, 0x00, 0x74, 0x1a, 0x8b,
  0x45, 0x08, 0x89, 0x45, 0xfc, 0xff, 0x45, 0x08, 0x8b, 0x45, 0xfc, 0x0f,
  0xbe, 0x10, 0x52, 0xe8, 0x80, 0xff, 0xff, 0xff, 0x83, 0xc4, 0x04, 0xeb,
  0xdb, 0xc9, 0xc3, 0x90, 0xc8, 0x04, 0x00, 0x00, 0x68, 0xfd, 0x03, 0x00,
  0x00, 0xe8, 0x9a, 0xff, 0xff, 0xff, 0x83, 0xc4, 0x04, 0x0f, 0xb6, 0xc0,
  0x83, 0xe0, 0x01, 0x74, 0x15, 0x68, 0xf8, 0x03, 0x00, 0x00, 0xe8, 0x85,
  0xff, 0xff, 0xff, 0x83, 0xc4, 0x04, 0x0f, 0xb6, 0xc0, 0x89, 0x45, 0xfc,
  0xeb, 0x0e, 0xe8, 0x11, 0x00, 0x00, 0x00, 0xc7, 0x45, 0xfc, 0xff, 0xff,
  0xff, 0xff, 0xeb, 0x00, 0x8b, 0x45, 0xfc, 0xc9, 0xc3, 0x8d, 0x76, 0x00,
  0xc8, 0x04, 0x00, 0x00, 0x68, 0x43, 0x00, 0x00, 0x4d, 0xe8, 0x0e, 0x00,
  0x00, 0x00, 0x83, 0xc4, 0x04, 0x89, 0x45, 0xfc, 0xeb, 0x00, 0x8b, 0x45,
  0xfc, 0xc9, 0xc3, 0x90, 0xc8, 0x08, 0x00, 0x00, 0x8b, 0x45, 0x08, 0xcd,
  0x4d, 0x89, 0x45, 0xfc, 0x8b, 0x45, 0xfc, 0x89, 0x45, 0xf8, 0xeb, 0x00,
  0x8b, 0x45, 0xf8, 0xc9, 0xc3, 0x8d, 0x76, 0x00, 0x55, 0x89, 0xe5, 0x68,
  0x06, 0x64, 0x80, 0x00, 0xe8, 0x4b, 0xff, 0xff, 0xff, 0x83, 0xc4, 0x04,
  0xc9, 0xc3, 0x66, 0x90, 0x55, 0x89, 0xe5, 0x68, 0x00, 0x64, 0x80, 0x00,
  0xe8, 0x37, 0xff, 0xff, 0xff, 0x83, 0xc4, 0x04, 0xc9, 0xc3, 0x66, 0x90,
  0x55, 0x89, 0xe5, 0x68, 0xfa, 0x63, 0x80, 0x00, 0xe8, 0x23, 0xff, 0xff,
  0xff, 0x83, 0xc4, 0x04, 0xc9, 0xc3, 0x66, 0x90, 0x55, 0x89, 0xe5, 0x68,
  0xf4, 0x63, 0x80, 0x00, 0xe8, 0x0f, 0xff, 0xff, 0xff, 0x83, 0xc4, 0x04,
  0xc9, 0xc3, 0x66, 0x90, 0x55, 0x89, 0xe5, 0x68, 0xee, 0x63, 0x80, 0x00,
  0xe8, 0xfb, 0xfe, 0xff, 0xff, 0x83, 0xc4, 0x04, 0xc9, 0xc3, 0x66, 0x90,
  0x55, 0x89, 0xe5, 0x68, 0xe8, 0x63, 0x80, 0x00, 0xe8, 0xe7, 0xfe, 0xff,
  0xff, 0x83, 0xc4, 0x04, 0xc9, 0xc3, 0x66, 0x90, 0x55, 0x89, 0xe5, 0x68,
  0xe3, 0x63, 0x80, 0x00, 0xe8, 0xd3, 0xfe, 0xff, 0xff, 0x83, 0xc4, 0x04,
  0xc9, 0xc3, 0x66, 0x90, 0x55, 0x89, 0xe5, 0x83, 0x3d, 0x00, 0x70, 0x80,
  0x00, 0x01, 0x75, 0x0f, 0x0f, 0xbe, 0x55, 0x08, 0x52, 0xe8, 0x5a, 0xfe,
  0xff, 0xff, 0x83, 0xc4, 0x04, 0xeb, 0x14, 0x6a, 0x01, 0x8d, 0x45, 0x08,
  0x50, 0xff, 0x35, 0x00, 0x70, 0x80, 0x00, 0xe8, 0x74, 0xf9, 0xff, 0xff,
  0x83, 0xc4, 0x0c, 0xc9, 0xc3, 0x8d, 0x76, 0x00, 0xc8, 0x04, 0x00, 0x00,
  0x83, 0x3d, 0x00, 0x70, 0x80, 0x00, 0x01, 0x75, 0x0d, 0xff, 0x75, 0x08,
  0xe8, 0x83, 0xfe, 0xff, 0xff, 0x83, 0xc4, 0x04, 0xeb, 0x29, 0x8b, 0x45,
  0x08, 0x0f, 0xbe, 0x00, 0x83, 0xf8, 0x00, 0x74, 0x1e, 0x6a, 0x01, 0xff,
  0x75, 0x08, 0xff, 0x35, 0x00, 0x70, 0x80, 0x00, 0xe8, 0x37, 0xf9, 0xff,
  0xff, 0x83, 0xc4, 0x0c, 0x8b, 0x45, 0x08, 0x89, 0x45, 0xfc, 0xff, 0x45,
  0x08, 0xeb, 0xd7, 0xc9, 0xc3, 0x8d, 0x76, 0x00, 0x55, 0x89, 0xe5, 0xff,
  0x75, 0x08, 0xe8, 0xad, 0xff, 0xff, 0xff, 0x83, 0xc4, 0x04, 0xc9, 0xc3,
  0xc8, 0x18, 0x00, 0x00, 0x83, 0x65, 0xec, 0x00, 0x8b, 0x45, 0xec, 0x89,
  0x45, 0xe8, 0xff, 0x45, 0xec, 0x8b, 0x45, 0x08, 0xb9, 0x0a, 0x00, 0x00,
  0x00, 0x31, 0xd2, 0xf7, 0xf1, 0x88, 0xd0, 0x0f, 0xbe, 0xc0, 0x83, 0xc0,
  0x30, 0x8d, 0x55, 0xf0, 0x03, 0x55, 0xe8, 0x88, 0x02, 0x8b, 0x45, 0x08,
  0xb9, 0x0a, 0x00, 0x00, 0x00, 0x31, 0xd2, 0xf7, 0xf1, 0x89, 0x45, 0x08,
  0x83, 0x7d, 0x08, 0x00, 0x74, 0x09, 0xc7, 0x45, 0xe8, 0x01, 0x00, 0x00,
  0x00, 0xeb, 0x04, 0x83, 0x65, 0xe8, 0x00, 0x83, 0x7d, 0xe8, 0x00, 0x75,
  0xb3, 0x83, 0x7d, 0xec, 0x00, 0x7e, 0x1a, 0x8d, 0x45, 0xf0, 0x8b, 0x55,
  0xec, 0x4a, 0x89, 0x55, 0xec, 0x01, 0xd0, 0x0f, 0xbe, 0x10, 0x52, 0xe8,
  0x04, 0xff, 0xff, 0xff, 0x83, 0xc4, 0x04, 0xeb, 0xe0, 0xc9, 0xc3, 0x90,
  0x55, 0x89, 0xe5, 0x31, 0xd2, 0xb8, 0xff, 0xff, 0xff, 0xff, 0x39, 0x55,
  0x0c, 0x77, 0x07, 0x72, 0x14, 0x39, 0x45, 0x08, 0x76, 0x0f, 0x68, 0xde,
  0x63, 0x80, 0x00, 0xe8, 0x10, 0xff, 0xff, 0xff, 0x83, 0xc4, 0x04, 0xeb,
  0x0c, 0x8b, 0x45, 0x08, 0x50, 0xe8, 0x5a, 0xff, 0xff, 0xff, 0x83, 0xc4,
  0x04, 0xc9, 0xc3, 0x90, 0x55, 0x89, 0xe5, 0x83, 0x7d, 0x08, 0x00, 0x7d,
  0x12, 0x6a, 0x2d, 0xe8, 0xb8, 0xfe, 0xff, 0xff, 0x83, 0xc4, 0x04, 0x8b,
  0x45, 0x08, 0xf7, 0xd8, 0x89, 0x45, 0x08, 0xff, 0x75, 0x08, 0xe8, 0x31,
  0xff, 0xff, 0xff, 0x83, 0xc4, 0x04, 0xc9, 0xc3, 0xc8, 0x04, 0x00, 0x00,
  0x68, 0x00, 0x01, 0x00, 0x00, 0x68, 0x04, 0x70, 0x80, 0x00, 0xe8, 0x75,
  0xf8, 0xff, 0xff, 0x83, 0xc4, 0x08, 0x89, 0x45, 0xfc, 0x83, 0x7d, 0xfc,
  0x00, 0x7f, 0x17, 0x68, 0xff, 0x00, 0x00, 0x00, 0x68, 0xdc, 0x63, 0x80,
  0x00, 0x68, 0x04, 0x70, 0x80, 0x00, 0xe8, 0x0d, 0xf5, 0xff, 0xff, 0x83,
  0xc4, 0x0c, 0xc9, 0xc3, 0xc8, 0x1c, 0x00, 0x00, 0x83, 0x7d, 0x08, 0x00,
  0x74, 0x0b, 0x8b, 0x45, 0x08, 0x0f, 0xbe, 0x00, 0x83, 0xf8, 0x00, 0x75,
  0x1a, 0x8b, 0x45, 0x10, 0x48, 0x50, 0x68, 0x04, 0x70, 0x80, 0x00, 0xff,
  0x75, 0x0c, 0xe8, 0xe1, 0xf4, 0xff, 0xff, 0x83, 0xc4, 0x0c, 0xe9, 0xd3,
  0x00, 0x00, 0x00, 0x8b, 0x45, 0x08, 0x0f, 0xbe, 0x00, 0x83, 0xf8, 0x2f,
  0x75, 0x18, 0x8b, 0x45, 0x10, 0x48, 0x50, 0xff, 0x75, 0x08, 0xff, 0x75,
  0x0c, 0xe8, 0xbe, 0xf4, 0xff, 0xff, 0x83, 0xc4, 0x0c, 0xe9, 0xb0, 0x00,
  0x00, 0x00, 0x83, 0x65, 0xfc, 0x00, 0xb8, 0x04, 0x70, 0x80, 0x00, 0x03,
  0x45, 0xfc, 0x0f, 0xbe, 0x00, 0x83, 0xf8, 0x00, 0x74, 0x26, 0x8b, 0x45,
  0x10, 0x48, 0x39, 0x45, 0xfc, 0x7d, 0x1d, 0xb8, 0x04, 0x70, 0x80, 0x00,
  0x03, 0x45, 0xfc, 0x8a, 0x00, 0x8b, 0x55, 0x0c, 0x03, 0x55, 0xfc, 0x88,
  0x02, 0x8b, 0x45, 0xfc, 0x89, 0x45, 0xf4, 0xff, 0x45, 0xfc, 0xeb, 0xca,
  0x8b, 0x45, 0xfc, 0x89, 0x45, 0xf0, 0x83, 0x7d, 0xf0, 0x00, 0x7e, 0x22,
  0xb8, 0x03, 0x70, 0x80, 0x00, 0x03, 0x45, 0xf0, 0x0f, 0xbe, 0x00, 0x83,
  0xf8, 0x2f, 0x74, 0x12, 0x8b, 0x45, 0xf0, 0x89, 0x45, 0xec, 0xff, 0x45,
  0xf0, 0x8b, 0x45, 0x0c, 0x03, 0x45, 0xec, 0xc6, 0x00, 0x2f, 0x83, 0x65,
  0xf8, 0x00, 0x8b, 0x45, 0x08, 0x03, 0x45, 0xf8, 0x0f, 0xbe, 0x00, 0x83,
  0xf8, 0x00, 0x74, 0x2d, 0x8b, 0x45, 0x10, 0x48, 0x39, 0x45, 0xf0, 0x7d,
  0x24, 0x8b, 0x45, 0x08, 0x03, 0x45, 0xf8, 0x8a, 0x00, 0x8b, 0x55, 0x0c,
  0x03, 0x55, 0xf0, 0x88, 0x02, 0x8b, 0x45, 0xf8, 0x89, 0x45, 0xe8, 0xff,
  0x45, 0xf8, 0x8b, 0x45, 0xf0, 0x89, 0x45, 0xe4, 0xff, 0x45, 0xf0, 0xeb,
  0xc5, 0x8b, 0x45, 0x0c, 0x03, 0x45, 0xf0, 0xc6, 0x00, 0x00, 0xc9, 0xc3,
  0xc8, 0x10, 0x00, 0x00, 0x8b, 0x45, 0x0c, 0x89, 0x45, 0xfc, 0x8b, 0x45,
  0x08, 0x89, 0x45, 0xf8, 0x83, 0x7d, 0xfc, 0x00, 0x7e, 0x09, 0x8b, 0x45,
  0xfc, 0x89, 0x45, 0xf4, 0xff, 0x4d, 0xfc, 0x8b, 0x45, 0xf8, 0xb9, 0x0a,
  0x00, 0x00, 0x00, 0x31, 0xd2, 0xf7, 0xf1, 0x89, 0x45, 0xf8, 0x83, 0x7d,
  0xf8, 0x00, 0x74, 0x09, 0xc7, 0x45, 0xf4, 0x01, 0x00, 0x00, 0x00, 0xeb,
  0x04, 0x83, 0x65, 0xf4, 0x00, 0x83, 0x7d, 0xf4, 0x00, 0x75, 0xc9, 0x83,
  0x7d, 0xfc, 0x00, 0x7e, 0x15, 0x6a, 0x20, 0xe8, 0x10, 0xfd, 0xff, 0xff,
  0x83, 0xc4, 0x04, 0x8b, 0x45, 0xfc, 0x89, 0x45, 0xf0, 0xff, 0x4d, 0xfc,
  0xeb, 0xe5, 0xff, 0x75, 0x08, 0xe8, 0x86, 0xfd, 0xff, 0xff, 0x83, 0xc4,
  0x04, 0xc9, 0xc3, 0x90, 0xc8, 0x48, 0x01, 0x00, 0x89, 0x9d, 0xbc, 0xfe,
  0xff, 0xff, 0x89, 0xb5, 0xb8, 0xfe, 0xff, 0xff, 0x83, 0xa5, 0xd4, 0xfe,
  0xff, 0xff, 0x00, 0x83, 0xbd, 0xd4, 0xfe, 0xff, 0xff, 0x10, 0x7d, 0x7c,
  0x8b, 0x45, 0x0c, 0x8b, 0x95, 0xd4, 0xfe, 0xff, 0xff, 0xc1, 0xe2, 0x02,
  0x42, 0x01, 0xd0, 0x0f, 0xb6, 0x10, 0xc1, 0xe2, 0x10, 0x8b, 0x45, 0x0c,
  0x8b, 0x8d, 0xd4, 0xfe, 0xff, 0xff, 0x0f, 0xb6, 0x04, 0x88, 0xc1, 0xe0,
  0x18, 0x09, 0xd0, 0x8b, 0x55, 0x0c, 0x8b, 0x8d, 0xd4, 0xfe, 0xff, 0xff,
  0xc1, 0xe1, 0x02, 0x83, 0xc1, 0x02, 0x01, 0xca, 0x0f, 0xb6, 0x12, 0xc1,
  0xe2, 0x08, 0x09, 0xd0, 0x8b, 0x55, 0x0c, 0x8b, 0x8d, 0xd4, 0xfe, 0xff,
  0xff, 0xc1, 0xe1, 0x02, 0x83, 0xc1, 0x03, 0x01, 0xca, 0x0f, 0xb6, 0x12,
  0x09, 0xd0, 0x8d, 0x95, 0x00, 0xff, 0xff, 0xff, 0x8b, 0x8d, 0xd4, 0xfe,
  0xff, 0xff, 0x89, 0x04, 0x8a, 0x8b, 0x85, 0xd4, 0xfe, 0xff, 0xff, 0x89,
  0x85, 0xd0, 0xfe, 0xff, 0xff, 0xff, 0x85, 0xd4, 0xfe, 0xff, 0xff, 0xe9,
  0x7b, 0xff, 0xff, 0xff, 0xc7, 0x85, 0xcc, 0xfe, 0xff, 0xff, 0x10, 0x00,
  0x00, 0x00, 0x83, 0xbd, 0xcc, 0xfe, 0xff, 0xff, 0x40, 0x0f, 0x8d, 0x2f,
  0x01, 0x00, 0x00, 0x8d, 0x95, 0x00, 0xff, 0xff, 0xff, 0x8b, 0x85, 0xcc,
  0xfe, 0xff, 0xff, 0x83, 0xe8, 0x02, 0x8b, 0x0c, 0x82, 0xc1, 0xe9, 0x11,
  0x8d, 0x95, 0x00, 0xff, 0xff, 0xff, 0x8b, 0x85, 0xcc, 0xfe, 0xff, 0xff,
  0x83, 0xe8, 0x02, 0x8b, 0x04, 0x82, 0xc1, 0xe0, 0x0f, 0x09, 0xc1, 0x8d,
  0x95, 0x00, 0xff, 0xff, 0xff, 0x8b, 0x85, 0xcc, 0xfe, 0xff, 0xff, 0x83,
  0xe8, 0x02, 0x8b, 0x04, 0x82, 0xc1, 0xe8, 0x13, 0x8d, 0x9d, 0x00, 0xff,
  0xff, 0xff, 0x8b, 0x95, 0xcc, 0xfe, 0xff, 0xff, 0x83, 0xea, 0x02, 0x8b,
  0x14, 0x93, 0xc1, 0xe2, 0x0d, 0x09, 0xd0, 0x31, 0xc1, 0x8d, 0x95, 0x00,
  0xff, 0xff, 0xff, 0x8b, 0x85, 0xcc, 0xfe, 0xff, 0xff, 0x83, 0xe8, 0x02,
  0x8b, 0x04, 0x82, 0xc1, 0xe8, 0x0a, 0x31, 0xc1, 0x8d, 0x95, 0x00, 0xff,
  0xff, 0xff, 0x8b, 0x85, 0xcc, 0xfe, 0xff, 0xff, 0x83, 0xe8, 0x07, 0x03,
  0x0c, 0x82, 0x8d, 0x95, 0x00, 0xff, 0xff, 0xff, 0x8b, 0x85, 0xcc, 0xfe,
  0xff, 0xff, 0x83, 0xe8, 0x0f, 0x8b, 0x04, 0x82, 0xc1, 0xe8, 0x07, 0x8d,
  0x9d, 0x00, 0xff, 0xff, 0xff, 0x8b, 0x95, 0xcc, 0xfe, 0xff, 0xff, 0x83,
  0xea, 0x0f, 0x8b, 0x14, 0x93, 0xc1, 0xe2, 0x19, 0x09, 0xd0, 0x8d, 0x9d,
  0x00, 0xff, 0xff, 0xff, 0x8b, 0x95, 0xcc, 0xfe, 0xff, 0xff, 0x83, 0xea,
  0x0f, 0x8b, 0x14, 0x93, 0xc1, 0xea, 0x12, 0x8d, 0x9d, 0x00, 0xff, 0xff,
  0xff, 0x8b, 0xb5, 0xcc, 0xfe, 0xff, 0xff, 0x83, 0xee, 0x0f, 0x8b, 0x1c,
  0xb3, 0xc1, 0xe3, 0x0e, 0x09, 0xda, 0x31, 0xd0, 0x8d, 0x9d, 0x00, 0xff,
  0xff, 0xff, 0x8b, 0x95, 0xcc, 0xfe, 0xff, 0xff, 0x83, 0xea, 0x0f, 0x8b,
  0x14, 0x93, 0xc1, 0xea, 0x03, 0x31, 0xd0, 0x8d, 0x04, 0x01, 0x8d, 0x8d,
  0x00, 0xff, 0xff, 0xff, 0x8b, 0x95, 0xcc, 0xfe, 0xff, 0xff, 0x83, 0xea,
  0x10, 0x03, 0x04, 0x91, 0x8d, 0x95, 0x00, 0xff, 0xff, 0xff, 0x8b, 0x8d,
  0xcc, 0xfe, 0xff, 0xff, 0x89, 0x04, 0x8a, 0x8b, 0x85, 0xcc, 0xfe, 0xff,
  0xff, 0x89, 0x85, 0xc8, 0xfe, 0xff, 0xff, 0xff, 0x85, 0xcc, 0xfe, 0xff,
  0xff, 0xe9, 0xc4, 0xfe, 0xff, 0xff, 0x8b, 0x45, 0x08, 0x8b, 0x00, 0x89,
  0x85, 0xfc, 0xfe, 0xff, 0xff, 0x8b, 0x45, 0x08, 0x8b, 0x40, 0x04, 0x89,
  0x85, 0xf8, 0xfe, 0xff, 0xff, 0x8b, 0x45, 0x08, 0x8b, 0x40, 0x08, 0x89,
  0x85, 0xf4, 0xfe, 0xff, 0xff, 0x8b, 0x45, 0x08, 0x8b, 0x40, 0x0c, 0x89,
  0x85, 0xf0, 0xfe, 0xff, 0xff, 0x8b, 0x45, 0x08, 0x8b, 0x40, 0x10, 0x89,
  0x85, 0xec, 0xfe, 0xff, 0xff, 0x8b, 0x45, 0x08, 0x8b, 0x40, 0x14, 0x89,
  0x85, 0xe8, 0xfe, 0xff, 0xff, 0x8b, 0x45, 0x08, 0x8b, 0x40, 0x18, 0x89,
  0x85, 0xe4, 0xfe, 0xff, 0xff, 0x8b, 0x45, 0x08, 0x8b, 0x40, 0x1c, 0x89,
  0x85, 0xe0, 0xfe, 0xff, 0xff, 0x83, 0xa5, 0xc4, 0xfe, 0xff, 0xff, 0x00,
  0x83, 0xbd, 0xc4, 0xfe, 0xff, 0xff, 0x40, 0x0f, 0x8d, 0x7f, 0x01, 0x00,
  0x00, 0x8b, 0x85, 0xec, 0xfe, 0xff, 0xff, 0xc1, 0xe8, 0x06, 0x8b, 0x95,
  0xec, 0xfe, 0xff, 0xff, 0xc1, 0xe2, 0x1a, 0x09, 0xd0, 0x8b, 0x95, 0xec,
  0xfe, 0xff, 0xff, 0xc1, 0xea, 0x0b, 0x8b, 0x8d, 0xec, 0xfe, 0xff, 0xff,
  0xc1, 0xe1, 0x15, 0x09, 0xca, 0x31, 0xd0, 0x8b, 0x95, 0xec, 0xfe, 0xff,
  0xff, 0xc1, 0xea, 0x19, 0x8b, 0x8d, 0xec, 0xfe, 0xff, 0xff, 0xc1, 0xe1,
  0x07, 0x09, 0xca, 0x31, 0xd0, 0x8b, 0x95, 0xe0, 0xfe, 0xff, 0xff, 0x8d,
  0x0c, 0x02, 0x8b, 0x85, 0xec, 0xfe, 0xff, 0xff, 0x23, 0x85, 0xe8, 0xfe,
  0xff, 0xff, 0x8b, 0x95, 0xec, 0xfe, 0xff, 0xff, 0xf7, 0xd2, 0x23, 0x95,
  0xe4, 0xfe, 0xff, 0xff, 0x31, 0xd0, 0x8d, 0x04, 0x01, 0xba, 0x64, 0x62,
  0x80, 0x00, 0x8b, 0x8d, 0xc4, 0xfe, 0xff, 0xff, 0x03, 0x04, 0x8a, 0x8d,
  0x95, 0x00, 0xff, 0xff, 0xff, 0x8b, 0x8d, 0xc4, 0xfe, 0xff, 0xff, 0x03,
  0x04, 0x8a, 0x89, 0x85, 0xdc, 0xfe, 0xff, 0xff, 0x8b, 0x8d, 0xfc, 0xfe,
  0xff, 0xff, 0xc1, 0xe9, 0x02, 0x8b, 0x85, 0xfc, 0xfe, 0xff, 0xff, 0xc1,
  0xe0, 0x1e, 0x09, 0xc1, 0x8b, 0x85, 0xfc, 0xfe, 0xff, 0xff, 0xc1, 0xe8,
  0x0d, 0x8b, 0x95, 0xfc, 0xfe, 0xff, 0xff, 0xc1, 0xe2, 0x13, 0x09, 0xd0,
  0x31, 0xc1, 0x8b, 0x85, 0xfc, 0xfe, 0xff, 0xff, 0xc1, 0xe8, 0x16, 0x8b,
  0x95, 0xfc, 0xfe, 0xff, 0xff, 0xc1, 0xe2, 0x0a, 0x09, 0xd0, 0x31, 0xc1,
  0x8b, 0x85, 0xfc, 0xfe, 0xff, 0xff, 0x23, 0x85, 0xf8, 0xfe, 0xff, 0xff,
  0x8b, 0x95, 0xfc, 0xfe, 0xff, 0xff, 0x23, 0x95, 0xf4, 0xfe, 0xff, 0xff,
  0x31, 0xd0, 0x8b, 0x95, 0xf8, 0xfe, 0xff, 0xff, 0x23, 0x95, 0xf4, 0xfe,
  0xff, 0xff, 0x31, 0xd0, 0x8d, 0x04, 0x01, 0x89, 0x85, 0xd8, 0xfe, 0xff,
  0xff, 0x8b, 0x85, 0xe4, 0xfe, 0xff, 0xff, 0x89, 0x85, 0xe0, 0xfe, 0xff,
  0xff, 0x8b, 0x85, 0xe8, 0xfe, 0xff, 0xff, 0x89, 0x85, 0xe4, 0xfe, 0xff,
  0xff, 0x8b, 0x85, 0xec, 0xfe, 0xff, 0xff, 0x89, 0x85, 0xe8, 0xfe, 0xff,
  0xff, 0x8b, 0x85, 0xf0, 0xfe, 0xff, 0xff, 0x03, 0x85, 0xdc, 0xfe, 0xff,
  0xff, 0x89, 0x85, 0xec, 0xfe, 0xff, 0xff, 0x8b, 0x85, 0xf4, 0xfe, 0xff,
  0xff, 0x89, 0x85, 0xf0, 0xfe, 0xff, 0xff, 0x8b, 0x85, 0xf8, 0xfe, 0xff,
  0xff, 0x89, 0x85, 0xf4, 0xfe, 0xff, 0xff, 0x8b, 0x85, 0xfc, 0xfe, 0xff,
  0xff, 0x89, 0x85, 0xf8, 0xfe, 0xff, 0xff, 0x8b, 0x85, 0xdc, 0xfe, 0xff,
  0xff, 0x03, 0x85, 0xd8, 0xfe, 0xff, 0xff, 0x89, 0x85, 0xfc, 0xfe, 0xff,
  0xff, 0x8b, 0x85, 0xc4, 0xfe, 0xff, 0xff, 0x89, 0x85, 0xc0, 0xfe, 0xff,
  0xff, 0xff, 0x85, 0xc4, 0xfe, 0xff, 0xff, 0xe9, 0x74, 0xfe, 0xff, 0xff,
  0x8b, 0x55, 0x08, 0x8b, 0x85, 0xfc, 0xfe, 0xff, 0xff, 0x01, 0x02, 0x8b,
  0x55, 0x08, 0x8b, 0x85, 0xf8, 0xfe, 0xff, 0xff, 0x01, 0x42, 0x04, 0x8b,
  0x55, 0x08, 0x8b, 0x85, 0xf4, 0xfe, 0xff, 0xff, 0x01, 0x42, 0x08, 0x8b,
  0x55, 0x08, 0x8b, 0x85, 0xf0, 0xfe, 0xff, 0xff, 0x01, 0x42, 0x0c, 0x8b,
  0x55, 0x08, 0x8b, 0x85, 0xec, 0xfe, 0xff, 0xff, 0x01, 0x42, 0x10, 0x8b,
  0x55, 0x08, 0x8b, 0x85, 0xe8, 0xfe, 0xff, 0xff, 0x01, 0x42, 0x14, 0x8b,
  0x55, 0x08, 0x8b, 0x85, 0xe4, 0xfe, 0xff, 0xff, 0x01, 0x42, 0x18, 0x8b,
  0x55, 0x08, 0x8b, 0x85, 0xe0, 0xfe, 0xff, 0xff, 0x01, 0x42, 0x1c, 0x8b,
  0x9d, 0xbc, 0xfe, 0xff, 0xff, 0x8b, 0xb5, 0xb8, 0xfe, 0xff, 0xff, 0xc9,
  0xc3, 0x8d, 0x76, 0x00, 0x55, 0x89, 0xe5, 0x8b, 0x45, 0x08, 0xc7, 0x00,
  0x67, 0xe6, 0x09, 0x6a, 0x8b, 0x45, 0x08, 0xc7, 0x40, 0x04, 0x85, 0xae,
  0x67, 0xbb, 0x8b, 0x45, 0x08, 0xc7, 0x40, 0x08, 0x72, 0xf3, 0x6e, 0x3c,
  0x8b, 0x45, 0x08, 0xc7, 0x40, 0x0c, 0x3a, 0xf5, 0x4f, 0xa5, 0x8b, 0x45,
  0x08, 0xc7, 0x40, 0x10, 0x7f, 0x52, 0x0e, 0x51, 0x8b, 0x45, 0x08, 0xc7,
  0x40, 0x14, 0x8c, 0x68, 0x05, 0x9b, 0x8b, 0x45, 0x08, 0xc7, 0x40, 0x18,
  0xab, 0xd9, 0x83, 0x1f, 0x8b, 0x45, 0x08, 0xc7, 0x40, 0x1c, 0x19, 0xcd,
  0xe0, 0x5b, 0x8b, 0x45, 0x08, 0x83, 0x60, 0x20, 0x00, 0xc9, 0xc3, 0x90,
  0xc8, 0x0c, 0x00, 0x00, 0x83, 0x65, 0xfc, 0x00, 0x8b, 0x45, 0x10, 0x39,
  0x45, 0xfc, 0x73, 0x4f, 0x8b, 0x45, 0x08, 0x8b, 0x40, 0x20, 0x89, 0x45,
  0xf4, 0x8b, 0x45, 0x08, 0xff, 0x40, 0x20, 0x8b, 0x45, 0x0c, 0x03, 0x45,
  0xfc, 0x8a, 0x00, 0x8b, 0x55, 0x08, 0x83, 0xc2, 0x24, 0x03, 0x55, 0xf4,
  0x88, 0x02, 0x8b, 0x45, 0x08, 0x83, 0x78, 0x20, 0x40, 0x75, 0x19, 0x8b,
  0x45, 0x08, 0x83, 0xc0, 0x24, 0x50, 0xff, 0x75, 0x08, 0xe8, 0x16, 0xfb,
  0xff, 0xff, 0x83, 0xc4, 0x08, 0x8b, 0x45, 0x08, 0x83, 0x60, 0x20, 0x00,
  0x8b, 0x45, 0xfc, 0x89, 0x45, 0xf8, 0xff, 0x45, 0xfc, 0xeb, 0xa9, 0xc9,
  0xc3, 0x8d, 0x76, 0x00, 0xc8, 0x24, 0x00, 0x00, 0x8b, 0x45, 0x08, 0x8b,
  0x40, 0x20, 0xc1, 0xe0, 0x03, 0x89, 0xc0, 0x31, 0xd2, 0x89, 0x45, 0xf8,
  0x89, 0x55, 0xfc, 0x8b, 0x45, 0x08, 0x8b, 0x40, 0x20, 0x89, 0x45, 0xf4,
  0x8b, 0x45, 0x08, 0xff, 0x40, 0x20, 0x8b, 0x45, 0x08, 0x83, 0xc0, 0x24,
  0x03, 0x45, 0xf4, 0xc6, 0x00, 0x80, 0x8b, 0x45, 0x08, 0x83, 0x78, 0x20,
  0x38, 0x76, 0x3f, 0x8b, 0x45, 0x08, 0x83, 0x78, 0x20, 0x40, 0x73, 0x1d,
  0x8b, 0x45, 0x08, 0x8b, 0x40, 0x20, 0x89, 0x45, 0xf0, 0x8b, 0x45, 0x08,
  0xff, 0x40, 0x20, 0x8b, 0x45, 0x08, 0x83, 0xc0, 0x24, 0x03, 0x45, 0xf0,
  0xc6, 0x00, 0x00, 0xeb, 0xda, 0x8b, 0x45, 0x08, 0x83, 0xc0, 0x24, 0x50,
  0xff, 0x75, 0x08, 0xe8, 0x8c, 0xfa, 0xff, 0xff, 0x83, 0xc4, 0x08, 0x8b,
  0x45, 0x08, 0x83, 0x60, 0x20, 0x00, 0x8b, 0x45, 0x08, 0x83, 0x78, 0x20,
  0x38, 0x73, 0x1d, 0x8b, 0x45, 0x08, 0x8b, 0x40, 0x20, 0x89, 0x45, 0xf0,
  0x8b, 0x45, 0x08, 0xff, 0x40, 0x20, 0x8b, 0x45, 0x08, 0x83, 0xc0, 0x24,
  0x03, 0x45, 0xf0, 0xc6, 0x00, 0x00, 0xeb, 0xda, 0x83, 0x65, 0xec, 0x00,
  0x83, 0x7d, 0xec, 0x08, 0x7d, 0x46, 0xb8, 0x38, 0x00, 0x00, 0x00, 0x8b,
  0x55, 0xec, 0xc1, 0xe2, 0x03, 0x29, 0xd0, 0x88, 0xc1, 0x8b, 0x55, 0xfc,
  0x8b, 0x45, 0xf8, 0x0f, 0xad, 0xd0, 0xd3, 0xea, 0xf6, 0xc1, 0x20, 0x74,
  0x04, 0x89, 0xd0, 0x31, 0xd2, 0x25, 0xff, 0x00, 0x00, 0x00, 0x83, 0xe2,
  0x00, 0x8b, 0x55, 0x08, 0x83, 0xc2, 0x24, 0x8b, 0x4d, 0xec, 0x83, 0xc1,
  0x38, 0x01, 0xca, 0x88, 0x02, 0x8b, 0x45, 0xec, 0x89, 0x45, 0xe8, 0xff,
  0x45, 0xec, 0xeb, 0xb4, 0x8b, 0x45, 0x08, 0x83, 0xc0, 0x24, 0x50, 0xff,
  0x75, 0x08, 0xe8, 0xfd, 0xf9, 0xff, 0xff, 0x83, 0xc4, 0x08, 0x83, 0x65,
  0xe4, 0x00, 0x83, 0x7d, 0xe4, 0x08, 0x0f, 0x8d, 0x86, 0x00, 0x00, 0x00,
  0x8b, 0x45, 0x08, 0x8b, 0x55, 0xe4, 0x8b, 0x04, 0x90, 0xc1, 0xe8, 0x18,
  0x25, 0xff, 0x00, 0x00, 0x00, 0x8b, 0x55, 0x0c, 0x8b, 0x4d, 0xe4, 0x88,
  0x04, 0x8a, 0x8b, 0x45, 0x08, 0x8b, 0x55, 0xe4, 0x8b, 0x04, 0x90, 0xc1,
  0xe8, 0x10, 0x25, 0xff, 0x00, 0x00, 0x00, 0x8b, 0x55, 0x0c, 0x8b, 0x4d,
  0xe4, 0xc1, 0xe1, 0x02, 0x41, 0x01, 0xca, 0x88, 0x02, 0x8b, 0x45, 0x08,
  0x8b, 0x55, 0xe4, 0x8b, 0x04, 0x90, 0xc1, 0xe8, 0x08, 0x25, 0xff, 0x00,
  0x00, 0x00, 0x8b, 0x55, 0x0c, 0x8b, 0x4d, 0xe4, 0xc1, 0xe1, 0x02, 0x83,
  0xc1, 0x02, 0x01, 0xca, 0x88, 0x02, 0x8b, 0x45, 0x08, 0x8b, 0x55, 0xe4,
  0x8b, 0x04, 0x90, 0x25, 0xff, 0x00, 0x00, 0x00, 0x8b, 0x55, 0x0c, 0x8b,
  0x4d, 0xe4, 0xc1, 0xe1, 0x02, 0x83, 0xc1, 0x03, 0x01, 0xca, 0x88, 0x02,
  0x8b, 0x45, 0xe4, 0x89, 0x45, 0xe0, 0xff, 0x45, 0xe4, 0xe9, 0x70, 0xff,
  0xff, 0xff, 0xc9, 0xc3, 0xc8, 0x08, 0x00, 0x00, 0x83, 0x65, 0xfc, 0x00,
  0x8b, 0x45, 0x0c, 0x39, 0x45, 0xfc, 0x73, 0x51, 0x8b, 0x45, 0x08, 0x03,
  0x45, 0xfc, 0x0f, 0xb6, 0x10, 0xc1, 0xfa, 0x04, 0x83, 0xe2, 0x0f, 0xb8,
  0x64, 0x63, 0x80, 0x00, 0x01, 0xd0, 0x8a, 0x00, 0x8b, 0x55, 0x10, 0x8b,
  0x4d, 0xfc, 0xd1, 0xe1, 0x01, 0xca, 0x88, 0x02, 0x8b, 0x45, 0x08, 0x03,
  0x45, 0xfc, 0x0f, 0xb6, 0x10, 0x83, 0xe2, 0x0f, 0xb8, 0x64, 0x63, 0x80,
  0x00, 0x01, 0xd0, 0x8a, 0x00, 0x8b, 0x55, 0x10, 0x8b, 0x4d, 0xfc, 0xd1,
  0xe1, 0x41, 0x01, 0xca, 0x88, 0x02, 0x8b, 0x45, 0xfc, 0x89, 0x45, 0xf8,
  0xff, 0x45, 0xfc, 0xeb, 0xa7, 0x8b, 0x45, 0x10, 0x8b, 0x55, 0x0c, 0xd1,
  0xe2, 0x01, 0xd0, 0xc6, 0x00, 0x00, 0xc9, 0xc3, 0xc8, 0x10, 0x00, 0x00,
  0x83, 0x65, 0xfc, 0x00, 0x8b, 0x45, 0x08, 0x0f, 0xbe, 0x00, 0x83, 0xf8,
  0x00, 0x0f, 0x84, 0x25, 0x01, 0x00, 0x00, 0x8b, 0x45, 0x08, 0x0f, 0xbe,
  0x40, 0x01, 0x83, 0xf8, 0x00, 0x0f, 0x84, 0x15, 0x01, 0x00, 0x00, 0x8b,
  0x45, 0x10, 0x39, 0x45, 0xfc, 0x0f, 0x83, 0x09, 0x01, 0x00, 0x00, 0xc6,
  0x45, 0xfb, 0x00, 0xc6, 0x45, 0xfa, 0x00, 0x8b, 0x45, 0x08, 0x8a, 0x00,
  0x88, 0x45, 0xf9, 0x0f, 0xbe, 0x45, 0xf9, 0x83, 0xf8, 0x30, 0x7c, 0x15,
  0x0f, 0xbe, 0x45, 0xf9, 0x83, 0xf8, 0x39, 0x7f, 0x0c, 0x0f, 0xbe, 0x45,
  0xf9, 0x83, 0xe8, 0x30, 0x88, 0x45, 0xfb, 0xeb, 0x48, 0x0f, 0xbe, 0x45,
  0xf9, 0x83, 0xf8, 0x61, 0x7c, 0x15, 0x0f, 0xbe, 0x45, 0xf9, 0x83, 0xf8,
  0x66, 0x7f, 0x0c, 0x0f, 0xbe, 0x45, 0xf9, 0x83, 0xe8, 0x57, 0x88, 0x45,
  0xfb, 0xeb, 0x2a, 0x0f, 0xbe, 0x45, 0xf9, 0x83, 0xf8, 0x41, 0x7c, 0x15,
  0x0f, 0xbe, 0x45, 0xf9, 0x83, 0xf8, 0x46, 0x7f, 0x0c, 0x0f, 0xbe, 0x45,
  0xf9, 0x83, 0xe8, 0x37, 0x88, 0x45, 0xfb, 0xeb, 0x0c, 0xc7, 0x45, 0xf0,
  0xff, 0xff, 0xff, 0xff, 0xe9, 0x9b, 0x00, 0x00, 0x00, 0x8b, 0x45, 0x08,
  0x8a, 0x40, 0x01, 0x88, 0x45, 0xf9, 0x0f, 0xbe, 0x45, 0xf9, 0x83, 0xf8,
  0x30, 0x7c, 0x15, 0x0f, 0xbe, 0x45, 0xf9, 0x83, 0xf8, 0x39, 0x7f, 0x0c,
  0x0f, 0xbe, 0x45, 0xf9, 0x83, 0xe8, 0x30, 0x88, 0x45, 0xfa, 0xeb, 0x45,
  0x0f, 0xbe, 0x45, 0xf9, 0x83, 0xf8, 0x61, 0x7c, 0x15, 0x0f, 0xbe, 0x45,
  0xf9, 0x83, 0xf8, 0x66, 0x7f, 0x0c, 0x0f, 0xbe, 0x45, 0xf9, 0x83, 0xe8,
  0x57, 0x88, 0x45, 0xfa, 0xeb, 0x27, 0x0f, 0xbe, 0x45, 0xf9, 0x83, 0xf8,
  0x41, 0x7c, 0x15, 0x0f, 0xbe, 0x45, 0xf9, 0x83, 0xf8, 0x46, 0x7f, 0x0c,
  0x0f, 0xbe, 0x45, 0xf9, 0x83, 0xe8, 0x37, 0x88, 0x45, 0xfa, 0xeb, 0x09,
  0xc7, 0x45, 0xf0, 0xff, 0xff, 0xff, 0xff, 0xeb, 0x2f, 0x8b, 0x45, 0xfc,
  0x89, 0x45, 0xf4, 0xff, 0x45, 0xfc, 0x0f, 0xb6, 0x45, 0xfb, 0xc1, 0xe0,
  0x04, 0x0f, 0xb6, 0x55, 0xfa, 0x09, 0xd0, 0x8b, 0x55, 0x0c, 0x03, 0x55,
  0xf4, 0x88, 0x02, 0x83, 0x45, 0x08, 0x02, 0xe9, 0xcc, 0xfe, 0xff, 0xff,
  0x8b, 0x45, 0xfc, 0x89, 0x45, 0xf0, 0xeb, 0x00, 0x8b, 0x45, 0xf0, 0xc9,
  0xc3, 0x8d, 0x76, 0x00, 0xc8, 0x88, 0x00, 0x00, 0x8d, 0x45, 0x9c, 0x50,
  0xe8, 0xdf, 0xfb, 0xff, 0xff, 0x83, 0xc4, 0x04, 0xff, 0x75, 0x08, 0xe8,
  0xc4, 0xea, 0xff, 0xff, 0x83, 0xc4, 0x04, 0x89, 0x45, 0x98, 0x89, 0xe8,
  0xff, 0x70, 0x98, 0xff, 0x75, 0x08, 0x8d, 0x45, 0x9c, 0x50, 0xe8, 0x19,
  0xfc, 0xff, 0xff, 0x83, 0xc4, 0x0c, 0x6a, 0x10, 0xff, 0x75, 0x0c, 0x8d,
  0x45, 0x9c, 0x50, 0xe8, 0x08, 0xfc, 0xff, 0xff, 0x83, 0xc4, 0x0c, 0x8d,
  0x85, 0x78, 0xff, 0xff, 0xff, 0x50, 0x8d, 0x45, 0x9c, 0x50, 0xe8, 0x59,
  0xfc, 0xff, 0xff, 0x83, 0xc4, 0x08, 0xff, 0x75, 0x10, 0x6a, 0x20, 0x8d,
  0x85, 0x78, 0xff, 0xff, 0xff, 0x50, 0xe8, 0xdd, 0xfd, 0xff, 0xff, 0x83,
  0xc4, 0x0c, 0xc9, 0xc3, 0x55, 0x89, 0xe5, 0xff, 0x75, 0x10, 0x6a, 0x10,
  0xff, 0x75, 0x0c, 0xe8, 0xc8, 0xfd, 0xff, 0xff, 0x83, 0xc4, 0x0c, 0x8b,
  0x45, 0x10, 0xc6, 0x40, 0x20, 0x24, 0x8b, 0x45, 0x10, 0x83, 0xc0, 0x21,
  0x50, 0xff, 0x75, 0x0c, 0xff, 0x75, 0x08, 0xe8, 0x68, 0xff, 0xff, 0xff,
  0x83, 0xc4, 0x0c, 0xc9, 0xc3, 0x8d, 0x76, 0x00, 0xc8, 0x5c, 0x00, 0x00,
  0xff, 0x75, 0x0c, 0xe8, 0x30, 0xea, 0xff, 0xff, 0x83, 0xc4, 0x04, 0x83,
  0xf8, 0x61, 0x74, 0x06, 0x83, 0x65, 0xa4, 0x00, 0xeb, 0x5c, 0x6a, 0x10,
  0x8d, 0x55, 0xf0, 0x52, 0xff, 0x75, 0x0c, 0xe8, 0xec, 0xfd, 0xff, 0xff,
  0x83, 0xc4, 0x0c, 0x83, 0xf8, 0x10, 0x74, 0x06, 0x83, 0x65, 0xa4, 0x00,
  0xeb, 0x40, 0x8d, 0x45, 0xaf, 0x50, 0x8d, 0x45, 0xf0, 0x50, 0xff, 0x75,
  0x08, 0xe8, 0x1a, 0xff, 0xff, 0xff, 0x83, 0xc4, 0x0c, 0x8d, 0x55, 0xaf,
  0x52, 0x8b, 0x55, 0x0c, 0x83, 0xc2, 0x21, 0x52, 0xe8, 0xa3, 0xea, 0xff,
  0xff, 0x83, 0xc4, 0x08, 0x83, 0xf8, 0x00, 0x75, 0x09, 0xc7, 0x45, 0xa8,
  0x01, 0x00, 0x00, 0x00, 0xeb, 0x04, 0x83, 0x65, 0xa8, 0x00, 0x8b, 0x45,
  0xa8, 0x89, 0x45, 0xa4, 0xeb, 0x00, 0x8b, 0x45, 0xa4, 0xc9, 0xc3, 0x90,
  0xc8, 0x24, 0x00, 0x00, 0xe8, 0xcb, 0xef, 0xff, 0xff, 0x89, 0x45, 0xec,
  0xe8, 0xf7, 0xef, 0xff, 0xff, 0x89, 0x45, 0xe8, 0x8d, 0x45, 0x0c, 0x89,
  0x45, 0xe4, 0x83, 0x65, 0xe0, 0x00, 0x83, 0x7d, 0xe0, 0x10, 0x7d, 0x64,
  0x8b, 0x45, 0xe0, 0x83, 0xe0, 0x07, 0x88, 0xc1, 0x8b, 0x45, 0xec, 0xd3,
  0xe0, 0x8b, 0x55, 0xec, 0x33, 0x55, 0xe8, 0x33, 0x55, 0xe4, 0x31, 0xc2,
  0x8b, 0x45, 0xe0, 0x83, 0xe0, 0x07, 0x88, 0xc1, 0x8b, 0x45, 0xe8, 0xd3,
  0xe8, 0x31, 0xc2, 0x81, 0xe2, 0xff, 0x00, 0x00, 0x00, 0x88, 0xd0, 0x8d,
  0x55, 0xf0, 0x03, 0x55, 0xe0, 0x88, 0x02, 0x8b, 0x45, 0xec, 0x69, 0xc0,
  0x6d, 0x4e, 0xc6, 0x41, 0x05, 0x39, 0x30, 0x00, 0x00, 0x89, 0x45, 0xec,
  0x8b, 0x45, 0xe8, 0x69, 0xc0, 0x0d, 0x66, 0x19, 0x00, 0x05, 0x5f, 0xf3,
  0x6e, 0x3c, 0x89, 0x45, 0xe8, 0x8b, 0x45, 0xe0, 0x89, 0x45, 0xdc, 0xff,
  0x45, 0xe0, 0xeb, 0x96, 0xff, 0x75, 0x0c, 0x8d, 0x45, 0xf0, 0x50, 0xff,
  0x75, 0x08, 0xe8, 0xb9, 0xfe, 0xff, 0xff, 0x83, 0xc4, 0x0c, 0xc9, 0xc3,
  0xc8, 0x70, 0x00, 0x00, 0x8b, 0x45, 0x08, 0x89, 0x45, 0xfc, 0x8b, 0x45,
  0x0c, 0x89, 0x45, 0xf8, 0x83, 0x65, 0xf4, 0x00, 0x83, 0x65, 0xf0, 0x00,
  0xc7, 0x45, 0xd4, 0x40, 0x00, 0x00, 0x00, 0x83, 0x65, 0xd8, 0x00, 0x83,
  0x65, 0xdc, 0x00, 0xc7, 0x45, 0xe0, 0x80, 0x00, 0x00, 0x00, 0xc7, 0x45,
  0xe4, 0x40, 0x00, 0x00, 0x00, 0xc7, 0x45, 0xe8, 0x80, 0x00, 0x00, 0x00,
  0xc7, 0x45, 0xec, 0x00, 0x01, 0x00, 0x00, 0x8b, 0x45, 0x0c, 0x89, 0x45,
  0xb8, 0x83, 0x65, 0xbc, 0x00, 0x83, 0x65, 0xc0, 0x00, 0x8b, 0x45, 0x0c,
  0x83, 0xc0, 0x48, 0x89, 0x45, 0xc4, 0x8b, 0x45, 0x0c, 0x05, 0xc8, 0x00,
  0x00, 0x00, 0x89, 0x45, 0xc8, 0x8b, 0x45, 0x0c, 0x05, 0x08, 0x01, 0x00,
  0x00, 0x89, 0x45, 0xcc, 0x8b, 0x45, 0x0c, 0x05, 0x88, 0x01, 0x00, 0x00,
  0x89, 0x45, 0xd0, 0x83, 0x65, 0x9c, 0x00, 0x8b, 0x45, 0x0c, 0x83, 0xc0,
  0x40, 0x89, 0x45, 0xa0, 0x8b, 0x45, 0x0c, 0x83, 0xc0, 0x44, 0x89, 0x45,
  0xa4, 0x83, 0x65, 0xa8, 0x00, 0x83, 0x65, 0xac, 0x00, 0x83, 0x65, 0xb0,
  0x00, 0x83, 0x65, 0xb4, 0x00, 0x8b, 0x45, 0xfc, 0x0f, 0xbe, 0x00, 0x83,
  0xf8, 0x00, 0x0f, 0x84, 0x6c, 0x01, 0x00, 0x00, 0x8b, 0x45, 0xfc, 0x0f,
  0xbe, 0x00, 0x83, 0xf8, 0x3a, 0x75, 0x53, 0x8d, 0x45, 0xb8, 0x8b, 0x55,
  0xf4, 0x83, 0x3c, 0x90, 0x00, 0x74, 0x1d, 0x8d, 0x55, 0xb8, 0x8b, 0x4d,
  0xf4, 0x8b, 0x45, 0x0c, 0x39, 0x04, 0x8a, 0x74, 0x0f, 0x8d, 0x45, 0xb8,
  0x8b, 0x55, 0xf4, 0x8b, 0x04, 0x90, 0x03, 0x45, 0xf0, 0xc6, 0x00, 0x00,
  0x8b, 0x45, 0xf4, 0x89, 0x45, 0x98, 0xff, 0x45, 0xf4, 0x83, 0x65, 0xf0,
  0x00, 0x8b, 0x45, 0xfc, 0x89, 0x45, 0x94, 0xff, 0x45, 0xfc, 0x83, 0x7d,
  0xf4, 0x06, 0x7e, 0x0c, 0xc7, 0x45, 0x90, 0xff, 0xff, 0xff, 0xff, 0xe9,
  0x16, 0x01, 0x00, 0x00, 0xeb, 0x93, 0x83, 0x7d, 0xf4, 0x00, 0x75, 0x33,
  0x8d, 0x45, 0xd4, 0x8b, 0x55, 0xf4, 0x8b, 0x04, 0x90, 0x48, 0x39, 0x45,
  0xf0, 0x7d, 0x24, 0x8b, 0x45, 0xf0, 0x89, 0x45, 0x98, 0xff, 0x45, 0xf0,
  0x8b, 0x45, 0xfc, 0x8a, 0x00, 0x8b, 0x55, 0xf8, 0x03, 0x55, 0x98, 0x88,
  0x02, 0x8b, 0x45, 0xf8, 0x03, 0x45, 0xf0, 0xc6, 0x00, 0x00, 0xe9, 0xc7,
  0x00, 0x00, 0x00, 0x83, 0x7d, 0xf4, 0x01, 0x75, 0x36, 0x8b, 0x45, 0xfc,
  0x0f, 0xbe, 0x00, 0x83, 0xf8, 0x30, 0x7c, 0x2b, 0x8b, 0x45, 0xfc, 0x0f,
  0xbe, 0x00, 0x83, 0xf8, 0x39, 0x7f, 0x20, 0x8b, 0x45, 0x0c, 0x8b, 0x50,
  0x40, 0x6b, 0xd2, 0x0a, 0x8b, 0x45, 0xfc, 0x0f, 0xbe, 0x00, 0x83, 0xe8,
  0x30, 0x8d, 0x04, 0x02, 0x8b, 0x55, 0x0c, 0x89, 0x42, 0x40, 0xe9, 0x8b,
  0x00, 0x00, 0x00, 0x83, 0x7d, 0xf4, 0x02, 0x75, 0x33, 0x8b, 0x45, 0xfc,
  0x0f, 0xbe, 0x00, 0x83, 0xf8, 0x30, 0x7c, 0x28, 0x8b, 0x45, 0xfc, 0x0f,
  0xbe, 0x00, 0x83, 0xf8, 0x39, 0x7f, 0x1d, 0x8b, 0x45, 0x0c, 0x8b, 0x50,
  0x44, 0x6b, 0xd2, 0x0a, 0x8b, 0x45, 0xfc, 0x0f, 0xbe, 0x00, 0x83, 0xe8,
  0x30, 0x8d, 0x04, 0x02, 0x8b, 0x55, 0x0c, 0x89, 0x42, 0x44, 0xeb, 0x52,
  0x83, 0x7d, 0xf4, 0x03, 0x7c, 0x4c, 0x83, 0x7d, 0xf4, 0x06, 0x7f, 0x46,
  0x8d, 0x45, 0xb8, 0x8b, 0x55, 0xf4, 0x83, 0x3c, 0x90, 0x00, 0x74, 0x3a,
  0x8d, 0x45, 0xd4, 0x8b, 0x55, 0xf4, 0x8b, 0x04, 0x90, 0x48, 0x39, 0x45,
  0xf0, 0x7d, 0x2b, 0x8b, 0x45, 0xf0, 0x89, 0x45, 0x98, 0xff, 0x45, 0xf0,
  0x8d, 0x45, 0xb8, 0x8b, 0x55, 0xf4, 0x8b, 0x14, 0x90, 0x03, 0x55, 0x98,
  0x8b, 0x45, 0xfc, 0x8a, 0x00, 0x88, 0x02, 0x8d, 0x45, 0xb8, 0x8b, 0x55,
  0xf4, 0x8b, 0x04, 0x90, 0x03, 0x45, 0xf0, 0xc6, 0x00, 0x00, 0x8b, 0x45,
  0xfc, 0x89, 0x45, 0x98, 0xff, 0x45, 0xfc, 0xe9, 0x85, 0xfe, 0xff, 0xff,
  0x83, 0x65, 0x90, 0x00, 0xeb, 0x00, 0x8b, 0x45, 0x90, 0xc9, 0xc3, 0x90,
  0xc8, 0x24, 0x0a, 0x00, 0x6a, 0x00, 0x68, 0xc6, 0x63, 0x80, 0x00, 0xe8,
  0x80, 0xe9, 0xff, 0xff, 0x83, 0xc4, 0x08, 0x89, 0x45, 0xfc, 0x83, 0x7d,
  0xfc, 0x00, 0x7d, 0x0c, 0x83, 0xa5, 0xdc, 0xf5, 0xff, 0xff, 0x00, 0xe9,
  0x93, 0x01, 0x00, 0x00, 0x68, 0xff, 0x07, 0x00, 0x00, 0x8d, 0x95, 0xfc,
  0xf7, 0xff, 0xff, 0x52, 0xff, 0x75, 0xfc, 0xe8, 0xd4, 0xe9, 0xff, 0xff,
  0x83, 0xc4, 0x0c, 0x89, 0x85, 0xf8, 0xf7, 0xff, 0xff, 0xff, 0x75, 0xfc,
  0xe8, 0x87, 0xe9, 0xff, 0xff, 0x83, 0xc4, 0x04, 0x83, 0xbd, 0xf8, 0xf7,
  0xff, 0xff, 0x00, 0x7f, 0x0f, 0xc7, 0x85, 0xdc, 0xf5, 0xff, 0xff, 0xff,
  0xff, 0xff, 0xff, 0xe9, 0x53, 0x01, 0x00, 0x00, 0x8d, 0x85, 0xfc, 0xf7,
  0xff, 0xff, 0x03, 0x85, 0xf8, 0xf7, 0xff, 0xff, 0xc6, 0x00, 0x00, 0x83,
  0xa5, 0xf4, 0xf7, 0xff, 0xff, 0x00, 0x83, 0xa5, 0xf0, 0xf5, 0xff, 0xff,
  0x00, 0x83, 0xa5, 0xec, 0xf5, 0xff, 0xff, 0x00, 0x8b, 0x85, 0xf8, 0xf7,
  0xff, 0xff, 0x39, 0x85, 0xec, 0xf5, 0xff, 0xff, 0x0f, 0x8d, 0xfd, 0x00,
  0x00, 0x00, 0x8b, 0x45, 0x0c, 0x39, 0x85, 0xf4, 0xf7, 0xff, 0xff, 0x0f,
  0x8d, 0xee, 0x00, 0x00, 0x00, 0x8d, 0x85, 0xfc, 0xf7, 0xff, 0xff, 0x03,
  0x85, 0xec, 0xf5, 0xff, 0xff, 0x0f, 0xbe, 0x00, 0x83, 0xf8, 0x0a, 0x0f,
  0x85, 0x85, 0x00, 0x00, 0x00, 0x8d, 0x85, 0xf4, 0xf5, 0xff, 0xff, 0x03,
  0x85, 0xf0, 0xf5, 0xff, 0xff, 0xc6, 0x00, 0x00, 0x83, 0xbd, 0xf0, 0xf5,
  0xff, 0xff, 0x00, 0x7e, 0x64, 0x0f, 0xbe, 0x85, 0xf4, 0xf5, 0xff, 0xff,
  0x83, 0xf8, 0x23, 0x74, 0x58, 0x8b, 0x45, 0x08, 0x8b, 0x95, 0xf4, 0xf7,
  0xff, 0xff, 0x69, 0xd2, 0x88, 0x02, 0x00, 0x00, 0x01, 0xd0, 0x89, 0x85,
  0xe4, 0xf5, 0xff, 0xff, 0x68, 0x88, 0x02, 0x00, 0x00, 0x6a, 0x00, 0xff,
  0xb5, 0xe4, 0xf5, 0xff, 0xff, 0xe8, 0xae, 0xe5, 0xff, 0xff, 0x83, 0xc4,
  0x0c, 0xff, 0xb5, 0xe4, 0xf5, 0xff, 0xff, 0x8d, 0x95, 0xf4, 0xf5, 0xff,
  0xff, 0x52, 0xe8, 0xb1, 0xfc, 0xff, 0xff, 0x83, 0xc4, 0x08, 0x83, 0xf8,
  0x00, 0x75, 0x12, 0x8b, 0x85, 0xf4, 0xf7, 0xff, 0xff, 0x89, 0x85, 0xe0,
  0xf5, 0xff, 0xff, 0xff, 0x85, 0xf4, 0xf7, 0xff, 0xff, 0x83, 0xa5, 0xf0,
  0xf5, 0xff, 0xff, 0x00, 0xeb, 0x3a, 0x81, 0xbd, 0xf0, 0xf5, 0xff, 0xff,
  0xff, 0x01, 0x00, 0x00, 0x7d, 0x2e, 0x8b, 0x85, 0xf0, 0xf5, 0xff, 0xff,
  0x89, 0x85, 0xe4, 0xf5, 0xff, 0xff, 0xff, 0x85, 0xf0, 0xf5, 0xff, 0xff,
  0x8d, 0x85, 0xfc, 0xf7, 0xff, 0xff, 0x03, 0x85, 0xec, 0xf5, 0xff, 0xff,
  0x8a, 0x00, 0x8d, 0x95, 0xf4, 0xf5, 0xff, 0xff, 0x03, 0x95, 0xe4, 0xf5,
  0xff, 0xff, 0x88, 0x02, 0x8b, 0x85, 0xec, 0xf5, 0xff, 0xff, 0x89, 0x85,
  0xe8, 0xf5, 0xff, 0xff, 0xff, 0x85, 0xec, 0xf5, 0xff, 0xff, 0xe9, 0xf1,
  0xfe, 0xff, 0xff, 0x83, 0xbd, 0xf4, 0xf7, 0xff, 0xff, 0x00, 0x75, 0x09,
  0x83, 0xa5, 0xdc, 0xf5, 0xff, 0xff, 0x00, 0xeb, 0x0e, 0x8b, 0x85, 0xf4,
  0xf7, 0xff, 0xff, 0x89, 0x85, 0xdc, 0xf5, 0xff, 0xff, 0xeb, 0x00, 0x8b,
  0x85, 0xdc, 0xf5, 0xff, 0xff, 0xc9, 0xc3, 0x90, 0xc8, 0x18, 0x51, 0x00,
  0x89, 0x9d, 0xec, 0xae, 0xff, 0xff, 0x89, 0xb5, 0xe8, 0xae, 0xff, 0xff,
  0x89, 0xfb, 0x6a, 0x20, 0x8d, 0x95, 0x00, 0xaf, 0xff, 0xff, 0x52, 0xe8,
  0x1c, 0xfe, 0xff, 0xff, 0x83, 0xc4, 0x08, 0x89, 0x85, 0xfc, 0xae, 0xff,
  0xff, 0x83, 0xa5, 0xf8, 0xae, 0xff, 0xff, 0x00, 0x8b, 0x85, 0xfc, 0xae,
  0xff, 0xff, 0x39, 0x85, 0xf8, 0xae, 0xff, 0xff, 0x7d, 0x64, 0xff, 0x75,
  0x08, 0x8d, 0x95, 0x00, 0xaf, 0xff, 0xff, 0x8b, 0x85, 0xf8, 0xae, 0xff,
  0xff, 0x69, 0xc0, 0x88, 0x02, 0x00, 0x00, 0x01, 0xc2, 0x52, 0xe8, 0x9d,
  0xe5, 0xff, 0xff, 0x83, 0xc4, 0x08, 0x83, 0xf8, 0x00, 0x75, 0x2b, 0x8d,
  0xb5, 0x00, 0xaf, 0xff, 0xff, 0x8b, 0x85, 0xf8, 0xae, 0xff, 0xff, 0x69,
  0xc0, 0x88, 0x02, 0x00, 0x00, 0x01, 0xc6, 0x8b, 0x55, 0x0c, 0x8d, 0x3a,
  0xb9, 0xa2, 0x00, 0x00, 0x00, 0xf3, 0xa5, 0x89, 0xf2, 0x83, 0xa5, 0xf0,
  0xae, 0xff, 0xff, 0x00, 0xeb, 0x20, 0x8b, 0x85, 0xf8, 0xae, 0xff, 0xff,
  0x89, 0x85, 0xf4, 0xae, 0xff, 0xff, 0xff, 0x85, 0xf8, 0xae, 0xff, 0xff,
  0xeb, 0x8e, 0xc7, 0x85, 0xf0, 0xae, 0xff, 0xff, 0xff, 0xff, 0xff, 0xff,
  0xeb, 0x00, 0x8b, 0x85, 0xf0, 0xae, 0xff, 0xff, 0x89, 0xdf, 0x8b, 0x9d,
  0xec, 0xae, 0xff, 0xff, 0x8b, 0xb5, 0xe8, 0xae, 0xff, 0xff, 0xc9, 0xc3,
  0xc8, 0x18, 0x51, 0x00, 0x89, 0x9d, 0xec, 0xae, 0xff, 0xff, 0x89, 0xb5,
  0xe8, 0xae, 0xff, 0xff, 0x89, 0xfb, 0x6a, 0x20, 0x8d, 0x95, 0x00, 0xaf,
  0xff, 0xff, 0x52, 0xe8, 0x58, 0xfd, 0xff, 0xff, 0x83, 0xc4, 0x08, 0x89,
  0x85, 0xfc, 0xae, 0xff, 0xff, 0x83, 0xa5, 0xf8, 0xae, 0xff, 0xff, 0x00,
  0x8b, 0x85, 0xfc, 0xae, 0xff, 0xff, 0x39, 0x85, 0xf8, 0xae, 0xff, 0xff,
  0x7d, 0x5b, 0x8d, 0x85, 0x00, 0xaf, 0xff, 0xff, 0x8b, 0x95, 0xf8, 0xae,
  0xff, 0xff, 0x69, 0xd2, 0x88, 0x02, 0x00, 0x00, 0x01, 0xd0, 0x8b, 0x55,
  0x08, 0x39, 0x50, 0x40, 0x75, 0x2b, 0x8d, 0xb5, 0x00, 0xaf, 0xff, 0xff,
  0x8b, 0x85, 0xf8, 0xae, 0xff, 0xff, 0x69, 0xc0, 0x88, 0x02, 0x00, 0x00,
  0x01, 0xc6, 0x8b, 0x55, 0x0c, 0x8d, 0x3a, 0xb9, 0xa2, 0x00, 0x00, 0x00,
  0xf3, 0xa5, 0x89, 0xf2, 0x83, 0xa5, 0xf0, 0xae, 0xff, 0xff, 0x00, 0xeb,
  0x20, 0x8b, 0x85, 0xf8, 0xae, 0xff, 0xff, 0x89, 0x85, 0xf4, 0xae, 0xff,
  0xff, 0xff, 0x85, 0xf8, 0xae, 0xff, 0xff, 0xeb, 0x97, 0xc7, 0x85, 0xf0,
  0xae, 0xff, 0xff, 0xff, 0xff, 0xff, 0xff, 0xeb, 0x00, 0x8b, 0x85, 0xf0,
  0xae, 0xff, 0xff, 0x89, 0xdf, 0x8b, 0x9d, 0xec, 0xae, 0xff, 0xff, 0x8b,
  0xb5, 0xe8, 0xae, 0xff, 0xff, 0xc9, 0xc3, 0x90, 0xc8, 0xd0, 0x10, 0x00,
  0x83, 0xa5, 0xfc, 0xef, 0xff, 0xff, 0x00, 0x83, 0xa5, 0xf8, 0xef, 0xff,
  0xff, 0x00, 0x8b, 0x45, 0x0c, 0x39, 0x85, 0xf8, 0xef, 0xff, 0xff, 0x7d,
  0x46, 0x8b, 0x55, 0x08, 0x8b, 0x85, 0xf8, 0xef, 0xff, 0xff, 0x69, 0xc0,
  0x88, 0x02, 0x00, 0x00, 0x01, 0xc2, 0x52, 0xe8, 0x84, 0xe3, 0xff, 0xff,
  0x83, 0xc4, 0x04, 0x01, 0x85, 0xfc, 0xef, 0xff, 0xff, 0x8d, 0x85, 0x00,
  0xf0, 0xff, 0xff, 0x8b, 0x95, 0xfc, 0xef, 0xff, 0xff, 0x4a, 0x01, 0xd0,
  0xc6, 0x00, 0x3a, 0x8b, 0x85, 0xf8, 0xef, 0xff, 0xff, 0x89, 0x85, 0xf4,
  0xef, 0xff, 0xff, 0xff, 0x85, 0xf8, 0xef, 0xff, 0xff, 0xeb, 0xaf, 0x83,
  0xa5, 0xfc, 0xef, 0xff, 0xff, 0x00, 0x83, 0xa5, 0xf0, 0xef, 0xff, 0xff,
  0x00, 0x8b, 0x45, 0x0c, 0x39, 0x85, 0xf0, 0xef, 0xff, 0xff, 0x0f, 0x8d,
  0x10, 0x06, 0x00, 0x00, 0x8b, 0x45, 0x08, 0x8b, 0x95, 0xf0, 0xef, 0xff,
  0xff, 0x69, 0xd2, 0x88, 0x02, 0x00, 0x00, 0x01, 0xd0, 0x89, 0x85, 0xe8,
  0xef, 0xff, 0xff, 0x83, 0xa5, 0xc4, 0xef, 0xff, 0xff, 0x00, 0x83, 0xa5,
  0xc0, 0xef, 0xff, 0xff, 0x00, 0x8b, 0x85, 0xe8, 0xef, 0xff, 0xff, 0x8b,
  0x40, 0x40, 0x89, 0x85, 0xbc, 0xef, 0xff, 0xff, 0x8b, 0x85, 0xe8, 0xef,
  0xff, 0xff, 0x8b, 0x40, 0x44, 0x89, 0x85, 0xb8, 0xef, 0xff, 0xff, 0x8b,
  0x85, 0xc4, 0xef, 0xff, 0xff, 0x89, 0x85, 0xb4, 0xef, 0xff, 0xff, 0xff,
  0x85, 0xc4, 0xef, 0xff, 0xff, 0x8b, 0x85, 0xbc, 0xef, 0xff, 0xff, 0xb9,
  0x0a, 0x00, 0x00, 0x00, 0x31, 0xd2, 0xf7, 0xf1, 0x83, 0xc2, 0x30, 0x88,
  0xd0, 0x8d, 0x95, 0xd8, 0xef, 0xff, 0xff, 0x03, 0x95, 0xb4, 0xef, 0xff,
  0xff, 0x88, 0x02, 0x8b, 0x85, 0xbc, 0xef, 0xff, 0xff, 0xb9, 0x0a, 0x00,
  0x00, 0x00, 0x31, 0xd2, 0xf7, 0xf1, 0x89, 0x85, 0xbc, 0xef, 0xff, 0xff,
  0x83, 0xbd, 0xbc, 0xef, 0xff, 0xff, 0x00, 0x75, 0xae, 0x8b, 0x85, 0xc0,
  0xef, 0xff, 0xff, 0x89, 0x85, 0xb4, 0xef, 0xff, 0xff, 0xff, 0x85, 0xc0,
  0xef, 0xff, 0xff, 0x8b, 0x85, 0xb8, 0xef, 0xff, 0xff, 0xb9, 0x0a, 0x00,
  0x00, 0x00, 0x31, 0xd2, 0xf7, 0xf1, 0x83, 0xc2, 0x30, 0x88, 0xd0, 0x8d,
  0x95, 0xc8, 0xef, 0xff, 0xff, 0x03, 0x95, 0xb4, 0xef, 0xff, 0xff, 0x88,
  0x02, 0x8b, 0x85, 0xb8, 0xef, 0xff, 0xff, 0xb9, 0x0a, 0x00, 0x00, 0x00,
  0x31, 0xd2, 0xf7, 0xf1, 0x89, 0x85, 0xb8, 0xef, 0xff, 0xff, 0x83, 0xbd,
  0xb8, 0xef, 0xff, 0xff, 0x00, 0x75, 0xae, 0x83, 0xa5, 0xb4, 0xef, 0xff,
  0xff, 0x00, 0x8b, 0x85, 0xc4, 0xef, 0xff, 0xff, 0xb9, 0x02, 0x00, 0x00,
  0x00, 0x99, 0xf7, 0xf9, 0x39, 0x85, 0xb4, 0xef, 0xff, 0xff, 0x7d, 0x6a,
  0x8d, 0x85, 0xd8, 0xef, 0xff, 0xff, 0x03, 0x85, 0xb4, 0xef, 0xff, 0xff,
  0x8a, 0x00, 0x88, 0x85, 0xaf, 0xef, 0xff, 0xff, 0x8d, 0x85, 0xd8, 0xef,
  0xff, 0xff, 0x8b, 0x95, 0xc4, 0xef, 0xff, 0xff, 0x4a, 0x2b, 0x95, 0xb4,
  0xef, 0xff, 0xff, 0x01, 0xd0, 0x8a, 0x00, 0x8d, 0x95, 0xd8, 0xef, 0xff,
  0xff, 0x03, 0x95, 0xb4, 0xef, 0xff, 0xff, 0x88, 0x02, 0x8d, 0x95, 0xd8,
  0xef, 0xff, 0xff, 0x8b, 0x85, 0xc4, 0xef, 0xff, 0xff, 0x48, 0x2b, 0x85,
  0xb4, 0xef, 0xff, 0xff, 0x01, 0xc2, 0x8a, 0x85, 0xaf, 0xef, 0xff, 0xff,
  0x88, 0x02, 0x8b, 0x85, 0xb4, 0xef, 0xff, 0xff, 0x89, 0x85, 0xb0, 0xef,
  0xff, 0xff, 0xff, 0x85, 0xb4, 0xef, 0xff, 0xff, 0xeb, 0x80, 0x83, 0xa5,
  0xac, 0xef, 0xff, 0xff, 0x00, 0x8b, 0x85, 0xc0, 0xef, 0xff, 0xff, 0xb9,
  0x02, 0x00, 0x00, 0x00, 0x99, 0xf7, 0xf9, 0x39, 0x85, 0xac, 0xef, 0xff,
  0xff, 0x7d, 0x6a, 0x8d, 0x85, 0xc8, 0xef, 0xff, 0xff, 0x03, 0x85, 0xac,
  0xef, 0xff, 0xff, 0x8a, 0x00, 0x88, 0x85, 0xa7, 0xef, 0xff, 0xff, 0x8d,
  0x85, 0xc8, 0xef, 0xff, 0xff, 0x8b, 0x95, 0xc0, 0xef, 0xff, 0xff, 0x4a,
  0x2b, 0x95, 0xac, 0xef, 0xff, 0xff, 0x01, 0xd0, 0x8a, 0x00, 0x8d, 0x95,
  0xc8, 0xef, 0xff, 0xff, 0x03, 0x95, 0xac, 0xef, 0xff, 0xff, 0x88, 0x02,
  0x8d, 0x95, 0xc8, 0xef, 0xff, 0xff, 0x8b, 0x85, 0xc0, 0xef, 0xff, 0xff,
  0x48, 0x2b, 0x85, 0xac, 0xef, 0xff, 0xff, 0x01, 0xc2, 0x8a, 0x85, 0xa7,
  0xef, 0xff, 0xff, 0x88, 0x02, 0x8b, 0x85, 0xac, 0xef, 0xff, 0xff, 0x89,
  0x85, 0xa8, 0xef, 0xff, 0xff, 0xff, 0x85, 0xac, 0xef, 0xff, 0xff, 0xeb,
  0x80, 0x8d, 0x85, 0xd8, 0xef, 0xff, 0xff, 0x03, 0x85, 0xc4, 0xef, 0xff,
  0xff, 0xc6, 0x00, 0x00, 0x8d, 0x85, 0xc8, 0xef, 0xff, 0xff, 0x03, 0x85,
  0xc0, 0xef, 0xff, 0xff, 0xc6, 0x00, 0x00, 0xb8, 0x00, 0x10, 0x00, 0x00,
  0x2b, 0x85, 0xfc, 0xef, 0xff, 0xff, 0x48, 0x89, 0x85, 0xa4, 0xef, 0xff,
  0xff, 0x83, 0xbd, 0xa4, 0xef, 0xff, 0xff, 0x0a, 0x7d, 0x05, 0xe9, 0xdd,
  0x03, 0x00, 0x00, 0x83, 0xa5, 0xa0, 0xef, 0xff, 0xff, 0x00, 0x8b, 0x85,
  0xe8, 0xef, 0xff, 0xff, 0x03, 0x85, 0xa0, 0xef, 0xff, 0xff, 0x0f, 0xbe,
  0x00, 0x83, 0xf8, 0x00, 0x74, 0x4b, 0x83, 0xbd, 0xa0, 0xef, 0xff, 0xff,
  0x3f, 0x7d, 0x42, 0x8b, 0x85, 0xfc, 0xef, 0xff, 0xff, 0x89, 0x85, 0x98,
  0xef, 0xff, 0xff, 0xff, 0x85, 0xfc, 0xef, 0xff, 0xff, 0x8b, 0x85, 0xe8,
  0xef, 0xff, 0xff, 0x03, 0x85, 0xa0, 0xef, 0xff, 0xff, 0x8a, 0x00, 0x8d,
  0x95, 0x00, 0xf0, 0xff, 0xff, 0x03, 0x95, 0x98, 0xef, 0xff, 0xff, 0x88,
  0x02, 0x8b, 0x85, 0xa0, 0xef, 0xff, 0xff, 0x89, 0x85, 0x9c, 0xef, 0xff,
  0xff, 0xff, 0x85, 0xa0, 0xef, 0xff, 0xff, 0xeb, 0xa1, 0x8b, 0x85, 0xfc,
  0xef, 0xff, 0xff, 0x89, 0x85, 0x94, 0xef, 0xff, 0xff, 0xff, 0x85, 0xfc,
  0xef, 0xff, 0xff, 0x8d, 0x85, 0x00, 0xf0, 0xff, 0xff, 0x03, 0x85, 0x94,
  0xef, 0xff, 0xff, 0xc6, 0x00, 0x3a, 0x83, 0xa5, 0x90, 0xef, 0xff, 0xff,
  0x00, 0x8d, 0x85, 0xd8, 0xef, 0xff, 0xff, 0x03, 0x85, 0x90, 0xef, 0xff,
  0xff, 0x0f, 0xbe, 0x00, 0x83, 0xf8, 0x00, 0x74, 0x42, 0x8b, 0x85, 0xfc,
  0xef, 0xff, 0xff, 0x89, 0x85, 0x88, 0xef, 0xff, 0xff, 0xff, 0x85, 0xfc,
  0xef, 0xff, 0xff, 0x8d, 0x85, 0xd8, 0xef, 0xff, 0xff, 0x03, 0x85, 0x90,
  0xef, 0xff, 0xff, 0x8a, 0x00, 0x8d, 0x95, 0x00, 0xf0, 0xff, 0xff, 0x03,
  0x95, 0x88, 0xef, 0xff, 0xff, 0x88, 0x02, 0x8b, 0x85, 0x90, 0xef, 0xff,
  0xff, 0x89, 0x85, 0x8c, 0xef, 0xff, 0xff, 0xff, 0x85, 0x90, 0xef, 0xff,
  0xff, 0xeb, 0xaa, 0x8b, 0x85, 0xfc, 0xef, 0xff, 0xff, 0x89, 0x85, 0x84,
  0xef, 0xff, 0xff, 0xff, 0x85, 0xfc, 0xef, 0xff, 0xff, 0x8d, 0x85, 0x00,
  0xf0, 0xff, 0xff, 0x03, 0x85, 0x84, 0xef, 0xff, 0xff, 0xc6, 0x00, 0x3a,
  0x83, 0xa5, 0x80, 0xef, 0xff, 0xff, 0x00, 0x8d, 0x85, 0xc8, 0xef, 0xff,
  0xff, 0x03, 0x85, 0x80, 0xef, 0xff, 0xff, 0x0f, 0xbe, 0x00, 0x83, 0xf8,
  0x00, 0x74, 0x42, 0x8b, 0x85, 0xfc, 0xef, 0xff, 0xff, 0x89, 0x85, 0x78,
  0xef, 0xff, 0xff, 0xff, 0x85, 0xfc, 0xef, 0xff, 0xff, 0x8d, 0x85, 0xc8,
  0xef, 0xff, 0xff, 0x03, 0x85, 0x80, 0xef, 0xff, 0xff, 0x8a, 0x00, 0x8d,
  0x95, 0x00, 0xf0, 0xff, 0xff, 0x03, 0x95, 0x78, 0xef, 0xff, 0xff, 0x88,
  0x02, 0x8b, 0x85, 0x80, 0xef, 0xff, 0xff, 0x89, 0x85, 0x7c, 0xef, 0xff,
  0xff, 0xff, 0x85, 0x80, 0xef, 0xff, 0xff, 0xeb, 0xaa, 0x8b, 0x85, 0xfc,
  0xef, 0xff, 0xff, 0x89, 0x85, 0x74, 0xef, 0xff, 0xff, 0xff, 0x85, 0xfc,
  0xef, 0xff, 0xff, 0x8d, 0x85, 0x00, 0xf0, 0xff, 0xff, 0x03, 0x85, 0x74,
  0xef, 0xff, 0xff, 0xc6, 0x00, 0x3a, 0x83, 0xa5, 0x70, 0xef, 0xff, 0xff,
  0x00, 0x8b, 0x85, 0xe8, 0xef, 0xff, 0xff, 0x83, 0xc0, 0x48, 0x03, 0x85,
  0x70, 0xef, 0xff, 0xff, 0x0f, 0xbe, 0x00, 0x83, 0xf8, 0x00, 0x74, 0x4e,
  0x83, 0xbd, 0x70, 0xef, 0xff, 0xff, 0x7f, 0x7d, 0x45, 0x8b, 0x85, 0xfc,
  0xef, 0xff, 0xff, 0x89, 0x85, 0x68, 0xef, 0xff, 0xff, 0xff, 0x85, 0xfc,
  0xef, 0xff, 0xff, 0x8b, 0x85, 0xe8, 0xef, 0xff, 0xff, 0x83, 0xc0, 0x48,
  0x03, 0x85, 0x70, 0xef, 0xff, 0xff, 0x8a, 0x00, 0x8d, 0x95, 0x00, 0xf0,
  0xff, 0xff, 0x03, 0x95, 0x68, 0xef, 0xff, 0xff, 0x88, 0x02, 0x8b, 0x85,
  0x70, 0xef, 0xff, 0xff, 0x89, 0x85, 0x6c, 0xef, 0xff, 0xff, 0xff, 0x85,
  0x70, 0xef, 0xff, 0xff, 0xeb, 0x9b, 0x8b, 0x85, 0xfc, 0xef, 0xff, 0xff,
  0x89, 0x85, 0x64, 0xef, 0xff, 0xff, 0xff, 0x85, 0xfc, 0xef, 0xff, 0xff,
  0x8d, 0x85, 0x00, 0xf0, 0xff, 0xff, 0x03, 0x85, 0x64, 0xef, 0xff, 0xff,
  0xc6, 0x00, 0x3a, 0x83, 0xa5, 0x60, 0xef, 0xff, 0xff, 0x00, 0x8b, 0x85,
  0xe8, 0xef, 0xff, 0xff, 0x05, 0xc8, 0x00, 0x00, 0x00, 0x03, 0x85, 0x60,
  0xef, 0xff, 0xff, 0x0f, 0xbe, 0x00, 0x83, 0xf8, 0x00, 0x74, 0x50, 0x83,
  0xbd, 0x60, 0xef, 0xff, 0xff, 0x3f, 0x7d, 0x47, 0x8b, 0x85, 0xfc, 0xef,
  0xff, 0xff, 0x89, 0x85, 0x58, 0xef, 0xff, 0xff, 0xff, 0x85, 0xfc, 0xef,
  0xff, 0xff, 0x8b, 0x85, 0xe8, 0xef, 0xff, 0xff, 0x05, 0xc8, 0x00, 0x00,
  0x00, 0x03, 0x85, 0x60, 0xef, 0xff, 0xff, 0x8a, 0x00, 0x8d, 0x95, 0x00,
  0xf0, 0xff, 0xff, 0x03, 0x95, 0x58, 0xef, 0xff, 0xff, 0x88, 0x02, 0x8b,
  0x85, 0x60, 0xef, 0xff, 0xff, 0x89, 0x85, 0x5c, 0xef, 0xff, 0xff, 0xff,
  0x85, 0x60, 0xef, 0xff, 0xff, 0xeb, 0x97, 0x8b, 0x85, 0xfc, 0xef, 0xff,
  0xff, 0x89, 0x85, 0x54, 0xef, 0xff, 0xff, 0xff, 0x85, 0xfc, 0xef, 0xff,
  0xff, 0x8d, 0x85, 0x00, 0xf0, 0xff, 0xff, 0x03, 0x85, 0x54, 0xef, 0xff,
  0xff, 0xc6, 0x00, 0x3a, 0x83, 0xa5, 0x50, 0xef, 0xff, 0xff, 0x00, 0x8b,
  0x85, 0xe8, 0xef, 0xff, 0xff, 0x05, 0x08, 0x01, 0x00, 0x00, 0x03, 0x85,
  0x50, 0xef, 0xff, 0xff, 0x0f, 0xbe, 0x00, 0x83, 0xf8, 0x00, 0x74, 0x50,
  0x83, 0xbd, 0x50, 0xef, 0xff, 0xff, 0x7f, 0x7d, 0x47, 0x8b, 0x85, 0xfc,
  0xef, 0xff, 0xff, 0x89, 0x85, 0x48, 0xef, 0xff, 0xff, 0xff, 0x85, 0xfc,
  0xef, 0xff, 0xff, 0x8b, 0x85, 0xe8, 0xef, 0xff, 0xff, 0x05, 0x08, 0x01,
  0x00, 0x00, 0x03, 0x85, 0x50, 0xef, 0xff, 0xff, 0x8a, 0x00, 0x8d, 0x95,
  0x00, 0xf0, 0xff, 0xff, 0x03, 0x95, 0x48, 0xef, 0xff, 0xff, 0x88, 0x02,
  0x8b, 0x85, 0x50, 0xef, 0xff, 0xff, 0x89, 0x85, 0x4c, 0xef, 0xff, 0xff,
  0xff, 0x85, 0x50, 0xef, 0xff, 0xff, 0xeb, 0x97, 0x8b, 0x85, 0xfc, 0xef,
  0xff, 0xff, 0x89, 0x85, 0x44, 0xef, 0xff, 0xff, 0xff, 0x85, 0xfc, 0xef,
  0xff, 0xff, 0x8d, 0x85, 0x00, 0xf0, 0xff, 0xff, 0x03, 0x85, 0x44, 0xef,
  0xff, 0xff, 0xc6, 0x00, 0x3a, 0x83, 0xa5, 0x40, 0xef, 0xff, 0xff, 0x00,
  0x8b, 0x85, 0xe8, 0xef, 0xff, 0xff, 0x05, 0x88, 0x01, 0x00, 0x00, 0x03,
  0x85, 0x40, 0xef, 0xff, 0xff, 0x0f, 0xbe, 0x00, 0x83, 0xf8, 0x00, 0x74,
  0x53, 0x81, 0xbd, 0x40, 0xef, 0xff, 0xff, 0xff, 0x00, 0x00, 0x00, 0x7d,
  0x47, 0x8b, 0x85, 0xfc, 0xef, 0xff, 0xff, 0x89, 0x85, 0x38, 0xef, 0xff,
  0xff, 0xff, 0x85, 0xfc, 0xef, 0xff, 0xff, 0x8b, 0x85, 0xe8, 0xef, 0xff,
  0xff, 0x05, 0x88, 0x01, 0x00, 0x00, 0x03, 0x85, 0x40, 0xef, 0xff, 0xff,
  0x8a, 0x00, 0x8d, 0x95, 0x00, 0xf0, 0xff, 0xff, 0x03, 0x95, 0x38, 0xef,
  0xff, 0xff, 0x88, 0x02, 0x8b, 0x85, 0x40, 0xef, 0xff, 0xff, 0x89, 0x85,
  0x3c, 0xef, 0xff, 0xff, 0xff, 0x85, 0x40, 0xef, 0xff, 0xff, 0xeb, 0x94,
  0x8b, 0x85, 0xfc, 0xef, 0xff, 0xff, 0x89, 0x85, 0x34, 0xef, 0xff, 0xff,
  0xff, 0x85, 0xfc, 0xef, 0xff, 0xff, 0x8d, 0x85, 0x00, 0xf0, 0xff, 0xff,
  0x03, 0x85, 0x34, 0xef, 0xff, 0xff, 0xc6, 0x00, 0x0a, 0x8b, 0x85, 0xf0,
  0xef, 0xff, 0xff, 0x89, 0x85, 0xec, 0xef, 0xff, 0xff, 0xff, 0x85, 0xf0,
  0xef, 0xff, 0xff, 0xe9, 0xe1, 0xf9, 0xff, 0xff, 0x83, 0xbd, 0xfc, 0xef,
  0xff, 0xff, 0x00, 0x75, 0x0f, 0xc7, 0x85, 0x30, 0xef, 0xff, 0xff, 0xff,
  0xff, 0xff, 0xff, 0xe9, 0xa9, 0x00, 0x00, 0x00, 0x68, 0x02, 0x01, 0x00,
  0x00, 0x68, 0xc6, 0x63, 0x80, 0x00, 0xe8, 0x95, 0xdf, 0xff, 0xff, 0x83,
  0xc4, 0x08, 0x89, 0x85, 0xe8, 0xef, 0xff, 0xff, 0x83, 0xbd, 0xe8, 0xef,
  0xff, 0xff, 0x00, 0x7d, 0x15, 0x6a, 0x01, 0x68, 0xc6, 0x63, 0x80, 0x00,
  0xe8, 0x77, 0xdf, 0xff, 0xff, 0x83, 0xc4, 0x08, 0x89, 0x85, 0xe8, 0xef,
  0xff, 0xff, 0x83, 0xbd, 0xe8, 0xef, 0xff, 0xff, 0x00, 0x7d, 0x0c, 0xc7,
  0x85, 0x30, 0xef, 0xff, 0xff, 0xff, 0xff, 0xff, 0xff, 0xeb, 0x5e, 0xff,
  0xb5, 0xfc, 0xef, 0xff, 0xff, 0x8d, 0x95, 0x00, 0xf0, 0xff, 0xff, 0x52,
  0xff, 0xb5, 0xe8, 0xef, 0xff, 0xff, 0xe8, 0x0d, 0xe0, 0xff, 0xff, 0x83,
  0xc4, 0x0c, 0x89, 0x85, 0xe4, 0xef, 0xff, 0xff, 0xff, 0xb5, 0xe8, 0xef,
  0xff, 0xff, 0xe8, 0x71, 0xdf, 0xff, 0xff, 0x83, 0xc4, 0x04, 0x8b, 0x85,
  0xfc, 0xef, 0xff, 0xff, 0x39, 0x85, 0xe4, 0xef, 0xff, 0xff, 0x75, 0x09,
  0x83, 0xa5, 0xe0, 0xef, 0xff, 0xff, 0x00, 0xeb, 0x0a, 0xc7, 0x85, 0xe0,
  0xef, 0xff, 0xff, 0xff, 0xff, 0xff, 0xff, 0x8b, 0x85, 0xe0, 0xef, 0xff,
  0xff, 0x89, 0x85, 0x30, 0xef, 0xff, 0xff, 0xeb, 0x00, 0x8b, 0x85, 0x30,
  0xef, 0xff, 0xff, 0xc9, 0xc3, 0x8d, 0x76, 0x00, 0xc8, 0x20, 0x00, 0x00,
  0x89, 0x5d, 0xe8, 0x89, 0x75, 0xe4, 0x89, 0x7d, 0xe0, 0xc7, 0x45, 0xf8,
  0x00, 0x00, 0x00, 0x00, 0xc7, 0x45, 0xfc, 0x00, 0x00, 0x00, 0x00, 0x8b,
  0x45, 0x08, 0x0f, 0xbe, 0x00, 0x83, 0xf8, 0x30, 0x7c, 0x47, 0x8b, 0x45,
  0x08, 0x0f, 0xbe, 0x00, 0x83, 0xf8, 0x39, 0x7f, 0x3c, 0x8b, 0x45, 0x08,
  0x0f, 0xbe, 0x00, 0x83, 0xe8, 0x30, 0x99, 0x89, 0xc3, 0x89, 0xd7, 0x8b,
  0x55, 0xfc, 0x8b, 0x45, 0xf8, 0x31, 0xf6, 0xb9, 0x0a, 0x00, 0x00, 0x00,
  0x0f, 0xaf, 0xd1, 0x0f, 0xaf, 0xf0, 0x01, 0xd6, 0xf7, 0xe1, 0x01, 0xf2,
  0x01, 0xd8, 0x11, 0xfa, 0x89, 0x45, 0xf8, 0x89, 0x55, 0xfc, 0x8b, 0x45,
  0x08, 0x89, 0x45, 0xf4, 0xff, 0x45, 0x08, 0xeb, 0xae, 0x8b, 0x45, 0x08,
  0x0f, 0xbe, 0x00, 0x83, 0xf8, 0x4b, 0x74, 0x0b, 0x8b, 0x45, 0x08, 0x0f,
  0xbe, 0x00, 0x83, 0xf8, 0x6b, 0x75, 0x1e, 0x8b, 0x55, 0xfc, 0x8b, 0x45,
  0xf8, 0xb1, 0x0a, 0x0f, 0xa5, 0xc2, 0xd3, 0xe0, 0xf6, 0xc1, 0x20, 0x74,
  0x04, 0x89, 0xc2, 0x31, 0xc0, 0x89, 0x45, 0xf8, 0x89, 0x55, 0xfc, 0xeb,
  0x66, 0x8b, 0x45, 0x08, 0x0f, 0xbe, 0x00, 0x83, 0xf8, 0x4d, 0x74, 0x0b,
  0x8b, 0x45, 0x08, 0x0f, 0xbe, 0x00, 0x83, 0xf8, 0x6d, 0x75, 0x1e, 0x8b,
  0x55, 0xfc, 0x8b, 0x45, 0xf8, 0xb1, 0x14, 0x0f, 0xa5, 0xc2, 0xd3, 0xe0,
  0xf6, 0xc1, 0x20, 0x74, 0x04, 0x89, 0xc2, 0x31, 0xc0, 0x89, 0x45, 0xf8,
  0x89, 0x55, 0xfc, 0xeb, 0x32, 0x8b, 0x45, 0x08, 0x0f, 0xbe, 0x00, 0x83,
  0xf8, 0x47, 0x74, 0x0b, 0x8b, 0x45, 0x08, 0x0f, 0xbe, 0x00, 0x83, 0xf8,
  0x67, 0x75, 0x1c, 0x8b, 0x55, 0xfc, 0x8b, 0x45, 0xf8, 0xb1, 0x1e, 0x0f,
  0xa5, 0xc2, 0xd3, 0xe0, 0xf6, 0xc1, 0x20, 0x74, 0x04, 0x89, 0xc2, 0x31,
  0xc0, 0x89, 0x45, 0xf8, 0x89, 0x55, 0xfc, 0x8b, 0x55, 0xfc, 0x8b, 0x45,
  0xf8, 0x89, 0x45, 0xec, 0x89, 0x55, 0xf0, 0xeb, 0x00, 0x8b, 0x55, 0xf0,
  0x8b, 0x45, 0xec, 0x8b, 0x5d, 0xe8, 0x8b, 0x75, 0xe4, 0x8b, 0x7d, 0xe0,
  0xc9, 0xc3, 0x66, 0x90, 0xc8, 0xd4, 0x09, 0x00, 0x6a, 0x40, 0x6a, 0x00,
  0xff, 0x75, 0x0c, 0xe8, 0xe8, 0xda, 0xff, 0xff, 0x83, 0xc4, 0x0c, 0x6a,
  0x1f, 0x68, 0xbe, 0x63, 0x80, 0x00, 0xff, 0x75, 0x0c, 0xe8, 0x72, 0xdb,
  0xff, 0xff, 0x83, 0xc4, 0x0c, 0x8b, 0x45, 0x0c, 0xc7, 0x40, 0x20, 0xff,
  0xff, 0xff, 0xff, 0xc7, 0x40, 0x24, 0xff, 0xff, 0xff, 0xff, 0x8b, 0x45,
  0x0c, 0xc7, 0x40, 0x28, 0x00, 0x00, 0x00, 0x10, 0xc7, 0x40, 0x2c, 0x00,
  0x00, 0x00, 0x00, 0x8b, 0x45, 0x0c, 0xc7, 0x40, 0x30, 0x00, 0x00, 0x80,
  0x00, 0xc7, 0x40, 0x34, 0x00, 0x00, 0x00, 0x00, 0x8b, 0x45, 0x0c, 0xc7,
  0x40, 0x38, 0x64, 0x00, 0x00, 0x00, 0x8b, 0x45, 0x0c, 0xc7, 0x40, 0x3c,
  0x40, 0x00, 0x00, 0x00, 0x6a, 0x00, 0x68, 0xab, 0x63, 0x80, 0x00, 0xe8,
  0x50, 0xdd, 0xff, 0xff, 0x83, 0xc4, 0x08, 0x89, 0x45, 0xfc, 0x83, 0x7d,
  0xfc, 0x00, 0x7d, 0x0c, 0x83, 0xa5, 0x30, 0xf6, 0xff, 0xff, 0x00, 0xe9,
  0x94, 0x04, 0x00, 0x00, 0x68, 0xff, 0x07, 0x00, 0x00, 0x8d, 0x95, 0xfc,
  0xf7, 0xff, 0xff, 0x52, 0xff, 0x75, 0xfc, 0xe8, 0xa4, 0xdd, 0xff, 0xff,
  0x83, 0xc4, 0x0c, 0x89, 0x85, 0xf8, 0xf7, 0xff, 0xff, 0xff, 0x75, 0xfc,
  0xe8, 0x57, 0xdd, 0xff, 0xff, 0x83, 0xc4, 0x04, 0x83, 0xbd, 0xf8, 0xf7,
  0xff, 0xff, 0x00, 0x7f, 0x0c, 0x83, 0xa5, 0x30, 0xf6, 0xff, 0xff, 0x00,
  0xe9, 0x57, 0x04, 0x00, 0x00, 0x8d, 0x85, 0xfc, 0xf7, 0xff, 0xff, 0x03,
  0x85, 0xf8, 0xf7, 0xff, 0xff, 0xc6, 0x00, 0x00, 0x83, 0xa5, 0xf4, 0xf6,
  0xff, 0xff, 0x00, 0x83, 0xa5, 0xf0, 0xf6, 0xff, 0xff, 0x00, 0x8b, 0x85,
  0xf8, 0xf7, 0xff, 0xff, 0x39, 0x85, 0xf0, 0xf6, 0xff, 0xff, 0x0f, 0x8f,
  0x1f, 0x04, 0x00, 0x00, 0x8d, 0x85, 0xfc, 0xf7, 0xff, 0xff, 0x03, 0x85,
  0xf0, 0xf6, 0xff, 0xff, 0x0f, 0xbe, 0x00, 0x83, 0xf8, 0x0a, 0x74, 0x24,
  0x8d, 0x85, 0xfc, 0xf7, 0xff, 0xff, 0x03, 0x85, 0xf0, 0xf6, 0xff, 0xff,
  0x0f, 0xbe, 0x00, 0x83, 0xf8, 0x00, 0x74, 0x10, 0x81, 0xbd, 0xf4, 0xf6,
  0xff, 0xff, 0xfe, 0x00, 0x00, 0x00, 0x0f, 0x8c, 0xa2, 0x03, 0x00, 0x00,
  0x8d, 0x85, 0xf8, 0xf6, 0xff, 0xff, 0x03, 0x85, 0xf4, 0xf6, 0xff, 0xff,
  0xc6, 0x00, 0x00, 0x83, 0xbd, 0xf4, 0xf6, 0xff, 0xff, 0x00, 0x0f, 0x8e,
  0x7d, 0x03, 0x00, 0x00, 0x0f, 0xbe, 0x85, 0xf8, 0xf6, 0xff, 0xff, 0x83,
  0xf8, 0x23, 0x0f, 0x84, 0x6d, 0x03, 0x00, 0x00, 0x8d, 0x85, 0xf8, 0xf6,
  0xff, 0xff, 0x8b, 0x95, 0xf4, 0xf6, 0xff, 0xff, 0x4a, 0x01, 0xd0, 0x0f,
  0xbe, 0x00, 0x83, 0xf8, 0x5c, 0x75, 0x00, 0x8d, 0x85, 0xf8, 0xf6, 0xff,
  0xff, 0x89, 0x85, 0xe8, 0xf6, 0xff, 0xff, 0x8b, 0x85, 0xe8, 0xf6, 0xff,
  0xff, 0x0f, 0xbe, 0x00, 0x83, 0xf8, 0x3a, 0x0f, 0x84, 0x38, 0x03, 0x00,
  0x00, 0x8b, 0x85, 0xe8, 0xf6, 0xff, 0xff, 0x0f, 0xbe, 0x00, 0x83, 0xf8,
  0x09, 0x0f, 0x84, 0x26, 0x03, 0x00, 0x00, 0x83, 0xa5, 0xc4, 0xf6, 0xff,
  0xff, 0x00, 0x8b, 0x85, 0xe8, 0xf6, 0xff, 0xff, 0x0f, 0xbe, 0x00, 0x83,
  0xf8, 0x00, 0x74, 0x61, 0x8b, 0x85, 0xe8, 0xf6, 0xff, 0xff, 0x0f, 0xbe,
  0x00, 0x83, 0xf8, 0x3a, 0x74, 0x53, 0x8b, 0x85, 0xe8, 0xf6, 0xff, 0xff,
  0x0f, 0xbe, 0x00, 0x83, 0xf8, 0x5c, 0x74, 0x45, 0x83, 0xbd, 0xc4, 0xf6,
  0xff, 0xff, 0x1f, 0x7d, 0x3c, 0x8b, 0x85, 0xc4, 0xf6, 0xff, 0xff, 0x89,
  0x85, 0xc0, 0xf6, 0xff, 0xff, 0xff, 0x85, 0xc4, 0xf6, 0xff, 0xff, 0x8b,
  0x85, 0xe8, 0xf6, 0xff, 0xff, 0x89, 0x85, 0xbc, 0xf6, 0xff, 0xff, 0xff,
  0x85, 0xe8, 0xf6, 0xff, 0xff, 0x8b, 0x85, 0xbc, 0xf6, 0xff, 0xff, 0x8a,
  0x00, 0x8d, 0x95, 0xc8, 0xf6, 0xff, 0xff, 0x03, 0x95, 0xc0, 0xf6, 0xff,
  0xff, 0x88, 0x02, 0xeb, 0x91, 0x8d, 0x85, 0xc8, 0xf6, 0xff, 0xff, 0x03,
  0x85, 0xc4, 0xf6, 0xff, 0xff, 0xc6, 0x00, 0x00, 0x8b, 0x85, 0xe8, 0xf6,
  0xff, 0xff, 0x0f, 0xbe, 0x00, 0x83, 0xf8, 0x00, 0x0f, 0x84, 0x8f, 0x02,
  0x00, 0x00, 0x8b, 0x85, 0xe8, 0xf6, 0xff, 0xff, 0x0f, 0xbe, 0x00, 0x83,
  0xf8, 0x3a, 0x0f, 0x85, 0x66, 0x02, 0x00, 0x00, 0x8b, 0x85, 0xe8, 0xf6,
  0xff, 0xff, 0x89, 0x85, 0xb8, 0xf6, 0xff, 0xff, 0xff, 0x85, 0xe8, 0xf6,
  0xff, 0xff, 0x83, 0xa5, 0x54, 0xf6, 0xff, 0xff, 0x00, 0x83, 0xa5, 0x50,
  0xf6, 0xff, 0xff, 0x00, 0x8b, 0x85, 0xe8, 0xf6, 0xff, 0xff, 0x0f, 0xbe,
  0x00, 0x83, 0xf8, 0x00, 0x74, 0x53, 0x8b, 0x85, 0xe8, 0xf6, 0xff, 0xff,
  0x0f, 0xbe, 0x00, 0x83, 0xf8, 0x3d, 0x74, 0x45, 0x83, 0xbd, 0x54, 0xf6,
  0xff, 0xff, 0x1f, 0x7d, 0x3c, 0x8b, 0x85, 0x54, 0xf6, 0xff, 0xff, 0x89,
  0x85, 0x4c, 0xf6, 0xff, 0xff, 0xff, 0x85, 0x54, 0xf6, 0xff, 0xff, 0x8b,
  0x85, 0xe8, 0xf6, 0xff, 0xff, 0x89, 0x85, 0x48, 0xf6, 0xff, 0xff, 0xff,
  0x85, 0xe8, 0xf6, 0xff, 0xff, 0x8b, 0x85, 0x48, 0xf6, 0xff, 0xff, 0x8a,
  0x00, 0x8d, 0x95, 0x98, 0xf6, 0xff, 0xff, 0x03, 0x95, 0x4c, 0xf6, 0xff,
  0xff, 0x88, 0x02, 0xeb, 0x9f, 0x8b, 0x85, 0xe8, 0xf6, 0xff, 0xff, 0x0f,
  0xbe, 0x00, 0x83, 0xf8, 0x3d, 0x75, 0x12, 0x8b, 0x85, 0xe8, 0xf6, 0xff,
  0xff, 0x89, 0x85, 0x44, 0xf6, 0xff, 0xff, 0xff, 0x85, 0xe8, 0xf6, 0xff,
  0xff, 0x8b, 0x85, 0xe8, 0xf6, 0xff, 0xff, 0x0f, 0xbe, 0x00, 0x83, 0xf8,
  0x00, 0x74, 0x53, 0x8b, 0x85, 0xe8, 0xf6, 0xff, 0xff, 0x0f, 0xbe, 0x00,
  0x83, 0xf8, 0x3a, 0x74, 0x45, 0x83, 0xbd, 0x50, 0xf6, 0xff, 0xff, 0x3f,
  0x7d, 0x3c, 0x8b, 0x85, 0x50, 0xf6, 0xff, 0xff, 0x89, 0x85, 0x40, 0xf6,
  0xff, 0xff, 0xff, 0x85, 0x50, 0xf6, 0xff, 0xff, 0x8b, 0x85, 0xe8, 0xf6,
  0xff, 0xff, 0x89, 0x85, 0x3c, 0xf6, 0xff, 0xff, 0xff, 0x85, 0xe8, 0xf6,
  0xff, 0xff, 0x8b, 0x85, 0x3c, 0xf6, 0xff, 0xff, 0x8a, 0x00, 0x8d, 0x95,
  0x58, 0xf6, 0xff, 0xff, 0x03, 0x95, 0x40, 0xf6, 0xff, 0xff, 0x88, 0x02,
  0xeb, 0x9f, 0x8d, 0x85, 0x98, 0xf6, 0xff, 0xff, 0x03, 0x85, 0x54, 0xf6,
  0xff, 0xff, 0xc6, 0x00, 0x00, 0x8d, 0x85, 0x58, 0xf6, 0xff, 0xff, 0x03,
  0x85, 0x50, 0xf6, 0xff, 0xff, 0xc6, 0x00, 0x00, 0x68, 0xa3, 0x63, 0x80,
  0x00, 0x8d, 0x95, 0x98, 0xf6, 0xff, 0xff, 0x52, 0xe8, 0x73, 0xd8, 0xff,
  0xff, 0x83, 0xc4, 0x08, 0x83, 0xf8, 0x00, 0x75, 0x64, 0x68, 0x9a, 0x63,
  0x80, 0x00, 0x8d, 0x95, 0x58, 0xf6, 0xff, 0xff, 0x52, 0xe8, 0x5a, 0xd8,
  0xff, 0xff, 0x83, 0xc4, 0x08, 0x83, 0xf8, 0x00, 0x75, 0x16, 0xc7, 0x85,
  0x34, 0xf6, 0xff, 0xff, 0xff, 0xff, 0xff, 0xff, 0xc7, 0x85, 0x38, 0xf6,
  0xff, 0xff, 0xff, 0xff, 0xff, 0xff, 0xeb, 0x1b, 0x8d, 0x8d, 0x58, 0xf6,
  0xff, 0xff, 0x51, 0xe8, 0x14, 0xfb, 0xff, 0xff, 0x83, 0xc4, 0x04, 0x89,
  0x85, 0x34, 0xf6, 0xff, 0xff, 0x89, 0x95, 0x38, 0xf6, 0xff, 0xff, 0x8b,
  0x4d, 0x0c, 0x8b, 0x95, 0x38, 0xf6, 0xff, 0xff, 0x8b, 0x85, 0x34, 0xf6,
  0xff, 0xff, 0x89, 0x41, 0x20, 0x89, 0x51, 0x24, 0xe9, 0xc7, 0x00, 0x00,
  0x00, 0x68, 0x91, 0x63, 0x80, 0x00, 0x8d, 0x95, 0x98, 0xf6, 0xff, 0xff,
  0x52, 0xe8, 0xf6, 0xd7, 0xff, 0xff, 0x83, 0xc4, 0x08, 0x83, 0xf8, 0x00,
  0x75, 0x1d, 0x8d, 0x8d, 0x58, 0xf6, 0xff, 0xff, 0x51, 0xe8, 0xc6, 0xfa,
  0xff, 0xff, 0x83, 0xc4, 0x04, 0x8b, 0x4d, 0x0c, 0x89, 0x41, 0x28, 0x89,
  0x51, 0x2c, 0xe9, 0x91, 0x00, 0x00, 0x00, 0x68, 0x87, 0x63, 0x80, 0x00,
  0x8d, 0x95, 0x98, 0xf6, 0xff, 0xff, 0x52, 0xe8, 0xc0, 0xd7, 0xff, 0xff,
  0x83, 0xc4, 0x08, 0x83, 0xf8, 0x00, 0x75, 0x1a, 0x8d, 0x8d, 0x58, 0xf6,
  0xff, 0xff, 0x51, 0xe8, 0x90, 0xfa, 0xff, 0xff, 0x83, 0xc4, 0x04, 0x8b,
  0x4d, 0x0c, 0x89, 0x41, 0x30, 0x89, 0x51, 0x34, 0xeb, 0x5e, 0x68, 0x7f,
  0x63, 0x80, 0x00, 0x8d, 0x95, 0x98, 0xf6, 0xff, 0xff, 0x52, 0xe8, 0x8d,
  0xd7, 0xff, 0xff, 0x83, 0xc4, 0x08, 0x83, 0xf8, 0x00, 0x75, 0x17, 0x8d,
  0x8d, 0x58, 0xf6, 0xff, 0xff, 0x51, 0xe8, 0x5d, 0xfa, 0xff, 0xff, 0x83,
  0xc4, 0x04, 0x8b, 0x55, 0x0c, 0x89, 0x42, 0x38, 0xeb, 0x2e, 0x68, 0x75,
  0x63, 0x80, 0x00, 0x8d, 0x95, 0x98, 0xf6, 0xff, 0xff, 0x52, 0xe8, 0x5d,
  0xd7, 0xff, 0xff, 0x83, 0xc4, 0x08, 0x83, 0xf8, 0x00, 0x75, 0x15, 0x8d,
  0x8d, 0x58, 0xf6, 0xff, 0xff, 0x51, 0xe8, 0x2d, 0xfa, 0xff, 0xff, 0x83,
  0xc4, 0x04, 0x8b, 0x55, 0x0c, 0x89, 0x42, 0x3c, 0xeb, 0x12, 0x8b, 0x85,
  0xe8, 0xf6, 0xff, 0xff, 0x89, 0x85, 0xb8, 0xf6, 0xff, 0xff, 0xff, 0x85,
  0xe8, 0xf6, 0xff, 0xff, 0xe9, 0x5f, 0xfd, 0xff, 0xff, 0x83, 0xa5, 0xf4,
  0xf6, 0xff, 0xff, 0x00, 0xeb, 0x2e, 0x8b, 0x85, 0xf4, 0xf6, 0xff, 0xff,
  0x89, 0x85, 0xe8, 0xf6, 0xff, 0xff, 0xff, 0x85, 0xf4, 0xf6, 0xff, 0xff,
  0x8d, 0x85, 0xfc, 0xf7, 0xff, 0xff, 0x03, 0x85, 0xf0, 0xf6, 0xff, 0xff,
  0x8a, 0x00, 0x8d, 0x95, 0xf8, 0xf6, 0xff, 0xff, 0x03, 0x95, 0xe8, 0xf6,
  0xff, 0xff, 0x88, 0x02, 0x8b, 0x85, 0xf0, 0xf6, 0xff, 0xff, 0x89, 0x85,
  0xec, 0xf6, 0xff, 0xff, 0xff, 0x85, 0xf0, 0xf6, 0xff, 0xff, 0xe9, 0xcf,
  0xfb, 0xff, 0xff, 0x83, 0xa5, 0x30, 0xf6, 0xff, 0xff, 0x00, 0xeb, 0x00,
  0x8b, 0x85, 0x30, 0xf6, 0xff, 0xff, 0xc9, 0xc3, 0x00, 0x00, 0x00, 0x00,
  0x00, 0x00, 0x00, 0x00, 0x00, 0x00, 0x00, 0x00, 0x00, 0x00, 0x00, 0x00,
  0x00, 0x00, 0x00, 0x00, 0x00, 0x00, 0x00, 0x00, 0x00, 0x00, 0x00, 0x00,
  0x00, 0x00, 0x00, 0x00, 0x00, 0x00, 0x00, 0x00, 0x00, 0x00, 0x00, 0x00,
  0x00, 0x00, 0x00, 0x00, 0x00, 0x00, 0x00, 0x00, 0x00, 0x00, 0x00, 0x00,
  0x00, 0x00, 0x00, 0x00, 0x00, 0x00, 0x00, 0x00, 0x00, 0x00, 0x00, 0x00,
  0x00, 0x00, 0x00, 0x00, 0x00, 0x00, 0x00, 0x00, 0x00, 0x00, 0x00, 0x00,
  0x00, 0x00, 0x00, 0x00, 0x00, 0x00, 0x00, 0x00, 0x00, 0x00, 0x00, 0x00,
  0x00, 0x00, 0x00, 0x00, 0x00, 0x00, 0x00, 0x00, 0x00, 0x00, 0x00, 0x00,
  0x00, 0x00, 0x00, 0x00, 0x00, 0x00, 0x00, 0x00, 0x00, 0x00, 0x00, 0x00,
  0x00, 0x00, 0x00, 0x00, 0x00, 0x00, 0x00, 0x00, 0x00, 0x00, 0x00, 0x00,
  0x00, 0x00, 0x00, 0x00, 0x00, 0x00, 0x00, 0x00, 0x00, 0x00, 0x00, 0x00,
  0x00, 0x00, 0x00, 0x00, 0x00, 0x00, 0x00, 0x00, 0x00, 0x00, 0x00, 0x00,
  0x00, 0x00, 0x00, 0x00, 0x00, 0x00, 0x00, 0x00, 0x00, 0x00, 0x00, 0x00,
  0x00, 0x00, 0x00, 0x00, 0x00, 0x00, 0x00, 0x00, 0x00, 0x00, 0x00, 0x00,
  0x00, 0x00, 0x00, 0x00, 0x00, 0x00, 0x00, 0x00, 0x00, 0x00, 0x00, 0x00,
  0x00, 0x00, 0x00, 0x00, 0x00, 0x00, 0x00, 0x00, 0x00, 0x00, 0x00, 0x00,
  0x00, 0x00, 0x00, 0x00, 0x00, 0x00, 0x00, 0x00, 0x00, 0x00, 0x00, 0x00,
  0x00, 0x00, 0x00, 0x00, 0x00, 0x00, 0x00, 0x00, 0x00, 0x00, 0x00, 0x00,
  0x00, 0x00, 0x00, 0x00, 0x00, 0x00, 0x00, 0x00, 0x00, 0x00, 0x00, 0x00,
  0x00, 0x00, 0x00, 0x00, 0x00, 0x00, 0x00, 0x00, 0x00, 0x00, 0x00, 0x00,
  0x00, 0x00, 0x00, 0x00, 0x00, 0x00, 0x00, 0x00, 0x00, 0x00, 0x00, 0x00,
  0x00, 0x00, 0x00, 0x00, 0x00, 0x00, 0x00, 0x00, 0x00, 0x00, 0x00, 0x00,
  0x00, 0x00, 0x00, 0x00, 0x00, 0x00, 0x00, 0x00, 0x00, 0x00, 0x00, 0x00,
  0x00, 0x00, 0x00, 0x00, 0x00, 0x00, 0x00, 0x00, 0x00, 0x00, 0x00, 0x00,
  0x00, 0x00, 0x00, 0x00, 0x00, 0x00, 0x00, 0x00, 0x00, 0x00, 0x00, 0x00,
  0x00, 0x00, 0x00, 0x00, 0x00, 0x00, 0x00, 0x00, 0x00, 0x00, 0x00, 0x00,
  0x00, 0x00, 0x00, 0x00, 0x00, 0x00, 0x00, 0x00, 0x00, 0x00, 0x00, 0x00,
  0x00, 0x00, 0x00, 0x00, 0x00, 0x00, 0x00, 0x00, 0x00, 0x00, 0x00, 0x00,
  0x00, 0x00, 0x00, 0x00, 0x00, 0x00, 0x00, 0x00, 0x00, 0x00, 0x00, 0x00,
  0x00, 0x00, 0x00, 0x00, 0x00, 0x00, 0x00, 0x00, 0x00, 0x00, 0x00, 0x00,
  0x00, 0x00, 0x00, 0x00, 0x00, 0x00, 0x00, 0x00, 0x00, 0x00, 0x00, 0x00,
  0x00, 0x00, 0x00, 0x00, 0x00, 0x00, 0x00, 0x00, 0x00, 0x00, 0x00, 0x00,
  0x00, 0x00, 0x00, 0x00, 0x00, 0x00, 0x00, 0x00, 0x00, 0x00, 0x00, 0x00,
  0x00, 0x00, 0x00, 0x00, 0x00, 0x00, 0x00, 0x00, 0x00, 0x00, 0x00, 0x00,
  0x00, 0x00, 0x00, 0x00, 0x00, 0x00, 0x00, 0x00, 0x00, 0x00, 0x00, 0x00,
  0x00, 0x00, 0x00, 0x00, 0x00, 0x00, 0x00, 0x00, 0x00, 0x00, 0x00, 0x00,
  0x00, 0x00, 0x00, 0x00, 0x00, 0x00, 0x00, 0x00, 0x00, 0x00, 0x00, 0x00,
  0x00, 0x00, 0x00, 0x00, 0x00, 0x00, 0x00, 0x00, 0x00, 0x00, 0x00, 0x00,
  0x00, 0x00, 0x00, 0x00, 0x00, 0x00, 0x00, 0x00, 0x00, 0x00, 0x00, 0x00,
  0x00, 0x00, 0x00, 0x00, 0x00, 0x00, 0x00, 0x00, 0x00, 0x00, 0x00, 0x00,
  0x00, 0x00, 0x00, 0x00, 0x00, 0x00, 0x00, 0x00, 0x00, 0x00, 0x00, 0x00,
  0x00, 0x00, 0x00, 0x00, 0x00, 0x00, 0x00, 0x00, 0x00, 0x00, 0x00, 0x00,
  0x00, 0x00, 0x00, 0x00, 0x00, 0x00, 0x00, 0x00, 0x00, 0x00, 0x00, 0x00,
  0x00, 0x00, 0x00, 0x00, 0x00, 0x00, 0x00, 0x00, 0x00, 0x00, 0x00, 0x00,
  0x00, 0x00, 0x00, 0x00, 0x00, 0x00, 0x00, 0x00, 0x00, 0x00, 0x00, 0x00,
  0x00, 0x00, 0x00, 0x00, 0x00, 0x00, 0x00, 0x00, 0x00, 0x00, 0x00, 0x00,
  0x00, 0x00, 0x00, 0x00, 0x00, 0x00, 0x00, 0x00, 0x00, 0x00, 0x00, 0x00,
  0x00, 0x00, 0x00, 0x00, 0x00, 0x00, 0x00, 0x00, 0x00, 0x00, 0x00, 0x00,
  0x00, 0x00, 0x00, 0x00, 0x00, 0x00, 0x00, 0x00, 0x00, 0x00, 0x00, 0x00,
  0x00, 0x00, 0x00, 0x00, 0x00, 0x00, 0x00, 0x00, 0x00, 0x00, 0x00, 0x00,
  0x00, 0x00, 0x00, 0x00, 0x00, 0x00, 0x00, 0x00, 0x00, 0x00, 0x00, 0x00,
  0x00, 0x00, 0x00, 0x00, 0x00, 0x00, 0x00, 0x00, 0x00, 0x00, 0x00, 0x00,
  0x00, 0x00, 0x00, 0x00, 0x00, 0x00, 0x00, 0x00, 0x00, 0x00, 0x00, 0x00,
  0x00, 0x00, 0x00, 0x00, 0x00, 0x00, 0x00, 0x00, 0x00, 0x00, 0x00, 0x00,
  0x00, 0x00, 0x00, 0x00, 0x00, 0x00, 0x00, 0x00, 0x00, 0x00, 0x00, 0x00,
  0x00, 0x00, 0x00, 0x00, 0x00, 0x00, 0x00, 0x00, 0x00, 0x00, 0x00, 0x00,
  0x00, 0x00, 0x00, 0x00, 0x00, 0x00, 0x00, 0x00, 0x00, 0x00, 0x00, 0x00,
  0x00, 0x00, 0x00, 0x00, 0x00, 0x00, 0x00, 0x00, 0x00, 0x00, 0x00, 0x00,
  0x00, 0x00, 0x00, 0x00, 0x00, 0x00, 0x00, 0x00, 0x00, 0x00, 0x00, 0x00,
  0x00, 0x00, 0x00, 0x00, 0x00, 0x00, 0x00, 0x00, 0x00, 0x00, 0x00, 0x00,
  0x00, 0x00, 0x00, 0x00, 0x00, 0x00, 0x00, 0x00, 0x00, 0x00, 0x00, 0x00,
  0x00, 0x00, 0x00, 0x00, 0x00, 0x00, 0x00, 0x00, 0x00, 0x00, 0x00, 0x00,
  0x00, 0x00, 0x00, 0x00, 0x00, 0x00, 0x00, 0x00, 0x00, 0x00, 0x00, 0x00,
  0x00, 0x00, 0x00, 0x00, 0x00, 0x00, 0x00, 0x00, 0x00, 0x00, 0x00, 0x00,
  0x00, 0x00, 0x00, 0x00, 0x00, 0x00, 0x00, 0x00, 0x00, 0x00, 0x00, 0x00,
  0x00, 0x00, 0x00, 0x00, 0x00, 0x00, 0x00, 0x00, 0x00, 0x00, 0x00, 0x00,
  0x00, 0x00, 0x00, 0x00, 0x00, 0x00, 0x00, 0x00, 0x00, 0x00, 0x00, 0x00,
  0x00, 0x00, 0x00, 0x00, 0x00, 0x00, 0x00, 0x00, 0x00, 0x00, 0x00, 0x00,
  0x00, 0x00, 0x00, 0x00, 0x00, 0x00, 0x00, 0x00, 0x00, 0x00, 0x00, 0x00,
  0x00, 0x00, 0x00, 0x00, 0x00, 0x00, 0x00, 0x00, 0x00, 0x00, 0x00, 0x00,
  0x00, 0x00, 0x00, 0x00, 0x00, 0x00, 0x00, 0x00, 0x00, 0x00, 0x00, 0x00,
  0x00, 0x00, 0x00, 0x00, 0x00, 0x00, 0x00, 0x00, 0x00, 0x00, 0x00, 0x00,
  0x00, 0x00, 0x00, 0x00, 0x00, 0x00, 0x00, 0x00, 0x00, 0x00, 0x00, 0x00,
  0x00, 0x00, 0x00, 0x00, 0x00, 0x00, 0x00, 0x00, 0x00, 0x00, 0x00, 0x00,
  0x00, 0x00, 0x00, 0x00, 0x00, 0x00, 0x00, 0x00, 0x00, 0x00, 0x00, 0x00,
  0x00, 0x00, 0x00, 0x00, 0x00, 0x00, 0x00, 0x00, 0x00, 0x00, 0x00, 0x00,
  0x00, 0x00, 0x00, 0x00, 0x00, 0x00, 0x00, 0x00, 0x00, 0x00, 0x00, 0x00,
  0x00, 0x00, 0x00, 0x00, 0x00, 0x00, 0x00, 0x00, 0x00, 0x00, 0x00, 0x00,
  0x00, 0x00, 0x00, 0x00, 0x00, 0x00, 0x00, 0x00, 0x00, 0x00, 0x00, 0x00,
  0x00, 0x00, 0x00, 0x00, 0x00, 0x00, 0x00, 0x00, 0x00, 0x00, 0x00, 0x00,
  0x00, 0x00, 0x00, 0x00, 0x00, 0x00, 0x00, 0x00, 0x00, 0x00, 0x00, 0x00,
  0x00, 0x00, 0x00, 0x00, 0x00, 0x00, 0x00, 0x00, 0x00, 0x00, 0x00, 0x00,
  0x00, 0x00, 0x00, 0x00, 0x00, 0x00, 0x00, 0x00, 0x00, 0x00, 0x00, 0x00,
  0x00, 0x00, 0x00, 0x00, 0x00, 0x00, 0x00, 0x00, 0x00, 0x00, 0x00, 0x00,
  0x00, 0x00, 0x00, 0x00, 0x00, 0x00, 0x00, 0x00, 0x00, 0x00, 0x00, 0x00,
  0x00, 0x00, 0x00, 0x00, 0x00, 0x00, 0x00, 0x00, 0x00, 0x00, 0x00, 0x00,
  0x00, 0x00, 0x00, 0x00, 0x00, 0x00, 0x00, 0x00, 0x00, 0x00, 0x00, 0x00,
  0x00, 0x00, 0x00, 0x00, 0x00, 0x00, 0x00, 0x00, 0x00, 0x00, 0x00, 0x00,
  0x00, 0x00, 0x00, 0x00, 0x00, 0x00, 0x00, 0x00, 0x00, 0x00, 0x00, 0x00,
  0x00, 0x00, 0x00, 0x00, 0x00, 0x00, 0x00, 0x00, 0x00, 0x00, 0x00, 0x00,
  0x00, 0x00, 0x00, 0x00, 0x00, 0x00, 0x00, 0x00, 0x00, 0x00, 0x00, 0x00,
  0x00, 0x00, 0x00, 0x00, 0x00, 0x00, 0x00, 0x00, 0x00, 0x00, 0x00, 0x00,
  0x00, 0x00, 0x00, 0x00, 0x00, 0x00, 0x00, 0x00, 0x00, 0x00, 0x00, 0x00,
  0x00, 0x00, 0x00, 0x00, 0x00, 0x00, 0x00, 0x00, 0x00, 0x00, 0x00, 0x00,
  0x00, 0x00, 0x00, 0x00, 0x00, 0x00, 0x00, 0x00, 0x00, 0x00, 0x00, 0x00,
  0x00, 0x00, 0x00, 0x00, 0x00, 0x00, 0x00, 0x00, 0x00, 0x00, 0x00, 0x00,
  0x00, 0x00, 0x00, 0x00, 0x00, 0x00, 0x00, 0x00, 0x00, 0x00, 0x00, 0x00,
  0x00, 0x00, 0x00, 0x00, 0x00, 0x00, 0x00, 0x00, 0x00, 0x00, 0x00, 0x00,
  0x00, 0x00, 0x00, 0x00, 0x00, 0x00, 0x00, 0x00, 0x00, 0x00, 0x00, 0x00,
  0x00, 0x00, 0x00, 0x00, 0x00, 0x00, 0x00, 0x00, 0x00, 0x00, 0x00, 0x00,
  0x00, 0x00, 0x00, 0x00, 0x00, 0x00, 0x00, 0x00, 0x00, 0x00, 0x00, 0x00,
  0x00, 0x00, 0x00, 0x00, 0x00, 0x00, 0x00, 0x00, 0x00, 0x00, 0x00, 0x00,
  0x00, 0x00, 0x00, 0x00, 0x00, 0x00, 0x00, 0x00, 0x00, 0x00, 0x00, 0x00,
  0x00, 0x00, 0x00, 0x00, 0x00, 0x00, 0x00, 0x00, 0x00, 0x00, 0x00, 0x00,
  0x00, 0x00, 0x00, 0x00, 0x00, 0x00, 0x00, 0x00, 0x00, 0x00, 0x00, 0x00,
  0x00, 0x00, 0x00, 0x00, 0x00, 0x00, 0x00, 0x00, 0x00, 0x00, 0x00, 0x00,
  0x00, 0x00, 0x00, 0x00, 0x00, 0x00, 0x00, 0x00, 0x00, 0x00, 0x00, 0x00,
  0x00, 0x00, 0x00, 0x00, 0x00, 0x00, 0x00, 0x00, 0x00, 0x00, 0x00, 0x00,
  0x00, 0x00, 0x00, 0x00, 0x00, 0x00, 0x00, 0x00, 0x00, 0x00, 0x00, 0x00,
  0x00, 0x00, 0x00, 0x00, 0x00, 0x00, 0x00, 0x00, 0x00, 0x00, 0x00, 0x00,
  0x00, 0x00, 0x00, 0x00, 0x00, 0x00, 0x00, 0x00, 0x00, 0x00, 0x00, 0x00,
  0x00, 0x00, 0x00, 0x00, 0x00, 0x00, 0x00, 0x00, 0x00, 0x00, 0x00, 0x00,
  0x00, 0x00, 0x00, 0x00, 0x00, 0x00, 0x00, 0x00, 0x00, 0x00, 0x00, 0x00,
  0x00, 0x00, 0x00, 0x00, 0x00, 0x00, 0x00, 0x00, 0x00, 0x00, 0x00, 0x00,
  0x00, 0x00, 0x00, 0x00, 0x00, 0x00, 0x00, 0x00, 0x00, 0x00, 0x00, 0x00,
  0x00, 0x00, 0x00, 0x00, 0x00, 0x00, 0x00, 0x00, 0x00, 0x00, 0x00, 0x00,
  0x00, 0x00, 0x00, 0x00, 0x00, 0x00, 0x00, 0x00, 0x00, 0x00, 0x00, 0x00,
  0x00, 0x00, 0x00, 0x00, 0x00, 0x00, 0x00, 0x00, 0x00, 0x00, 0x00, 0x00,
  0x00, 0x00, 0x00, 0x00, 0x00, 0x00, 0x00, 0x00, 0x00, 0x00, 0x00, 0x00,
  0x00, 0x00, 0x00, 0x00, 0x00, 0x00, 0x00, 0x00, 0x00, 0x00, 0x00, 0x00,
  0x00, 0x00, 0x00, 0x00, 0x00, 0x00, 0x00, 0x00, 0x00, 0x00, 0x00, 0x00,
  0x00, 0x00, 0x00, 0x00, 0x00, 0x00, 0x00, 0x00, 0x00, 0x00, 0x00, 0x00,
  0x00, 0x00, 0x00, 0x00, 0x00, 0x00, 0x00, 0x00, 0x00, 0x00, 0x00, 0x00,
  0x00, 0x00, 0x00, 0x00, 0x00, 0x00, 0x00, 0x00, 0x00, 0x00, 0x00, 0x00,
  0x00, 0x00, 0x00, 0x00, 0x00, 0x00, 0x00, 0x00, 0x00, 0x00, 0x00, 0x00,
  0x00, 0x00, 0x00, 0x00, 0x00, 0x00, 0x00, 0x00, 0x00, 0x00, 0x00, 0x00,
  0x00, 0x00, 0x00, 0x00, 0x00, 0x00, 0x00, 0x00, 0x00, 0x00, 0x00, 0x00,
  0x00, 0x00, 0x00, 0x00, 0x00, 0x00, 0x00, 0x00, 0x00, 0x00, 0x00, 0x00,
  0x00, 0x00, 0x00, 0x00, 0x00, 0x00, 0x00, 0x00, 0x00, 0x00, 0x00, 0x00,
  0x00, 0x00, 0x00, 0x00, 0x00, 0x00, 0x00, 0x00, 0x00, 0x00, 0x00, 0x00,
  0x00, 0x00, 0x00, 0x00, 0x00, 0x00, 0x00, 0x00, 0x00, 0x00, 0x00, 0x00,
  0x00, 0x00, 0x00, 0x00, 0x00, 0x00, 0x00, 0x00, 0x00, 0x00, 0x00, 0x00,
  0x00, 0x00, 0x00, 0x00, 0x00, 0x00, 0x00, 0x00, 0x00, 0x00, 0x00, 0x00,
  0x00, 0x00, 0x00, 0x00, 0x00, 0x00, 0x00, 0x00, 0x00, 0x00, 0x00, 0x00,
  0x00, 0x00, 0x00, 0x00, 0x00, 0x00, 0x00, 0x00, 0x00, 0x00, 0x00, 0x00,
  0x00, 0x00, 0x00, 0x00, 0x00, 0x00, 0x00, 0x00, 0x00, 0x00, 0x00, 0x00,
  0x00, 0x00, 0x00, 0x00, 0x00, 0x00, 0x00, 0x00, 0x00, 0x00, 0x00, 0x00,
  0x00, 0x00, 0x00, 0x00, 0x00, 0x00, 0x00, 0x00, 0x00, 0x00, 0x00, 0x00,
  0x00, 0x00, 0x00, 0x00, 0x00, 0x00, 0x00, 0x00, 0x00, 0x00, 0x00, 0x00,
  0x00, 0x00, 0x00, 0x00, 0x00, 0x00, 0x00, 0x00, 0x00, 0x00, 0x00, 0x00,
  0x00, 0x00, 0x00, 0x00, 0x00, 0x00, 0x00, 0x00, 0x00, 0x00, 0x00, 0x00,
  0x00, 0x00, 0x00, 0x00, 0x00, 0x00, 0x00, 0x00, 0x00, 0x00, 0x00, 0x00,
  0x00, 0x00, 0x00, 0x00, 0x00, 0x00, 0x00, 0x00, 0x00, 0x00, 0x00, 0x00,
  0x00, 0x00, 0x00, 0x00, 0x00, 0x00, 0x00, 0x00, 0x00, 0x00, 0x00, 0x00,
  0x00, 0x00, 0x00, 0x00, 0x00, 0x00, 0x00, 0x00, 0x00, 0x00, 0x00, 0x00,
  0x00, 0x00, 0x00, 0x00, 0x00, 0x00, 0x00, 0x00, 0x00, 0x00, 0x00, 0x00,
  0x00, 0x00, 0x00, 0x00, 0x00, 0x00, 0x00, 0x00, 0x00, 0x00, 0x00, 0x00,
  0x00, 0x00, 0x00, 0x00, 0x00, 0x00, 0x00, 0x00, 0x00, 0x00, 0x00, 0x00,
  0x00, 0x00, 0x00, 0x00, 0x00, 0x00, 0x00, 0x00, 0x00, 0x00, 0x00, 0x00,
  0x00, 0x00, 0x00, 0x00, 0x00, 0x00, 0x00, 0x00, 0x00, 0x00, 0x00, 0x00,
  0x00, 0x00, 0x00, 0x00, 0x00, 0x00, 0x00, 0x00, 0x00, 0x00, 0x00, 0x00,
  0x00, 0x00, 0x00, 0x00, 0x00, 0x00, 0x00, 0x00, 0x00, 0x00, 0x00, 0x00,
  0x00, 0x00, 0x00, 0x00, 0x00, 0x00, 0x00, 0x00, 0x00, 0x00, 0x00, 0x00,
  0x00, 0x00, 0x00, 0x00, 0x00, 0x00, 0x00, 0x00, 0x00, 0x00, 0x00, 0x00,
  0x00, 0x00, 0x00, 0x00, 0x00, 0x00, 0x00, 0x00, 0x00, 0x00, 0x00, 0x00,
  0x00, 0x00, 0x00, 0x00, 0x00, 0x00, 0x00, 0x00, 0x00, 0x00, 0x00, 0x00,
  0x00, 0x00, 0x00, 0x00, 0x00, 0x00, 0x00, 0x00, 0x00, 0x00, 0x00, 0x00,
  0x00, 0x00, 0x00, 0x00, 0x00, 0x00, 0x00, 0x00, 0x00, 0x00, 0x00, 0x00,
  0x00, 0x00, 0x00, 0x00, 0x00, 0x00, 0x00, 0x00, 0x00, 0x00, 0x00, 0x00,
  0x00, 0x00, 0x00, 0x00, 0x00, 0x00, 0x00, 0x00, 0x00, 0x00, 0x00, 0x00,
  0x00, 0x00, 0x00, 0x00, 0x00, 0x00, 0x00, 0x00, 0x00, 0x00, 0x00, 0x00,
  0x00, 0x00, 0x00, 0x00, 0x00, 0x00, 0x00, 0x00, 0x00, 0x00, 0x00, 0x00,
  0x00, 0x00, 0x00, 0x00, 0x00, 0x00, 0x00, 0x00, 0x00, 0x00, 0x00, 0x00,
  0x00, 0x00, 0x00, 0x00, 0x00, 0x00, 0x00, 0x00, 0x00, 0x00, 0x00, 0x00,
  0x00, 0x00, 0x00, 0x00, 0x00, 0x00, 0x00, 0x00, 0x00, 0x00, 0x00, 0x00,
  0x00, 0x00, 0x00, 0x00, 0x00, 0x00, 0x00, 0x00, 0x00, 0x00, 0x00, 0x00,
  0x00, 0x00, 0x00, 0x00, 0x00, 0x00, 0x00, 0x00, 0x00, 0x00, 0x00, 0x00,
  0x00, 0x00, 0x00, 0x00, 0x00, 0x00, 0x00, 0x00, 0x00, 0x00, 0x00, 0x00,
  0x00, 0x00, 0x00, 0x00, 0x00, 0x00, 0x00, 0x00, 0x00, 0x00, 0x00, 0x00,
  0x00, 0x00, 0x00, 0x00, 0x00, 0x00, 0x00, 0x00, 0x00, 0x00, 0x00, 0x00,
  0x00, 0x00, 0x00, 0x00, 0x00, 0x00, 0x00, 0x00, 0x00, 0x00, 0x00, 0x00,
  0x00, 0x00, 0x00, 0x00, 0x00, 0x00, 0x00, 0x00, 0x00, 0x00, 0x00, 0x00,
  0x00, 0x00, 0x00, 0x00, 0x00, 0x00, 0x00, 0x00, 0x00, 0x00, 0x00, 0x00,
  0x00, 0x00, 0x00, 0x00, 0x00, 0x00, 0x00, 0x00, 0x00, 0x00, 0x00, 0x00,
  0x00, 0x00, 0x00, 0x00, 0x00, 0x00, 0x00, 0x00, 0x00, 0x00, 0x00, 0x00,
  0x00, 0x00, 0x00, 0x00, 0x00, 0x00, 0x00, 0x00, 0x00, 0x00, 0x00, 0x00,
  0x00, 0x00, 0x00, 0x00, 0x00, 0x00, 0x00, 0x00, 0x00, 0x00, 0x00, 0x00,
  0x00, 0x00, 0x00, 0x00, 0x00, 0x00, 0x00, 0x00, 0x00, 0x00, 0x00, 0x00,
  0x00, 0x00, 0x00, 0x00, 0x00, 0x00, 0x00, 0x00, 0x00, 0x00, 0x00, 0x00,
  0x00, 0x00, 0x00, 0x00, 0x00, 0x00, 0x00, 0x00, 0x00, 0x00, 0x00, 0x00,
  0x00, 0x00, 0x00, 0x00, 0x00, 0x00, 0x00, 0x00, 0x00, 0x00, 0x00, 0x00,
  0x00, 0x00, 0x00, 0x00, 0x00, 0x00, 0x00, 0x00, 0x00, 0x00, 0x00, 0x00,
  0x00, 0x00, 0x00, 0x00, 0x00, 0x00, 0x00, 0x00, 0x00, 0x00, 0x00, 0x00,
  0x00, 0x00, 0x00, 0x00, 0x00, 0x00, 0x00, 0x00, 0x00, 0x00, 0x00, 0x00,
  0x00, 0x00, 0x00, 0x00, 0x00, 0x00, 0x00, 0x00, 0x00, 0x00, 0x00, 0x00,
  0x00, 0x00, 0x00, 0x00, 0x00, 0x00, 0x00, 0x00, 0x00, 0x00, 0x00, 0x00,
  0x00, 0x00, 0x00, 0x00, 0x00, 0x00, 0x00, 0x00, 0x00, 0x00, 0x00, 0x00,
  0x00, 0x00, 0x00, 0x00, 0x00, 0x00, 0x00, 0x00, 0x00, 0x00, 0x00, 0x00,
  0x00, 0x00, 0x00, 0x00, 0x00, 0x00, 0x00, 0x00, 0x00, 0x00, 0x00, 0x00,
  0x00, 0x00, 0x00, 0x00, 0x00, 0x00, 0x00, 0x00, 0x00, 0x00, 0x00, 0x00,
  0x00, 0x00, 0x00, 0x00, 0x00, 0x00, 0x00, 0x00, 0x00, 0x00, 0x00, 0x00,
  0x00, 0x00, 0x00, 0x00, 0x00, 0x00, 0x00, 0x00, 0x00, 0x00, 0x00, 0x00,
  0x00, 0x00, 0x00, 0x00, 0x00, 0x00, 0x00, 0x00, 0x00, 0x00, 0x00, 0x00,
  0x00, 0x00, 0x00, 0x00, 0x00, 0x00, 0x00, 0x00, 0x00, 0x00, 0x00, 0x00,
  0x00, 0x00, 0x00, 0x00, 0x00, 0x00, 0x00, 0x00, 0x00, 0x00, 0x00, 0x00,
  0x00, 0x00, 0x00, 0x00, 0x00, 0x00, 0x00, 0x00, 0x00, 0x00, 0x00, 0x00,
  0x00, 0x00, 0x00, 0x00, 0x00, 0x00, 0x00, 0x00, 0x00, 0x00, 0x00, 0x00,
  0x00, 0x00, 0x00, 0x00, 0x00, 0x00, 0x00, 0x00, 0x00, 0x00, 0x00, 0x00,
  0x00, 0x00, 0x00, 0x00, 0x00, 0x00, 0x00, 0x00, 0x00, 0x00, 0x00, 0x00,
  0x00, 0x00, 0x00, 0x00, 0x00, 0x00, 0x00, 0x00, 0x00, 0x00, 0x00, 0x00,
  0x00, 0x00, 0x00, 0x00, 0x00, 0x00, 0x00, 0x00, 0x00, 0x00, 0x00, 0x00,
  0x00, 0x00, 0x00, 0x00, 0x00, 0x00, 0x00, 0x00, 0x00, 0x00, 0x00, 0x00,
  0x00, 0x00, 0x00, 0x00, 0x00, 0x00, 0x00, 0x00, 0x00, 0x00, 0x00, 0x00,
  0x00, 0x00, 0x00, 0x00, 0x00, 0x00, 0x00, 0x00, 0x00, 0x00, 0x00, 0x00,
  0x00, 0x00, 0x00, 0x00, 0x00, 0x00, 0x00, 0x00, 0x00, 0x00, 0x00, 0x00,
  0x00, 0x00, 0x00, 0x00, 0x00, 0x00, 0x00, 0x00, 0x00, 0x00, 0x00, 0x00,
  0x00, 0x00, 0x00, 0x00, 0x00, 0x00, 0x00, 0x00, 0x00, 0x00, 0x00, 0x00,
  0x00, 0x00, 0x00, 0x00, 0x00, 0x00, 0x00, 0x00, 0x00, 0x00, 0x00, 0x00,
  0x00, 0x00, 0x00, 0x00, 0x00, 0x00, 0x00, 0x00, 0x00, 0x00, 0x00, 0x00,
  0x00, 0x00, 0x00, 0x00, 0x00, 0x00, 0x00, 0x00, 0x00, 0x00, 0x00, 0x00,
  0x00, 0x00, 0x00, 0x00, 0x00, 0x00, 0x00, 0x00, 0x00, 0x00, 0x00, 0x00,
  0x00, 0x00, 0x00, 0x00, 0x00, 0x00, 0x00, 0x00, 0x00, 0x00, 0x00, 0x00,
  0x00, 0x00, 0x00, 0x00, 0x00, 0x00, 0x00, 0x00, 0x00, 0x00, 0x00, 0x00,
  0x00, 0x00, 0x00, 0x00, 0x00, 0x00, 0x00, 0x00, 0x00, 0x00, 0x00, 0x00,
  0x00, 0x00, 0x00, 0x00, 0x00, 0x00, 0x00, 0x00, 0x00, 0x00, 0x00, 0x00,
  0x00, 0x00, 0x00, 0x00, 0x00, 0x00, 0x00, 0x00, 0x00, 0x00, 0x00, 0x00,
  0x00, 0x00, 0x00, 0x00, 0x00, 0x00, 0x00, 0x00, 0x00, 0x00, 0x00, 0x00,
  0x00, 0x00, 0x00, 0x00, 0x00, 0x00, 0x00, 0x00, 0x00, 0x00, 0x00, 0x00,
  0x00, 0x00, 0x00, 0x00, 0x80, 0xc0, 0xe0, 0xf0, 0xf8, 0xfc, 0xfe, 0xff,
  0xf8, 0xdc, 0xcc, 0x86, 0x06, 0x03, 0x03, 0x01, 0x5b, 0x4d, 0x44, 0x4d,
  0x5d, 0x20, 0x54, 0x45, 0x53, 0x54, 0x5f, 0x41, 0x55, 0x54, 0x4f, 0x4c,
  0x4f, 0x47, 0x49, 0x4e, 0x20, 0x66, 0x61, 0x69, 0x6c, 0x65, 0x64, 0x0a,
  0x00, 0x31, 0x32, 0x33, 0x34, 0x35, 0x36, 0x00, 0x72, 0x6f, 0x6f, 0x74,
  0x00, 0x5b, 0x4d, 0x44, 0x4d, 0x5d, 0x20, 0x54, 0x45, 0x53, 0x54, 0x5f,
  0x41, 0x55, 0x54, 0x4f, 0x4c, 0x4f, 0x47, 0x49, 0x4e, 0x3a, 0x20, 0x73,
  0x6b, 0x69, 0x70, 0x70, 0x69, 0x6e, 0x67, 0x20, 0x69, 0x6e, 0x74, 0x65,
  0x72, 0x61, 0x63, 0x74, 0x69, 0x76, 0x65, 0x20, 0x6c, 0x6f, 0x67, 0x69,
  0x6e, 0x0a, 0x00, 0x5b, 0x4d, 0x44, 0x4d, 0x5d, 0x20, 0x4c, 0x6f, 0x67,
  0x69, 0x6e, 0x20, 0x66, 0x6f, 0x72, 0x6d, 0x20, 0x64, 0x72, 0x61, 0x77,
  0x6e, 0x2c, 0x20, 0x65, 0x6e, 0x74, 0x65, 0x72, 0x69, 0x6e, 0x67, 0x20,
  0x65, 0x76, 0x65, 0x6e, 0x74, 0x20, 0x6c, 0x6f, 0x6f, 0x70, 0x0a, 0x00,
  0x5b, 0x4d, 0x44, 0x4d, 0x5d, 0x20, 0x53, 0x74, 0x61, 0x72, 0x74, 0x69,
  0x6e, 0x67, 0x20, 0x4d, 0x34, 0x4b, 0x4b, 0x31, 0x20, 0x44, 0x69, 0x73,
  0x70, 0x6c, 0x61, 0x79, 0x20, 0x4d, 0x61, 0x6e, 0x61, 0x67, 0x65, 0x72,
  0x2e, 0x2e, 0x2e, 0x0a, 0x00, 0x5b, 0x4d, 0x44, 0x4d, 0x5d, 0x20, 0x64,
  0x65, 0x73, 0x6b, 0x74, 0x6f, 0x70, 0x20, 0x73, 0x65, 0x73, 0x73, 0x69,
  0x6f, 0x6e, 0x20, 0x65, 0x6e, 0x64, 0x65, 0x64, 0x2c, 0x20, 0x62, 0x61,
  0x63, 0x6b, 0x20, 0x74, 0x6f, 0x20, 0x6c, 0x6f, 0x67, 0x69, 0x6e, 0x20,
  0x73, 0x63, 0x72, 0x65, 0x65, 0x6e, 0x0a, 0x00, 0x2f, 0x62, 0x69, 0x6e,
  0x2f, 0x6d, 0x34, 0x73, 0x68, 0x74, 0x00, 0x5b, 0x4d, 0x44, 0x4d, 0x5d,
  0x20, 0x66, 0x6f, 0x72, 0x6b, 0x20, 0x66, 0x61, 0x69, 0x6c, 0x65, 0x64,
  0x0a, 0x00, 0x29, 0x0a, 0x00, 0x5b, 0x4d, 0x44, 0x4d, 0x5d, 0x20, 0x63,
  0x6f, 0x70, 0x6c, 0x61, 0x6e, 0x64, 0x20, 0x73, 0x70, 0x61, 0x77, 0x6e,
  0x20, 0x66, 0x61, 0x69, 0x6c, 0x65, 0x64, 0x20, 0x28, 0x72, 0x65, 0x74,
  0x3d, 0x00, 0x2f, 0x62, 0x69, 0x6e, 0x2f, 0x63, 0x6f, 0x70, 0x6c, 0x61,
  0x6e, 0x64, 0x00, 0x27, 0x2c, 0x20, 0x73, 0x74, 0x61, 0x72, 0x74, 0x69,
  0x6e, 0x67, 0x20, 0x64, 0x65, 0x73, 0x6b, 0x74, 0x6f, 0x70, 0x20, 0x28,
  0x43, 0x6f, 0x70, 0x6c, 0x61, 0x6e, 0x64, 0x2b, 0x53, 0x70, 0x72, 0x61,
  0x63, 0x68, 0x29, 0x2e, 0x2e, 0x2e, 0x0a, 0x00, 0x5b, 0x4d, 0x44, 0x4d,
  0x5d, 0x20, 0x6c, 0x6f, 0x67, 0x69, 0x6e, 0x20, 0x4f, 0x4b, 0x20, 0x66,
  0x6f, 0x72, 0x20, 0x27, 0x00, 0x74, 0x74, 0x79, 0x30, 0x00, 0x4c, 0x6f,
  0x67, 0x69, 0x6e, 0x20, 0x66, 0x61, 0x69, 0x6c, 0x65, 0x64, 0x21, 0x00,
  0x4c, 0x6f, 0x67, 0x69, 0x6e, 0x00, 0x50, 0x61, 0x73, 0x73, 0x77, 0x6f,
  0x72, 0x64, 0x3a, 0x00, 0x55, 0x73, 0x65, 0x72, 0x6e, 0x61, 0x6d, 0x65,
  0x3a, 0x00, 0x4d, 0x34, 0x4b, 0x4b, 0x31, 0x20, 0x4c, 0x6f, 0x67, 0x69,
  0x6e, 0x00, 0x2f, 0x00, 0x7e, 0x7e, 0x7e, 0x7e, 0x00, 0x1b, 0x5b, 0x30,
  0x6d, 0x00, 0x1b, 0x5b, 0x33, 0x37, 0x6d, 0x00, 0x1b, 0x5b, 0x33, 0x35,
  0x6d, 0x00, 0x1b, 0x5b, 0x33, 0x36, 0x6d, 0x00, 0x1b, 0x5b, 0x33, 0x33,
  0x6d, 0x00, 0x1b, 0x5b, 0x33, 0x31, 0x6d, 0x00, 0x1b, 0x5b, 0x33, 0x32,
  0x6d, 0x00, 0x00, 0x00, 0x44, 0x00, 0x00, 0x00, 0xff, 0x66, 0x00, 0x00,
  0x01, 0x00, 0x00, 0x00, 0x88, 0x44, 0x22, 0x00, 0xcc, 0xaa, 0x44, 0x00,
  0x01, 0x00, 0x00, 0x00, 0x66, 0x11, 0x33, 0x00, 0xcc, 0x44, 0xaa, 0x00,
  0x01, 0x00, 0x00, 0x00, 0x2e, 0x1a, 0x1a, 0x00, 0x66, 0x44, 0x44, 0x00,
  0x01, 0x00, 0x00, 0x00, 0x00, 0x33, 0x66, 0x00, 0x33, 0xaa, 0xcc, 0x00,
  0x01, 0x00, 0x00, 0x00, 0x10, 0x40, 0x10, 0x00, 0x30, 0xa0, 0x30, 0x00,
  0x01, 0x00, 0x00, 0x00, 0x2f, 0x00, 0x7e, 0x7e, 0x7e, 0x7e, 0x00, 0x1b,
  0x5b, 0x30, 0x6d, 0x00, 0x1b, 0x5b, 0x33, 0x37, 0x6d, 0x00, 0x1b, 0x5b,
  0x33, 0x35, 0x6d, 0x00, 0x1b, 0x5b, 0x33, 0x36, 0x6d, 0x00, 0x1b, 0x5b,
  0x33, 0x33, 0x6d, 0x00, 0x1b, 0x5b, 0x33, 0x31, 0x6d, 0x00, 0x1b, 0x5b,
  0x33, 0x32, 0x6d, 0x00, 0x98, 0x2f, 0x8a, 0x42, 0x91, 0x44, 0x37, 0x71,
  0xcf, 0xfb, 0xc0, 0xb5, 0xa5, 0xdb, 0xb5, 0xe9, 0x5b, 0xc2, 0x56, 0x39,
  0xf1, 0x11, 0xf1, 0x59, 0xa4, 0x82, 0x3f, 0x92, 0xd5, 0x5e, 0x1c, 0xab,
  0x98, 0xaa, 0x07, 0xd8, 0x01, 0x5b, 0x83, 0x12, 0xbe, 0x85, 0x31, 0x24,
  0xc3, 0x7d, 0x0c, 0x55, 0x74, 0x5d, 0xbe, 0x72, 0xfe, 0xb1, 0xde, 0x80,
  0xa7, 0x06, 0xdc, 0x9b, 0x74, 0xf1, 0x9b, 0xc1, 0xc1, 0x69, 0x9b, 0xe4,
  0x86, 0x47, 0xbe, 0xef, 0xc6, 0x9d, 0xc1, 0x0f, 0xcc, 0xa1, 0x0c, 0x24,
  0x6f, 0x2c, 0xe9, 0x2d, 0xaa, 0x84, 0x74, 0x4a, 0xdc, 0xa9, 0xb0, 0x5c,
  0xda, 0x88, 0xf9, 0x76, 0x52, 0x51, 0x3e, 0x98, 0x6d, 0xc6, 0x31, 0xa8,
  0xc8, 0x27, 0x03, 0xb0, 0xc7, 0x7f, 0x59, 0xbf, 0xf3, 0x0b, 0xe0, 0xc6,
  0x47, 0x91, 0xa7, 0xd5, 0x51, 0x63, 0xca, 0x06, 0x67, 0x29, 0x29, 0x14,
  0x85, 0x0a, 0xb7, 0x27, 0x38, 0x21, 0x1b, 0x2e, 0xfc, 0x6d, 0x2c, 0x4d,
  0x13, 0x0d, 0x38, 0x53, 0x54, 0x73, 0x0a, 0x65, 0xbb, 0x0a, 0x6a, 0x76,
  0x2e, 0xc9, 0xc2, 0x81, 0x85, 0x2c, 0x72, 0x92, 0xa1, 0xe8, 0xbf, 0xa2,
  0x4b, 0x66, 0x1a, 0xa8, 0x70, 0x8b, 0x4b, 0xc2, 0xa3, 0x51, 0x6c, 0xc7,
  0x19, 0xe8, 0x92, 0xd1, 0x24, 0x06, 0x99, 0xd6, 0x85, 0x35, 0x0e, 0xf4,
  0x70, 0xa0, 0x6a, 0x10, 0x16, 0xc1, 0xa4, 0x19, 0x08, 0x6c, 0x37, 0x1e,
  0x4c, 0x77, 0x48, 0x27, 0xb5, 0xbc, 0xb0, 0x34, 0xb3, 0x0c, 0x1c, 0x39,
  0x4a, 0xaa, 0xd8, 0x4e, 0x4f, 0xca, 0x9c, 0x5b, 0xf3, 0x6f, 0x2e, 0x68,
  0xee, 0x82, 0x8f, 0x74, 0x6f, 0x63, 0xa5, 0x78, 0x14, 0x78, 0xc8, 0x84,
  0x08, 0x02, 0xc7, 0x8c, 0xfa, 0xff, 0xbe, 0x90, 0xeb, 0x6c, 0x50, 0xa4,
  0xf7, 0xa3, 0xf9, 0xbe, 0xf2, 0x78, 0x71, 0xc6, 0x30, 0x31, 0x32, 0x33,
  0x34, 0x35, 0x36, 0x37, 0x38, 0x39, 0x61, 0x62, 0x63, 0x64, 0x65, 0x66,
  0x00, 0x6f, 0x70, 0x65, 0x6e, 0x66, 0x69, 0x6c, 0x65, 0x73, 0x00, 0x6d,
  0x61, 0x78, 0x70, 0x72, 0x6f, 0x63, 0x00, 0x73, 0x74, 0x61, 0x63, 0x6b,
  0x73, 0x69, 0x7a, 0x65, 0x00, 0x64, 0x61, 0x74, 0x61, 0x73, 0x69, 0x7a,
  0x65, 0x00, 0x69, 0x6e, 0x66, 0x69, 0x6e, 0x69, 0x74, 0x79, 0x00, 0x63,
  0x70, 0x75, 0x74, 0x69, 0x6d, 0x65, 0x00, 0x2f, 0x65, 0x78, 0x70, 0x6f,
  0x72, 0x74, 0x2f, 0x6c, 0x6f, 0x67, 0x69, 0x6e, 0x2e, 0x63, 0x6f, 0x6e,
  0x66, 0x00, 0x64, 0x65, 0x66, 0x61, 0x75, 0x6c, 0x74, 0x00, 0x2f, 0x65,
  0x78, 0x70, 0x6f, 0x72, 0x74, 0x2f, 0x63, 0x66, 0x67, 0x2f, 0x70, 0x61,
  0x73, 0x73, 0x77, 0x64, 0x2e, 0x64, 0x62, 0x00, 0x2f, 0x00, 0x7e, 0x7e,
  0x7e, 0x7e, 0x00, 0x1b, 0x5b, 0x30, 0x6d, 0x00, 0x1b, 0x5b, 0x33, 0x37,
  0x6d, 0x00, 0x1b, 0x5b, 0x33, 0x35, 0x6d, 0x00, 0x1b, 0x5b, 0x33, 0x36,
  0x6d, 0x00, 0x1b, 0x5b, 0x33, 0x33, 0x6d, 0x00, 0x1b, 0x5b, 0x33, 0x31,
  0x6d, 0x00, 0x1b, 0x5b, 0x33, 0x32, 0x6d, 0x00, 0x00, 0x00, 0x00, 0x00,
  0x00, 0x00, 0x00, 0x00, 0x00, 0x00, 0x00, 0x00, 0x00, 0x00, 0x00, 0x00,
  0x00, 0x00, 0x00, 0x00, 0x00, 0x00, 0x00, 0x00, 0x00, 0x00, 0x00, 0x00,
  0x00, 0x00, 0x00, 0x00, 0x00, 0x00, 0x00, 0x00, 0x00, 0x00, 0x00, 0x00,
  0x00, 0x00, 0x00, 0x00, 0x00, 0x00, 0x00, 0x00, 0x00, 0x00, 0x00, 0x00,
  0x00, 0x00, 0x00, 0x00, 0x00, 0x00, 0x00, 0x00, 0x00, 0x00, 0x00, 0x00,
  0x00, 0x00, 0x00, 0x00, 0x00, 0x00, 0x00, 0x00, 0x00, 0x00, 0x00, 0x00,
  0x00, 0x00, 0x00, 0x00, 0x00, 0x00, 0x00, 0x00, 0x00, 0x00, 0x00, 0x00,
  0x00, 0x00, 0x00, 0x00, 0x00, 0x00, 0x00, 0x00, 0x00, 0x00, 0x00, 0x00,
  0x00, 0x00, 0x00, 0x00, 0x00, 0x00, 0x00, 0x00, 0x00, 0x00, 0x00, 0x00,
  0x00, 0x00, 0x00, 0x00, 0x00, 0x00, 0x00, 0x00, 0x00, 0x00, 0x00, 0x00,
  0x00, 0x00, 0x00, 0x00, 0x00, 0x00, 0x00, 0x00, 0x00, 0x00, 0x00, 0x00,
  0x00, 0x00, 0x00, 0x00, 0x00, 0x00, 0x00, 0x00, 0x00, 0x00, 0x00, 0x00,
  0x00, 0x00, 0x00, 0x00, 0x00, 0x00, 0x00, 0x00, 0x00, 0x00, 0x00, 0x00,
  0x00, 0x00, 0x00, 0x00, 0x00, 0x00, 0x00, 0x00, 0x00, 0x00, 0x00, 0x00,
  0x00, 0x00, 0x00, 0x00, 0x00, 0x00, 0x00, 0x00, 0x00, 0x00, 0x00, 0x00,
  0x00, 0x00, 0x00, 0x00, 0x00, 0x00, 0x00, 0x00, 0x00, 0x00, 0x00, 0x00,
  0x00, 0x00, 0x00, 0x00, 0x00, 0x00, 0x00, 0x00, 0x00, 0x00, 0x00, 0x00,
  0x00, 0x00, 0x00, 0x00, 0x00, 0x00, 0x00, 0x00, 0x00, 0x00, 0x00, 0x00,
  0x00, 0x00, 0x00, 0x00, 0x00, 0x00, 0x00, 0x00, 0x00, 0x00, 0x00, 0x00,
  0x00, 0x00, 0x00, 0x00, 0x00, 0x00, 0x00, 0x00, 0x00, 0x00, 0x00, 0x00,
  0x00, 0x00, 0x00, 0x00, 0x00, 0x00, 0x00, 0x00, 0x00, 0x00, 0x00, 0x00,
  0x00, 0x00, 0x00, 0x00, 0x00, 0x00, 0x00, 0x00, 0x00, 0x00, 0x00, 0x00,
  0x00, 0x00, 0x00, 0x00, 0x00, 0x00, 0x00, 0x00, 0x00, 0x00, 0x00, 0x00,
  0x00, 0x00, 0x00, 0x00, 0x00, 0x00, 0x00, 0x00, 0x00, 0x00, 0x00, 0x00,
  0x00, 0x00, 0x00, 0x00, 0x00, 0x00, 0x00, 0x00, 0x00, 0x00, 0x00, 0x00,
  0x00, 0x00, 0x00, 0x00, 0x00, 0x00, 0x00, 0x00, 0x00, 0x00, 0x00, 0x00,
  0x00, 0x00, 0x00, 0x00, 0x00, 0x00, 0x00, 0x00, 0x00, 0x00, 0x00, 0x00,
  0x00, 0x00, 0x00, 0x00, 0x00, 0x00, 0x00, 0x00, 0x00, 0x00, 0x00, 0x00,
  0x00, 0x00, 0x00, 0x00, 0x00, 0x00, 0x00, 0x00, 0x00, 0x00, 0x00, 0x00,
  0x00, 0x00, 0x00, 0x00, 0x00, 0x00, 0x00, 0x00, 0x00, 0x00, 0x00, 0x00,
  0x00, 0x00, 0x00, 0x00, 0x00, 0x00, 0x00, 0x00, 0x00, 0x00, 0x00, 0x00,
  0x00, 0x00, 0x00, 0x00, 0x00, 0x00, 0x00, 0x00, 0x00, 0x00, 0x00, 0x00,
  0x00, 0x00, 0x00, 0x00, 0x00, 0x00, 0x00, 0x00, 0x00, 0x00, 0x00, 0x00,
  0x00, 0x00, 0x00, 0x00, 0x00, 0x00, 0x00, 0x00, 0x00, 0x00, 0x00, 0x00,
  0x00, 0x00, 0x00, 0x00, 0x00, 0x00, 0x00, 0x00, 0x00, 0x00, 0x00, 0x00,
  0x00, 0x00, 0x00, 0x00, 0x00, 0x00, 0x00, 0x00, 0x00, 0x00, 0x00, 0x00,
  0x00, 0x00, 0x00, 0x00, 0x00, 0x00, 0x00, 0x00, 0x00, 0x00, 0x00, 0x00,
  0x00, 0x00, 0x00, 0x00, 0x00, 0x00, 0x00, 0x00, 0x00, 0x00, 0x00, 0x00,
  0x00, 0x00, 0x00, 0x00, 0x00, 0x00, 0x00, 0x00, 0x00, 0x00, 0x00, 0x00,
  0x00, 0x00, 0x00, 0x00, 0x00, 0x00, 0x00, 0x00, 0x00, 0x00, 0x00, 0x00,
  0x00, 0x00, 0x00, 0x00, 0x00, 0x00, 0x00, 0x00, 0x00, 0x00, 0x00, 0x00,
  0x00, 0x00, 0x00, 0x00, 0x00, 0x00, 0x00, 0x00, 0x00, 0x00, 0x00, 0x00,
  0x00, 0x00, 0x00, 0x00, 0x00, 0x00, 0x00, 0x00, 0x00, 0x00, 0x00, 0x00,
  0x00, 0x00, 0x00, 0x00, 0x00, 0x00, 0x00, 0x00, 0x00, 0x00, 0x00, 0x00,
  0x00, 0x00, 0x00, 0x00, 0x00, 0x00, 0x00, 0x00, 0x00, 0x00, 0x00, 0x00,
  0x00, 0x00, 0x00, 0x00, 0x00, 0x00, 0x00, 0x00, 0x00, 0x00, 0x00, 0x00,
  0x00, 0x00, 0x00, 0x00, 0x00, 0x00, 0x00, 0x00, 0x00, 0x00, 0x00, 0x00,
  0x00, 0x00, 0x00, 0x00, 0x00, 0x00, 0x00, 0x00, 0x00, 0x00, 0x00, 0x00,
  0x00, 0x00, 0x00, 0x00, 0x00, 0x00, 0x00, 0x00, 0x00, 0x00, 0x00, 0x00,
  0x00, 0x00, 0x00, 0x00, 0x00, 0x00, 0x00, 0x00, 0x00, 0x00, 0x00, 0x00,
  0x00, 0x00, 0x00, 0x00, 0x00, 0x00, 0x00, 0x00, 0x00, 0x00, 0x00, 0x00,
  0x00, 0x00, 0x00, 0x00, 0x00, 0x00, 0x00, 0x00, 0x00, 0x00, 0x00, 0x00,
  0x00, 0x00, 0x00, 0x00, 0x00, 0x00, 0x00, 0x00, 0x00, 0x00, 0x00, 0x00,
  0x00, 0x00, 0x00, 0x00, 0x00, 0x00, 0x00, 0x00, 0x00, 0x00, 0x00, 0x00,
  0x00, 0x00, 0x00, 0x00, 0x00, 0x00, 0x00, 0x00, 0x00, 0x00, 0x00, 0x00,
  0x00, 0x00, 0x00, 0x00, 0x00, 0x00, 0x00, 0x00, 0x00, 0x00, 0x00, 0x00,
  0x00, 0x00, 0x00, 0x00, 0x00, 0x00, 0x00, 0x00, 0x00, 0x00, 0x00, 0x00,
  0x00, 0x00, 0x00, 0x00, 0x00, 0x00, 0x00, 0x00, 0x00, 0x00, 0x00, 0x00,
  0x00, 0x00, 0x00, 0x00, 0x00, 0x00, 0x00, 0x00, 0x00, 0x00, 0x00, 0x00,
  0x00, 0x00, 0x00, 0x00, 0x00, 0x00, 0x00, 0x00, 0x00, 0x00, 0x00, 0x00,
  0x00, 0x00, 0x00, 0x00, 0x00, 0x00, 0x00, 0x00, 0x00, 0x00, 0x00, 0x00,
  0x00, 0x00, 0x00, 0x00, 0x00, 0x00, 0x00, 0x00, 0x00, 0x00, 0x00, 0x00,
  0x00, 0x00, 0x00, 0x00, 0x00, 0x00, 0x00, 0x00, 0x00, 0x00, 0x00, 0x00,
  0x00, 0x00, 0x00, 0x00, 0x00, 0x00, 0x00, 0x00, 0x00, 0x00, 0x00, 0x00,
  0x00, 0x00, 0x00, 0x00, 0x00, 0x00, 0x00, 0x00, 0x00, 0x00, 0x00, 0x00,
  0x00, 0x00, 0x00, 0x00, 0x00, 0x00, 0x00, 0x00, 0x00, 0x00, 0x00, 0x00,
  0x00, 0x00, 0x00, 0x00, 0x00, 0x00, 0x00, 0x00, 0x00, 0x00, 0x00, 0x00,
  0x00, 0x00, 0x00, 0x00, 0x00, 0x00, 0x00, 0x00, 0x00, 0x00, 0x00, 0x00,
  0x00, 0x00, 0x00, 0x00, 0x00, 0x00, 0x00, 0x00, 0x00, 0x00, 0x00, 0x00,
  0x00, 0x00, 0x00, 0x00, 0x00, 0x00, 0x00, 0x00, 0x00, 0x00, 0x00, 0x00,
  0x00, 0x00, 0x00, 0x00, 0x00, 0x00, 0x00, 0x00, 0x00, 0x00, 0x00, 0x00,
  0x00, 0x00, 0x00, 0x00, 0x00, 0x00, 0x00, 0x00, 0x00, 0x00, 0x00, 0x00,
  0x00, 0x00, 0x00, 0x00, 0x00, 0x00, 0x00, 0x00, 0x00, 0x00, 0x00, 0x00,
  0x00, 0x00, 0x00, 0x00, 0x00, 0x00, 0x00, 0x00, 0x00, 0x00, 0x00, 0x00,
  0x00, 0x00, 0x00, 0x00, 0x00, 0x00, 0x00, 0x00, 0x00, 0x00, 0x00, 0x00,
  0x00, 0x00, 0x00, 0x00, 0x00, 0x00, 0x00, 0x00, 0x00, 0x00, 0x00, 0x00,
  0x00, 0x00, 0x00, 0x00, 0x00, 0x00, 0x00, 0x00, 0x00, 0x00, 0x00, 0x00,
  0x00, 0x00, 0x00, 0x00, 0x00, 0x00, 0x00, 0x00, 0x00, 0x00, 0x00, 0x00,
  0x00, 0x00, 0x00, 0x00, 0x00, 0x00, 0x00, 0x00, 0x00, 0x00, 0x00, 0x00,
  0x00, 0x00, 0x00, 0x00, 0x00, 0x00, 0x00, 0x00, 0x00, 0x00, 0x00, 0x00,
  0x00, 0x00, 0x00, 0x00, 0x00, 0x00, 0x00, 0x00, 0x00, 0x00, 0x00, 0x00,
  0x00, 0x00, 0x00, 0x00, 0x00, 0x00, 0x00, 0x00, 0x00, 0x00, 0x00, 0x00,
  0x00, 0x00, 0x00, 0x00, 0x00, 0x00, 0x00, 0x00, 0x00, 0x00, 0x00, 0x00,
  0x00, 0x00, 0x00, 0x00, 0x00, 0x00, 0x00, 0x00, 0x00, 0x00, 0x00, 0x00,
  0x00, 0x00, 0x00, 0x00, 0x00, 0x00, 0x00, 0x00, 0x00, 0x00, 0x00, 0x00,
  0x00, 0x00, 0x00, 0x00, 0x00, 0x00, 0x00, 0x00, 0x00, 0x00, 0x00, 0x00,
  0x00, 0x00, 0x00, 0x00, 0x00, 0x00, 0x00, 0x00, 0x00, 0x00, 0x00, 0x00,
  0x00, 0x00, 0x00, 0x00, 0x00, 0x00, 0x00, 0x00, 0x00, 0x00, 0x00, 0x00,
  0x00, 0x00, 0x00, 0x00, 0x00, 0x00, 0x00, 0x00, 0x00, 0x00, 0x00, 0x00,
  0x00, 0x00, 0x00, 0x00, 0x00, 0x00, 0x00, 0x00, 0x00, 0x00, 0x00, 0x00,
  0x00, 0x00, 0x00, 0x00, 0x00, 0x00, 0x00, 0x00, 0x00, 0x00, 0x00, 0x00,
  0x00, 0x00, 0x00, 0x00, 0x00, 0x00, 0x00, 0x00, 0x00, 0x00, 0x00, 0x00,
  0x00, 0x00, 0x00, 0x00, 0x00, 0x00, 0x00, 0x00, 0x00, 0x00, 0x00, 0x00,
  0x00, 0x00, 0x00, 0x00, 0x00, 0x00, 0x00, 0x00, 0x00, 0x00, 0x00, 0x00,
  0x00, 0x00, 0x00, 0x00, 0x00, 0x00, 0x00, 0x00, 0x00, 0x00, 0x00, 0x00,
  0x00, 0x00, 0x00, 0x00, 0x00, 0x00, 0x00, 0x00, 0x00, 0x00, 0x00, 0x00,
  0x00, 0x00, 0x00, 0x00, 0x00, 0x00, 0x00, 0x00, 0x00, 0x00, 0x00, 0x00,
  0x00, 0x00, 0x00, 0x00, 0x00, 0x00, 0x00, 0x00, 0x00, 0x00, 0x00, 0x00,
  0x00, 0x00, 0x00, 0x00, 0x00, 0x00, 0x00, 0x00, 0x00, 0x00, 0x00, 0x00,
  0x00, 0x00, 0x00, 0x00, 0x00, 0x00, 0x00, 0x00, 0x00, 0x00, 0x00, 0x00,
  0x00, 0x00, 0x00, 0x00, 0x00, 0x00, 0x00, 0x00, 0x00, 0x00, 0x00, 0x00,
  0x00, 0x00, 0x00, 0x00, 0x00, 0x00, 0x00, 0x00, 0x00, 0x00, 0x00, 0x00,
  0x00, 0x00, 0x00, 0x00, 0x00, 0x00, 0x00, 0x00, 0x00, 0x00, 0x00, 0x00,
  0x00, 0x00, 0x00, 0x00, 0x00, 0x00, 0x00, 0x00, 0x00, 0x00, 0x00, 0x00,
  0x00, 0x00, 0x00, 0x00, 0x00, 0x00, 0x00, 0x00, 0x00, 0x00, 0x00, 0x00,
  0x00, 0x00, 0x00, 0x00, 0x00, 0x00, 0x00, 0x00, 0x00, 0x00, 0x00, 0x00,
  0x00, 0x00, 0x00, 0x00, 0x00, 0x00, 0x00, 0x00, 0x00, 0x00, 0x00, 0x00,
  0x00, 0x00, 0x00, 0x00, 0x00, 0x00, 0x00, 0x00, 0x00, 0x00, 0x00, 0x00,
  0x00, 0x00, 0x00, 0x00, 0x00, 0x00, 0x00, 0x00, 0x00, 0x00, 0x00, 0x00,
  0x00, 0x00, 0x00, 0x00, 0x00, 0x00, 0x00, 0x00, 0x00, 0x00, 0x00, 0x00,
  0x00, 0x00, 0x00, 0x00, 0x00, 0x00, 0x00, 0x00, 0x00, 0x00, 0x00, 0x00,
  0x00, 0x00, 0x00, 0x00, 0x00, 0x00, 0x00, 0x00, 0x00, 0x00, 0x00, 0x00,
  0x00, 0x00, 0x00, 0x00, 0x00, 0x00, 0x00, 0x00, 0x00, 0x00, 0x00, 0x00,
  0x00, 0x00, 0x00, 0x00, 0x00, 0x00, 0x00, 0x00, 0x00, 0x00, 0x00, 0x00,
  0x00, 0x00, 0x00, 0x00, 0x00, 0x00, 0x00, 0x00, 0x00, 0x00, 0x00, 0x00,
  0x00, 0x00, 0x00, 0x00, 0x00, 0x00, 0x00, 0x00, 0x00, 0x00, 0x00, 0x00,
  0x00, 0x00, 0x00, 0x00, 0x00, 0x00, 0x00, 0x00, 0x00, 0x00, 0x00, 0x00,
  0x00, 0x00, 0x00, 0x00, 0x00, 0x00, 0x00, 0x00, 0x00, 0x00, 0x00, 0x00,
  0x00, 0x00, 0x00, 0x00, 0x00, 0x00, 0x00, 0x00, 0x00, 0x00, 0x00, 0x00,
  0x00, 0x00, 0x00, 0x00, 0x00, 0x00, 0x00, 0x00, 0x00, 0x00, 0x00, 0x00,
  0x00, 0x00, 0x00, 0x00, 0x00, 0x00, 0x00, 0x00, 0x00, 0x00, 0x00, 0x00,
  0x00, 0x00, 0x00, 0x00, 0x00, 0x00, 0x00, 0x00, 0x00, 0x00, 0x00, 0x00,
  0x00, 0x00, 0x00, 0x00, 0x00, 0x00, 0x00, 0x00, 0x00, 0x00, 0x00, 0x00,
  0x00, 0x00, 0x00, 0x00, 0x00, 0x00, 0x00, 0x00, 0x00, 0x00, 0x00, 0x00,
  0x00, 0x00, 0x00, 0x00, 0x00, 0x00, 0x00, 0x00, 0x00, 0x00, 0x00, 0x00,
  0x00, 0x00, 0x00, 0x00, 0x00, 0x00, 0x00, 0x00, 0x00, 0x00, 0x00, 0x00,
  0x00, 0x00, 0x00, 0x00, 0x00, 0x00, 0x00, 0x00, 0x00, 0x00, 0x00, 0x00,
  0x00, 0x00, 0x00, 0x00, 0x00, 0x00, 0x00, 0x00, 0x00, 0x00, 0x00, 0x00,
  0x00, 0x00, 0x00, 0x00, 0x00, 0x00, 0x00, 0x00, 0x00, 0x00, 0x00, 0x00,
  0x00, 0x00, 0x00, 0x00, 0x00, 0x00, 0x00, 0x00, 0x00, 0x00, 0x00, 0x00,
  0x00, 0x00, 0x00, 0x00, 0x00, 0x00, 0x00, 0x00, 0x00, 0x00, 0x00, 0x00,
  0x00, 0x00, 0x00, 0x00, 0x00, 0x00, 0x00, 0x00, 0x00, 0x00, 0x00, 0x00,
  0x00, 0x00, 0x00, 0x00, 0x00, 0x00, 0x00, 0x00, 0x00, 0x00, 0x00, 0x00,
  0x00, 0x00, 0x00, 0x00, 0x00, 0x00, 0x00, 0x00, 0x00, 0x00, 0x00, 0x00,
  0x00, 0x00, 0x00, 0x00, 0x00, 0x00, 0x00, 0x00, 0x00, 0x00, 0x00, 0x00,
  0x00, 0x00, 0x00, 0x00, 0x00, 0x00, 0x00, 0x00, 0x00, 0x00, 0x00, 0x00,
  0x00, 0x00, 0x00, 0x00, 0x00, 0x00, 0x00, 0x00, 0x00, 0x00, 0x00, 0x00,
  0x00, 0x00, 0x00, 0x00, 0x00, 0x00, 0x00, 0x00, 0x00, 0x00, 0x00, 0x00,
  0x00, 0x00, 0x00, 0x00, 0x00, 0x00, 0x00, 0x00, 0x00, 0x00, 0x00, 0x00,
  0x00, 0x00, 0x00, 0x00, 0x00, 0x00, 0x00, 0x00, 0x00, 0x00, 0x00, 0x00,
  0x00, 0x00, 0x00, 0x00, 0x00, 0x00, 0x00, 0x00, 0x00, 0x00, 0x00, 0x00,
  0x00, 0x00, 0x00, 0x00, 0x00, 0x00, 0x00, 0x00, 0x00, 0x00, 0x00, 0x00,
  0x00, 0x00, 0x00, 0x00, 0x00, 0x00, 0x00, 0x00, 0x00, 0x00, 0x00, 0x00,
  0x00, 0x00, 0x00, 0x00, 0x00, 0x00, 0x00, 0x00, 0x00, 0x00, 0x00, 0x00,
  0x00, 0x00, 0x00, 0x00, 0x00, 0x00, 0x00, 0x00, 0x00, 0x00, 0x00, 0x00,
  0x00, 0x00, 0x00, 0x00, 0x00, 0x00, 0x00, 0x00, 0x00, 0x00, 0x00, 0x00,
  0x00, 0x00, 0x00, 0x00, 0x00, 0x00, 0x00, 0x00, 0x00, 0x00, 0x00, 0x00,
  0x00, 0x00, 0x00, 0x00, 0x00, 0x00, 0x00, 0x00, 0x00, 0x00, 0x00, 0x00,
  0x00, 0x00, 0x00, 0x00, 0x00, 0x00, 0x00, 0x00, 0x00, 0x00, 0x00, 0x00,
  0x00, 0x00, 0x00, 0x00, 0x00, 0x00, 0x00, 0x00, 0x00, 0x00, 0x00, 0x00,
  0x00, 0x00, 0x00, 0x00, 0x00, 0x00, 0x00, 0x00, 0x00, 0x00, 0x00, 0x00,
  0x00, 0x00, 0x00, 0x00, 0x00, 0x00, 0x00, 0x00, 0x00, 0x00, 0x00, 0x00,
  0x00, 0x00, 0x00, 0x00, 0x00, 0x00, 0x00, 0x00, 0x00, 0x00, 0x00, 0x00,
  0x00, 0x00, 0x00, 0x00, 0x00, 0x00, 0x00, 0x00, 0x00, 0x00, 0x00, 0x00,
  0x00, 0x00, 0x00, 0x00, 0x00, 0x00, 0x00, 0x00, 0x00, 0x00, 0x00, 0x00,
  0x00, 0x00, 0x00, 0x00, 0x00, 0x00, 0x00, 0x00, 0x00, 0x00, 0x00, 0x00,
  0x00, 0x00, 0x00, 0x00, 0x00, 0x00, 0x00, 0x00, 0x00, 0x00, 0x00, 0x00,
  0x00, 0x00, 0x00, 0x00, 0x00, 0x00, 0x00, 0x00, 0x00, 0x00, 0x00, 0x00,
  0x00, 0x00, 0x00, 0x00, 0x00, 0x00, 0x00, 0x00, 0x00, 0x00, 0x00, 0x00,
  0x00, 0x00, 0x00, 0x00, 0x00, 0x00, 0x00, 0x00, 0x00, 0x00, 0x00, 0x00,
  0x00, 0x00, 0x00, 0x00, 0x00, 0x00, 0x00, 0x00, 0x00, 0x00, 0x00, 0x00,
  0x00, 0x00, 0x00, 0x00, 0x00, 0x00, 0x00, 0x00, 0x00, 0x00, 0x00, 0x00,
  0x00, 0x00, 0x00, 0x00, 0x00, 0x00, 0x00, 0x00, 0x00, 0x00, 0x00, 0x00,
  0x00, 0x00, 0x00, 0x00, 0x00, 0x00, 0x00, 0x00, 0x00, 0x00, 0x00, 0x00,
  0x00, 0x00, 0x00, 0x00, 0x00, 0x00, 0x00, 0x00, 0x00, 0x00, 0x00, 0x00,
  0x00, 0x00, 0x00, 0x00, 0x00, 0x00, 0x00, 0x00, 0x00, 0x00, 0x00, 0x00,
  0x00, 0x00, 0x00, 0x00, 0x00, 0x00, 0x00, 0x00, 0x00, 0x00, 0x00, 0x00,
  0x00, 0x00, 0x00, 0x00, 0x00, 0x00, 0x00, 0x00, 0x00, 0x00, 0x00, 0x00,
  0x00, 0x00, 0x00, 0x00, 0x00, 0x00, 0x00, 0x00, 0x00, 0x00, 0x00, 0x00,
  0x00, 0x00, 0x00, 0x00, 0x00, 0x00, 0x00, 0x00, 0x00, 0x00, 0x00, 0x00,
  0x00, 0x00, 0x00, 0x00, 0x00, 0x00, 0x00, 0x00, 0x00, 0x00, 0x00, 0x00,
  0x00, 0x00, 0x00, 0x00, 0x00, 0x00, 0x00, 0x00, 0x00, 0x00, 0x00, 0x00,
  0x00, 0x00, 0x00, 0x00, 0x00, 0x00, 0x00, 0x00, 0x00, 0x00, 0x00, 0x00,
  0x00, 0x00, 0x00, 0x00, 0x00, 0x00, 0x00, 0x00, 0x00, 0x00, 0x00, 0x00,
  0x00, 0x00, 0x00, 0x00, 0x00, 0x00, 0x00, 0x00, 0x00, 0x00, 0x00, 0x00,
  0x00, 0x00, 0x00, 0x00, 0x00, 0x00, 0x00, 0x00, 0x00, 0x00, 0x00, 0x00,
  0x00, 0x00, 0x00, 0x00, 0x00, 0x00, 0x00, 0x00, 0x00, 0x00, 0x00, 0x00,
  0x00, 0x00, 0x00, 0x00, 0x00, 0x00, 0x00, 0x00, 0x00, 0x00, 0x00, 0x00,
  0x00, 0x00, 0x00, 0x00, 0x00, 0x00, 0x00, 0x00, 0x00, 0x00, 0x00, 0x00,
  0x00, 0x00, 0x00, 0x00, 0x00, 0x00, 0x00, 0x00, 0x00, 0x00, 0x00, 0x00,
  0x00, 0x00, 0x00, 0x00, 0x00, 0x00, 0x00, 0x00, 0x00, 0x00, 0x00, 0x00,
  0x00, 0x00, 0x00, 0x00, 0x00, 0x00, 0x00, 0x00, 0x00, 0x00, 0x00, 0x00,
  0x00, 0x00, 0x00, 0x00, 0x00, 0x00, 0x00, 0x00, 0x00, 0x00, 0x00, 0x00,
  0x00, 0x00, 0x00, 0x00, 0x00, 0x00, 0x00, 0x00, 0x00, 0x00, 0x00, 0x00,
  0x00, 0x00, 0x00, 0x00, 0x00, 0x00, 0x00, 0x00, 0x00, 0x00, 0x00, 0x00,
  0x00, 0x00, 0x00, 0x00, 0x00, 0x00, 0x00, 0x00, 0x00, 0x00, 0x00, 0x00,
  0x00, 0x00, 0x00, 0x00, 0x00, 0x00, 0x00, 0x00, 0x00, 0x00, 0x00, 0x00,
  0x00, 0x00, 0x00, 0x00, 0x00, 0x00, 0x00, 0x00, 0x00, 0x00, 0x00, 0x00,
  0x00, 0x00, 0x00, 0x00, 0x00, 0x00, 0x00, 0x00, 0x00, 0x00, 0x00, 0x00,
  0x00, 0x00, 0x00, 0x00, 0x00, 0x00, 0x00, 0x00, 0x00, 0x00, 0x00, 0x00,
  0x00, 0x00, 0x00, 0x00, 0x00, 0x00, 0x00, 0x00, 0x00, 0x00, 0x00, 0x00,
  0x00, 0x00, 0x00, 0x00, 0x00, 0x00, 0x00, 0x00, 0x00, 0x00, 0x00, 0x00,
  0x00, 0x00, 0x00, 0x00, 0x00, 0x00, 0x00, 0x00, 0x00, 0x00, 0x00, 0x00,
  0x00, 0x00, 0x00, 0x00, 0x00, 0x00, 0x00, 0x00, 0x00, 0x00, 0x00, 0x00,
  0x00, 0x00, 0x00, 0x00, 0x00, 0x00, 0x00, 0x00, 0x00, 0x00, 0x00, 0x00,
  0x00, 0x00, 0x00, 0x00, 0x00, 0x00, 0x00, 0x00, 0x00, 0x00, 0x00, 0x00,
  0x00, 0x00, 0x00, 0x00, 0x00, 0x00, 0x00, 0x00, 0x00, 0x00, 0x00, 0x00,
  0x00, 0x00, 0x00, 0x00, 0x00, 0x00, 0x00, 0x00, 0x00, 0x00, 0x00, 0x00,
  0x00, 0x00, 0x00, 0x00, 0x00, 0x00, 0x00, 0x00, 0x00, 0x00, 0x00, 0x00,
  0x00, 0x00, 0x00, 0x00, 0x00, 0x00, 0x00, 0x00, 0x00, 0x00, 0x00, 0x00,
  0x00, 0x00, 0x00, 0x00, 0x00, 0x00, 0x00, 0x00, 0x00, 0x00, 0x00, 0x00,
  0x00, 0x00, 0x00, 0x00, 0x00, 0x00, 0x00, 0x00, 0x00, 0x00, 0x00, 0x00,
  0x00, 0x00, 0x00, 0x00, 0x00, 0x00, 0x00, 0x00, 0x00, 0x00, 0x00, 0x00,
  0x00, 0x00, 0x00, 0x00, 0x00, 0x00, 0x00, 0x00, 0x00, 0x00, 0x00, 0x00,
  0x00, 0x00, 0x00, 0x00, 0x00, 0x00, 0x00, 0x00, 0x00, 0x00, 0x00, 0x00,
  0x00, 0x00, 0x00, 0x00, 0x00, 0x00, 0x00, 0x00, 0x00, 0x00, 0x00, 0x00,
  0x00, 0x00, 0x00, 0x00, 0x00, 0x00, 0x00, 0x00, 0x00, 0x00, 0x00, 0x00,
  0x00, 0x00, 0x00, 0x00, 0x00, 0x00, 0x00, 0x00, 0x00, 0x00, 0x00, 0x00,
  0x00, 0x00, 0x00, 0x00, 0x00, 0x00, 0x00, 0x00, 0x00, 0x00, 0x00, 0x00,
  0x00, 0x00, 0x00, 0x00, 0x00, 0x00, 0x00, 0x00, 0x00, 0x00, 0x00, 0x00,
  0x00, 0x00, 0x00, 0x00, 0x00, 0x00, 0x00, 0x00, 0x00, 0x00, 0x00, 0x00,
  0x00, 0x00, 0x00, 0x00, 0x00, 0x00, 0x00, 0x00, 0x00, 0x00, 0x00, 0x00,
  0x00, 0x00, 0x00, 0x00, 0x00, 0x00, 0x00, 0x00, 0x00, 0x00, 0x00, 0x00,
  0x00, 0x00, 0x00, 0x00, 0x00, 0x00, 0x00, 0x00, 0x00, 0x00, 0x00, 0x00,
  0x00, 0x00, 0x00, 0x00, 0x00, 0x00, 0x00, 0x00, 0x00, 0x00, 0x00, 0x00,
  0x00, 0x00, 0x00, 0x00, 0x00, 0x00, 0x00, 0x00, 0x00, 0x00, 0x00, 0x00,
  0x00, 0x00, 0x00, 0x00, 0x00, 0x00, 0x00, 0x00, 0x00, 0x00, 0x00, 0x00,
  0x00, 0x00, 0x00, 0x00, 0x00, 0x00, 0x00, 0x00, 0x00, 0x00, 0x00, 0x00,
  0x00, 0x00, 0x00, 0x00, 0x00, 0x00, 0x00, 0x00, 0x00, 0x00, 0x00, 0x00,
  0x00, 0x00, 0x00, 0x00, 0x00, 0x00, 0x00, 0x00, 0x00, 0x00, 0x00, 0x00,
  0x00, 0x00, 0x00, 0x00, 0x00, 0x00, 0x00, 0x00, 0x00, 0x00, 0x00, 0x00,
  0x00, 0x00, 0x00, 0x00, 0x00, 0x00, 0x00, 0x00, 0x00, 0x00, 0x00, 0x00,
  0x00, 0x00, 0x00, 0x00, 0x00, 0x00, 0x00, 0x00, 0x00, 0x00, 0x00, 0x00,
  0x00, 0x00, 0x00, 0x00, 0x00, 0x00, 0x00, 0x00, 0x00, 0x00, 0x00, 0x00,
  0x00, 0x00, 0x00, 0x00, 0x00, 0x00, 0x00, 0x00, 0x00, 0x00, 0x00, 0x00,
  0x00, 0x00, 0x00, 0x00, 0x00, 0x00, 0x00, 0x00, 0x00, 0x00, 0x00, 0x00,
  0x00, 0x00, 0x00, 0x00, 0x00, 0x00, 0x00, 0x00, 0x00, 0x00, 0x00, 0x00,
  0x00, 0x00, 0x00, 0x00, 0x00, 0x00, 0x00, 0x00, 0x00, 0x00, 0x00, 0x00,
  0x00, 0x00, 0x00, 0x00, 0x00, 0x00, 0x00, 0x00, 0x00, 0x00, 0x00, 0x00,
  0x00, 0x00, 0x00, 0x00, 0x00, 0x00, 0x00, 0x00, 0x00, 0x00, 0x00, 0x00,
  0x00, 0x00, 0x00, 0x00, 0x00, 0x00, 0x00, 0x00, 0x00, 0x00, 0x00, 0x00,
  0x00, 0x00, 0x00, 0x00, 0x00, 0x00, 0x00, 0x00, 0x00, 0x00, 0x00, 0x00,
  0x00, 0x00, 0x00, 0x00, 0x00, 0x00, 0x00, 0x00, 0x00, 0x00, 0x00, 0x00,
  0x00, 0x00, 0x00, 0x00, 0x00, 0x00, 0x00, 0x00, 0x00, 0x00, 0x00, 0x00,
  0x00, 0x00, 0x00, 0x00, 0x00, 0x00, 0x00, 0x00, 0x00, 0x00, 0x00, 0x00,
  0x00, 0x00, 0x00, 0x00, 0x00, 0x00, 0x00, 0x00, 0x00, 0x00, 0x00, 0x00,
  0x00, 0x00, 0x00, 0x00, 0x00, 0x00, 0x00, 0x00, 0x00, 0x00, 0x00, 0x00,
  0x00, 0x00, 0x00, 0x00, 0x00, 0x00, 0x00, 0x00, 0x00, 0x00, 0x00, 0x00,
  0x00, 0x00, 0x00, 0x00, 0x00, 0x00, 0x00, 0x00, 0x00, 0x00, 0x00, 0x00,
  0x00, 0x00, 0x00, 0x00, 0x00, 0x00, 0x00, 0x00, 0x00, 0x00, 0x00, 0x00,
  0x00, 0x00, 0x00, 0x00, 0x00, 0x00, 0x00, 0x00, 0x00, 0x00, 0x00, 0x00,
  0x00, 0x00, 0x00, 0x00, 0x00, 0x00, 0x00, 0x00, 0x00, 0x00, 0x00, 0x00,
  0x00, 0x00, 0x00, 0x00, 0x00, 0x00, 0x00, 0x00, 0x00, 0x00, 0x00, 0x00,
  0x00, 0x00, 0x00, 0x00, 0x00, 0x00, 0x00, 0x00, 0x00, 0x00, 0x00, 0x00,
  0x00, 0x00, 0x00, 0x00, 0x00, 0x00, 0x00, 0x00, 0x00, 0x00, 0x00, 0x00,
  0x00, 0x00, 0x00, 0x00, 0x00, 0x00, 0x00, 0x00, 0x00, 0x00, 0x00, 0x00,
  0x00, 0x00, 0x00, 0x00, 0x00, 0x00, 0x00, 0x00, 0x00, 0x00, 0x00, 0x00,
  0x00, 0x00, 0x00, 0x00, 0x00, 0x00, 0x00, 0x00, 0x00, 0x00, 0x00, 0x00,
  0x00, 0x00, 0x00, 0x00, 0x00, 0x00, 0x00, 0x00, 0x00, 0x00, 0x00, 0x00,
  0x00, 0x00, 0x00, 0x00, 0x00, 0x00, 0x00, 0x00, 0x00, 0x00, 0x00, 0x00,
  0x00, 0x00, 0x00, 0x00, 0x00, 0x00, 0x00, 0x00, 0x00, 0x00, 0x00, 0x00,
  0x00, 0x00, 0x00, 0x00, 0x00, 0x00, 0x00, 0x00, 0x00, 0x00, 0x00, 0x00,
  0x00, 0x00, 0x00, 0x00, 0x00, 0x00, 0x00, 0x00, 0x00, 0x00, 0x00, 0x00,
  0x00, 0x00, 0x00, 0x00, 0x00, 0x00, 0x00, 0x00, 0x00, 0x00, 0x00, 0x00,
  0x00, 0x00, 0x00, 0x00, 0x00, 0x00, 0x00, 0x00, 0x01, 0x00, 0x00, 0x00,
  0x2f, 0x00, 0x00, 0x00, 0x00, 0x00, 0x00, 0x00, 0x00, 0x00, 0x00, 0x00,
  0x00, 0x00, 0x00, 0x00, 0x00, 0x00, 0x00, 0x00, 0x00, 0x00, 0x00, 0x00,
  0x00, 0x00, 0x00, 0x00, 0x00, 0x00, 0x00, 0x00, 0x00, 0x00, 0x00, 0x00,
  0x00, 0x00, 0x00, 0x00, 0x00, 0x00, 0x00, 0x00, 0x00, 0x00, 0x00, 0x00,
  0x00, 0x00, 0x00, 0x00, 0x00, 0x00, 0x00, 0x00, 0x00, 0x00, 0x00, 0x00,
  0x00, 0x00, 0x00, 0x00, 0x00, 0x00, 0x00, 0x00, 0x00, 0x00, 0x00, 0x00,
  0x00, 0x00, 0x00, 0x00, 0x00, 0x00, 0x00, 0x00, 0x00, 0x00, 0x00, 0x00,
  0x00, 0x00, 0x00, 0x00, 0x00, 0x00, 0x00, 0x00, 0x00, 0x00, 0x00, 0x00,
  0x00, 0x00, 0x00, 0x00, 0x00, 0x00, 0x00, 0x00, 0x00, 0x00, 0x00, 0x00,
  0x00, 0x00, 0x00, 0x00, 0x00, 0x00, 0x00, 0x00, 0x00, 0x00, 0x00, 0x00,
  0x00, 0x00, 0x00, 0x00, 0x00, 0x00, 0x00, 0x00, 0x00, 0x00, 0x00, 0x00,
  0x00, 0x00, 0x00, 0x00, 0x00, 0x00, 0x00, 0x00, 0x00, 0x00, 0x00, 0x00,
  0x00, 0x00, 0x00, 0x00, 0x00, 0x00, 0x00, 0x00, 0x00, 0x00, 0x00, 0x00,
  0x00, 0x00, 0x00, 0x00, 0x00, 0x00, 0x00, 0x00, 0x00, 0x00, 0x00, 0x00,
  0x00, 0x00, 0x00, 0x00, 0x00, 0x00, 0x00, 0x00, 0x00, 0x00, 0x00, 0x00,
  0x00, 0x00, 0x00, 0x00, 0x00, 0x00, 0x00, 0x00, 0x00, 0x00, 0x00, 0x00,
  0x00, 0x00, 0x00, 0x00, 0x00, 0x00, 0x00, 0x00, 0x00, 0x00, 0x00, 0x00,
  0x00, 0x00, 0x00, 0x00, 0x00, 0x00, 0x00, 0x00, 0x00, 0x00, 0x00, 0x00,
  0x00, 0x00, 0x00, 0x00, 0x00, 0x00, 0x00, 0x00, 0x00, 0x00, 0x00, 0x00,
  0x00, 0x00, 0x00, 0x00, 0x00, 0x00, 0x00, 0x00, 0x00, 0x00, 0x00, 0x00,
  0x00, 0x00, 0x00, 0x00, 0x00, 0x00, 0x00, 0x00, 0x00, 0x00, 0x00, 0x00,
  0x00, 0x00, 0x00, 0x00, 0x00, 0x00, 0xad, 0xde, 0x00, 0x00, 0x00, 0x00,
  0x00, 0x00, 0x00, 0x00, 0x00, 0x00, 0x00, 0x00, 0x00, 0x00, 0x00, 0x00,
  0x00, 0x00, 0x00, 0x00, 0x00, 0x00, 0x00, 0x00, 0x00, 0x00, 0x00, 0x00,
  0x00, 0x00, 0x00, 0x00, 0x00, 0x00, 0x00, 0x00, 0x00, 0x00, 0x00, 0x00,
  0x00, 0x00, 0x00, 0x00, 0x00, 0x00, 0x00, 0x00, 0x00, 0x00, 0x00, 0x00,
  0x00, 0x00, 0x00, 0x00, 0x00, 0x00, 0x00, 0x00, 0x00, 0x00, 0x00, 0x00,
  0x00, 0x00, 0x00, 0x00, 0x00, 0x00, 0x00, 0x00, 0x00, 0x00, 0x00, 0x00,
  0x00, 0x00, 0x00, 0x00, 0x00, 0x00, 0x00, 0x00, 0x00, 0x00, 0x00, 0x00,
  0x00, 0x00, 0x00, 0x00, 0x00, 0x00, 0x00, 0x00, 0x00, 0x00, 0x00, 0x00,
  0x00, 0x00, 0x00, 0x00, 0x00, 0x00, 0x00, 0x00, 0x00, 0x00, 0x00, 0x00,
  0x00, 0x00, 0x00, 0x00, 0x00, 0x00, 0x00, 0x00, 0x00, 0x00, 0x00, 0x00,
  0x00, 0x00, 0x00, 0x00, 0x00, 0x00, 0x00, 0x00, 0x00, 0x00, 0x00, 0x00,
  0x00, 0x00, 0x00, 0x00, 0x00, 0x00, 0x00, 0x00, 0x00, 0x00, 0x00, 0x00,
  0xff, 0xff, 0xff, 0xff, 0x90, 0x01, 0x00, 0x00, 0x2c, 0x01, 0x00, 0x00,
  0x00, 0x00, 0x00, 0x00, 0x00, 0x00, 0x00, 0x00, 0x00, 0x00, 0x00, 0x00,
  0x00, 0x00, 0x00, 0x00, 0x00, 0x00, 0x00, 0x00, 0x00, 0x00, 0x00, 0x00,
  0x01, 0x00, 0x00, 0x00, 0x00, 0x00, 0x00, 0x00, 0x00, 0x00, 0x00, 0x00,
  0x04, 0x00, 0xf1, 0xff, 0x07, 0x00, 0x00, 0x00, 0x00, 0x00, 0x80, 0x00,
  0x44, 0x00, 0x00, 0x00, 0x00, 0x00, 0x01, 0x00, 0x0e, 0x00, 0x00, 0x00,
  0x44, 0x00, 0x80, 0x00, 0x39, 0x00, 0x00, 0x00, 0x00, 0x00, 0x01, 0x00,
  0x15, 0x00, 0x00, 0x00, 0x80, 0x00, 0x80, 0x00, 0x34, 0x00, 0x00, 0x00,
  0x00, 0x00, 0x01, 0x00, 0x21, 0x00, 0x00, 0x00, 0xb4, 0x00, 0x80, 0x00,
  0x2c, 0x00, 0x00, 0x00, 0x00, 0x00, 0x01, 0x00, 0x2d, 0x00, 0x00, 0x00,
  0xe0, 0x00, 0x80, 0x00, 0x60, 0x00, 0x00, 0x00, 0x00, 0x00, 0x01, 0x00,
  0x3a, 0x00, 0x00, 0x00, 0x40, 0x01, 0x80, 0x00, 0x4b, 0x00, 0x00, 0x00,
  0x00, 0x00, 0x01, 0x00, 0x46, 0x00, 0x00, 0x00, 0x8c, 0x01, 0x80, 0x00,
  0x3a, 0x00, 0x00, 0x00, 0x00, 0x00, 0x01, 0x00, 0x52, 0x00, 0x00, 0x00,
  0xc8, 0x01, 0x80, 0x00, 0x5c, 0x00, 0x00, 0x00, 0x00, 0x00, 0x01, 0x00,
  0x5f, 0x00, 0x00, 0x00, 0x24, 0x02, 0x80, 0x00, 0x69, 0x00, 0x00, 0x00,
  0x00, 0x00, 0x01, 0x00, 0x6c, 0x00, 0x00, 0x00, 0x90, 0x02, 0x80, 0x00,
  0x47, 0x00, 0x00, 0x00, 0x00, 0x00, 0x01, 0x00, 0x79, 0x00, 0x00, 0x00,
  0xd8, 0x02, 0x80, 0x00, 0x3b, 0x00, 0x00, 0x00, 0x00, 0x00, 0x01, 0x00,
  0x85, 0x00, 0x00, 0x00, 0x14, 0x03, 0x80, 0x00, 0x1f, 0x00, 0x00, 0x00,
  0x00, 0x00, 0x01, 0x00, 0x92, 0x00, 0x00, 0x00, 0x34, 0x03, 0x80, 0x00,
  0x23, 0x00, 0x00, 0x00, 0x00, 0x00, 0x01, 0x00, 0x9b, 0x00, 0x00, 0x00,
  0x58, 0x03, 0x80, 0x00, 0x1b, 0x00, 0x00, 0x00, 0x00, 0x00, 0x01, 0x00,
  0xa9, 0x00, 0x00, 0x00, 0x74, 0x03, 0x80, 0x00, 0x20, 0x00, 0x00, 0x00,
  0x00, 0x00, 0x01, 0x00, 0xb2, 0x00, 0x00, 0x00, 0x94, 0x03, 0x80, 0x00,
  0x22, 0x00, 0x00, 0x00, 0x00, 0x00, 0x01, 0x00, 0xbf, 0x00, 0x00, 0x00,
  0xb8, 0x03, 0x80, 0x00, 0x28, 0x00, 0x00, 0x00, 0x00, 0x00, 0x01, 0x00,
  0xc8, 0x00, 0x00, 0x00, 0xe0, 0x03, 0x80, 0x00, 0x22, 0x00, 0x00, 0x00,
  0x00, 0x00, 0x01, 0x00, 0xd6, 0x00, 0x00, 0x00, 0x04, 0x04, 0x80, 0x00,
  0x22, 0x00, 0x00, 0x00, 0x00, 0x00, 0x01, 0x00, 0xe7, 0x00, 0x00, 0x00,
  0x28, 0x04, 0x80, 0x00, 0x1f, 0x00, 0x00, 0x00, 0x00, 0x00, 0x01, 0x00,
  0xf6, 0x00, 0x00, 0x00, 0x48, 0x04, 0x80, 0x00, 0x1c, 0x00, 0x00, 0x00,
  0x00, 0x00, 0x01, 0x00, 0x04, 0x01, 0x00, 0x00, 0x64, 0x04, 0x80, 0x00,
  0x1c, 0x00, 0x00, 0x00, 0x00, 0x00, 0x01, 0x00, 0x12, 0x01, 0x00, 0x00,
  0x80, 0x04, 0x80, 0x00, 0x1c, 0x00, 0x00, 0x00, 0x00, 0x00, 0x01, 0x00,
  0x21, 0x01, 0x00, 0x00, 0x9c, 0x04, 0x80, 0x00, 0x1c, 0x00, 0x00, 0x00,
  0x00, 0x00, 0x01, 0x00, 0x2f, 0x01, 0x00, 0x00, 0xb8, 0x04, 0x80, 0x00,
  0x20, 0x00, 0x00, 0x00, 0x00, 0x00, 0x01, 0x00, 0x3e, 0x01, 0x00, 0x00,
  0xd8, 0x04, 0x80, 0x00, 0x1c, 0x00, 0x00, 0x00, 0x00, 0x00, 0x01, 0x00,
  0x4b, 0x01, 0x00, 0x00, 0xf4, 0x04, 0x80, 0x00, 0x1e, 0x00, 0x00, 0x00,
  0x00, 0x00, 0x01, 0x00, 0x58, 0x01, 0x00, 0x00, 0x14, 0x05, 0x80, 0x00,
  0x1c, 0x00, 0x00, 0x00, 0x00, 0x00, 0x01, 0x00, 0x66, 0x01, 0x00, 0x00,
  0x30, 0x05, 0x80, 0x00, 0x18, 0x00, 0x00, 0x00, 0x00, 0x00, 0x01, 0x00,
  0x75, 0x01, 0x00, 0x00, 0x48, 0x05, 0x80, 0x00, 0x19, 0x00, 0x00, 0x00,
  0x00, 0x00, 0x01, 0x00, 0x7e, 0x01, 0x00, 0x00, 0x64, 0x05, 0x80, 0x00,
  0x18, 0x00, 0x00, 0x00, 0x00, 0x00, 0x01, 0x00, 0x8e, 0x01, 0x00, 0x00,
  0x7c, 0x05, 0x80, 0x00, 0x18, 0x00, 0x00, 0x00, 0x00, 0x00, 0x01, 0x00,
  0x9b, 0x01, 0x00, 0x00, 0x94, 0x05, 0x80, 0x00, 0x22, 0x00, 0x00, 0x00,
  0x00, 0x00, 0x01, 0x00, 0xab, 0x01, 0x00, 0x00, 0xb8, 0x05, 0x80, 0x00,
  0x1e, 0x00, 0x00, 0x00, 0x00, 0x00, 0x01, 0x00, 0xb8, 0x01, 0x00, 0x00,
  0xd8, 0x05, 0x80, 0x00, 0x18, 0x00, 0x00, 0x00, 0x00, 0x00, 0x01, 0x00,
  0xc7, 0x01, 0x00, 0x00, 0xf0, 0x05, 0x80, 0x00, 0x18, 0x00, 0x00, 0x00,
  0x00, 0x00, 0x01, 0x00, 0xd7, 0x01, 0x00, 0x00, 0x08, 0x06, 0x80, 0x00,
  0x1b, 0x00, 0x00, 0x00, 0x00, 0x00, 0x01, 0x00, 0xe6, 0x01, 0x00, 0x00,
  0x24, 0x06, 0x80, 0x00, 0x18, 0x00, 0x00, 0x00, 0x00, 0x00, 0x01, 0x00,
  0xf5, 0x01, 0x00, 0x00, 0x3c, 0x06, 0x80, 0x00, 0x18, 0x00, 0x00, 0x00,
  0x00, 0x00, 0x01, 0x00, 0x05, 0x02, 0x00, 0x00, 0x54, 0x06, 0x80, 0x00,
  0x1b, 0x00, 0x00, 0x00, 0x00, 0x00, 0x01, 0x00, 0x14, 0x02, 0x00, 0x00,
  0x70, 0x06, 0x80, 0x00, 0x22, 0x00, 0x00, 0x00, 0x00, 0x00, 0x01, 0x00,
  0x26, 0x02, 0x00, 0x00, 0x94, 0x06, 0x80, 0x00, 0x18, 0x00, 0x00, 0x00,
  0x00, 0x00, 0x01, 0x00, 0x33, 0x02, 0x00, 0x00, 0xac, 0x06, 0x80, 0x00,
  0x1b, 0x00, 0x00, 0x00, 0x00, 0x00, 0x01, 0x00, 0x43, 0x02, 0x00, 0x00,
  0xc8, 0x06, 0x80, 0x00, 0x1b, 0x00, 0x00, 0x00, 0x00, 0x00, 0x01, 0x00,
  0x52, 0x02, 0x00, 0x00, 0xe4, 0x06, 0x80, 0x00, 0x1f, 0x00, 0x00, 0x00,
  0x00, 0x00, 0x01, 0x00, 0x62, 0x02, 0x00, 0x00, 0x04, 0x07, 0x80, 0x00,
  0x1f, 0x00, 0x00, 0x00, 0x00, 0x00, 0x01, 0x00, 0x73, 0x02, 0x00, 0x00,
  0x24, 0x07, 0x80, 0x00, 0x1b, 0x00, 0x00, 0x00, 0x00, 0x00, 0x01, 0x00,
  0x85, 0x02, 0x00, 0x00, 0x40, 0x07, 0x80, 0x00, 0x1f, 0x00, 0x00, 0x00,
  0x00, 0x00, 0x01, 0x00, 0x95, 0x02, 0x00, 0x00, 0x60, 0x07, 0x80, 0x00,
  0x22, 0x00, 0x00, 0x00, 0x00, 0x00, 0x01, 0x00, 0xa6, 0x02, 0x00, 0x00,
  0x84, 0x07, 0x80, 0x00, 0x1f, 0x00, 0x00, 0x00, 0x00, 0x00, 0x01, 0x00,
  0xb5, 0x02, 0x00, 0x00, 0xa4, 0x07, 0x80, 0x00, 0x27, 0x00, 0x00, 0x00,
  0x00, 0x00, 0x01, 0x00, 0xc3, 0x02, 0x00, 0x00, 0xcc, 0x07, 0x80, 0x00,
  0x1f, 0x00, 0x00, 0x00, 0x00, 0x00, 0x01, 0x00, 0xd2, 0x02, 0x00, 0x00,
  0xec, 0x07, 0x80, 0x00, 0x22, 0x00, 0x00, 0x00, 0x00, 0x00, 0x01, 0x00,
  0xe4, 0x02, 0x00, 0x00, 0x10, 0x08, 0x80, 0x00, 0x9d, 0x00, 0x00, 0x00,
  0x00, 0x00, 0x01, 0x00, 0xee, 0x02, 0x00, 0x00, 0xb0, 0x08, 0x80, 0x00,
  0x2e, 0x00, 0x00, 0x00, 0x00, 0x00, 0x01, 0x00, 0xf7, 0x02, 0x00, 0x00,
  0xe0, 0x08, 0x80, 0x00, 0x19, 0x00, 0x00, 0x00, 0x00, 0x00, 0x01, 0x00,
  0xfb, 0x02, 0x00, 0x00, 0xfc, 0x08, 0x80, 0x00, 0x0d, 0x00, 0x00, 0x00,
  0x00, 0x00, 0x01, 0x00, 0x00, 0x03, 0x00, 0x00, 0x0c, 0x09, 0x80, 0x00,
  0x2b, 0x00, 0x00, 0x00, 0x00, 0x00, 0x01, 0x00, 0x09, 0x03, 0x00, 0x00,
  0x38, 0x09, 0x80, 0x00, 0x41, 0x00, 0x00, 0x00, 0x00, 0x00, 0x01, 0x00,
  0x12, 0x03, 0x00, 0x00, 0x7c, 0x09, 0x80, 0x00, 0x1b, 0x00, 0x00, 0x00,
  0x00, 0x00, 0x01, 0x00, 0x1c, 0x03, 0x00, 0x00, 0x98, 0x09, 0x80, 0x00,
  0x19, 0x00, 0x00, 0x00, 0x00, 0x00, 0x01, 0x00, 0x24, 0x03, 0x00, 0x00,
  0xb4, 0x09, 0x80, 0x00, 0x12, 0x00, 0x00, 0x00, 0x00, 0x00, 0x01, 0x00,
  0x2a, 0x03, 0x00, 0x00, 0xc8, 0x09, 0x80, 0x00, 0x12, 0x00, 0x00, 0x00,
  0x00, 0x00, 0x01, 0x00, 0x30, 0x03, 0x00, 0x00, 0xdc, 0x09, 0x80, 0x00,
  0x12, 0x00, 0x00, 0x00, 0x00, 0x00, 0x01, 0x00, 0x36, 0x03, 0x00, 0x00,
  0xf0, 0x09, 0x80, 0x00, 0x12, 0x00, 0x00, 0x00, 0x00, 0x00, 0x01, 0x00,
  0x3c, 0x03, 0x00, 0x00, 0x04, 0x0a, 0x80, 0x00, 0x12, 0x00, 0x00, 0x00,
  0x00, 0x00, 0x01, 0x00, 0x42, 0x03, 0x00, 0x00, 0x18, 0x0a, 0x80, 0x00,
  0x12, 0x00, 0x00, 0x00, 0x00, 0x00, 0x01, 0x00, 0x48, 0x03, 0x00, 0x00,
  0x2c, 0x0a, 0x80, 0x00, 0x12, 0x00, 0x00, 0x00, 0x00, 0x00, 0x01, 0x00,
  0x4e, 0x03, 0x00, 0x00, 0x40, 0x0a, 0x80, 0x00, 0x31, 0x00, 0x00, 0x00,
  0x00, 0x00, 0x01, 0x00, 0x57, 0x03, 0x00, 0x00, 0x74, 0x0a, 0x80, 0x00,
  0x45, 0x00, 0x00, 0x00, 0x00, 0x00, 0x01, 0x00, 0x60, 0x03, 0x00, 0x00,
  0xbc, 0x0a, 0x80, 0x00, 0x10, 0x00, 0x00, 0x00, 0x00, 0x00, 0x01, 0x00,
  0x6b, 0x03, 0x00, 0x00, 0xcc, 0x0a, 0x80, 0x00, 0x77, 0x00, 0x00, 0x00,
  0x00, 0x00, 0x01, 0x00, 0x75, 0x03, 0x00, 0x00, 0x44, 0x0b, 0x80, 0x00,
  0x33, 0x00, 0x00, 0x00, 0x00, 0x00, 0x01, 0x00, 0x7f, 0x03, 0x00, 0x00,
  0x78, 0x0b, 0x80, 0x00, 0x28, 0x00, 0x00, 0x00, 0x00, 0x00, 0x01, 0x00,
  0x89, 0x03, 0x00, 0x00, 0xa0, 0x0b, 0x80, 0x00, 0x38, 0x00, 0x00, 0x00,
  0x00, 0x00, 0x01, 0x00, 0x92, 0x03, 0x00, 0x00, 0xd8, 0x0b, 0x80, 0x00,
  0x04, 0x01, 0x00, 0x00, 0x00, 0x00, 0x01, 0x00, 0x9d, 0x03, 0x00, 0x00,
  0xdc, 0x0c, 0x80, 0x00, 0x6f, 0x00, 0x00, 0x00, 0x00, 0x00, 0x01, 0x00,
  0xab, 0x03, 0x00, 0x00, 0x08, 0x71, 0x80, 0x00, 0x40, 0x00, 0x00, 0x00,
  0x00, 0x00, 0x03, 0x00, 0xe7, 0x07, 0x00, 0x00, 0x48, 0x71, 0x80, 0x00,
  0x40, 0x00, 0x00, 0x00, 0x00, 0x00, 0x03, 0x00, 0xb4, 0x03, 0x00, 0x00,
  0x88, 0x71, 0x80, 0x00, 0x04, 0x00, 0x00, 0x00, 0x00, 0x00, 0x03, 0x00,
  0xc2, 0x03, 0x00, 0x00, 0x8c, 0x71, 0x80, 0x00, 0x04, 0x00, 0x00, 0x00,
  0x00, 0x00, 0x03, 0x00, 0xd7, 0x03, 0x00, 0x00, 0x90, 0x71, 0x80, 0x00,
  0x04, 0x00, 0x00, 0x00, 0x00, 0x00, 0x03, 0x00, 0xe4, 0x03, 0x00, 0x00,
  0x94, 0x71, 0x80, 0x00, 0x04, 0x00, 0x00, 0x00, 0x00, 0x00, 0x03, 0x00,
  0xf3, 0x03, 0x00, 0x00, 0x98, 0x71, 0x80, 0x00, 0x04, 0x00, 0x00, 0x00,
  0x00, 0x00, 0x03, 0x00, 0x06, 0x04, 0x00, 0x00, 0x4c, 0x0d, 0x80, 0x00,
  0xa3, 0x02, 0x00, 0x00, 0x00, 0x00, 0x01, 0x00, 0x16, 0x04, 0x00, 0x00,
  0xf0, 0x0f, 0x80, 0x00, 0x61, 0x00, 0x00, 0x00, 0x00, 0x00, 0x01, 0x00,
  0x28, 0x04, 0x00, 0x00, 0x00, 0x80, 0x80, 0x00, 0x88, 0x02, 0x00, 0x00,
  0x01, 0x00, 0x04, 0x00, 0x35, 0x04, 0x00, 0x00, 0x9c, 0x71, 0x80, 0x00,
  0x04, 0x00, 0x00, 0x00, 0x00, 0x00, 0x03, 0x00, 0x49, 0x04, 0x00, 0x00,
  0x54, 0x10, 0x80, 0x00, 0x89, 0x01, 0x00, 0x00, 0x00, 0x00, 0x01, 0x00,
  0x58, 0x04, 0x00, 0x00, 0x8c, 0x12, 0x80, 0x00, 0x1e, 0x00, 0x00, 0x00,
  0x00, 0x00, 0x01, 0x00, 0x63, 0x04, 0x00, 0x00, 0x6c, 0x12, 0x80, 0x00,
  0x1e, 0x00, 0x00, 0x00, 0x00, 0x00, 0x01, 0x00, 0x6e, 0x04, 0x00, 0x00,
  0xe0, 0x11, 0x80, 0x00, 0x19, 0x00, 0x00, 0x00, 0x00, 0x00, 0x01, 0x00,
  0x78, 0x04, 0x00, 0x00, 0xcc, 0x12, 0x80, 0x00, 0x1b, 0x00, 0x00, 0x00,
  0x00, 0x00, 0x01, 0x00, 0x83, 0x04, 0x00, 0x00, 0xfc, 0x11, 0x80, 0x00,
  0x26, 0x00, 0x00, 0x00, 0x00, 0x00, 0x01, 0x00, 0x98, 0x04, 0x00, 0x00,
  0x24, 0x12, 0x80, 0x00, 0x1f, 0x00, 0x00, 0x00, 0x00, 0x00, 0x01, 0x00,
  0xa2, 0x04, 0x00, 0x00, 0xac, 0x12, 0x80, 0x00, 0x1e, 0x00, 0x00, 0x00,
  0x00, 0x00, 0x01, 0x00, 0xab, 0x04, 0x00, 0x00, 0x44, 0x12, 0x80, 0x00,
  0x25, 0x00, 0x00, 0x00, 0x00, 0x00, 0x01, 0x00, 0xb7, 0x04, 0x00, 0x00,
  0xe8, 0x12, 0x80, 0x00, 0x28, 0x00, 0x00, 0x00, 0x00, 0x00, 0x01, 0x00,
  0xbf, 0x04, 0x00, 0x00, 0x10, 0x13, 0x80, 0x00, 0x20, 0x00, 0x00, 0x00,
  0x00, 0x00, 0x01, 0x00, 0xc7, 0x04, 0x00, 0x00, 0x30, 0x13, 0x80, 0x00,
  0x6a, 0x01, 0x00, 0x00, 0x00, 0x00, 0x01, 0x00, 0xd7, 0x04, 0x00, 0x00,
  0x9c, 0x14, 0x80, 0x00, 0x67, 0x00, 0x00, 0x00, 0x00, 0x00, 0x01, 0x00,
  0xe9, 0x04, 0x00, 0x00, 0x04, 0x15, 0x80, 0x00, 0x87, 0x01, 0x00, 0x00,
  0x00, 0x00, 0x01, 0x00, 0xf6, 0x04, 0x00, 0x00, 0x00, 0x00, 0x00, 0x00,
  0x00, 0x00, 0x00, 0x00, 0x04, 0x00, 0xf1, 0xff, 0x07, 0x00, 0x00, 0x00,
  0xb0, 0x17, 0x80, 0x00, 0x44, 0x00, 0x00, 0x00, 0x00, 0x00, 0x01, 0x00,
  0x0e, 0x00, 0x00, 0x00, 0xf4, 0x17, 0x80, 0x00, 0x39, 0x00, 0x00, 0x00,
  0x00, 0x00, 0x01, 0x00, 0x15, 0x00, 0x00, 0x00, 0x30, 0x18, 0x80, 0x00,
  0x34, 0x00, 0x00, 0x00, 0x00, 0x00, 0x01, 0x00, 0x21, 0x00, 0x00, 0x00,
  0x64, 0x18, 0x80, 0x00, 0x2c, 0x00, 0x00, 0x00, 0x00, 0x00, 0x01, 0x00,
  0x2d, 0x00, 0x00, 0x00, 0x90, 0x18, 0x80, 0x00, 0x60, 0x00, 0x00, 0x00,
  0x00, 0x00, 0x01, 0x00, 0x3a, 0x00, 0x00, 0x00, 0xf0, 0x18, 0x80, 0x00,
  0x4b, 0x00, 0x00, 0x00, 0x00, 0x00, 0x01, 0x00, 0x46, 0x00, 0x00, 0x00,
  0x3c, 0x19, 0x80, 0x00, 0x3a, 0x00, 0x00, 0x00, 0x00, 0x00, 0x01, 0x00,
  0x52, 0x00, 0x00, 0x00, 0x78, 0x19, 0x80, 0x00, 0x5c, 0x00, 0x00, 0x00,
  0x00, 0x00, 0x01, 0x00, 0x5f, 0x00, 0x00, 0x00, 0xd4, 0x19, 0x80, 0x00,
  0x69, 0x00, 0x00, 0x00, 0x00, 0x00, 0x01, 0x00, 0x6c, 0x00, 0x00, 0x00,
  0x40, 0x1a, 0x80, 0x00, 0x47, 0x00, 0x00, 0x00, 0x00, 0x00, 0x01, 0x00,
  0x79, 0x00, 0x00, 0x00, 0x88, 0x1a, 0x80, 0x00, 0x3b, 0x00, 0x00, 0x00,
  0x00, 0x00, 0x01, 0x00, 0x85, 0x00, 0x00, 0x00, 0xc4, 0x1a, 0x80, 0x00,
  0x1f, 0x00, 0x00, 0x00, 0x00, 0x00, 0x01, 0x00, 0x92, 0x00, 0x00, 0x00,
  0xe4, 0x1a, 0x80, 0x00, 0x23, 0x00, 0x00, 0x00, 0x00, 0x00, 0x01, 0x00,
  0x9b, 0x00, 0x00, 0x00, 0x08, 0x1b, 0x80, 0x00, 0x1b, 0x00, 0x00, 0x00,
  0x00, 0x00, 0x01, 0x00, 0xa9, 0x00, 0x00, 0x00, 0x24, 0x1b, 0x80, 0x00,
  0x20, 0x00, 0x00, 0x00, 0x00, 0x00, 0x01, 0x00, 0xb2, 0x00, 0x00, 0x00,
  0x44, 0x1b, 0x80, 0x00, 0x22, 0x00, 0x00, 0x00, 0x00, 0x00, 0x01, 0x00,
  0xbf, 0x00, 0x00, 0x00, 0x68, 0x1b, 0x80, 0x00, 0x28, 0x00, 0x00, 0x00,
  0x00, 0x00, 0x01, 0x00, 0xc8, 0x00, 0x00, 0x00, 0x90, 0x1b, 0x80, 0x00,
  0x22, 0x00, 0x00, 0x00, 0x00, 0x00, 0x01, 0x00, 0xd6, 0x00, 0x00, 0x00,
  0xb4, 0x1b, 0x80, 0x00, 0x22, 0x00, 0x00, 0x00, 0x00, 0x00, 0x01, 0x00,
  0xe7, 0x00, 0x00, 0x00, 0xd8, 0x1b, 0x80, 0x00, 0x1f, 0x00, 0x00, 0x00,
  0x00, 0x00, 0x01, 0x00, 0xf6, 0x00, 0x00, 0x00, 0xf8, 0x1b, 0x80, 0x00,
  0x1c, 0x00, 0x00, 0x00, 0x00, 0x00, 0x01, 0x00, 0x04, 0x01, 0x00, 0x00,
  0x14, 0x1c, 0x80, 0x00, 0x1c, 0x00, 0x00, 0x00, 0x00, 0x00, 0x01, 0x00,
  0x12, 0x01, 0x00, 0x00, 0x30, 0x1c, 0x80, 0x00, 0x1c, 0x00, 0x00, 0x00,
  0x00, 0x00, 0x01, 0x00, 0x21, 0x01, 0x00, 0x00, 0x4c, 0x1c, 0x80, 0x00,
  0x1c, 0x00, 0x00, 0x00, 0x00, 0x00, 0x01, 0x00, 0x2f, 0x01, 0x00, 0x00,
  0x68, 0x1c, 0x80, 0x00, 0x20, 0x00, 0x00, 0x00, 0x00, 0x00, 0x01, 0x00,
  0x3e, 0x01, 0x00, 0x00, 0x88, 0x1c, 0x80, 0x00, 0x1c, 0x00, 0x00, 0x00,
  0x00, 0x00, 0x01, 0x00, 0x4b, 0x01, 0x00, 0x00, 0xa4, 0x1c, 0x80, 0x00,
  0x1e, 0x00, 0x00, 0x00, 0x00, 0x00, 0x01, 0x00, 0x58, 0x01, 0x00, 0x00,
  0xc4, 0x1c, 0x80, 0x00, 0x1c, 0x00, 0x00, 0x00, 0x00, 0x00, 0x01, 0x00,
  0x66, 0x01, 0x00, 0x00, 0xe0, 0x1c, 0x80, 0x00, 0x18, 0x00, 0x00, 0x00,
  0x00, 0x00, 0x01, 0x00, 0x75, 0x01, 0x00, 0x00, 0xf8, 0x1c, 0x80, 0x00,
  0x19, 0x00, 0x00, 0x00, 0x00, 0x00, 0x01, 0x00, 0x7e, 0x01, 0x00, 0x00,
  0x14, 0x1d, 0x80, 0x00, 0x18, 0x00, 0x00, 0x00, 0x00, 0x00, 0x01, 0x00,
  0x8e, 0x01, 0x00, 0x00, 0x2c, 0x1d, 0x80, 0x00, 0x18, 0x00, 0x00, 0x00,
  0x00, 0x00, 0x01, 0x00, 0x9b, 0x01, 0x00, 0x00, 0x44, 0x1d, 0x80, 0x00,
  0x22, 0x00, 0x00, 0x00, 0x00, 0x00, 0x01, 0x00, 0xab, 0x01, 0x00, 0x00,
  0x68, 0x1d, 0x80, 0x00, 0x1e, 0x00, 0x00, 0x00, 0x00, 0x00, 0x01, 0x00,
  0xb8, 0x01, 0x00, 0x00, 0x88, 0x1d, 0x80, 0x00, 0x18, 0x00, 0x00, 0x00,
  0x00, 0x00, 0x01, 0x00, 0xc7, 0x01, 0x00, 0x00, 0xa0, 0x1d, 0x80, 0x00,
  0x18, 0x00, 0x00, 0x00, 0x00, 0x00, 0x01, 0x00, 0xd7, 0x01, 0x00, 0x00,
  0xb8, 0x1d, 0x80, 0x00, 0x1b, 0x00, 0x00, 0x00, 0x00, 0x00, 0x01, 0x00,
  0xe6, 0x01, 0x00, 0x00, 0xd4, 0x1d, 0x80, 0x00, 0x18, 0x00, 0x00, 0x00,
  0x00, 0x00, 0x01, 0x00, 0xf5, 0x01, 0x00, 0x00, 0xec, 0x1d, 0x80, 0x00,
  0x18, 0x00, 0x00, 0x00, 0x00, 0x00, 0x01, 0x00, 0x05, 0x02, 0x00, 0x00,
  0x04, 0x1e, 0x80, 0x00, 0x1b, 0x00, 0x00, 0x00, 0x00, 0x00, 0x01, 0x00,
  0x14, 0x02, 0x00, 0x00, 0x20, 0x1e, 0x80, 0x00, 0x22, 0x00, 0x00, 0x00,
  0x00, 0x00, 0x01, 0x00, 0x26, 0x02, 0x00, 0x00, 0x44, 0x1e, 0x80, 0x00,
  0x18, 0x00, 0x00, 0x00, 0x00, 0x00, 0x01, 0x00, 0x33, 0x02, 0x00, 0x00,
  0x5c, 0x1e, 0x80, 0x00, 0x1b, 0x00, 0x00, 0x00, 0x00, 0x00, 0x01, 0x00,
  0x43, 0x02, 0x00, 0x00, 0x78, 0x1e, 0x80, 0x00, 0x1b, 0x00, 0x00, 0x00,
  0x00, 0x00, 0x01, 0x00, 0x52, 0x02, 0x00, 0x00, 0x94, 0x1e, 0x80, 0x00,
  0x1f, 0x00, 0x00, 0x00, 0x00, 0x00, 0x01, 0x00, 0x62, 0x02, 0x00, 0x00,
  0xb4, 0x1e, 0x80, 0x00, 0x1f, 0x00, 0x00, 0x00, 0x00, 0x00, 0x01, 0x00,
  0x73, 0x02, 0x00, 0x00, 0xd4, 0x1e, 0x80, 0x00, 0x1b, 0x00, 0x00, 0x00,
  0x00, 0x00, 0x01, 0x00, 0x85, 0x02, 0x00, 0x00, 0xf0, 0x1e, 0x80, 0x00,
  0x1f, 0x00, 0x00, 0x00, 0x00, 0x00, 0x01, 0x00, 0x95, 0x02, 0x00, 0x00,
  0x10, 0x1f, 0x80, 0x00, 0x22, 0x00, 0x00, 0x00, 0x00, 0x00, 0x01, 0x00,
  0xa6, 0x02, 0x00, 0x00, 0x34, 0x1f, 0x80, 0x00, 0x1f, 0x00, 0x00, 0x00,
  0x00, 0x00, 0x01, 0x00, 0xb5, 0x02, 0x00, 0x00, 0x54, 0x1f, 0x80, 0x00,
  0x27, 0x00, 0x00, 0x00, 0x00, 0x00, 0x01, 0x00, 0xc3, 0x02, 0x00, 0x00,
  0x7c, 0x1f, 0x80, 0x00, 0x1f, 0x00, 0x00, 0x00, 0x00, 0x00, 0x01, 0x00,
  0xd2, 0x02, 0x00, 0x00, 0x9c, 0x1f, 0x80, 0x00, 0x22, 0x00, 0x00, 0x00,
  0x00, 0x00, 0x01, 0x00, 0xe4, 0x02, 0x00, 0x00, 0xc0, 0x1f, 0x80, 0x00,
  0x9d, 0x00, 0x00, 0x00, 0x00, 0x00, 0x01, 0x00, 0xee, 0x02, 0x00, 0x00,
  0x60, 0x20, 0x80, 0x00, 0x2e, 0x00, 0x00, 0x00, 0x00, 0x00, 0x01, 0x00,
  0xf7, 0x02, 0x00, 0x00, 0x90, 0x20, 0x80, 0x00, 0x19, 0x00, 0x00, 0x00,
  0x00, 0x00, 0x01, 0x00, 0xfb, 0x02, 0x00, 0x00, 0xac, 0x20, 0x80, 0x00,
  0x0d, 0x00, 0x00, 0x00, 0x00, 0x00, 0x01, 0x00, 0x00, 0x03, 0x00, 0x00,
  0xbc, 0x20, 0x80, 0x00, 0x2b, 0x00, 0x00, 0x00, 0x00, 0x00, 0x01, 0x00,
  0x09, 0x03, 0x00, 0x00, 0xe8, 0x20, 0x80, 0x00, 0x41, 0x00, 0x00, 0x00,
  0x00, 0x00, 0x01, 0x00, 0x12, 0x03, 0x00, 0x00, 0x2c, 0x21, 0x80, 0x00,
  0x1b, 0x00, 0x00, 0x00, 0x00, 0x00, 0x01, 0x00, 0x1c, 0x03, 0x00, 0x00,
  0x48, 0x21, 0x80, 0x00, 0x19, 0x00, 0x00, 0x00, 0x00, 0x00, 0x01, 0x00,
  0x24, 0x03, 0x00, 0x00, 0x64, 0x21, 0x80, 0x00, 0x12, 0x00, 0x00, 0x00,
  0x00, 0x00, 0x01, 0x00, 0x2a, 0x03, 0x00, 0x00, 0x78, 0x21, 0x80, 0x00,
  0x12, 0x00, 0x00, 0x00, 0x00, 0x00, 0x01, 0x00, 0x30, 0x03, 0x00, 0x00,
  0x8c, 0x21, 0x80, 0x00, 0x12, 0x00, 0x00, 0x00, 0x00, 0x00, 0x01, 0x00,
  0x36, 0x03, 0x00, 0x00, 0xa0, 0x21, 0x80, 0x00, 0x12, 0x00, 0x00, 0x00,
  0x00, 0x00, 0x01, 0x00, 0x3c, 0x03, 0x00, 0x00, 0xb4, 0x21, 0x80, 0x00,
  0x12, 0x00, 0x00, 0x00, 0x00, 0x00, 0x01, 0x00, 0x42, 0x03, 0x00, 0x00,
  0xc8, 0x21, 0x80, 0x00, 0x12, 0x00, 0x00, 0x00, 0x00, 0x00, 0x01, 0x00,
  0x48, 0x03, 0x00, 0x00, 0xdc, 0x21, 0x80, 0x00, 0x12, 0x00, 0x00, 0x00,
  0x00, 0x00, 0x01, 0x00, 0x4e, 0x03, 0x00, 0x00, 0xf0, 0x21, 0x80, 0x00,
  0x31, 0x00, 0x00, 0x00, 0x00, 0x00, 0x01, 0x00, 0x57, 0x03, 0x00, 0x00,
  0x24, 0x22, 0x80, 0x00, 0x45, 0x00, 0x00, 0x00, 0x00, 0x00, 0x01, 0x00,
  0x60, 0x03, 0x00, 0x00, 0x6c, 0x22, 0x80, 0x00, 0x10, 0x00, 0x00, 0x00,
  0x00, 0x00, 0x01, 0x00, 0x6b, 0x03, 0x00, 0x00, 0x7c, 0x22, 0x80, 0x00,
  0x77, 0x00, 0x00, 0x00, 0x00, 0x00, 0x01, 0x00, 0x75, 0x03, 0x00, 0x00,
  0xf4, 0x22, 0x80, 0x00, 0x33, 0x00, 0x00, 0x00, 0x00, 0x00, 0x01, 0x00,
  0x7f, 0x03, 0x00, 0x00, 0x28, 0x23, 0x80, 0x00, 0x28, 0x00, 0x00, 0x00,
  0x00, 0x00, 0x01, 0x00, 0x89, 0x03, 0x00, 0x00, 0x50, 0x23, 0x80, 0x00,
  0x38, 0x00, 0x00, 0x00, 0x00, 0x00, 0x01, 0x00, 0x92, 0x03, 0x00, 0x00,
  0x88, 0x23, 0x80, 0x00, 0x04, 0x01, 0x00, 0x00, 0x00, 0x00, 0x01, 0x00,
  0x9d, 0x03, 0x00, 0x00, 0x8c, 0x24, 0x80, 0x00, 0x6f, 0x00, 0x00, 0x00,
  0x00, 0x00, 0x01, 0x00, 0xff, 0x04, 0x00, 0x00, 0xa8, 0x71, 0x80, 0x00,
  0x04, 0x00, 0x00, 0x00, 0x00, 0x00, 0x03, 0x00, 0x09, 0x05, 0x00, 0x00,
  0xac, 0x71, 0x80, 0x00, 0x04, 0x00, 0x00, 0x00, 0x00, 0x00, 0x03, 0x00,
  0x1d, 0x05, 0x00, 0x00, 0xfc, 0x24, 0x80, 0x00, 0x3d, 0x00, 0x00, 0x00,
  0x00, 0x00, 0x01, 0x00, 0x2d, 0x05, 0x00, 0x00, 0x88, 0x82, 0x80, 0x00,
  0x14, 0x00, 0x00, 0x00, 0x01, 0x00, 0x04, 0x00, 0x36, 0x05, 0x00, 0x00,
  0x3c, 0x25, 0x80, 0x00, 0x1f, 0x00, 0x00, 0x00, 0x00, 0x00, 0x01, 0x00,
  0xbf, 0x04, 0x00, 0x00, 0x5c, 0x25, 0x80, 0x00, 0x20, 0x00, 0x00, 0x00,
  0x00, 0x00, 0x01, 0x00, 0x4f, 0x05, 0x00, 0x00, 0xa4, 0x25, 0x80, 0x00,
  0x2a, 0x00, 0x00, 0x00, 0x00, 0x00, 0x01, 0x00, 0x5d, 0x05, 0x00, 0x00,
  0xd0, 0x25, 0x80, 0x00, 0x3a, 0x00, 0x00, 0x00, 0x00, 0x00, 0x01, 0x00,
  0x65, 0x05, 0x00, 0x00, 0x34, 0x26, 0x80, 0x00, 0x2b, 0x00, 0x00, 0x00,
  0x00, 0x00, 0x01, 0x00, 0x73, 0x05, 0x00, 0x00, 0xb0, 0x28, 0x80, 0x00,
  0x37, 0x00, 0x00, 0x00, 0x00, 0x00, 0x01, 0x00, 0x85, 0x05, 0x00, 0x00,
  0xec, 0x61, 0x80, 0x00, 0x48, 0x00, 0x00, 0x00, 0x00, 0x00, 0x02, 0x00,
  0x94, 0x05, 0x00, 0x00, 0x3c, 0x29, 0x80, 0x00, 0x12, 0x00, 0x00, 0x00,
  0x00, 0x00, 0x01, 0x00, 0xa4, 0x05, 0x00, 0x00, 0xec, 0x29, 0x80, 0x00,
  0x1b, 0x00, 0x00, 0x00, 0x00, 0x00, 0x01, 0x00, 0xad, 0x05, 0x00, 0x00,
  0x24, 0x2a, 0x80, 0x00, 0x1f, 0x00, 0x00, 0x00, 0x00, 0x00, 0x01, 0x00,
  0xc1, 0x05, 0x00, 0x00, 0x60, 0x2a, 0x80, 0x00, 0x1f, 0x00, 0x00, 0x00,
  0x00, 0x00, 0x01, 0x00, 0xd8, 0x05, 0x00, 0x00, 0x00, 0x00, 0x00, 0x00,
  0x00, 0x00, 0x00, 0x00, 0x04, 0x00, 0xf1, 0xff, 0x07, 0x00, 0x00, 0x00,
  0x48, 0x2b, 0x80, 0x00, 0x44, 0x00, 0x00, 0x00, 0x00, 0x00, 0x01, 0x00,
  0x0e, 0x00, 0x00, 0x00, 0x8c, 0x2b, 0x80, 0x00, 0x39, 0x00, 0x00, 0x00,
  0x00, 0x00, 0x01, 0x00, 0x15, 0x00, 0x00, 0x00, 0xc8, 0x2b, 0x80, 0x00,
  0x34, 0x00, 0x00, 0x00, 0x00, 0x00, 0x01, 0x00, 0x21, 0x00, 0x00, 0x00,
  0xfc, 0x2b, 0x80, 0x00, 0x2c, 0x00, 0x00, 0x00, 0x00, 0x00, 0x01, 0x00,
  0x2d, 0x00, 0x00, 0x00, 0x28, 0x2c, 0x80, 0x00, 0x60, 0x00, 0x00, 0x00,
  0x00, 0x00, 0x01, 0x00, 0x3a, 0x00, 0x00, 0x00, 0x88, 0x2c, 0x80, 0x00,
  0x4b, 0x00, 0x00, 0x00, 0x00, 0x00, 0x01, 0x00, 0x46, 0x00, 0x00, 0x00,
  0xd4, 0x2c, 0x80, 0x00, 0x3a, 0x00, 0x00, 0x00, 0x00, 0x00, 0x01, 0x00,
  0x52, 0x00, 0x00, 0x00, 0x10, 0x2d, 0x80, 0x00, 0x5c, 0x00, 0x00, 0x00,
  0x00, 0x00, 0x01, 0x00, 0x5f, 0x00, 0x00, 0x00, 0x6c, 0x2d, 0x80, 0x00,
  0x69, 0x00, 0x00, 0x00, 0x00, 0x00, 0x01, 0x00, 0x6c, 0x00, 0x00, 0x00,
  0xd8, 0x2d, 0x80, 0x00, 0x47, 0x00, 0x00, 0x00, 0x00, 0x00, 0x01, 0x00,
  0x79, 0x00, 0x00, 0x00, 0x20, 0x2e, 0x80, 0x00, 0x3b, 0x00, 0x00, 0x00,
  0x00, 0x00, 0x01, 0x00, 0x85, 0x00, 0x00, 0x00, 0x5c, 0x2e, 0x80, 0x00,
  0x1f, 0x00, 0x00, 0x00, 0x00, 0x00, 0x01, 0x00, 0x92, 0x00, 0x00, 0x00,
  0x7c, 0x2e, 0x80, 0x00, 0x23, 0x00, 0x00, 0x00, 0x00, 0x00, 0x01, 0x00,
  0x9b, 0x00, 0x00, 0x00, 0xa0, 0x2e, 0x80, 0x00, 0x1b, 0x00, 0x00, 0x00,
  0x00, 0x00, 0x01, 0x00, 0xa9, 0x00, 0x00, 0x00, 0xbc, 0x2e, 0x80, 0x00,
  0x20, 0x00, 0x00, 0x00, 0x00, 0x00, 0x01, 0x00, 0xb2, 0x00, 0x00, 0x00,
  0xdc, 0x2e, 0x80, 0x00, 0x22, 0x00, 0x00, 0x00, 0x00, 0x00, 0x01, 0x00,
  0xbf, 0x00, 0x00, 0x00, 0x00, 0x2f, 0x80, 0x00, 0x28, 0x00, 0x00, 0x00,
  0x00, 0x00, 0x01, 0x00, 0xc8, 0x00, 0x00, 0x00, 0x28, 0x2f, 0x80, 0x00,
  0x22, 0x00, 0x00, 0x00, 0x00, 0x00, 0x01, 0x00, 0xd6, 0x00, 0x00, 0x00,
  0x4c, 0x2f, 0x80, 0x00, 0x22, 0x00, 0x00, 0x00, 0x00, 0x00, 0x01, 0x00,
  0xe7, 0x00, 0x00, 0x00, 0x70, 0x2f, 0x80, 0x00, 0x1f, 0x00, 0x00, 0x00,
  0x00, 0x00, 0x01, 0x00, 0xf6, 0x00, 0x00, 0x00, 0x90, 0x2f, 0x80, 0x00,
  0x1c, 0x00, 0x00, 0x00, 0x00, 0x00, 0x01, 0x00, 0x04, 0x01, 0x00, 0x00,
  0xac, 0x2f, 0x80, 0x00, 0x1c, 0x00, 0x00, 0x00, 0x00, 0x00, 0x01, 0x00,
  0x12, 0x01, 0x00, 0x00, 0xc8, 0x2f, 0x80, 0x00, 0x1c, 0x00, 0x00, 0x00,
  0x00, 0x00, 0x01, 0x00, 0x21, 0x01, 0x00, 0x00, 0xe4, 0x2f, 0x80, 0x00,
  0x1c, 0x00, 0x00, 0x00, 0x00, 0x00, 0x01, 0x00, 0x2f, 0x01, 0x00, 0x00,
  0x00, 0x30, 0x80, 0x00, 0x20, 0x00, 0x00, 0x00, 0x00, 0x00, 0x01, 0x00,
  0x3e, 0x01, 0x00, 0x00, 0x20, 0x30, 0x80, 0x00, 0x1c, 0x00, 0x00, 0x00,
  0x00, 0x00, 0x01, 0x00, 0x4b, 0x01, 0x00, 0x00, 0x3c, 0x30, 0x80, 0x00,
  0x1e, 0x00, 0x00, 0x00, 0x00, 0x00, 0x01, 0x00, 0x58, 0x01, 0x00, 0x00,
  0x5c, 0x30, 0x80, 0x00, 0x1c, 0x00, 0x00, 0x00, 0x00, 0x00, 0x01, 0x00,
  0x66, 0x01, 0x00, 0x00, 0x78, 0x30, 0x80, 0x00, 0x18, 0x00, 0x00, 0x00,
  0x00, 0x00, 0x01, 0x00, 0x75, 0x01, 0x00, 0x00, 0x90, 0x30, 0x80, 0x00,
  0x19, 0x00, 0x00, 0x00, 0x00, 0x00, 0x01, 0x00, 0x7e, 0x01, 0x00, 0x00,
  0xac, 0x30, 0x80, 0x00, 0x18, 0x00, 0x00, 0x00, 0x00, 0x00, 0x01, 0x00,
  0x8e, 0x01, 0x00, 0x00, 0xc4, 0x30, 0x80, 0x00, 0x18, 0x00, 0x00, 0x00,
  0x00, 0x00, 0x01, 0x00, 0x9b, 0x01, 0x00, 0x00, 0xdc, 0x30, 0x80, 0x00,
  0x22, 0x00, 0x00, 0x00, 0x00, 0x00, 0x01, 0x00, 0xab, 0x01, 0x00, 0x00,
  0x00, 0x31, 0x80, 0x00, 0x1e, 0x00, 0x00, 0x00, 0x00, 0x00, 0x01, 0x00,
  0xb8, 0x01, 0x00, 0x00, 0x20, 0x31, 0x80, 0x00, 0x18, 0x00, 0x00, 0x00,
  0x00, 0x00, 0x01, 0x00, 0xc7, 0x01, 0x00, 0x00, 0x38, 0x31, 0x80, 0x00,
  0x18, 0x00, 0x00, 0x00, 0x00, 0x00, 0x01, 0x00, 0xd7, 0x01, 0x00, 0x00,
  0x50, 0x31, 0x80, 0x00, 0x1b, 0x00, 0x00, 0x00, 0x00, 0x00, 0x01, 0x00,
  0xe6, 0x01, 0x00, 0x00, 0x6c, 0x31, 0x80, 0x00, 0x18, 0x00, 0x00, 0x00,
  0x00, 0x00, 0x01, 0x00, 0xf5, 0x01, 0x00, 0x00, 0x84, 0x31, 0x80, 0x00,
  0x18, 0x00, 0x00, 0x00, 0x00, 0x00, 0x01, 0x00, 0x05, 0x02, 0x00, 0x00,
  0x9c, 0x31, 0x80, 0x00, 0x1b, 0x00, 0x00, 0x00, 0x00, 0x00, 0x01, 0x00,
  0x14, 0x02, 0x00, 0x00, 0xb8, 0x31, 0x80, 0x00, 0x22, 0x00, 0x00, 0x00,
  0x00, 0x00, 0x01, 0x00, 0x26, 0x02, 0x00, 0x00, 0xdc, 0x31, 0x80, 0x00,
  0x18, 0x00, 0x00, 0x00, 0x00, 0x00, 0x01, 0x00, 0x33, 0x02, 0x00, 0x00,
  0xf4, 0x31, 0x80, 0x00, 0x1b, 0x00, 0x00, 0x00, 0x00, 0x00, 0x01, 0x00,
  0x43, 0x02, 0x00, 0x00, 0x10, 0x32, 0x80, 0x00, 0x1b, 0x00, 0x00, 0x00,
  0x00, 0x00, 0x01, 0x00, 0x52, 0x02, 0x00, 0x00, 0x2c, 0x32, 0x80, 0x00,
  0x1f, 0x00, 0x00, 0x00, 0x00, 0x00, 0x01, 0x00, 0x62, 0x02, 0x00, 0x00,
  0x4c, 0x32, 0x80, 0x00, 0x1f, 0x00, 0x00, 0x00, 0x00, 0x00, 0x01, 0x00,
  0x73, 0x02, 0x00, 0x00, 0x6c, 0x32, 0x80, 0x00, 0x1b, 0x00, 0x00, 0x00,
  0x00, 0x00, 0x01, 0x00, 0x85, 0x02, 0x00, 0x00, 0x88, 0x32, 0x80, 0x00,
  0x1f, 0x00, 0x00, 0x00, 0x00, 0x00, 0x01, 0x00, 0x95, 0x02, 0x00, 0x00,
  0xa8, 0x32, 0x80, 0x00, 0x22, 0x00, 0x00, 0x00, 0x00, 0x00, 0x01, 0x00,
  0xa6, 0x02, 0x00, 0x00, 0xcc, 0x32, 0x80, 0x00, 0x1f, 0x00, 0x00, 0x00,
  0x00, 0x00, 0x01, 0x00, 0xb5, 0x02, 0x00, 0x00, 0xec, 0x32, 0x80, 0x00,
  0x27, 0x00, 0x00, 0x00, 0x00, 0x00, 0x01, 0x00, 0xc3, 0x02, 0x00, 0x00,
  0x14, 0x33, 0x80, 0x00, 0x1f, 0x00, 0x00, 0x00, 0x00, 0x00, 0x01, 0x00,
  0xd2, 0x02, 0x00, 0x00, 0x34, 0x33, 0x80, 0x00, 0x22, 0x00, 0x00, 0x00,
  0x00, 0x00, 0x01, 0x00, 0xe4, 0x02, 0x00, 0x00, 0x58, 0x33, 0x80, 0x00,
  0x9d, 0x00, 0x00, 0x00, 0x00, 0x00, 0x01, 0x00, 0xee, 0x02, 0x00, 0x00,
  0xf8, 0x33, 0x80, 0x00, 0x2e, 0x00, 0x00, 0x00, 0x00, 0x00, 0x01, 0x00,
  0xf7, 0x02, 0x00, 0x00, 0x28, 0x34, 0x80, 0x00, 0x19, 0x00, 0x00, 0x00,
  0x00, 0x00, 0x01, 0x00, 0xfb, 0x02, 0x00, 0x00, 0x44, 0x34, 0x80, 0x00,
  0x0d, 0x00, 0x00, 0x00, 0x00, 0x00, 0x01, 0x00, 0x00, 0x03, 0x00, 0x00,
  0x54, 0x34, 0x80, 0x00, 0x2b, 0x00, 0x00, 0x00, 0x00, 0x00, 0x01, 0x00,
  0x09, 0x03, 0x00, 0x00, 0x80, 0x34, 0x80, 0x00, 0x41, 0x00, 0x00, 0x00,
  0x00, 0x00, 0x01, 0x00, 0x12, 0x03, 0x00, 0x00, 0xc4, 0x34, 0x80, 0x00,
  0x1b, 0x00, 0x00, 0x00, 0x00, 0x00, 0x01, 0x00, 0x1c, 0x03, 0x00, 0x00,
  0xe0, 0x34, 0x80, 0x00, 0x19, 0x00, 0x00, 0x00, 0x00, 0x00, 0x01, 0x00,
  0x24, 0x03, 0x00, 0x00, 0xfc, 0x34, 0x80, 0x00, 0x12, 0x00, 0x00, 0x00,
  0x00, 0x00, 0x01, 0x00, 0x2a, 0x03, 0x00, 0x00, 0x10, 0x35, 0x80, 0x00,
  0x12, 0x00, 0x00, 0x00, 0x00, 0x00, 0x01, 0x00, 0x30, 0x03, 0x00, 0x00,
  0x24, 0x35, 0x80, 0x00, 0x12, 0x00, 0x00, 0x00, 0x00, 0x00, 0x01, 0x00,
  0x36, 0x03, 0x00, 0x00, 0x38, 0x35, 0x80, 0x00, 0x12, 0x00, 0x00, 0x00,
  0x00, 0x00, 0x01, 0x00, 0x3c, 0x03, 0x00, 0x00, 0x4c, 0x35, 0x80, 0x00,
  0x12, 0x00, 0x00, 0x00, 0x00, 0x00, 0x01, 0x00, 0x42, 0x03, 0x00, 0x00,
  0x60, 0x35, 0x80, 0x00, 0x12, 0x00, 0x00, 0x00, 0x00, 0x00, 0x01, 0x00,
  0x48, 0x03, 0x00, 0x00, 0x74, 0x35, 0x80, 0x00, 0x12, 0x00, 0x00, 0x00,
  0x00, 0x00, 0x01, 0x00, 0x4e, 0x03, 0x00, 0x00, 0x88, 0x35, 0x80, 0x00,
  0x31, 0x00, 0x00, 0x00, 0x00, 0x00, 0x01, 0x00, 0x57, 0x03, 0x00, 0x00,
  0xbc, 0x35, 0x80, 0x00, 0x45, 0x00, 0x00, 0x00, 0x00, 0x00, 0x01, 0x00,
  0x60, 0x03, 0x00, 0x00, 0x04, 0x36, 0x80, 0x00, 0x10, 0x00, 0x00, 0x00,
  0x00, 0x00, 0x01, 0x00, 0x6b, 0x03, 0x00, 0x00, 0x14, 0x36, 0x80, 0x00,
  0x77, 0x00, 0x00, 0x00, 0x00, 0x00, 0x01, 0x00, 0x75, 0x03, 0x00, 0x00,
  0x8c, 0x36, 0x80, 0x00, 0x33, 0x00, 0x00, 0x00, 0x00, 0x00, 0x01, 0x00,
  0x7f, 0x03, 0x00, 0x00, 0xc0, 0x36, 0x80, 0x00, 0x28, 0x00, 0x00, 0x00,
  0x00, 0x00, 0x01, 0x00, 0x89, 0x03, 0x00, 0x00, 0xe8, 0x36, 0x80, 0x00,
  0x38, 0x00, 0x00, 0x00, 0x00, 0x00, 0x01, 0x00, 0x92, 0x03, 0x00, 0x00,
  0x20, 0x37, 0x80, 0x00, 0x04, 0x01, 0x00, 0x00, 0x00, 0x00, 0x01, 0x00,
  0x9d, 0x03, 0x00, 0x00, 0x24, 0x38, 0x80, 0x00, 0x6f, 0x00, 0x00, 0x00,
  0x00, 0x00, 0x01, 0x00, 0xde, 0x05, 0x00, 0x00, 0x64, 0x62, 0x80, 0x00,
  0x00, 0x01, 0x00, 0x00, 0x00, 0x00, 0x02, 0x00, 0xe7, 0x05, 0x00, 0x00,
  0x94, 0x38, 0x80, 0x00, 0x41, 0x04, 0x00, 0x00, 0x00, 0x00, 0x01, 0x00,
  0xf8, 0x05, 0x00, 0x00, 0xd8, 0x3c, 0x80, 0x00, 0x5b, 0x00, 0x00, 0x00,
  0x00, 0x00, 0x01, 0x00, 0x04, 0x06, 0x00, 0x00, 0x34, 0x3d, 0x80, 0x00,
  0x61, 0x00, 0x00, 0x00, 0x00, 0x00, 0x01, 0x00, 0x12, 0x06, 0x00, 0x00,
  0x98, 0x3d, 0x80, 0x00, 0x98, 0x01, 0x00, 0x00, 0x00, 0x00, 0x01, 0x00,
  0x1f, 0x06, 0x00, 0x00, 0x30, 0x3f, 0x80, 0x00, 0x70, 0x00, 0x00, 0x00,
  0x00, 0x00, 0x01, 0x00, 0x26, 0x06, 0x00, 0x00, 0xa0, 0x3f, 0x80, 0x00,
  0x49, 0x01, 0x00, 0x00, 0x00, 0x00, 0x01, 0x00, 0x2f, 0x06, 0x00, 0x00,
  0xec, 0x40, 0x80, 0x00, 0x6c, 0x00, 0x00, 0x00, 0x00, 0x00, 0x01, 0x00,
  0x3e, 0x06, 0x00, 0x00, 0xa4, 0x42, 0x80, 0x00, 0x27, 0x02, 0x00, 0x00,
  0x00, 0x00, 0x01, 0x00, 0x50, 0x06, 0x00, 0x00, 0x6c, 0x4f, 0x80, 0x00,
  0x26, 0x01, 0x00, 0x00, 0x00, 0x00, 0x01, 0x00, 0x5b, 0x06, 0x00, 0x00,
  0x90, 0x46, 0x80, 0x00, 0xc4, 0x00, 0x00, 0x00, 0x12, 0x00, 0x01, 0x00,
  0x69, 0x06, 0x00, 0x00, 0x60, 0x26, 0x80, 0x00, 0x9f, 0x00, 0x00, 0x00,
  0x12, 0x00, 0x01, 0x00, 0x7c, 0x06, 0x00, 0x00, 0x10, 0x48, 0x80, 0x00,
  0x59, 0x07, 0x00, 0x00, 0x12, 0x00, 0x01, 0x00, 0x92, 0x06, 0x00, 0x00,
  0xe8, 0x28, 0x80, 0x00, 0x51, 0x00, 0x00, 0x00, 0x12, 0x00, 0x01, 0x00,
  0xf2, 0x00, 0x00, 0x00, 0x04, 0x70, 0x80, 0x00, 0x00, 0x01, 0x00, 0x00,
  0x11, 0x00, 0x03, 0x00, 0xaa, 0x06, 0x00, 0x00, 0xcc, 0x44, 0x80, 0x00,
  0xc3, 0x01, 0x00, 0x00, 0x12, 0x00, 0x01, 0x00, 0xbe, 0x06, 0x00, 0x00,
  0x54, 0x47, 0x80, 0x00, 0xbb, 0x00, 0x00, 0x00, 0x12, 0x00, 0x01, 0x00,
  0xcc, 0x06, 0x00, 0x00, 0x80, 0x2a, 0x80, 0x00, 0x44, 0x00, 0x00, 0x00,
  0x12, 0x00, 0x01, 0x00, 0xde, 0x06, 0x00, 0x00, 0xd8, 0x29, 0x80, 0x00,
  0x13, 0x00, 0x00, 0x00, 0x12, 0x00, 0x01, 0x00, 0xe7, 0x06, 0x00, 0x00,
  0x04, 0x71, 0x80, 0x00, 0x04, 0x00, 0x00, 0x00, 0x11, 0x00, 0x03, 0x00,
  0xf7, 0x06, 0x00, 0x00, 0x00, 0x70, 0x80, 0x00, 0x04, 0x00, 0x00, 0x00,
  0x11, 0x00, 0x03, 0x00, 0xfe, 0x06, 0x00, 0x00, 0x0c, 0x26, 0x80, 0x00,
  0x25, 0x00, 0x00, 0x00, 0x12, 0x00, 0x01, 0x00, 0x0c, 0x07, 0x00, 0x00,
  0x9c, 0x82, 0x80, 0x00, 0x00, 0x00, 0x00, 0x00, 0x10, 0x00, 0x04, 0x00,
  0x16, 0x07, 0x00, 0x00, 0x08, 0x42, 0x80, 0x00, 0x9c, 0x00, 0x00, 0x00,
  0x12, 0x00, 0x01, 0x00, 0x2e, 0x07, 0x00, 0x00, 0x00, 0x27, 0x80, 0x00,
  0x34, 0x01, 0x00, 0x00, 0x12, 0x00, 0x01, 0x00, 0x3e, 0x07, 0x00, 0x00,
  0x94, 0x50, 0x80, 0x00, 0x2c, 0x05, 0x00, 0x00, 0x12, 0x00, 0x01, 0x00,
  0x7f, 0x07, 0x00, 0x00, 0x8c, 0x16, 0x80, 0x00, 0x21, 0x01, 0x00, 0x00,
  0x12, 0x00, 0x01, 0x00, 0x54, 0x07, 0x00, 0x00, 0x9c, 0x82, 0x80, 0x00,
  0x00, 0x00, 0x00, 0x00, 0x10, 0x00, 0x04, 0x00, 0x5a, 0x07, 0x00, 0x00,
  0x70, 0x28, 0x80, 0x00, 0x3f, 0x00, 0x00, 0x00, 0x12, 0x00, 0x01, 0x00,
  0x6c, 0x07, 0x00, 0x00, 0xc4, 0x2a, 0x80, 0x00, 0x84, 0x00, 0x00, 0x00,
  0x12, 0x00, 0x01, 0x00, 0x7a, 0x07, 0x00, 0x00, 0x00, 0x80, 0x80, 0x00,
  0x00, 0x00, 0x00, 0x00, 0x10, 0x00, 0x04, 0x00, 0x86, 0x07, 0x00, 0x00,
  0x34, 0x28, 0x80, 0x00, 0x3c, 0x00, 0x00, 0x00, 0x12, 0x00, 0x01, 0x00,
  0x90, 0x07, 0x00, 0x00, 0x50, 0x29, 0x80, 0x00, 0x3a, 0x00, 0x00, 0x00,
  0x12, 0x00, 0x01, 0x00, 0xa8, 0x07, 0x00, 0x00, 0x7c, 0x25, 0x80, 0x00,
  0x25, 0x00, 0x00, 0x00, 0x12, 0x00, 0x01, 0x00, 0xb6, 0x07, 0x00, 0x00,
  0x08, 0x2a, 0x80, 0x00, 0x19, 0x00, 0x00, 0x00, 0x12, 0x00, 0x01, 0x00,
  0xca, 0x07, 0x00, 0x00, 0x8c, 0x29, 0x80, 0x00, 0x4c, 0x00, 0x00, 0x00,
  0x12, 0x00, 0x01, 0x00, 0xdd, 0x07, 0x00, 0x00, 0x58, 0x41, 0x80, 0x00,
  0x31, 0x00, 0x00, 0x00, 0x12, 0x00, 0x01, 0x00, 0xf0, 0x07, 0x00, 0x00,
  0x44, 0x2a, 0x80, 0x00, 0x19, 0x00, 0x00, 0x00, 0x12, 0x00, 0x01, 0x00,
  0x07, 0x08, 0x00, 0x00, 0x8c, 0x41, 0x80, 0x00, 0x7b, 0x00, 0x00, 0x00,
  0x12, 0x00, 0x01, 0x00, 0x00, 0x6d, 0x64, 0x6d, 0x2e, 0x63, 0x00, 0x6d,
  0x65, 0x6d, 0x63, 0x70, 0x79, 0x00, 0x6d, 0x65, 0x6d, 0x73, 0x65, 0x74,
  0x00, 0x6d, 0x75, 0x73, 0x72, 0x5f, 0x73, 0x74, 0x72, 0x6c, 0x65, 0x6e,
  0x00, 0x6d, 0x75, 0x73, 0x72, 0x5f, 0x73, 0x74, 0x72, 0x63, 0x70, 0x79,
  0x00, 0x6d, 0x75, 0x73, 0x72, 0x5f, 0x73, 0x74, 0x72, 0x6e, 0x63, 0x70,
  0x79, 0x00, 0x6d, 0x75, 0x73, 0x72, 0x5f, 0x73, 0x74, 0x72, 0x63, 0x6d,
  0x70, 0x00, 0x6d, 0x75, 0x73, 0x72, 0x5f, 0x73, 0x74, 0x72, 0x63, 0x61,
  0x74, 0x00, 0x6d, 0x75, 0x73, 0x72, 0x5f, 0x73, 0x74, 0x72, 0x6e, 0x63,
  0x61, 0x74, 0x00, 0x6d, 0x75, 0x73, 0x72, 0x5f, 0x73, 0x74, 0x72, 0x6e,
  0x63, 0x6d, 0x70, 0x00, 0x6d, 0x75, 0x73, 0x72, 0x5f, 0x73, 0x74, 0x72,
  0x70, 0x72, 0x65, 0x66, 0x00, 0x6d, 0x75, 0x73, 0x72, 0x5f, 0x73, 0x74,
  0x72, 0x63, 0x68, 0x72, 0x00, 0x6d, 0x75, 0x73, 0x72, 0x5f, 0x73, 0x63,
  0x5f, 0x6f, 0x70, 0x65, 0x6e, 0x00, 0x6d, 0x75, 0x73, 0x72, 0x5f, 0x73,
  0x63, 0x32, 0x00, 0x6d, 0x75, 0x73, 0x72, 0x5f, 0x73, 0x63, 0x5f, 0x63,
  0x6c, 0x6f, 0x73, 0x65, 0x00, 0x6d, 0x75, 0x73, 0x72, 0x5f, 0x73, 0x63,
  0x31, 0x00, 0x6d, 0x75, 0x73, 0x72, 0x5f, 0x73, 0x63, 0x5f, 0x72, 0x65,
  0x61, 0x64, 0x00, 0x6d, 0x75, 0x73, 0x72, 0x5f, 0x73, 0x63, 0x33, 0x00,
  0x6d, 0x75, 0x73, 0x72, 0x5f, 0x73, 0x63, 0x5f, 0x77, 0x72, 0x69, 0x74,
  0x65, 0x00, 0x6d, 0x75, 0x73, 0x72, 0x5f, 0x73, 0x63, 0x5f, 0x67, 0x65,
  0x74, 0x64, 0x65, 0x6e, 0x74, 0x73, 0x00, 0x6d, 0x75, 0x73, 0x72, 0x5f,
  0x73, 0x63, 0x5f, 0x67, 0x65, 0x74, 0x63, 0x77, 0x64, 0x00, 0x6d, 0x75,
  0x73, 0x72, 0x5f, 0x73, 0x63, 0x5f, 0x63, 0x68, 0x64, 0x69, 0x72, 0x00,
  0x6d, 0x75, 0x73, 0x72, 0x5f, 0x73, 0x63, 0x5f, 0x6d, 0x6b, 0x64, 0x69,
  0x72, 0x00, 0x6d, 0x75, 0x73, 0x72, 0x5f, 0x73, 0x63, 0x5f, 0x75, 0x6e,
  0x6c, 0x69, 0x6e, 0x6b, 0x00, 0x6d, 0x75, 0x73, 0x72, 0x5f, 0x73, 0x63,
  0x5f, 0x72, 0x6d, 0x64, 0x69, 0x72, 0x00, 0x6d, 0x75, 0x73, 0x72, 0x5f,
  0x73, 0x63, 0x5f, 0x72, 0x65, 0x6e, 0x61, 0x6d, 0x65, 0x00, 0x6d, 0x75,
  0x73, 0x72, 0x5f, 0x73, 0x63, 0x5f, 0x70, 0x69, 0x70, 0x65, 0x00, 0x6d,
  0x75, 0x73, 0x72, 0x5f, 0x73, 0x63, 0x5f, 0x64, 0x75, 0x70, 0x32, 0x00,
  0x6d, 0x75, 0x73, 0x72, 0x5f, 0x73, 0x63, 0x5f, 0x75, 0x6e, 0x61, 0x6d,
  0x65, 0x00, 0x6d, 0x75, 0x73, 0x72, 0x5f, 0x73, 0x63, 0x5f, 0x67, 0x65,
  0x74, 0x70, 0x69, 0x64, 0x00, 0x6d, 0x75, 0x73, 0x72, 0x5f, 0x73, 0x63,
  0x30, 0x00, 0x6d, 0x75, 0x73, 0x72, 0x5f, 0x73, 0x63, 0x5f, 0x67, 0x65,
  0x74, 0x70, 0x70, 0x69, 0x64, 0x00, 0x6d, 0x75, 0x73, 0x72, 0x5f, 0x73,
  0x63, 0x5f, 0x66, 0x6f, 0x72, 0x6b, 0x00, 0x6d, 0x75, 0x73, 0x72, 0x5f,
  0x73, 0x63, 0x5f, 0x77, 0x61, 0x69, 0x74, 0x70, 0x69, 0x64, 0x00, 0x6d,
  0x75, 0x73, 0x72, 0x5f, 0x73, 0x63, 0x5f, 0x6b, 0x69, 0x6c, 0x6c, 0x00,
  0x6d, 0x75, 0x73, 0x72, 0x5f, 0x73, 0x63, 0x5f, 0x67, 0x65, 0x74, 0x75,
  0x69, 0x64, 0x00, 0x6d, 0x75, 0x73, 0x72, 0x5f, 0x73, 0x63, 0x5f, 0x67,
  0x65, 0x74, 0x65, 0x75, 0x69, 0x64, 0x00, 0x6d, 0x75, 0x73, 0x72, 0x5f,
  0x73, 0x63, 0x5f, 0x73, 0x65, 0x74, 0x75, 0x69, 0x64, 0x00, 0x6d, 0x75,
  0x73, 0x72, 0x5f, 0x73, 0x63, 0x5f, 0x67, 0x65, 0x74, 0x67, 0x69, 0x64,
  0x00, 0x6d, 0x75, 0x73, 0x72, 0x5f, 0x73, 0x63, 0x5f, 0x67, 0x65, 0x74,
  0x65, 0x67, 0x69, 0x64, 0x00, 0x6d, 0x75, 0x73, 0x72, 0x5f, 0x73, 0x63,
  0x5f, 0x73, 0x65, 0x74, 0x67, 0x69, 0x64, 0x00, 0x6d, 0x75, 0x73, 0x72,
  0x5f, 0x73, 0x63, 0x5f, 0x67, 0x65, 0x74, 0x67, 0x72, 0x6f, 0x75, 0x70,
  0x73, 0x00, 0x6d, 0x75, 0x73, 0x72, 0x5f, 0x73, 0x63, 0x5f, 0x74, 0x69,
  0x6d, 0x65, 0x00, 0x6d, 0x75, 0x73, 0x72, 0x5f, 0x73, 0x63, 0x5f, 0x73,
  0x65, 0x74, 0x74, 0x69, 0x6d, 0x65, 0x00, 0x6d, 0x75, 0x73, 0x72, 0x5f,
  0x73, 0x63, 0x5f, 0x75, 0x70, 0x74, 0x69, 0x6d, 0x65, 0x00, 0x6d, 0x75,
  0x73, 0x72, 0x5f, 0x73, 0x63, 0x5f, 0x72, 0x74, 0x63, 0x72, 0x65, 0x61,
  0x64, 0x00, 0x6d, 0x75, 0x73, 0x72, 0x5f, 0x73, 0x63, 0x5f, 0x72, 0x74,
  0x63, 0x77, 0x72, 0x69, 0x74, 0x65, 0x00, 0x6d, 0x75, 0x73, 0x72, 0x5f,
  0x73, 0x63, 0x5f, 0x74, 0x69, 0x6d, 0x65, 0x72, 0x6c, 0x69, 0x73, 0x74,
  0x00, 0x6d, 0x75, 0x73, 0x72, 0x5f, 0x73, 0x63, 0x5f, 0x73, 0x79, 0x73,
  0x69, 0x6e, 0x66, 0x6f, 0x00, 0x6d, 0x75, 0x73, 0x72, 0x5f, 0x73, 0x63,
  0x5f, 0x67, 0x65, 0x74, 0x70, 0x72, 0x6f, 0x63, 0x73, 0x00, 0x6d, 0x75,
  0x73, 0x72, 0x5f, 0x73, 0x63, 0x5f, 0x73, 0x74, 0x61, 0x74, 0x66, 0x73,
  0x00, 0x6d, 0x75, 0x73, 0x72, 0x5f, 0x73, 0x63, 0x5f, 0x6d, 0x6f, 0x75,
  0x6e, 0x74, 0x00, 0x6d, 0x75, 0x73, 0x72, 0x5f, 0x73, 0x63, 0x5f, 0x75,
  0x6d, 0x6f, 0x75, 0x6e, 0x74, 0x00, 0x6d, 0x75, 0x73, 0x72, 0x5f, 0x73,
  0x63, 0x5f, 0x6d, 0x6f, 0x75, 0x6e, 0x74, 0x69, 0x6e, 0x66, 0x6f, 0x00,
  0x6d, 0x75, 0x73, 0x72, 0x5f, 0x61, 0x74, 0x6f, 0x69, 0x00, 0x73, 0x65,
  0x72, 0x5f, 0x70, 0x75, 0x74, 0x63, 0x00, 0x69, 0x6e, 0x62, 0x00, 0x6f,
  0x75, 0x74, 0x62, 0x00, 0x73, 0x65, 0x72, 0x5f, 0x70, 0x75, 0x74, 0x73,
  0x00, 0x73, 0x65, 0x72, 0x5f, 0x67, 0x65, 0x74, 0x63, 0x00, 0x6d, 0x34,
  0x6b, 0x5f, 0x79, 0x69, 0x65, 0x6c, 0x64, 0x00, 0x6d, 0x34, 0x6b, 0x5f,
  0x73, 0x63, 0x30, 0x00, 0x63, 0x5f, 0x67, 0x72, 0x6e, 0x00, 0x63, 0x5f,
  0x72, 0x65, 0x64, 0x00, 0x63, 0x5f, 0x79, 0x6c, 0x77, 0x00, 0x63, 0x5f,
  0x63, 0x79, 0x6e, 0x00, 0x63, 0x5f, 0x6d, 0x61, 0x67, 0x00, 0x63, 0x5f,
  0x77, 0x68, 0x74, 0x00, 0x63, 0x5f, 0x72, 0x73, 0x74, 0x00, 0x6f, 0x75,
  0x74, 0x5f, 0x70, 0x75, 0x74, 0x63, 0x00, 0x6f, 0x75, 0x74, 0x5f, 0x70,
  0x75, 0x74, 0x73, 0x00, 0x6f, 0x75, 0x74, 0x5f, 0x70, 0x72, 0x69, 0x6e,
  0x74, 0x66, 0x00, 0x70, 0x72, 0x69, 0x6e, 0x74, 0x5f, 0x75, 0x33, 0x32,
  0x00, 0x70, 0x72, 0x69, 0x6e, 0x74, 0x5f, 0x75, 0x36, 0x34, 0x00, 0x70,
  0x72, 0x69, 0x6e, 0x74, 0x5f, 0x73, 0x33, 0x32, 0x00, 0x63, 0x77, 0x64,
  0x5f, 0x69, 0x6e, 0x69, 0x74, 0x00, 0x63, 0x77, 0x64, 0x5f, 0x74, 0x6f,
  0x5f, 0x61, 0x62, 0x73, 0x00, 0x70, 0x72, 0x69, 0x6e, 0x74, 0x5f, 0x70,
  0x61, 0x64, 0x5f, 0x75, 0x33, 0x32, 0x00, 0x75, 0x73, 0x65, 0x72, 0x6e,
  0x61, 0x6d, 0x65, 0x00, 0x63, 0x75, 0x72, 0x72, 0x65, 0x6e, 0x74, 0x5f,
  0x66, 0x69, 0x65, 0x6c, 0x64, 0x00, 0x6c, 0x6f, 0x67, 0x69, 0x6e, 0x5f,
  0x62, 0x75, 0x74, 0x74, 0x6f, 0x6e, 0x5f, 0x70, 0x72, 0x65, 0x73, 0x73,
  0x65, 0x64, 0x00, 0x6c, 0x6f, 0x67, 0x69, 0x6e, 0x5f, 0x66, 0x61, 0x69,
  0x6c, 0x65, 0x64, 0x00, 0x73, 0x65, 0x73, 0x73, 0x69, 0x6f, 0x6e, 0x5f,
  0x61, 0x63, 0x74, 0x69, 0x76, 0x65, 0x00, 0x63, 0x61, 0x63, 0x68, 0x65,
  0x64, 0x5f, 0x65, 0x6e, 0x74, 0x72, 0x79, 0x5f, 0x76, 0x61, 0x6c, 0x69,
  0x64, 0x00, 0x64, 0x72, 0x61, 0x77, 0x5f, 0x6c, 0x6f, 0x67, 0x69, 0x6e,
  0x5f, 0x66, 0x6f, 0x72, 0x6d, 0x00, 0x61, 0x75, 0x74, 0x68, 0x65, 0x6e,
  0x74, 0x69, 0x63, 0x61, 0x74, 0x65, 0x5f, 0x75, 0x73, 0x65, 0x72, 0x00,
  0x63, 0x61, 0x63, 0x68, 0x65, 0x64, 0x5f, 0x65, 0x6e, 0x74, 0x72, 0x79,
  0x00, 0x73, 0x65, 0x73, 0x73, 0x69, 0x6f, 0x6e, 0x5f, 0x63, 0x6f, 0x70,
  0x6c, 0x61, 0x6e, 0x64, 0x5f, 0x70, 0x69, 0x64, 0x00, 0x6c, 0x61, 0x75,
  0x6e, 0x63, 0x68, 0x5f, 0x64, 0x65, 0x73, 0x6b, 0x74, 0x6f, 0x70, 0x00,
  0x6d, 0x34, 0x6b, 0x5f, 0x73, 0x65, 0x74, 0x75, 0x69, 0x64, 0x00, 0x6d,
  0x34, 0x6b, 0x5f, 0x73, 0x65, 0x74, 0x67, 0x69, 0x64, 0x00, 0x6d, 0x34,
  0x6b, 0x5f, 0x63, 0x68, 0x64, 0x69, 0x72, 0x00, 0x6d, 0x34, 0x6b, 0x5f,
  0x67, 0x65, 0x74, 0x70, 0x69, 0x64, 0x00, 0x6d, 0x34, 0x6b, 0x5f, 0x72,
  0x65, 0x67, 0x69, 0x73, 0x74, 0x65, 0x72, 0x5f, 0x73, 0x65, 0x73, 0x73,
  0x69, 0x6f, 0x6e, 0x00, 0x6d, 0x34, 0x6b, 0x5f, 0x73, 0x70, 0x61, 0x77,
  0x6e, 0x00, 0x6d, 0x34, 0x6b, 0x5f, 0x65, 0x78, 0x69, 0x74, 0x00, 0x6d,
  0x34, 0x6b, 0x5f, 0x77, 0x61, 0x69, 0x74, 0x70, 0x69, 0x64, 0x00, 0x6d,
  0x34, 0x6b, 0x5f, 0x73, 0x63, 0x33, 0x00, 0x6d, 0x34, 0x6b, 0x5f, 0x73,
  0x63, 0x31, 0x00, 0x68, 0x61, 0x6e, 0x64, 0x6c, 0x65, 0x5f, 0x6b, 0x65,
  0x79, 0x62, 0x6f, 0x61, 0x72, 0x64, 0x00, 0x64, 0x72, 0x61, 0x77, 0x5f,
  0x6d, 0x6f, 0x75, 0x73, 0x65, 0x5f, 0x63, 0x75, 0x72, 0x73, 0x6f, 0x72,
  0x00, 0x68, 0x61, 0x6e, 0x64, 0x6c, 0x65, 0x5f, 0x6d, 0x6f, 0x75, 0x73,
  0x65, 0x00, 0x6c, 0x69, 0x62, 0x67, 0x75, 0x69, 0x2e, 0x63, 0x00, 0x66,
  0x62, 0x5f, 0x63, 0x61, 0x63, 0x68, 0x65, 0x64, 0x00, 0x67, 0x75, 0x69,
  0x5f, 0x77, 0x61, 0x6c, 0x6c, 0x70, 0x61, 0x70, 0x65, 0x72, 0x5f, 0x74,
  0x68, 0x65, 0x6d, 0x65, 0x00, 0x67, 0x75, 0x69, 0x5f, 0x67, 0x65, 0x74,
  0x5f, 0x66, 0x62, 0x5f, 0x69, 0x6e, 0x66, 0x6f, 0x00, 0x66, 0x62, 0x5f,
  0x63, 0x61, 0x63, 0x68, 0x65, 0x00, 0x6d, 0x34, 0x6b, 0x5f, 0x67, 0x65,
  0x74, 0x5f, 0x66, 0x72, 0x61, 0x6d, 0x65, 0x62, 0x75, 0x66, 0x66, 0x65,
  0x72, 0x5f, 0x69, 0x6e, 0x66, 0x6f, 0x00, 0x6d, 0x34, 0x6b, 0x5f, 0x64,
  0x72, 0x61, 0x77, 0x5f, 0x72, 0x65, 0x63, 0x74, 0x00, 0x6d, 0x34, 0x6b,
  0x5f, 0x73, 0x63, 0x35, 0x00, 0x6d, 0x34, 0x6b, 0x5f, 0x64, 0x72, 0x61,
  0x77, 0x5f, 0x74, 0x65, 0x78, 0x74, 0x00, 0x6d, 0x34, 0x6b, 0x5f, 0x66,
  0x69, 0x6c, 0x6c, 0x5f, 0x67, 0x72, 0x61, 0x64, 0x69, 0x65, 0x6e, 0x74,
  0x00, 0x67, 0x75, 0x69, 0x5f, 0x77, 0x61, 0x6c, 0x6c, 0x70, 0x61, 0x70,
  0x65, 0x72, 0x73, 0x00, 0x63, 0x6f, 0x70, 0x6c, 0x61, 0x6e, 0x64, 0x5f,
  0x73, 0x68, 0x6d, 0x5f, 0x67, 0x65, 0x74, 0x00, 0x6d, 0x34, 0x6b, 0x5f,
  0x66, 0x6c, 0x69, 0x70, 0x00, 0x6d, 0x34, 0x6b, 0x5f, 0x67, 0x65, 0x74,
  0x5f, 0x6d, 0x6f, 0x75, 0x73, 0x65, 0x5f, 0x65, 0x76, 0x65, 0x6e, 0x74,
  0x00, 0x6d, 0x34, 0x6b, 0x5f, 0x67, 0x65, 0x74, 0x5f, 0x6b, 0x65, 0x79,
  0x62, 0x6f, 0x61, 0x72, 0x64, 0x5f, 0x65, 0x76, 0x65, 0x6e, 0x74, 0x00,
  0x70, 0x77, 0x64, 0x2e, 0x63, 0x00, 0x73, 0x68, 0x61, 0x32, 0x35, 0x36,
  0x5f, 0x6b, 0x00, 0x73, 0x68, 0x61, 0x32, 0x35, 0x36, 0x5f, 0x74, 0x72,
  0x61, 0x6e, 0x73, 0x66, 0x6f, 0x72, 0x6d, 0x00, 0x73, 0x68, 0x61, 0x32,
  0x35, 0x36, 0x5f, 0x69, 0x6e, 0x69, 0x74, 0x00, 0x73, 0x68, 0x61, 0x32,
  0x35, 0x36, 0x5f, 0x75, 0x70, 0x64, 0x61, 0x74, 0x65, 0x00, 0x73, 0x68,
  0x61, 0x32, 0x35, 0x36, 0x5f, 0x66, 0x69, 0x6e, 0x61, 0x6c, 0x00, 0x74,
  0x6f, 0x5f, 0x68, 0x65, 0x78, 0x00, 0x66, 0x72, 0x6f, 0x6d, 0x5f, 0x68,
  0x65, 0x78, 0x00, 0x68, 0x61, 0x73, 0x68, 0x5f, 0x77, 0x69, 0x74, 0x68,
  0x5f, 0x73, 0x61, 0x6c, 0x74, 0x00, 0x70, 0x61, 0x72, 0x73, 0x65, 0x5f,
  0x70, 0x61, 0x73, 0x73, 0x77, 0x64, 0x5f, 0x6c, 0x69, 0x6e, 0x65, 0x00,
  0x70, 0x61, 0x72, 0x73, 0x65, 0x5f, 0x73, 0x69, 0x7a, 0x65, 0x00, 0x6d,
  0x75, 0x73, 0x72, 0x5f, 0x67, 0x65, 0x74, 0x70, 0x77, 0x6e, 0x61, 0x6d,
  0x00, 0x67, 0x75, 0x69, 0x5f, 0x64, 0x72, 0x61, 0x77, 0x5f, 0x69, 0x6e,
  0x70, 0x75, 0x74, 0x5f, 0x62, 0x6f, 0x78, 0x00, 0x6d, 0x75, 0x73, 0x72,
  0x5f, 0x75, 0x70, 0x64, 0x61, 0x74, 0x65, 0x5f, 0x70, 0x61, 0x73, 0x73,
  0x77, 0x64, 0x5f, 0x64, 0x62, 0x00, 0x67, 0x75, 0x69, 0x5f, 0x77, 0x61,
  0x6c, 0x6c, 0x70, 0x61, 0x70, 0x65, 0x72, 0x5f, 0x73, 0x65, 0x74, 0x5f,
  0x74, 0x68, 0x65, 0x6d, 0x65, 0x00, 0x6d, 0x75, 0x73, 0x72, 0x5f, 0x72,
  0x65, 0x61, 0x64, 0x5f, 0x70, 0x61, 0x73, 0x73, 0x77, 0x64, 0x5f, 0x64,
  0x62, 0x00, 0x6d, 0x75, 0x73, 0x72, 0x5f, 0x67, 0x65, 0x74, 0x70, 0x77,
  0x75, 0x69, 0x64, 0x00, 0x67, 0x75, 0x69, 0x5f, 0x70, 0x6f, 0x69, 0x6e,
  0x74, 0x5f, 0x69, 0x6e, 0x5f, 0x72, 0x65, 0x63, 0x74, 0x00, 0x67, 0x75,
  0x69, 0x5f, 0x66, 0x6c, 0x69, 0x70, 0x00, 0x67, 0x5f, 0x6d, 0x64, 0x6d,
  0x5f, 0x6d, 0x69, 0x6c, 0x65, 0x73, 0x74, 0x6f, 0x6e, 0x65, 0x00, 0x6f,
  0x75, 0x74, 0x5f, 0x66, 0x64, 0x00, 0x67, 0x75, 0x69, 0x5f, 0x64, 0x72,
  0x61, 0x77, 0x5f, 0x74, 0x65, 0x78, 0x74, 0x00, 0x5f, 0x5f, 0x62, 0x73,
  0x73, 0x5f, 0x65, 0x6e, 0x64, 0x00, 0x6d, 0x75, 0x73, 0x72, 0x5f, 0x6d,
  0x61, 0x6b, 0x65, 0x5f, 0x70, 0x61, 0x73, 0x73, 0x77, 0x6f, 0x72, 0x64,
  0x5f, 0x68, 0x61, 0x73, 0x68, 0x00, 0x67, 0x75, 0x69, 0x5f, 0x64, 0x72,
  0x61, 0x77, 0x5f, 0x62, 0x75, 0x74, 0x74, 0x6f, 0x6e, 0x00, 0x6d, 0x75,
  0x73, 0x72, 0x5f, 0x70, 0x61, 0x72, 0x73, 0x65, 0x5f, 0x6c, 0x6f, 0x67,
  0x69, 0x6e, 0x5f, 0x63, 0x6f, 0x6e, 0x66, 0x00, 0x5f, 0x5f, 0x65, 0x6e,
  0x64, 0x00, 0x67, 0x75, 0x69, 0x5f, 0x64, 0x72, 0x61, 0x77, 0x5f, 0x67,
  0x72, 0x61, 0x64, 0x69, 0x65, 0x6e, 0x74, 0x00, 0x67, 0x75, 0x69, 0x5f,
  0x64, 0x72, 0x61, 0x77, 0x5f, 0x69, 0x63, 0x6f, 0x6e, 0x00, 0x5f, 0x5f,
  0x62, 0x73, 0x73, 0x5f, 0x73, 0x74, 0x61, 0x72, 0x74, 0x00, 0x67, 0x75,
  0x69, 0x5f, 0x63, 0x6c, 0x65, 0x61, 0x72, 0x00, 0x67, 0x75, 0x69, 0x5f,
  0x77, 0x61, 0x6c, 0x6c, 0x70, 0x61, 0x70, 0x65, 0x72, 0x5f, 0x67, 0x65,
  0x74, 0x5f, 0x74, 0x68, 0x65, 0x6d, 0x65, 0x00, 0x67, 0x75, 0x69, 0x5f,
  0x64, 0x72, 0x61, 0x77, 0x5f, 0x72, 0x65, 0x63, 0x74, 0x00, 0x67, 0x75,
  0x69, 0x5f, 0x67, 0x65, 0x74, 0x5f, 0x6d, 0x6f, 0x75, 0x73, 0x65, 0x5f,
  0x65, 0x76, 0x65, 0x6e, 0x74, 0x00, 0x67, 0x75, 0x69, 0x5f, 0x64, 0x72,
  0x61, 0x77, 0x5f, 0x77, 0x61, 0x6c, 0x6c, 0x70, 0x61, 0x70, 0x65, 0x72,
  0x00, 0x6d, 0x75, 0x73, 0x72, 0x5f, 0x68, 0x61, 0x73, 0x68, 0x5f, 0x70,
  0x61, 0x73, 0x73, 0x77, 0x6f, 0x72, 0x64, 0x00, 0x67, 0x75, 0x69, 0x5f,
  0x67, 0x65, 0x74, 0x5f, 0x6b, 0x65, 0x79, 0x62, 0x6f, 0x61, 0x72, 0x64,
  0x5f, 0x65, 0x76, 0x65, 0x6e, 0x74, 0x00, 0x6d, 0x75, 0x73, 0x72, 0x5f,
  0x76, 0x65, 0x72, 0x69, 0x66, 0x79, 0x5f, 0x70, 0x61, 0x73, 0x73, 0x77,
  0x6f, 0x72, 0x64, 0x00, 0x00, 0x2e, 0x73, 0x79, 0x6d, 0x74, 0x61, 0x62,
  0x00, 0x2e, 0x73, 0x74, 0x72, 0x74, 0x61, 0x62, 0x00, 0x2e, 0x73, 0x68,
  0x73, 0x74, 0x72, 0x74, 0x61, 0x62, 0x00, 0x2e, 0x74, 0x65, 0x78, 0x74,
  0x00, 0x2e, 0x72, 0x6f, 0x64, 0x61, 0x74, 0x61, 0x00, 0x2e, 0x64, 0x61,
  0x74, 0x61, 0x00, 0x2e, 0x62, 0x73, 0x73, 0x00, 0x00, 0x00, 0x00, 0x00,
  0x00, 0x00, 0x00, 0x00, 0x00, 0x00, 0x00, 0x00, 0x00, 0x00, 0x00, 0x00,
  0x00, 0x00, 0x00, 0x00, 0x00, 0x00, 0x00, 0x00, 0x00, 0x00, 0x00, 0x00,
  0x00, 0x00, 0x00, 0x00, 0x00, 0x00, 0x00, 0x00, 0x00, 0x00, 0x00, 0x00,
  0x1b, 0x00, 0x00, 0x00, 0x01, 0x00, 0x00, 0x00, 0x06, 0x00, 0x00, 0x00,
  0x00, 0x00, 0x80, 0x00, 0x00, 0x10, 0x00, 0x00, 0xc0, 0x55, 0x00, 0x00,
  0x00, 0x00, 0x00, 0x00, 0x00, 0x00, 0x00, 0x00, 0x04, 0x00, 0x00, 0x00,
  0x00, 0x00, 0x00, 0x00, 0x21, 0x00, 0x00, 0x00, 0x01, 0x00, 0x00, 0x00,
  0x02, 0x00, 0x00, 0x00, 0x00, 0x60, 0x80, 0x00, 0x00, 0x70, 0x00, 0x00,
  0x0c, 0x04, 0x00, 0x00, 0x00, 0x00, 0x00, 0x00, 0x00, 0x00, 0x00, 0x00,
  0x04, 0x00, 0x00, 0x00, 0x00, 0x00, 0x00, 0x00, 0x29, 0x00, 0x00, 0x00,
  0x01, 0x00, 0x00, 0x00, 0x03, 0x00, 0x00, 0x00, 0x00, 0x70, 0x80, 0x00,
  0x00, 0x80, 0x00, 0x00, 0xb0, 0x01, 0x00, 0x00, 0x00, 0x00, 0x00, 0x00,
  0x00, 0x00, 0x00, 0x00, 0x04, 0x00, 0x00, 0x00, 0x00, 0x00, 0x00, 0x00,
  0x2f, 0x00, 0x00, 0x00, 0x08, 0x00, 0x00, 0x00, 0x03, 0x00, 0x00, 0x00,
  0x00, 0x80, 0x80, 0x00, 0xb0, 0x81, 0x00, 0x00, 0x9c, 0x02, 0x00, 0x00,
  0x00, 0x00, 0x00, 0x00, 0x00, 0x00, 0x00, 0x00, 0x04, 0x00, 0x00, 0x00,
  0x00, 0x00, 0x00, 0x00, 0x01, 0x00, 0x00, 0x00, 0x02, 0x00, 0x00, 0x00,
  0x00, 0x00, 0x00, 0x00, 0x00, 0x00, 0x00, 0x00, 0xb0, 0x81, 0x00, 0x00,
  0xa0, 0x13, 0x00, 0x00, 0x06, 0x00, 0x00, 0x00, 0x1d, 0x01, 0x00, 0x00,
  0x04, 0x00, 0x00, 0x00, 0x10, 0x00, 0x00, 0x00, 0x09, 0x00, 0x00, 0x00,
  0x03, 0x00, 0x00, 0x00, 0x00, 0x00, 0x00, 0x00, 0x00, 0x00, 0x00, 0x00,
  0x50, 0x95, 0x00, 0x00, 0x1c, 0x08, 0x00, 0x00, 0x00, 0x00, 0x00, 0x00,
  0x00, 0x00, 0x00, 0x00, 0x01, 0x00, 0x00, 0x00, 0x00, 0x00, 0x00, 0x00,
  0x11, 0x00, 0x00, 0x00, 0x03, 0x00, 0x00, 0x00, 0x00, 0x00, 0x00, 0x00,
  0x00, 0x00, 0x00, 0x00, 0x6c, 0x9d, 0x00, 0x00, 0x34, 0x00, 0x00, 0x00,
  0x00, 0x00, 0x00, 0x00, 0x00, 0x00, 0x00, 0x00, 0x01, 0x00, 0x00, 0x00,
  0x00, 0x00, 0x00, 0x00
};
unsigned int mdm_init_elf_len = 40672;
