unsigned char mdm_mini_init_elf[] = {
  0x7f, 0x45, 0x4c, 0x46, 0x01, 0x01, 0x01, 0x00, 0x00, 0x00, 0x00, 0x00,
  0x00, 0x00, 0x00, 0x00, 0x02, 0x00, 0x03, 0x00, 0x01, 0x00, 0x00, 0x00,
  0x4c, 0x0d, 0x80, 0x00, 0x34, 0x00, 0x00, 0x00, 0x38, 0x63, 0x00, 0x00,
  0x00, 0x00, 0x00, 0x00, 0x34, 0x00, 0x20, 0x00, 0x03, 0x00, 0x28, 0x00,
  0x08, 0x00, 0x07, 0x00, 0x01, 0x00, 0x00, 0x00, 0x00, 0x10, 0x00, 0x00,
  0x00, 0x00, 0x80, 0x00, 0x00, 0x00, 0x80, 0x00, 0xa0, 0x22, 0x00, 0x00,
  0xa0, 0x22, 0x00, 0x00, 0x05, 0x00, 0x00, 0x00, 0x00, 0x10, 0x00, 0x00,
  0x01, 0x00, 0x00, 0x00, 0x00, 0x40, 0x00, 0x00, 0x00, 0x30, 0x80, 0x00,
  0x00, 0x30, 0x80, 0x00, 0x34, 0x02, 0x00, 0x00, 0x34, 0x02, 0x00, 0x00,
  0x04, 0x00, 0x00, 0x00, 0x00, 0x10, 0x00, 0x00, 0x01, 0x00, 0x00, 0x00,
  0x00, 0x50, 0x00, 0x00, 0x00, 0x40, 0x80, 0x00, 0x00, 0x40, 0x80, 0x00,
  0x0c, 0x01, 0x00, 0x00, 0x14, 0x10, 0x00, 0x00, 0x06, 0x00, 0x00, 0x00,
  0x00, 0x10, 0x00, 0x00, 0x00, 0x00, 0x00, 0x00, 0x00, 0x00, 0x00, 0x00,
  0x00, 0x00, 0x00, 0x00, 0x00, 0x00, 0x00, 0x00, 0x00, 0x00, 0x00, 0x00,
  0x00, 0x00, 0x00, 0x00, 0x00, 0x00, 0x00, 0x00, 0x00, 0x00, 0x00, 0x00,
  0x00, 0x00, 0x00, 0x00, 0x00, 0x00, 0x00, 0x00, 0x00, 0x00, 0x00, 0x00,
  0x00, 0x00, 0x00, 0x00, 0x00, 0x00, 0x00, 0x00, 0x00, 0x00, 0x00, 0x00,
  0x00, 0x00, 0x00, 0x00, 0x00, 0x00, 0x00, 0x00, 0x00, 0x00, 0x00, 0x00,
  0x00, 0x00, 0x00, 0x00, 0x00, 0x00, 0x00, 0x00, 0x00, 0x00, 0x00, 0x00,
  0x00, 0x00, 0x00, 0x00, 0x00, 0x00, 0x00, 0x00, 0x00, 0x00, 0x00, 0x00,
  0x00, 0x00, 0x00, 0x00, 0x00, 0x00, 0x00, 0x00, 0x00, 0x00, 0x00, 0x00,
  0x00, 0x00, 0x00, 0x00, 0x00, 0x00, 0x00, 0x00, 0x00, 0x00, 0x00, 0x00,
  0x00, 0x00, 0x00, 0x00, 0x00, 0x00, 0x00, 0x00, 0x00, 0x00, 0x00, 0x00,
  0x00, 0x00, 0x00, 0x00, 0x00, 0x00, 0x00, 0x00, 0x00, 0x00, 0x00, 0x00,
  0x00, 0x00, 0x00, 0x00, 0x00, 0x00, 0x00, 0x00, 0x00, 0x00, 0x00, 0x00,
  0x00, 0x00, 0x00, 0x00, 0x00, 0x00, 0x00, 0x00, 0x00, 0x00, 0x00, 0x00,
  0x00, 0x00, 0x00, 0x00, 0x00, 0x00, 0x00, 0x00, 0x00, 0x00, 0x00, 0x00,
  0x00, 0x00, 0x00, 0x00, 0x00, 0x00, 0x00, 0x00, 0x00, 0x00, 0x00, 0x00,
  0x00, 0x00, 0x00, 0x00, 0x00, 0x00, 0x00, 0x00, 0x00, 0x00, 0x00, 0x00,
  0x00, 0x00, 0x00, 0x00, 0x00, 0x00, 0x00, 0x00, 0x00, 0x00, 0x00, 0x00,
  0x00, 0x00, 0x00, 0x00, 0x00, 0x00, 0x00, 0x00, 0x00, 0x00, 0x00, 0x00,
  0x00, 0x00, 0x00, 0x00, 0x00, 0x00, 0x00, 0x00, 0x00, 0x00, 0x00, 0x00,
  0x00, 0x00, 0x00, 0x00, 0x00, 0x00, 0x00, 0x00, 0x00, 0x00, 0x00, 0x00,
  0x00, 0x00, 0x00, 0x00, 0x00, 0x00, 0x00, 0x00, 0x00, 0x00, 0x00, 0x00,
  0x00, 0x00, 0x00, 0x00, 0x00, 0x00, 0x00, 0x00, 0x00, 0x00, 0x00, 0x00,
  0x00, 0x00, 0x00, 0x00, 0x00, 0x00, 0x00, 0x00, 0x00, 0x00, 0x00, 0x00,
  0x00, 0x00, 0x00, 0x00, 0x00, 0x00, 0x00, 0x00, 0x00, 0x00, 0x00, 0x00,
  0x00, 0x00, 0x00, 0x00, 0x00, 0x00, 0x00, 0x00, 0x00, 0x00, 0x00, 0x00,
  0x00, 0x00, 0x00, 0x00, 0x00, 0x00, 0x00, 0x00, 0x00, 0x00, 0x00, 0x00,
  0x00, 0x00, 0x00, 0x00, 0x00, 0x00, 0x00, 0x00, 0x00, 0x00, 0x00, 0x00,
  0x00, 0x00, 0x00, 0x00, 0x00, 0x00, 0x00, 0x00, 0x00, 0x00, 0x00, 0x00,
  0x00, 0x00, 0x00, 0x00, 0x00, 0x00, 0x00, 0x00, 0x00, 0x00, 0x00, 0x00,
  0x00, 0x00, 0x00, 0x00, 0x00, 0x00, 0x00, 0x00, 0x00, 0x00, 0x00, 0x00,
  0x00, 0x00, 0x00, 0x00, 0x00, 0x00, 0x00, 0x00, 0x00, 0x00, 0x00, 0x00,
  0x00, 0x00, 0x00, 0x00, 0x00, 0x00, 0x00, 0x00, 0x00, 0x00, 0x00, 0x00,
  0x00, 0x00, 0x00, 0x00, 0x00, 0x00, 0x00, 0x00, 0x00, 0x00, 0x00, 0x00,
  0x00, 0x00, 0x00, 0x00, 0x00, 0x00, 0x00, 0x00, 0x00, 0x00, 0x00, 0x00,
  0x00, 0x00, 0x00, 0x00, 0x00, 0x00, 0x00, 0x00, 0x00, 0x00, 0x00, 0x00,
  0x00, 0x00, 0x00, 0x00, 0x00, 0x00, 0x00, 0x00, 0x00, 0x00, 0x00, 0x00,
  0x00, 0x00, 0x00, 0x00, 0x00, 0x00, 0x00, 0x00, 0x00, 0x00, 0x00, 0x00,
  0x00, 0x00, 0x00, 0x00, 0x00, 0x00, 0x00, 0x00, 0x00, 0x00, 0x00, 0x00,
  0x00, 0x00, 0x00, 0x00, 0x00, 0x00, 0x00, 0x00, 0x00, 0x00, 0x00, 0x00,
  0x00, 0x00, 0x00, 0x00, 0x00, 0x00, 0x00, 0x00, 0x00, 0x00, 0x00, 0x00,
  0x00, 0x00, 0x00, 0x00, 0x00, 0x00, 0x00, 0x00, 0x00, 0x00, 0x00, 0x00,
  0x00, 0x00, 0x00, 0x00, 0x00, 0x00, 0x00, 0x00, 0x00, 0x00, 0x00, 0x00,
  0x00, 0x00, 0x00, 0x00, 0x00, 0x00, 0x00, 0x00, 0x00, 0x00, 0x00, 0x00,
  0x00, 0x00, 0x00, 0x00, 0x00, 0x00, 0x00, 0x00, 0x00, 0x00, 0x00, 0x00,
  0x00, 0x00, 0x00, 0x00, 0x00, 0x00, 0x00, 0x00, 0x00, 0x00, 0x00, 0x00,
  0x00, 0x00, 0x00, 0x00, 0x00, 0x00, 0x00, 0x00, 0x00, 0x00, 0x00, 0x00,
  0x00, 0x00, 0x00, 0x00, 0x00, 0x00, 0x00, 0x00, 0x00, 0x00, 0x00, 0x00,
  0x00, 0x00, 0x00, 0x00, 0x00, 0x00, 0x00, 0x00, 0x00, 0x00, 0x00, 0x00,
  0x00, 0x00, 0x00, 0x00, 0x00, 0x00, 0x00, 0x00, 0x00, 0x00, 0x00, 0x00,
  0x00, 0x00, 0x00, 0x00, 0x00, 0x00, 0x00, 0x00, 0x00, 0x00, 0x00, 0x00,
  0x00, 0x00, 0x00, 0x00, 0x00, 0x00, 0x00, 0x00, 0x00, 0x00, 0x00, 0x00,
  0x00, 0x00, 0x00, 0x00, 0x00, 0x00, 0x00, 0x00, 0x00, 0x00, 0x00, 0x00,
  0x00, 0x00, 0x00, 0x00, 0x00, 0x00, 0x00, 0x00, 0x00, 0x00, 0x00, 0x00,
  0x00, 0x00, 0x00, 0x00, 0x00, 0x00, 0x00, 0x00, 0x00, 0x00, 0x00, 0x00,
  0x00, 0x00, 0x00, 0x00, 0x00, 0x00, 0x00, 0x00, 0x00, 0x00, 0x00, 0x00,
  0x00, 0x00, 0x00, 0x00, 0x00, 0x00, 0x00, 0x00, 0x00, 0x00, 0x00, 0x00,
  0x00, 0x00, 0x00, 0x00, 0x00, 0x00, 0x00, 0x00, 0x00, 0x00, 0x00, 0x00,
  0x00, 0x00, 0x00, 0x00, 0x00, 0x00, 0x00, 0x00, 0x00, 0x00, 0x00, 0x00,
  0x00, 0x00, 0x00, 0x00, 0x00, 0x00, 0x00, 0x00, 0x00, 0x00, 0x00, 0x00,
  0x00, 0x00, 0x00, 0x00, 0x00, 0x00, 0x00, 0x00, 0x00, 0x00, 0x00, 0x00,
  0x00, 0x00, 0x00, 0x00, 0x00, 0x00, 0x00, 0x00, 0x00, 0x00, 0x00, 0x00,
  0x00, 0x00, 0x00, 0x00, 0x00, 0x00, 0x00, 0x00, 0x00, 0x00, 0x00, 0x00,
  0x00, 0x00, 0x00, 0x00, 0x00, 0x00, 0x00, 0x00, 0x00, 0x00, 0x00, 0x00,
  0x00, 0x00, 0x00, 0x00, 0x00, 0x00, 0x00, 0x00, 0x00, 0x00, 0x00, 0x00,
  0x00, 0x00, 0x00, 0x00, 0x00, 0x00, 0x00, 0x00, 0x00, 0x00, 0x00, 0x00,
  0x00, 0x00, 0x00, 0x00, 0x00, 0x00, 0x00, 0x00, 0x00, 0x00, 0x00, 0x00,
  0x00, 0x00, 0x00, 0x00, 0x00, 0x00, 0x00, 0x00, 0x00, 0x00, 0x00, 0x00,
  0x00, 0x00, 0x00, 0x00, 0x00, 0x00, 0x00, 0x00, 0x00, 0x00, 0x00, 0x00,
  0x00, 0x00, 0x00, 0x00, 0x00, 0x00, 0x00, 0x00, 0x00, 0x00, 0x00, 0x00,
  0x00, 0x00, 0x00, 0x00, 0x00, 0x00, 0x00, 0x00, 0x00, 0x00, 0x00, 0x00,
  0x00, 0x00, 0x00, 0x00, 0x00, 0x00, 0x00, 0x00, 0x00, 0x00, 0x00, 0x00,
  0x00, 0x00, 0x00, 0x00, 0x00, 0x00, 0x00, 0x00, 0x00, 0x00, 0x00, 0x00,
  0x00, 0x00, 0x00, 0x00, 0x00, 0x00, 0x00, 0x00, 0x00, 0x00, 0x00, 0x00,
  0x00, 0x00, 0x00, 0x00, 0x00, 0x00, 0x00, 0x00, 0x00, 0x00, 0x00, 0x00,
  0x00, 0x00, 0x00, 0x00, 0x00, 0x00, 0x00, 0x00, 0x00, 0x00, 0x00, 0x00,
  0x00, 0x00, 0x00, 0x00, 0x00, 0x00, 0x00, 0x00, 0x00, 0x00, 0x00, 0x00,
  0x00, 0x00, 0x00, 0x00, 0x00, 0x00, 0x00, 0x00, 0x00, 0x00, 0x00, 0x00,
  0x00, 0x00, 0x00, 0x00, 0x00, 0x00, 0x00, 0x00, 0x00, 0x00, 0x00, 0x00,
  0x00, 0x00, 0x00, 0x00, 0x00, 0x00, 0x00, 0x00, 0x00, 0x00, 0x00, 0x00,
  0x00, 0x00, 0x00, 0x00, 0x00, 0x00, 0x00, 0x00, 0x00, 0x00, 0x00, 0x00,
  0x00, 0x00, 0x00, 0x00, 0x00, 0x00, 0x00, 0x00, 0x00, 0x00, 0x00, 0x00,
  0x00, 0x00, 0x00, 0x00, 0x00, 0x00, 0x00, 0x00, 0x00, 0x00, 0x00, 0x00,
  0x00, 0x00, 0x00, 0x00, 0x00, 0x00, 0x00, 0x00, 0x00, 0x00, 0x00, 0x00,
  0x00, 0x00, 0x00, 0x00, 0x00, 0x00, 0x00, 0x00, 0x00, 0x00, 0x00, 0x00,
  0x00, 0x00, 0x00, 0x00, 0x00, 0x00, 0x00, 0x00, 0x00, 0x00, 0x00, 0x00,
  0x00, 0x00, 0x00, 0x00, 0x00, 0x00, 0x00, 0x00, 0x00, 0x00, 0x00, 0x00,
  0x00, 0x00, 0x00, 0x00, 0x00, 0x00, 0x00, 0x00, 0x00, 0x00, 0x00, 0x00,
  0x00, 0x00, 0x00, 0x00, 0x00, 0x00, 0x00, 0x00, 0x00, 0x00, 0x00, 0x00,
  0x00, 0x00, 0x00, 0x00, 0x00, 0x00, 0x00, 0x00, 0x00, 0x00, 0x00, 0x00,
  0x00, 0x00, 0x00, 0x00, 0x00, 0x00, 0x00, 0x00, 0x00, 0x00, 0x00, 0x00,
  0x00, 0x00, 0x00, 0x00, 0x00, 0x00, 0x00, 0x00, 0x00, 0x00, 0x00, 0x00,
  0x00, 0x00, 0x00, 0x00, 0x00, 0x00, 0x00, 0x00, 0x00, 0x00, 0x00, 0x00,
  0x00, 0x00, 0x00, 0x00, 0x00, 0x00, 0x00, 0x00, 0x00, 0x00, 0x00, 0x00,
  0x00, 0x00, 0x00, 0x00, 0x00, 0x00, 0x00, 0x00, 0x00, 0x00, 0x00, 0x00,
  0x00, 0x00, 0x00, 0x00, 0x00, 0x00, 0x00, 0x00, 0x00, 0x00, 0x00, 0x00,
  0x00, 0x00, 0x00, 0x00, 0x00, 0x00, 0x00, 0x00, 0x00, 0x00, 0x00, 0x00,
  0x00, 0x00, 0x00, 0x00, 0x00, 0x00, 0x00, 0x00, 0x00, 0x00, 0x00, 0x00,
  0x00, 0x00, 0x00, 0x00, 0x00, 0x00, 0x00, 0x00, 0x00, 0x00, 0x00, 0x00,
  0x00, 0x00, 0x00, 0x00, 0x00, 0x00, 0x00, 0x00, 0x00, 0x00, 0x00, 0x00,
  0x00, 0x00, 0x00, 0x00, 0x00, 0x00, 0x00, 0x00, 0x00, 0x00, 0x00, 0x00,
  0x00, 0x00, 0x00, 0x00, 0x00, 0x00, 0x00, 0x00, 0x00, 0x00, 0x00, 0x00,
  0x00, 0x00, 0x00, 0x00, 0x00, 0x00, 0x00, 0x00, 0x00, 0x00, 0x00, 0x00,
  0x00, 0x00, 0x00, 0x00, 0x00, 0x00, 0x00, 0x00, 0x00, 0x00, 0x00, 0x00,
  0x00, 0x00, 0x00, 0x00, 0x00, 0x00, 0x00, 0x00, 0x00, 0x00, 0x00, 0x00,
  0x00, 0x00, 0x00, 0x00, 0x00, 0x00, 0x00, 0x00, 0x00, 0x00, 0x00, 0x00,
  0x00, 0x00, 0x00, 0x00, 0x00, 0x00, 0x00, 0x00, 0x00, 0x00, 0x00, 0x00,
  0x00, 0x00, 0x00, 0x00, 0x00, 0x00, 0x00, 0x00, 0x00, 0x00, 0x00, 0x00,
  0x00, 0x00, 0x00, 0x00, 0x00, 0x00, 0x00, 0x00, 0x00, 0x00, 0x00, 0x00,
  0x00, 0x00, 0x00, 0x00, 0x00, 0x00, 0x00, 0x00, 0x00, 0x00, 0x00, 0x00,
  0x00, 0x00, 0x00, 0x00, 0x00, 0x00, 0x00, 0x00, 0x00, 0x00, 0x00, 0x00,
  0x00, 0x00, 0x00, 0x00, 0x00, 0x00, 0x00, 0x00, 0x00, 0x00, 0x00, 0x00,
  0x00, 0x00, 0x00, 0x00, 0x00, 0x00, 0x00, 0x00, 0x00, 0x00, 0x00, 0x00,
  0x00, 0x00, 0x00, 0x00, 0x00, 0x00, 0x00, 0x00, 0x00, 0x00, 0x00, 0x00,
  0x00, 0x00, 0x00, 0x00, 0x00, 0x00, 0x00, 0x00, 0x00, 0x00, 0x00, 0x00,
  0x00, 0x00, 0x00, 0x00, 0x00, 0x00, 0x00, 0x00, 0x00, 0x00, 0x00, 0x00,
  0x00, 0x00, 0x00, 0x00, 0x00, 0x00, 0x00, 0x00, 0x00, 0x00, 0x00, 0x00,
  0x00, 0x00, 0x00, 0x00, 0x00, 0x00, 0x00, 0x00, 0x00, 0x00, 0x00, 0x00,
  0x00, 0x00, 0x00, 0x00, 0x00, 0x00, 0x00, 0x00, 0x00, 0x00, 0x00, 0x00,
  0x00, 0x00, 0x00, 0x00, 0x00, 0x00, 0x00, 0x00, 0x00, 0x00, 0x00, 0x00,
  0x00, 0x00, 0x00, 0x00, 0x00, 0x00, 0x00, 0x00, 0x00, 0x00, 0x00, 0x00,
  0x00, 0x00, 0x00, 0x00, 0x00, 0x00, 0x00, 0x00, 0x00, 0x00, 0x00, 0x00,
  0x00, 0x00, 0x00, 0x00, 0x00, 0x00, 0x00, 0x00, 0x00, 0x00, 0x00, 0x00,
  0x00, 0x00, 0x00, 0x00, 0x00, 0x00, 0x00, 0x00, 0x00, 0x00, 0x00, 0x00,
  0x00, 0x00, 0x00, 0x00, 0x00, 0x00, 0x00, 0x00, 0x00, 0x00, 0x00, 0x00,
  0x00, 0x00, 0x00, 0x00, 0x00, 0x00, 0x00, 0x00, 0x00, 0x00, 0x00, 0x00,
  0x00, 0x00, 0x00, 0x00, 0x00, 0x00, 0x00, 0x00, 0x00, 0x00, 0x00, 0x00,
  0x00, 0x00, 0x00, 0x00, 0x00, 0x00, 0x00, 0x00, 0x00, 0x00, 0x00, 0x00,
  0x00, 0x00, 0x00, 0x00, 0x00, 0x00, 0x00, 0x00, 0x00, 0x00, 0x00, 0x00,
  0x00, 0x00, 0x00, 0x00, 0x00, 0x00, 0x00, 0x00, 0x00, 0x00, 0x00, 0x00,
  0x00, 0x00, 0x00, 0x00, 0x00, 0x00, 0x00, 0x00, 0x00, 0x00, 0x00, 0x00,
  0x00, 0x00, 0x00, 0x00, 0x00, 0x00, 0x00, 0x00, 0x00, 0x00, 0x00, 0x00,
  0x00, 0x00, 0x00, 0x00, 0x00, 0x00, 0x00, 0x00, 0x00, 0x00, 0x00, 0x00,
  0x00, 0x00, 0x00, 0x00, 0x00, 0x00, 0x00, 0x00, 0x00, 0x00, 0x00, 0x00,
  0x00, 0x00, 0x00, 0x00, 0x00, 0x00, 0x00, 0x00, 0x00, 0x00, 0x00, 0x00,
  0x00, 0x00, 0x00, 0x00, 0x00, 0x00, 0x00, 0x00, 0x00, 0x00, 0x00, 0x00,
  0x00, 0x00, 0x00, 0x00, 0x00, 0x00, 0x00, 0x00, 0x00, 0x00, 0x00, 0x00,
  0x00, 0x00, 0x00, 0x00, 0x00, 0x00, 0x00, 0x00, 0x00, 0x00, 0x00, 0x00,
  0x00, 0x00, 0x00, 0x00, 0x00, 0x00, 0x00, 0x00, 0x00, 0x00, 0x00, 0x00,
  0x00, 0x00, 0x00, 0x00, 0x00, 0x00, 0x00, 0x00, 0x00, 0x00, 0x00, 0x00,
  0x00, 0x00, 0x00, 0x00, 0x00, 0x00, 0x00, 0x00, 0x00, 0x00, 0x00, 0x00,
  0x00, 0x00, 0x00, 0x00, 0x00, 0x00, 0x00, 0x00, 0x00, 0x00, 0x00, 0x00,
  0x00, 0x00, 0x00, 0x00, 0x00, 0x00, 0x00, 0x00, 0x00, 0x00, 0x00, 0x00,
  0x00, 0x00, 0x00, 0x00, 0x00, 0x00, 0x00, 0x00, 0x00, 0x00, 0x00, 0x00,
  0x00, 0x00, 0x00, 0x00, 0x00, 0x00, 0x00, 0x00, 0x00, 0x00, 0x00, 0x00,
  0x00, 0x00, 0x00, 0x00, 0x00, 0x00, 0x00, 0x00, 0x00, 0x00, 0x00, 0x00,
  0x00, 0x00, 0x00, 0x00, 0x00, 0x00, 0x00, 0x00, 0x00, 0x00, 0x00, 0x00,
  0x00, 0x00, 0x00, 0x00, 0x00, 0x00, 0x00, 0x00, 0x00, 0x00, 0x00, 0x00,
  0x00, 0x00, 0x00, 0x00, 0x00, 0x00, 0x00, 0x00, 0x00, 0x00, 0x00, 0x00,
  0x00, 0x00, 0x00, 0x00, 0x00, 0x00, 0x00, 0x00, 0x00, 0x00, 0x00, 0x00,
  0x00, 0x00, 0x00, 0x00, 0x00, 0x00, 0x00, 0x00, 0x00, 0x00, 0x00, 0x00,
  0x00, 0x00, 0x00, 0x00, 0x00, 0x00, 0x00, 0x00, 0x00, 0x00, 0x00, 0x00,
  0x00, 0x00, 0x00, 0x00, 0x00, 0x00, 0x00, 0x00, 0x00, 0x00, 0x00, 0x00,
  0x00, 0x00, 0x00, 0x00, 0x00, 0x00, 0x00, 0x00, 0x00, 0x00, 0x00, 0x00,
  0x00, 0x00, 0x00, 0x00, 0x00, 0x00, 0x00, 0x00, 0x00, 0x00, 0x00, 0x00,
  0x00, 0x00, 0x00, 0x00, 0x00, 0x00, 0x00, 0x00, 0x00, 0x00, 0x00, 0x00,
  0x00, 0x00, 0x00, 0x00, 0x00, 0x00, 0x00, 0x00, 0x00, 0x00, 0x00, 0x00,
  0x00, 0x00, 0x00, 0x00, 0x00, 0x00, 0x00, 0x00, 0x00, 0x00, 0x00, 0x00,
  0x00, 0x00, 0x00, 0x00, 0x00, 0x00, 0x00, 0x00, 0x00, 0x00, 0x00, 0x00,
  0x00, 0x00, 0x00, 0x00, 0x00, 0x00, 0x00, 0x00, 0x00, 0x00, 0x00, 0x00,
  0x00, 0x00, 0x00, 0x00, 0x00, 0x00, 0x00, 0x00, 0x00, 0x00, 0x00, 0x00,
  0x00, 0x00, 0x00, 0x00, 0x00, 0x00, 0x00, 0x00, 0x00, 0x00, 0x00, 0x00,
  0x00, 0x00, 0x00, 0x00, 0x00, 0x00, 0x00, 0x00, 0x00, 0x00, 0x00, 0x00,
  0x00, 0x00, 0x00, 0x00, 0x00, 0x00, 0x00, 0x00, 0x00, 0x00, 0x00, 0x00,
  0x00, 0x00, 0x00, 0x00, 0x00, 0x00, 0x00, 0x00, 0x00, 0x00, 0x00, 0x00,
  0x00, 0x00, 0x00, 0x00, 0x00, 0x00, 0x00, 0x00, 0x00, 0x00, 0x00, 0x00,
  0x00, 0x00, 0x00, 0x00, 0x00, 0x00, 0x00, 0x00, 0x00, 0x00, 0x00, 0x00,
  0x00, 0x00, 0x00, 0x00, 0x00, 0x00, 0x00, 0x00, 0x00, 0x00, 0x00, 0x00,
  0x00, 0x00, 0x00, 0x00, 0x00, 0x00, 0x00, 0x00, 0x00, 0x00, 0x00, 0x00,
  0x00, 0x00, 0x00, 0x00, 0x00, 0x00, 0x00, 0x00, 0x00, 0x00, 0x00, 0x00,
  0x00, 0x00, 0x00, 0x00, 0x00, 0x00, 0x00, 0x00, 0x00, 0x00, 0x00, 0x00,
  0x00, 0x00, 0x00, 0x00, 0x00, 0x00, 0x00, 0x00, 0x00, 0x00, 0x00, 0x00,
  0x00, 0x00, 0x00, 0x00, 0x00, 0x00, 0x00, 0x00, 0x00, 0x00, 0x00, 0x00,
  0x00, 0x00, 0x00, 0x00, 0x00, 0x00, 0x00, 0x00, 0x00, 0x00, 0x00, 0x00,
  0x00, 0x00, 0x00, 0x00, 0x00, 0x00, 0x00, 0x00, 0x00, 0x00, 0x00, 0x00,
  0x00, 0x00, 0x00, 0x00, 0x00, 0x00, 0x00, 0x00, 0x00, 0x00, 0x00, 0x00,
  0x00, 0x00, 0x00, 0x00, 0x00, 0x00, 0x00, 0x00, 0x00, 0x00, 0x00, 0x00,
  0x00, 0x00, 0x00, 0x00, 0x00, 0x00, 0x00, 0x00, 0x00, 0x00, 0x00, 0x00,
  0x00, 0x00, 0x00, 0x00, 0x00, 0x00, 0x00, 0x00, 0x00, 0x00, 0x00, 0x00,
  0x00, 0x00, 0x00, 0x00, 0x00, 0x00, 0x00, 0x00, 0x00, 0x00, 0x00, 0x00,
  0x00, 0x00, 0x00, 0x00, 0x00, 0x00, 0x00, 0x00, 0x00, 0x00, 0x00, 0x00,
  0x00, 0x00, 0x00, 0x00, 0x00, 0x00, 0x00, 0x00, 0x00, 0x00, 0x00, 0x00,
  0x00, 0x00, 0x00, 0x00, 0x00, 0x00, 0x00, 0x00, 0x00, 0x00, 0x00, 0x00,
  0x00, 0x00, 0x00, 0x00, 0x00, 0x00, 0x00, 0x00, 0x00, 0x00, 0x00, 0x00,
  0x00, 0x00, 0x00, 0x00, 0x00, 0x00, 0x00, 0x00, 0x00, 0x00, 0x00, 0x00,
  0x00, 0x00, 0x00, 0x00, 0x00, 0x00, 0x00, 0x00, 0x00, 0x00, 0x00, 0x00,
  0x00, 0x00, 0x00, 0x00, 0x00, 0x00, 0x00, 0x00, 0x00, 0x00, 0x00, 0x00,
  0x00, 0x00, 0x00, 0x00, 0x00, 0x00, 0x00, 0x00, 0x00, 0x00, 0x00, 0x00,
  0x00, 0x00, 0x00, 0x00, 0x00, 0x00, 0x00, 0x00, 0x00, 0x00, 0x00, 0x00,
  0x00, 0x00, 0x00, 0x00, 0x00, 0x00, 0x00, 0x00, 0x00, 0x00, 0x00, 0x00,
  0x00, 0x00, 0x00, 0x00, 0x00, 0x00, 0x00, 0x00, 0x00, 0x00, 0x00, 0x00,
  0x00, 0x00, 0x00, 0x00, 0x00, 0x00, 0x00, 0x00, 0x00, 0x00, 0x00, 0x00,
  0x00, 0x00, 0x00, 0x00, 0x00, 0x00, 0x00, 0x00, 0x00, 0x00, 0x00, 0x00,
  0x00, 0x00, 0x00, 0x00, 0x00, 0x00, 0x00, 0x00, 0x00, 0x00, 0x00, 0x00,
  0x00, 0x00, 0x00, 0x00, 0x00, 0x00, 0x00, 0x00, 0x00, 0x00, 0x00, 0x00,
  0x00, 0x00, 0x00, 0x00, 0x00, 0x00, 0x00, 0x00, 0x00, 0x00, 0x00, 0x00,
  0x00, 0x00, 0x00, 0x00, 0x00, 0x00, 0x00, 0x00, 0x00, 0x00, 0x00, 0x00,
  0x00, 0x00, 0x00, 0x00, 0x00, 0x00, 0x00, 0x00, 0x00, 0x00, 0x00, 0x00,
  0x00, 0x00, 0x00, 0x00, 0x00, 0x00, 0x00, 0x00, 0x00, 0x00, 0x00, 0x00,
  0x00, 0x00, 0x00, 0x00, 0x00, 0x00, 0x00, 0x00, 0x00, 0x00, 0x00, 0x00,
  0x00, 0x00, 0x00, 0x00, 0x00, 0x00, 0x00, 0x00, 0x00, 0x00, 0x00, 0x00,
  0x00, 0x00, 0x00, 0x00, 0x00, 0x00, 0x00, 0x00, 0x00, 0x00, 0x00, 0x00,
  0x00, 0x00, 0x00, 0x00, 0x00, 0x00, 0x00, 0x00, 0x00, 0x00, 0x00, 0x00,
  0x00, 0x00, 0x00, 0x00, 0x00, 0x00, 0x00, 0x00, 0x00, 0x00, 0x00, 0x00,
  0x00, 0x00, 0x00, 0x00, 0x00, 0x00, 0x00, 0x00, 0x00, 0x00, 0x00, 0x00,
  0x00, 0x00, 0x00, 0x00, 0x00, 0x00, 0x00, 0x00, 0x00, 0x00, 0x00, 0x00,
  0x00, 0x00, 0x00, 0x00, 0x00, 0x00, 0x00, 0x00, 0x00, 0x00, 0x00, 0x00,
  0x00, 0x00, 0x00, 0x00, 0x00, 0x00, 0x00, 0x00, 0x00, 0x00, 0x00, 0x00,
  0x00, 0x00, 0x00, 0x00, 0x00, 0x00, 0x00, 0x00, 0x00, 0x00, 0x00, 0x00,
  0x00, 0x00, 0x00, 0x00, 0x00, 0x00, 0x00, 0x00, 0x00, 0x00, 0x00, 0x00,
  0x00, 0x00, 0x00, 0x00, 0x00, 0x00, 0x00, 0x00, 0x00, 0x00, 0x00, 0x00,
  0x00, 0x00, 0x00, 0x00, 0x00, 0x00, 0x00, 0x00, 0x00, 0x00, 0x00, 0x00,
  0x00, 0x00, 0x00, 0x00, 0x00, 0x00, 0x00, 0x00, 0x00, 0x00, 0x00, 0x00,
  0x00, 0x00, 0x00, 0x00, 0x00, 0x00, 0x00, 0x00, 0x00, 0x00, 0x00, 0x00,
  0x00, 0x00, 0x00, 0x00, 0x00, 0x00, 0x00, 0x00, 0x00, 0x00, 0x00, 0x00,
  0x00, 0x00, 0x00, 0x00, 0x00, 0x00, 0x00, 0x00, 0x00, 0x00, 0x00, 0x00,
  0x00, 0x00, 0x00, 0x00, 0x00, 0x00, 0x00, 0x00, 0x00, 0x00, 0x00, 0x00,
  0x00, 0x00, 0x00, 0x00, 0x00, 0x00, 0x00, 0x00, 0x00, 0x00, 0x00, 0x00,
  0x00, 0x00, 0x00, 0x00, 0x00, 0x00, 0x00, 0x00, 0x00, 0x00, 0x00, 0x00,
  0x00, 0x00, 0x00, 0x00, 0x00, 0x00, 0x00, 0x00, 0x00, 0x00, 0x00, 0x00,
  0x00, 0x00, 0x00, 0x00, 0x00, 0x00, 0x00, 0x00, 0x00, 0x00, 0x00, 0x00,
  0x00, 0x00, 0x00, 0x00, 0x00, 0x00, 0x00, 0x00, 0x00, 0x00, 0x00, 0x00,
  0x00, 0x00, 0x00, 0x00, 0x00, 0x00, 0x00, 0x00, 0x00, 0x00, 0x00, 0x00,
  0x00, 0x00, 0x00, 0x00, 0x00, 0x00, 0x00, 0x00, 0x00, 0x00, 0x00, 0x00,
  0x00, 0x00, 0x00, 0x00, 0x00, 0x00, 0x00, 0x00, 0x00, 0x00, 0x00, 0x00,
  0x00, 0x00, 0x00, 0x00, 0x00, 0x00, 0x00, 0x00, 0x00, 0x00, 0x00, 0x00,
  0x00, 0x00, 0x00, 0x00, 0x00, 0x00, 0x00, 0x00, 0x00, 0x00, 0x00, 0x00,
  0x00, 0x00, 0x00, 0x00, 0x00, 0x00, 0x00, 0x00, 0x00, 0x00, 0x00, 0x00,
  0x00, 0x00, 0x00, 0x00, 0x00, 0x00, 0x00, 0x00, 0x00, 0x00, 0x00, 0x00,
  0x00, 0x00, 0x00, 0x00, 0x00, 0x00, 0x00, 0x00, 0x00, 0x00, 0x00, 0x00,
  0x00, 0x00, 0x00, 0x00, 0x00, 0x00, 0x00, 0x00, 0x00, 0x00, 0x00, 0x00,
  0x00, 0x00, 0x00, 0x00, 0x00, 0x00, 0x00, 0x00, 0x00, 0x00, 0x00, 0x00,
  0x00, 0x00, 0x00, 0x00, 0x00, 0x00, 0x00, 0x00, 0x00, 0x00, 0x00, 0x00,
  0x00, 0x00, 0x00, 0x00, 0x00, 0x00, 0x00, 0x00, 0x00, 0x00, 0x00, 0x00,
  0x00, 0x00, 0x00, 0x00, 0x00, 0x00, 0x00, 0x00, 0x00, 0x00, 0x00, 0x00,
  0x00, 0x00, 0x00, 0x00, 0x00, 0x00, 0x00, 0x00, 0x00, 0x00, 0x00, 0x00,
  0x00, 0x00, 0x00, 0x00, 0x00, 0x00, 0x00, 0x00, 0x00, 0x00, 0x00, 0x00,
  0x00, 0x00, 0x00, 0x00, 0x00, 0x00, 0x00, 0x00, 0x00, 0x00, 0x00, 0x00,
  0x00, 0x00, 0x00, 0x00, 0x00, 0x00, 0x00, 0x00, 0x00, 0x00, 0x00, 0x00,
  0x00, 0x00, 0x00, 0x00, 0x00, 0x00, 0x00, 0x00, 0x00, 0x00, 0x00, 0x00,
  0x00, 0x00, 0x00, 0x00, 0x00, 0x00, 0x00, 0x00, 0x00, 0x00, 0x00, 0x00,
  0x00, 0x00, 0x00, 0x00, 0x00, 0x00, 0x00, 0x00, 0x00, 0x00, 0x00, 0x00,
  0x00, 0x00, 0x00, 0x00, 0x00, 0x00, 0x00, 0x00, 0x00, 0x00, 0x00, 0x00,
  0x00, 0x00, 0x00, 0x00, 0x00, 0x00, 0x00, 0x00, 0x00, 0x00, 0x00, 0x00,
  0x00, 0x00, 0x00, 0x00, 0x00, 0x00, 0x00, 0x00, 0x00, 0x00, 0x00, 0x00,
  0x00, 0x00, 0x00, 0x00, 0x00, 0x00, 0x00, 0x00, 0x00, 0x00, 0x00, 0x00,
  0x00, 0x00, 0x00, 0x00, 0x00, 0x00, 0x00, 0x00, 0x00, 0x00, 0x00, 0x00,
  0x00, 0x00, 0x00, 0x00, 0x00, 0x00, 0x00, 0x00, 0x00, 0x00, 0x00, 0x00,
  0x00, 0x00, 0x00, 0x00, 0x00, 0x00, 0x00, 0x00, 0x00, 0x00, 0x00, 0x00,
  0x00, 0x00, 0x00, 0x00, 0x00, 0x00, 0x00, 0x00, 0x00, 0x00, 0x00, 0x00,
  0x00, 0x00, 0x00, 0x00, 0x00, 0x00, 0x00, 0x00, 0x00, 0x00, 0x00, 0x00,
  0x00, 0x00, 0x00, 0x00, 0x00, 0x00, 0x00, 0x00, 0x00, 0x00, 0x00, 0x00,
  0x00, 0x00, 0x00, 0x00, 0x00, 0x00, 0x00, 0x00, 0x00, 0x00, 0x00, 0x00,
  0x00, 0x00, 0x00, 0x00, 0x00, 0x00, 0x00, 0x00, 0x00, 0x00, 0x00, 0x00,
  0x00, 0x00, 0x00, 0x00, 0x00, 0x00, 0x00, 0x00, 0x00, 0x00, 0x00, 0x00,
  0x00, 0x00, 0x00, 0x00, 0x00, 0x00, 0x00, 0x00, 0x00, 0x00, 0x00, 0x00,
  0x00, 0x00, 0x00, 0x00, 0x00, 0x00, 0x00, 0x00, 0x00, 0x00, 0x00, 0x00,
  0x00, 0x00, 0x00, 0x00, 0x00, 0x00, 0x00, 0x00, 0x00, 0x00, 0x00, 0x00,
  0x00, 0x00, 0x00, 0x00, 0x00, 0x00, 0x00, 0x00, 0x00, 0x00, 0x00, 0x00,
  0x00, 0x00, 0x00, 0x00, 0x00, 0x00, 0x00, 0x00, 0x00, 0x00, 0x00, 0x00,
  0x00, 0x00, 0x00, 0x00, 0x00, 0x00, 0x00, 0x00, 0x00, 0x00, 0x00, 0x00,
  0x00, 0x00, 0x00, 0x00, 0x00, 0x00, 0x00, 0x00, 0x00, 0x00, 0x00, 0x00,
  0x00, 0x00, 0x00, 0x00, 0x00, 0x00, 0x00, 0x00, 0x00, 0x00, 0x00, 0x00,
  0x00, 0x00, 0x00, 0x00, 0x00, 0x00, 0x00, 0x00, 0x00, 0x00, 0x00, 0x00,
  0x00, 0x00, 0x00, 0x00, 0x00, 0x00, 0x00, 0x00, 0x00, 0x00, 0x00, 0x00,
  0x00, 0x00, 0x00, 0x00, 0x00, 0x00, 0x00, 0x00, 0x00, 0x00, 0x00, 0x00,
  0x00, 0x00, 0x00, 0x00, 0x00, 0x00, 0x00, 0x00, 0x00, 0x00, 0x00, 0x00,
  0x00, 0x00, 0x00, 0x00, 0x00, 0x00, 0x00, 0x00, 0x00, 0x00, 0x00, 0x00,
  0x00, 0x00, 0x00, 0x00, 0x00, 0x00, 0x00, 0x00, 0x00, 0x00, 0x00, 0x00,
  0x00, 0x00, 0x00, 0x00, 0x00, 0x00, 0x00, 0x00, 0x00, 0x00, 0x00, 0x00,
  0x00, 0x00, 0x00, 0x00, 0x00, 0x00, 0x00, 0x00, 0x00, 0x00, 0x00, 0x00,
  0x00, 0x00, 0x00, 0x00, 0x00, 0x00, 0x00, 0x00, 0x00, 0x00, 0x00, 0x00,
  0x00, 0x00, 0x00, 0x00, 0x00, 0x00, 0x00, 0x00, 0x00, 0x00, 0x00, 0x00,
  0x00, 0x00, 0x00, 0x00, 0x00, 0x00, 0x00, 0x00, 0x00, 0x00, 0x00, 0x00,
  0x00, 0x00, 0x00, 0x00, 0x00, 0x00, 0x00, 0x00, 0x00, 0x00, 0x00, 0x00,
  0x00, 0x00, 0x00, 0x00, 0x00, 0x00, 0x00, 0x00, 0x00, 0x00, 0x00, 0x00,
  0x00, 0x00, 0x00, 0x00, 0x00, 0x00, 0x00, 0x00, 0x00, 0x00, 0x00, 0x00,
  0x00, 0x00, 0x00, 0x00, 0x00, 0x00, 0x00, 0x00, 0x00, 0x00, 0x00, 0x00,
  0x00, 0x00, 0x00, 0x00, 0x00, 0x00, 0x00, 0x00, 0x00, 0x00, 0x00, 0x00,
  0x00, 0x00, 0x00, 0x00, 0x00, 0x00, 0x00, 0x00, 0x00, 0x00, 0x00, 0x00,
  0x00, 0x00, 0x00, 0x00, 0x00, 0x00, 0x00, 0x00, 0x00, 0x00, 0x00, 0x00,
  0x00, 0x00, 0x00, 0x00, 0x00, 0x00, 0x00, 0x00, 0x00, 0x00, 0x00, 0x00,
  0x00, 0x00, 0x00, 0x00, 0x00, 0x00, 0x00, 0x00, 0x00, 0x00, 0x00, 0x00,
  0x00, 0x00, 0x00, 0x00, 0x00, 0x00, 0x00, 0x00, 0x00, 0x00, 0x00, 0x00,
  0x00, 0x00, 0x00, 0x00, 0x00, 0x00, 0x00, 0x00, 0x00, 0x00, 0x00, 0x00,
  0x00, 0x00, 0x00, 0x00, 0x00, 0x00, 0x00, 0x00, 0x00, 0x00, 0x00, 0x00,
  0x00, 0x00, 0x00, 0x00, 0x00, 0x00, 0x00, 0x00, 0x00, 0x00, 0x00, 0x00,
  0x00, 0x00, 0x00, 0x00, 0x00, 0x00, 0x00, 0x00, 0x00, 0x00, 0x00, 0x00,
  0x00, 0x00, 0x00, 0x00, 0x00, 0x00, 0x00, 0x00, 0x00, 0x00, 0x00, 0x00,
  0x00, 0x00, 0x00, 0x00, 0x00, 0x00, 0x00, 0x00, 0x00, 0x00, 0x00, 0x00,
  0x00, 0x00, 0x00, 0x00, 0x00, 0x00, 0x00, 0x00, 0x00, 0x00, 0x00, 0x00,
  0x00, 0x00, 0x00, 0x00, 0x00, 0x00, 0x00, 0x00, 0x00, 0x00, 0x00, 0x00,
  0x00, 0x00, 0x00, 0x00, 0x00, 0x00, 0x00, 0x00, 0x00, 0x00, 0x00, 0x00,
  0x00, 0x00, 0x00, 0x00, 0x00, 0x00, 0x00, 0x00, 0x00, 0x00, 0x00, 0x00,
  0x00, 0x00, 0x00, 0x00, 0x00, 0x00, 0x00, 0x00, 0x00, 0x00, 0x00, 0x00,
  0x00, 0x00, 0x00, 0x00, 0x00, 0x00, 0x00, 0x00, 0x00, 0x00, 0x00, 0x00,
  0x00, 0x00, 0x00, 0x00, 0x00, 0x00, 0x00, 0x00, 0x00, 0x00, 0x00, 0x00,
  0x00, 0x00, 0x00, 0x00, 0x00, 0x00, 0x00, 0x00, 0x00, 0x00, 0x00, 0x00,
  0x00, 0x00, 0x00, 0x00, 0x00, 0x00, 0x00, 0x00, 0x00, 0x00, 0x00, 0x00,
  0x00, 0x00, 0x00, 0x00, 0x00, 0x00, 0x00, 0x00, 0x00, 0x00, 0x00, 0x00,
  0x00, 0x00, 0x00, 0x00, 0x00, 0x00, 0x00, 0x00, 0x00, 0x00, 0x00, 0x00,
  0x00, 0x00, 0x00, 0x00, 0x00, 0x00, 0x00, 0x00, 0x00, 0x00, 0x00, 0x00,
  0x00, 0x00, 0x00, 0x00, 0x00, 0x00, 0x00, 0x00, 0x00, 0x00, 0x00, 0x00,
  0x00, 0x00, 0x00, 0x00, 0x00, 0x00, 0x00, 0x00, 0x00, 0x00, 0x00, 0x00,
  0x00, 0x00, 0x00, 0x00, 0x00, 0x00, 0x00, 0x00, 0x00, 0x00, 0x00, 0x00,
  0x00, 0x00, 0x00, 0x00, 0x00, 0x00, 0x00, 0x00, 0x00, 0x00, 0x00, 0x00,
  0x00, 0x00, 0x00, 0x00, 0x00, 0x00, 0x00, 0x00, 0x00, 0x00, 0x00, 0x00,
  0x00, 0x00, 0x00, 0x00, 0x00, 0x00, 0x00, 0x00, 0x00, 0x00, 0x00, 0x00,
  0x00, 0x00, 0x00, 0x00, 0x00, 0x00, 0x00, 0x00, 0x00, 0x00, 0x00, 0x00,
  0x00, 0x00, 0x00, 0x00, 0x00, 0x00, 0x00, 0x00, 0x00, 0x00, 0x00, 0x00,
  0x00, 0x00, 0x00, 0x00, 0x00, 0x00, 0x00, 0x00, 0x00, 0x00, 0x00, 0x00,
  0x00, 0x00, 0x00, 0x00, 0x00, 0x00, 0x00, 0x00, 0x00, 0x00, 0x00, 0x00,
  0x00, 0x00, 0x00, 0x00, 0x00, 0x00, 0x00, 0x00, 0x00, 0x00, 0x00, 0x00,
  0x00, 0x00, 0x00, 0x00, 0x00, 0x00, 0x00, 0x00, 0x00, 0x00, 0x00, 0x00,
  0x00, 0x00, 0x00, 0x00, 0x00, 0x00, 0x00, 0x00, 0x00, 0x00, 0x00, 0x00,
  0x00, 0x00, 0x00, 0x00, 0x00, 0x00, 0x00, 0x00, 0x00, 0x00, 0x00, 0x00,
  0x00, 0x00, 0x00, 0x00, 0x00, 0x00, 0x00, 0x00, 0x00, 0x00, 0x00, 0x00,
  0x00, 0x00, 0x00, 0x00, 0x00, 0x00, 0x00, 0x00, 0x00, 0x00, 0x00, 0x00,
  0x00, 0x00, 0x00, 0x00, 0x00, 0x00, 0x00, 0x00, 0x00, 0x00, 0x00, 0x00,
  0x00, 0x00, 0x00, 0x00, 0x00, 0x00, 0x00, 0x00, 0x00, 0x00, 0x00, 0x00,
  0x00, 0x00, 0x00, 0x00, 0x00, 0x00, 0x00, 0x00, 0x00, 0x00, 0x00, 0x00,
  0x00, 0x00, 0x00, 0x00, 0x00, 0x00, 0x00, 0x00, 0x00, 0x00, 0x00, 0x00,
  0x00, 0x00, 0x00, 0x00, 0x00, 0x00, 0x00, 0x00, 0x00, 0x00, 0x00, 0x00,
  0x00, 0x00, 0x00, 0x00, 0x00, 0x00, 0x00, 0x00, 0x00, 0x00, 0x00, 0x00,
  0x00, 0x00, 0x00, 0x00, 0x00, 0x00, 0x00, 0x00, 0x00, 0x00, 0x00, 0x00,
  0x00, 0x00, 0x00, 0x00, 0x00, 0x00, 0x00, 0x00, 0x00, 0x00, 0x00, 0x00,
  0x00, 0x00, 0x00, 0x00, 0x00, 0x00, 0x00, 0x00, 0x00, 0x00, 0x00, 0x00,
  0x00, 0x00, 0x00, 0x00, 0x00, 0x00, 0x00, 0x00, 0x00, 0x00, 0x00, 0x00,
  0x00, 0x00, 0x00, 0x00, 0x00, 0x00, 0x00, 0x00, 0x00, 0x00, 0x00, 0x00,
  0x00, 0x00, 0x00, 0x00, 0xc8, 0x14, 0x00, 0x00, 0x8b, 0x45, 0x08, 0x89,
  0x45, 0xfc, 0x8b, 0x45, 0x0c, 0x89, 0x45, 0xf8, 0x83, 0x65, 0xf4, 0x00,
  0x8b, 0x45, 0x10, 0x39, 0x45, 0xf4, 0x7d, 0x1b, 0x8b, 0x45, 0xf8, 0x03,
  0x45, 0xf4, 0x8a, 0x00, 0x8b, 0x55, 0xfc, 0x03, 0x55, 0xf4, 0x88, 0x02,
  0x8b, 0x45, 0xf4, 0x89, 0x45, 0xf0, 0xff, 0x45, 0xf4, 0xeb, 0xdd, 0x8b,
  0x45, 0x08, 0x89, 0x45, 0xec, 0xeb, 0x00, 0x8b, 0x45, 0xec, 0xc9, 0xc3,
  0xc8, 0x10, 0x00, 0x00, 0x8b, 0x45, 0x08, 0x89, 0x45, 0xfc, 0x83, 0x65,
  0xf8, 0x00, 0x8b, 0x45, 0x10, 0x39, 0x45, 0xf8, 0x7d, 0x16, 0x8b, 0x45,
  0x0c, 0x8b, 0x55, 0xfc, 0x03, 0x55, 0xf8, 0x88, 0x02, 0x8b, 0x45, 0xf8,
  0x89, 0x45, 0xf4, 0xff, 0x45, 0xf8, 0xeb, 0xe2, 0x8b, 0x45, 0x08, 0x89,
  0x45, 0xf0, 0xeb, 0x00, 0x8b, 0x45, 0xf0, 0xc9, 0xc3, 0x8d, 0x76, 0x00,
  0xc8, 0x10, 0x00, 0x00, 0x83, 0x65, 0xfc, 0x00, 0x8b, 0x45, 0x08, 0x89,
  0x45, 0xf8, 0xff, 0x45, 0x08, 0x8b, 0x45, 0xf8, 0x0f, 0xbe, 0x00, 0x83,
  0xf8, 0x00, 0x74, 0x0b, 0x8b, 0x45, 0xfc, 0x89, 0x45, 0xf4, 0xff, 0x45,
  0xfc, 0xeb, 0xe1, 0x8b, 0x45, 0xfc, 0x89, 0x45, 0xf0, 0xeb, 0x00, 0x8b,
  0x45, 0xf0, 0xc9, 0xc3, 0xc8, 0x08, 0x00, 0x00, 0x8b, 0x45, 0x08, 0x89,
  0x45, 0xfc, 0xff, 0x45, 0x08, 0x8b, 0x45, 0x0c, 0x89, 0x45, 0xf8, 0xff,
  0x45, 0x0c, 0x8b, 0x45, 0xf8, 0x8a, 0x00, 0x8b, 0x55, 0xfc, 0x88, 0x02,
  0x0f, 0xbe, 0xc0, 0x83, 0xf8, 0x00, 0x74, 0x02, 0xeb, 0xda, 0xc9, 0xc3,
  0xc8, 0x08, 0x00, 0x00, 0x83, 0x65, 0xfc, 0x00, 0x8b, 0x45, 0x10, 0x39,
  0x45, 0xfc, 0x73, 0x29, 0x8b, 0x45, 0x0c, 0x03, 0x45, 0xfc, 0x0f, 0xbe,
  0x00, 0x83, 0xf8, 0x00, 0x74, 0x1b, 0x8b, 0x45, 0x0c, 0x03, 0x45, 0xfc,
  0x8a, 0x00, 0x8b, 0x55, 0x08, 0x03, 0x55, 0xfc, 0x88, 0x02, 0x8b, 0x45,
  0xfc, 0x89, 0x45, 0xf8, 0xff, 0x45, 0xfc, 0xeb, 0xcf, 0x8b, 0x45, 0x10,
  0x39, 0x45, 0xfc, 0x73, 0x0b, 0x8b, 0x45, 0x08, 0x03, 0x45, 0xfc, 0xc6,
  0x00, 0x00, 0xeb, 0x12, 0x83, 0x7d, 0x10, 0x00, 0x74, 0x0c, 0x8b, 0x45,
  0x08, 0x8b, 0x55, 0x10, 0x4a, 0x01, 0xd0, 0xc6, 0x00, 0x00, 0xc9, 0xc3,
  0xc8, 0x0c, 0x00, 0x00, 0x8b, 0x45, 0x08, 0x0f, 0xbe, 0x00, 0x83, 0xf8,
  0x00, 0x74, 0x24, 0x8b, 0x45, 0x08, 0x0f, 0xbe, 0x10, 0x8b, 0x45, 0x0c,
  0x0f, 0xbe, 0x00, 0x39, 0xc2, 0x75, 0x14, 0x8b, 0x45, 0x08, 0x89, 0x45,
  0xfc, 0xff, 0x45, 0x08, 0x8b, 0x45, 0x0c, 0x89, 0x45, 0xf8, 0xff, 0x45,
  0x0c, 0xeb, 0xd1, 0x8b, 0x45, 0x08, 0x0f, 0xb6, 0x00, 0x8b, 0x55, 0x0c,
  0x0f, 0xb6, 0x12, 0x29, 0xd0, 0x89, 0x45, 0xf4, 0xeb, 0x00, 0x8b, 0x45,
  0xf4, 0xc9, 0xc3, 0x90, 0xc8, 0x08, 0x00, 0x00, 0xff, 0x75, 0x08, 0xe8,
  0xe8, 0xfe, 0xff, 0xff, 0x83, 0xc4, 0x04, 0x01, 0x45, 0x08, 0x8b, 0x45,
  0x08, 0x89, 0x45, 0xfc, 0xff, 0x45, 0x08, 0x8b, 0x45, 0x0c, 0x89, 0x45,
  0xf8, 0xff, 0x45, 0x0c, 0x8b, 0x45, 0xf8, 0x8a, 0x00, 0x8b, 0x55, 0xfc,
  0x88, 0x02, 0x0f, 0xbe, 0xc0, 0x83, 0xf8, 0x00, 0x74, 0x02, 0xeb, 0xda,
  0xc9, 0xc3, 0x66, 0x90, 0xc8, 0x0c, 0x00, 0x00, 0xff, 0x75, 0x08, 0xe8,
  0xac, 0xfe, 0xff, 0xff, 0x83, 0xc4, 0x04, 0x89, 0x45, 0xfc, 0x83, 0x65,
  0xf8, 0x00, 0x8b, 0x45, 0x10, 0x39, 0x45, 0xf8, 0x73, 0x2e, 0x8b, 0x45,
  0x0c, 0x03, 0x45, 0xf8, 0x0f, 0xbe, 0x00, 0x83, 0xf8, 0x00, 0x74, 0x20,
  0x8b, 0x55, 0x08, 0x8b, 0x45, 0xfc, 0x03, 0x45, 0xf8, 0x01, 0xc2, 0x8b,
  0x45, 0x0c, 0x03, 0x45, 0xf8, 0x8a, 0x00, 0x88, 0x02, 0x8b, 0x45, 0xf8,
  0x89, 0x45, 0xf4, 0xff, 0x45, 0xf8, 0xeb, 0xca, 0x8b, 0x45, 0x08, 0x8b,
  0x55, 0xfc, 0x03, 0x55, 0xf8, 0x01, 0xd0, 0xc6, 0x00, 0x00, 0xc9, 0xc3,
  0xc8, 0x0c, 0x00, 0x00, 0x83, 0x65, 0xfc, 0x00, 0x8b, 0x45, 0x10, 0x39,
  0x45, 0xfc, 0x7d, 0x4e, 0x8b, 0x45, 0x08, 0x03, 0x45, 0xfc, 0x0f, 0xbe,
  0x10, 0x8b, 0x45, 0x0c, 0x03, 0x45, 0xfc, 0x0f, 0xbe, 0x00, 0x39, 0xc2,
  0x74, 0x19, 0x8b, 0x45, 0x08, 0x03, 0x45, 0xfc, 0x0f, 0xb6, 0x00, 0x8b,
  0x55, 0x0c, 0x03, 0x55, 0xfc, 0x0f, 0xb6, 0x12, 0x29, 0xd0, 0x89, 0x45,
  0xf4, 0xeb, 0x25, 0x8b, 0x45, 0x08, 0x03, 0x45, 0xfc, 0x0f, 0xbe, 0x00,
  0x83, 0xf8, 0x00, 0x75, 0x06, 0x83, 0x65, 0xf4, 0x00, 0xeb, 0x11, 0x8b,
  0x45, 0xfc, 0x89, 0x45, 0xf8, 0xff, 0x45, 0xfc, 0xeb, 0xaa, 0x83, 0x65,
  0xf4, 0x00, 0xeb, 0x00, 0x8b, 0x45, 0xf4, 0xc9, 0xc3, 0x8d, 0x76, 0x00,
  0xc8, 0x0c, 0x00, 0x00, 0x8b, 0x45, 0x0c, 0x0f, 0xbe, 0x00, 0x83, 0xf8,
  0x00, 0x74, 0x2a, 0x8b, 0x45, 0x08, 0x89, 0x45, 0xfc, 0xff, 0x45, 0x08,
  0x8b, 0x45, 0x0c, 0x89, 0x45, 0xf8, 0xff, 0x45, 0x0c, 0x8b, 0x45, 0xfc,
  0x0f, 0xbe, 0x10, 0x8b, 0x45, 0xf8, 0x0f, 0xbe, 0x00, 0x39, 0xc2, 0x74,
  0x06, 0x83, 0x65, 0xf4, 0x00, 0xeb, 0x0b, 0xeb, 0xcb, 0xc7, 0x45, 0xf4,
  0x01, 0x00, 0x00, 0x00, 0xeb, 0x00, 0x8b, 0x45, 0xf4, 0xc9, 0xc3, 0x90,
  0xc8, 0x08, 0x00, 0x00, 0x8b, 0x45, 0x08, 0x0f, 0xbe, 0x00, 0x83, 0xf8,
  0x00, 0x74, 0x21, 0x8b, 0x45, 0x08, 0x0f, 0xbe, 0x10, 0x8b, 0x45, 0x0c,
  0x39, 0xc2, 0x75, 0x09, 0xc7, 0x45, 0xf8, 0x01, 0x00, 0x00, 0x00, 0xeb,
  0x11, 0x8b, 0x45, 0x08, 0x89, 0x45, 0xfc, 0xff, 0x45, 0x08, 0xeb, 0xd4,
  0x83, 0x65, 0xf8, 0x00, 0xeb, 0x00, 0x8b, 0x45, 0xf8, 0xc9, 0xc3, 0x90,
  0xc8, 0x04, 0x00, 0x00, 0xff, 0x75, 0x0c, 0x8b, 0x55, 0x08, 0x52, 0x6a,
  0x05, 0xe8, 0x0e, 0x00, 0x00, 0x00, 0x83, 0xc4, 0x0c, 0x89, 0x45, 0xfc,
  0xeb, 0x00, 0x8b, 0x45, 0xfc, 0xc9, 0xc3, 0x90, 0xc8, 0x08, 0x00, 0x00,
  0x89, 0xda, 0x8b, 0x4d, 0x10, 0x8b, 0x5d, 0x0c, 0x8b, 0x45, 0x08, 0xcd,
  0x80, 0x89, 0x45, 0xfc, 0x8b, 0x45, 0xfc, 0x89, 0x45, 0xf8, 0xeb, 0x00,
  0x8b, 0x45, 0xf8, 0x89, 0xd3, 0xc9, 0xc3, 0x90, 0xc8, 0x04, 0x00, 0x00,
  0xff, 0x75, 0x08, 0x6a, 0x06, 0xe8, 0x0e, 0x00, 0x00, 0x00, 0x83, 0xc4,
  0x08, 0x89, 0x45, 0xfc, 0xeb, 0x00, 0x8b, 0x45, 0xfc, 0xc9, 0xc3, 0x90,
  0xc8, 0x08, 0x00, 0x00, 0x89, 0xda, 0x8b, 0x5d, 0x0c, 0x8b, 0x45, 0x08,
  0xcd, 0x80, 0x89, 0x45, 0xfc, 0x8b, 0x45, 0xfc, 0x89, 0x45, 0xf8, 0xeb,
  0x00, 0x8b, 0x45, 0xf8, 0x89, 0xd3, 0xc9, 0xc3, 0xc8, 0x04, 0x00, 0x00,
  0xff, 0x75, 0x10, 0x8b, 0x55, 0x0c, 0x52, 0xff, 0x75, 0x08, 0x6a, 0x03,
  0xe8, 0x0f, 0x00, 0x00, 0x00, 0x83, 0xc4, 0x10, 0x89, 0x45, 0xfc, 0xeb,
  0x00, 0x8b, 0x45, 0xfc, 0xc9, 0xc3, 0x66, 0x90, 0xc8, 0x0c, 0x00, 0x00,
  0x89, 0x5d, 0xf4, 0x8b, 0x55, 0x14, 0x8b, 0x4d, 0x10, 0x8b, 0x5d, 0x0c,
  0x8b, 0x45, 0x08, 0xcd, 0x80, 0x89, 0x45, 0xfc, 0x8b, 0x45, 0xfc, 0x89,
  0x45, 0xf8, 0xeb, 0x00, 0x8b, 0x45, 0xf8, 0x8b, 0x5d, 0xf4, 0xc9, 0xc3,
  0xc8, 0x04, 0x00, 0x00, 0xff, 0x75, 0x10, 0x8b, 0x55, 0x0c, 0x52, 0xff,
  0x75, 0x08, 0x6a, 0x04, 0xe8, 0xc3, 0xff, 0xff, 0xff, 0x83, 0xc4, 0x10,
  0x89, 0x45, 0xfc, 0xeb, 0x00, 0x8b, 0x45, 0xfc, 0xc9, 0xc3, 0x66, 0x90,
  0xc8, 0x04, 0x00, 0x00, 0xff, 0x75, 0x10, 0x8b, 0x55, 0x0c, 0x52, 0xff,
  0x75, 0x08, 0x6a, 0x47, 0xe8, 0x9f, 0xff, 0xff, 0xff, 0x83, 0xc4, 0x10,
  0x89, 0x45, 0xfc, 0xeb, 0x00, 0x8b, 0x45, 0xfc, 0xc9, 0xc3, 0x66, 0x90,
  0xc8, 0x04, 0x00, 0x00, 0xff, 0x75, 0x0c, 0x8b, 0x55, 0x08, 0x52, 0x6a,
  0x10, 0xe8, 0xfa, 0xfe, 0xff, 0xff, 0x83, 0xc4, 0x0c, 0x89, 0x45, 0xfc,
  0xeb, 0x00, 0x8b, 0x45, 0xfc, 0xc9, 0xc3, 0x90, 0xc8, 0x04, 0x00, 0x00,
  0x8b, 0x55, 0x08, 0x52, 0x6a, 0x11, 0xe8, 0x1d, 0xff, 0xff, 0xff, 0x83,
  0xc4, 0x08, 0x89, 0x45, 0xfc, 0xeb, 0x00, 0x8b, 0x45, 0xfc, 0xc9, 0xc3,
  0xc8, 0x04, 0x00, 0x00, 0x8b, 0x55, 0x08, 0x52, 0x6a, 0x12, 0xe8, 0x01,
  0xff, 0xff, 0xff, 0x83, 0xc4, 0x08, 0x89, 0x45, 0xfc, 0xeb, 0x00, 0x8b,
  0x45, 0xfc, 0xc9, 0xc3, 0xc8, 0x04, 0x00, 0x00, 0x8b, 0x55, 0x08, 0x52,
  0x6a, 0x15, 0xe8, 0xe5, 0xfe, 0xff, 0xff, 0x83, 0xc4, 0x08, 0x89, 0x45,
  0xfc, 0xeb, 0x00, 0x8b, 0x45, 0xfc, 0xc9, 0xc3, 0xc8, 0x04, 0x00, 0x00,
  0x8b, 0x55, 0x08, 0x52, 0x6a, 0x13, 0xe8, 0xc9, 0xfe, 0xff, 0xff, 0x83,
  0xc4, 0x08, 0x89, 0x45, 0xfc, 0xeb, 0x00, 0x8b, 0x45, 0xfc, 0xc9, 0xc3,
  0xc8, 0x04, 0x00, 0x00, 0x8b, 0x55, 0x0c, 0x52, 0x8b, 0x55, 0x08, 0x52,
  0x6a, 0x16, 0xe8, 0x69, 0xfe, 0xff, 0xff, 0x83, 0xc4, 0x0c, 0x89, 0x45,
  0xfc, 0xeb, 0x00, 0x8b, 0x45, 0xfc, 0xc9, 0xc3, 0xc8, 0x04, 0x00, 0x00,
  0x8b, 0x55, 0x08, 0x52, 0x6a, 0x28, 0xe8, 0x8d, 0xfe, 0xff, 0xff, 0x83,
  0xc4, 0x08, 0x89, 0x45, 0xfc, 0xeb, 0x00, 0x8b, 0x45, 0xfc, 0xc9, 0xc3,
  0xc8, 0x04, 0x00, 0x00, 0xff, 0x75, 0x0c, 0xff, 0x75, 0x08, 0x6a, 0x2a,
  0xe8, 0x2f, 0xfe, 0xff, 0xff, 0x83, 0xc4, 0x0c, 0x89, 0x45, 0xfc, 0xeb,
  0x00, 0x8b, 0x45, 0xfc, 0xc9, 0xc3, 0x66, 0x90, 0xc8, 0x04, 0x00, 0x00,
  0x8b, 0x55, 0x08, 0x52, 0x6a, 0x73, 0xe8, 0x51, 0xfe, 0xff, 0xff, 0x83,
  0xc4, 0x08, 0x89, 0x45, 0xfc, 0xeb, 0x00, 0x8b, 0x45, 0xfc, 0xc9, 0xc3,
  0xc8, 0x04, 0x00, 0x00, 0x6a, 0x09, 0xe8, 0x0d, 0x00, 0x00, 0x00, 0x83,
  0xc4, 0x04, 0x89, 0x45, 0xfc, 0xeb, 0x00, 0x8b, 0x45, 0xfc, 0xc9, 0xc3,
  0xc8, 0x08, 0x00, 0x00, 0x8b, 0x45, 0x08, 0xcd, 0x80, 0x89, 0x45, 0xfc,
  0x8b, 0x45, 0xfc, 0x89, 0x45, 0xf8, 0xeb, 0x00, 0x8b, 0x45, 0xf8, 0xc9,
  0xc3, 0x8d, 0x76, 0x00, 0xc8, 0x04, 0x00, 0x00, 0x6a, 0x0a, 0xe8, 0xd9,
  0xff, 0xff, 0xff, 0x83, 0xc4, 0x04, 0x89, 0x45, 0xfc, 0xeb, 0x00, 0x8b,
  0x45, 0xfc, 0xc9, 0xc3, 0xc8, 0x04, 0x00, 0x00, 0x6a, 0x02, 0xe8, 0xc1,
  0xff, 0xff, 0xff, 0x83, 0xc4, 0x04, 0x89, 0x45, 0xfc, 0xeb, 0x00, 0x8b,
  0x45, 0xfc, 0xc9, 0xc3, 0xc8, 0x04, 0x00, 0x00, 0xff, 0x75, 0x10, 0x8b,
  0x55, 0x0c, 0x52, 0xff, 0x75, 0x08, 0x6a, 0x07, 0xe8, 0x0f, 0xfe, 0xff,
  0xff, 0x83, 0xc4, 0x10, 0x89, 0x45, 0xfc, 0xeb, 0x00, 0x8b, 0x45, 0xfc,
  0xc9, 0xc3, 0x66, 0x90, 0xc8, 0x04, 0x00, 0x00, 0xff, 0x75, 0x0c, 0xff,
  0x75, 0x08, 0x6a, 0x64, 0xe8, 0x6b, 0xfd, 0xff, 0xff, 0x83, 0xc4, 0x0c,
  0x89, 0x45, 0xfc, 0xeb, 0x00, 0x8b, 0x45, 0xfc, 0xc9, 0xc3, 0x66, 0x90,
  0xc8, 0x04, 0x00, 0x00, 0x6a, 0x20, 0xe8, 0x65, 0xff, 0xff, 0xff, 0x83,
  0xc4, 0x04, 0x89, 0x45, 0xfc, 0xeb, 0x00, 0x8b, 0x45, 0xfc, 0xc9, 0xc3,
  0xc8, 0x04, 0x00, 0x00, 0x6a, 0x24, 0xe8, 0x4d, 0xff, 0xff, 0xff, 0x83,
  0xc4, 0x04, 0x89, 0x45, 0xfc, 0xeb, 0x00, 0x8b, 0x45, 0xfc, 0xc9, 0xc3,
  0xc8, 0x04, 0x00, 0x00, 0xff, 0x75, 0x08, 0x6a, 0x22, 0xe8, 0x5e, 0xfd,
  0xff, 0xff, 0x83, 0xc4, 0x08, 0x89, 0x45, 0xfc, 0xeb, 0x00, 0x8b, 0x45,
  0xfc, 0xc9, 0xc3, 0x90, 0xc8, 0x04, 0x00, 0x00, 0x6a, 0x21, 0xe8, 0x19,
  0xff, 0xff, 0xff, 0x83, 0xc4, 0x04, 0x89, 0x45, 0xfc, 0xeb, 0x00, 0x8b,
  0x45, 0xfc, 0xc9, 0xc3, 0xc8, 0x04, 0x00, 0x00, 0x6a, 0x25, 0xe8, 0x01,
  0xff, 0xff, 0xff, 0x83, 0xc4, 0x04, 0x89, 0x45, 0xfc, 0xeb, 0x00, 0x8b,
  0x45, 0xfc, 0xc9, 0xc3, 0xc8, 0x04, 0x00, 0x00, 0xff, 0x75, 0x08, 0x6a,
  0x23, 0xe8, 0x12, 0xfd, 0xff, 0xff, 0x83, 0xc4, 0x08, 0x89, 0x45, 0xfc,
  0xeb, 0x00, 0x8b, 0x45, 0xfc, 0xc9, 0xc3, 0x90, 0xc8, 0x04, 0x00, 0x00,
  0x8b, 0x55, 0x0c, 0x52, 0xff, 0x75, 0x08, 0x68, 0x8a, 0x00, 0x00, 0x00,
  0xe8, 0xaf, 0xfc, 0xff, 0xff, 0x83, 0xc4, 0x0c, 0x89, 0x45, 0xfc, 0xeb,
  0x00, 0x8b, 0x45, 0xfc, 0xc9, 0xc3, 0x66, 0x90, 0xc8, 0x04, 0x00, 0x00,
  0x6a, 0x1e, 0xe8, 0xa9, 0xfe, 0xff, 0xff, 0x83, 0xc4, 0x04, 0x89, 0x45,
  0xfc, 0xeb, 0x00, 0x8b, 0x45, 0xfc, 0xc9, 0xc3, 0xc8, 0x04, 0x00, 0x00,
  0xff, 0x75, 0x08, 0x6a, 0x5d, 0xe8, 0xba, 0xfc, 0xff, 0xff, 0x83, 0xc4,
  0x08, 0x89, 0x45, 0xfc, 0xeb, 0x00, 0x8b, 0x45, 0xfc, 0xc9, 0xc3, 0x90,
  0xc8, 0x04, 0x00, 0x00, 0x68, 0x8c, 0x00, 0x00, 0x00, 0xe8, 0x72, 0xfe,
  0xff, 0xff, 0x83, 0xc4, 0x04, 0x89, 0x45, 0xfc, 0xeb, 0x00, 0x8b, 0x45,
  0xfc, 0xc9, 0xc3, 0x90, 0xc8, 0x04, 0x00, 0x00, 0x8b, 0x55, 0x08, 0x52,
  0x68, 0x8d, 0x00, 0x00, 0x00, 0xe8, 0x7e, 0xfc, 0xff, 0xff, 0x83, 0xc4,
  0x08, 0x89, 0x45, 0xfc, 0xeb, 0x00, 0x8b, 0x45, 0xfc, 0xc9, 0xc3, 0x90,
  0xc8, 0x04, 0x00, 0x00, 0x8b, 0x55, 0x08, 0x52, 0x68, 0x8e, 0x00, 0x00,
  0x00, 0xe8, 0x5e, 0xfc, 0xff, 0xff, 0x83, 0xc4, 0x08, 0x89, 0x45, 0xfc,
  0xeb, 0x00, 0x8b, 0x45, 0xfc, 0xc9, 0xc3, 0x90, 0xc8, 0x04, 0x00, 0x00,
  0x68, 0x8f, 0x00, 0x00, 0x00, 0xe8, 0x16, 0xfe, 0xff, 0xff, 0x83, 0xc4,
  0x04, 0x89, 0x45, 0xfc, 0xeb, 0x00, 0x8b, 0x45, 0xfc, 0xc9, 0xc3, 0x90,
  0xc8, 0x04, 0x00, 0x00, 0x8b, 0x55, 0x08, 0x52, 0x68, 0x84, 0x00, 0x00,
  0x00, 0xe8, 0x22, 0xfc, 0xff, 0xff, 0x83, 0xc4, 0x08, 0x89, 0x45, 0xfc,
  0xeb, 0x00, 0x8b, 0x45, 0xfc, 0xc9, 0xc3, 0x90, 0xc8, 0x04, 0x00, 0x00,
  0xff, 0x75, 0x0c, 0x8b, 0x55, 0x08, 0x52, 0x68, 0x85, 0x00, 0x00, 0x00,
  0xe8, 0xbf, 0xfb, 0xff, 0xff, 0x83, 0xc4, 0x0c, 0x89, 0x45, 0xfc, 0xeb,
  0x00, 0x8b, 0x45, 0xfc, 0xc9, 0xc3, 0x66, 0x90, 0xc8, 0x04, 0x00, 0x00,
  0x8b, 0x55, 0x08, 0x52, 0x68, 0x86, 0x00, 0x00, 0x00, 0xe8, 0xde, 0xfb,
  0xff, 0xff, 0x83, 0xc4, 0x08, 0x89, 0x45, 0xfc, 0xeb, 0x00, 0x8b, 0x45,
  0xfc, 0xc9, 0xc3, 0x90, 0xc8, 0x04, 0x00, 0x00, 0x8b, 0x55, 0x10, 0x52,
  0x8b, 0x55, 0x0c, 0x52, 0x8b, 0x55, 0x08, 0x52, 0x68, 0x87, 0x00, 0x00,
  0x00, 0xe8, 0xfa, 0xfb, 0xff, 0xff, 0x83, 0xc4, 0x10, 0x89, 0x45, 0xfc,
  0xeb, 0x00, 0x8b, 0x45, 0xfc, 0xc9, 0xc3, 0x90, 0xc8, 0x04, 0x00, 0x00,
  0x8b, 0x55, 0x08, 0x52, 0x68, 0x88, 0x00, 0x00, 0x00, 0xe8, 0x96, 0xfb,
  0xff, 0xff, 0x83, 0xc4, 0x08, 0x89, 0x45, 0xfc, 0xeb, 0x00, 0x8b, 0x45,
  0xfc, 0xc9, 0xc3, 0x90, 0xc8, 0x04, 0x00, 0x00, 0xff, 0x75, 0x0c, 0x8b,
  0x55, 0x08, 0x52, 0x68, 0x89, 0x00, 0x00, 0x00, 0xe8, 0x33, 0xfb, 0xff,
  0xff, 0x83, 0xc4, 0x0c, 0x89, 0x45, 0xfc, 0xeb, 0x00, 0x8b, 0x45, 0xfc,
  0xc9, 0xc3, 0x66, 0x90, 0xc8, 0x18, 0x00, 0x00, 0x83, 0x65, 0xfc, 0x00,
  0xc7, 0x45, 0xf8, 0x01, 0x00, 0x00, 0x00, 0x8b, 0x45, 0x08, 0x0f, 0xbe,
  0x00, 0x83, 0xf8, 0x20, 0x75, 0x0b, 0x8b, 0x45, 0x08, 0x89, 0x45, 0xf4,
  0xff, 0x45, 0x08, 0xeb, 0xea, 0x8b, 0x45, 0x08, 0x0f, 0xbe, 0x00, 0x83,
  0xf8, 0x2d, 0x75, 0x12, 0xc7, 0x45, 0xf8, 0xff, 0xff, 0xff, 0xff, 0x8b,
  0x45, 0x08, 0x89, 0x45, 0xf0, 0xff, 0x45, 0x08, 0xeb, 0x14, 0x8b, 0x45,
  0x08, 0x0f, 0xbe, 0x00, 0x83, 0xf8, 0x2b, 0x75, 0x09, 0x8b, 0x45, 0x08,
  0x89, 0x45, 0xf0, 0xff, 0x45, 0x08, 0x8b, 0x45, 0x08, 0x0f, 0xbe, 0x00,
  0x83, 0xf8, 0x30, 0x7c, 0x2b, 0x8b, 0x45, 0x08, 0x0f, 0xbe, 0x00, 0x83,
  0xf8, 0x39, 0x7f, 0x20, 0x8b, 0x45, 0x08, 0x89, 0x45, 0xec, 0xff, 0x45,
  0x08, 0x8b, 0x45, 0xec, 0x0f, 0xbe, 0x10, 0x83, 0xea, 0x30, 0x8b, 0x45,
  0xfc, 0x6b, 0xc0, 0x0a, 0x8d, 0x04, 0x10, 0x89, 0x45, 0xfc, 0xeb, 0xca,
  0x8b, 0x45, 0xfc, 0x0f, 0xaf, 0x45, 0xf8, 0x89, 0x45, 0xe8, 0xeb, 0x00,
  0x8b, 0x45, 0xe8, 0xc9, 0xc3, 0x8d, 0x76, 0x00, 0x55, 0x89, 0xe5, 0x68,
  0xfd, 0x03, 0x00, 0x00, 0xe8, 0x23, 0x00, 0x00, 0x00, 0x83, 0xc4, 0x04,
  0x0f, 0xb6, 0xc0, 0x83, 0xe0, 0x20, 0x75, 0x02, 0xeb, 0xe9, 0x0f, 0xb6,
  0x55, 0x08, 0x52, 0x68, 0xf8, 0x03, 0x00, 0x00, 0xe8, 0x23, 0x00, 0x00,
  0x00, 0x83, 0xc4, 0x08, 0xc9, 0xc3, 0x66, 0x90, 0xc8, 0x08, 0x00, 0x00,
  0x66, 0x8b, 0x55, 0x08, 0xec, 0x88, 0x45, 0xff, 0x8a, 0x45, 0xff, 0x88,
  0x45, 0xf8, 0xeb, 0x00, 0x8a, 0x45, 0xf8, 0xc9, 0xc3, 0x8d, 0x76, 0x00,
  0x55, 0x89, 0xe5, 0x66, 0x8b, 0x55, 0x08, 0x8a, 0x45, 0x0c, 0xee, 0xc9,
  0xc3, 0x8d, 0x76, 0x00, 0xc8, 0x04, 0x00, 0x00, 0x8b, 0x45, 0x08, 0x0f,
  0xbe, 0x00, 0x83, 0xf8, 0x00, 0x74, 0x1a, 0x8b, 0x45, 0x08, 0x89, 0x45,
  0xfc, 0xff, 0x45, 0x08, 0x8b, 0x45, 0xfc, 0x0f, 0xbe, 0x10, 0x52, 0xe8,
  0x80, 0xff, 0xff, 0xff, 0x83, 0xc4, 0x04, 0xeb, 0xdb, 0xc9, 0xc3, 0x90,
  0xc8, 0x04, 0x00, 0x00, 0x68, 0xfd, 0x03, 0x00, 0x00, 0xe8, 0x9a, 0xff,
  0xff, 0xff, 0x83, 0xc4, 0x04, 0x0f, 0xb6, 0xc0, 0x83, 0xe0, 0x01, 0x74,
  0x15, 0x68, 0xf8, 0x03, 0x00, 0x00, 0xe8, 0x85, 0xff, 0xff, 0xff, 0x83,
  0xc4, 0x04, 0x0f, 0xb6, 0xc0, 0x89, 0x45, 0xfc, 0xeb, 0x0e, 0xe8, 0x11,
  0x00, 0x00, 0x00, 0xc7, 0x45, 0xfc, 0xff, 0xff, 0xff, 0xff, 0xeb, 0x00,
  0x8b, 0x45, 0xfc, 0xc9, 0xc3, 0x8d, 0x76, 0x00, 0xc8, 0x04, 0x00, 0x00,
  0x68, 0x43, 0x00, 0x00, 0x4d, 0xe8, 0x0e, 0x00, 0x00, 0x00, 0x83, 0xc4,
  0x04, 0x89, 0x45, 0xfc, 0xeb, 0x00, 0x8b, 0x45, 0xfc, 0xc9, 0xc3, 0x90,
  0xc8, 0x08, 0x00, 0x00, 0x8b, 0x45, 0x08, 0xcd, 0x4d, 0x89, 0x45, 0xfc,
  0x8b, 0x45, 0xfc, 0x89, 0x45, 0xf8, 0xeb, 0x00, 0x8b, 0x45, 0xf8, 0xc9,
  0xc3, 0x8d, 0x76, 0x00, 0x55, 0x89, 0xe5, 0x68, 0xb3, 0x31, 0x80, 0x00,
  0xe8, 0x4b, 0xff, 0xff, 0xff, 0x83, 0xc4, 0x04, 0xc9, 0xc3, 0x66, 0x90,
  0x55, 0x89, 0xe5, 0x68, 0xad, 0x31, 0x80, 0x00, 0xe8, 0x37, 0xff, 0xff,
  0xff, 0x83, 0xc4, 0x04, 0xc9, 0xc3, 0x66, 0x90, 0x55, 0x89, 0xe5, 0x68,
  0xa7, 0x31, 0x80, 0x00, 0xe8, 0x23, 0xff, 0xff, 0xff, 0x83, 0xc4, 0x04,
  0xc9, 0xc3, 0x66, 0x90, 0x55, 0x89, 0xe5, 0x68, 0xa1, 0x31, 0x80, 0x00,
  0xe8, 0x0f, 0xff, 0xff, 0xff, 0x83, 0xc4, 0x04, 0xc9, 0xc3, 0x66, 0x90,
  0x55, 0x89, 0xe5, 0x68, 0x9b, 0x31, 0x80, 0x00, 0xe8, 0xfb, 0xfe, 0xff,
  0xff, 0x83, 0xc4, 0x04, 0xc9, 0xc3, 0x66, 0x90, 0x55, 0x89, 0xe5, 0x68,
  0x95, 0x31, 0x80, 0x00, 0xe8, 0xe7, 0xfe, 0xff, 0xff, 0x83, 0xc4, 0x04,
  0xc9, 0xc3, 0x66, 0x90, 0x55, 0x89, 0xe5, 0x68, 0x90, 0x31, 0x80, 0x00,
  0xe8, 0xd3, 0xfe, 0xff, 0xff, 0x83, 0xc4, 0x04, 0xc9, 0xc3, 0x66, 0x90,
  0x55, 0x89, 0xe5, 0x83, 0x3d, 0x00, 0x40, 0x80, 0x00, 0x01, 0x75, 0x0f,
  0x0f, 0xbe, 0x55, 0x08, 0x52, 0xe8, 0x5a, 0xfe, 0xff, 0xff, 0x83, 0xc4,
  0x04, 0xeb, 0x14, 0x6a, 0x01, 0x8d, 0x45, 0x08, 0x50, 0xff, 0x35, 0x00,
  0x40, 0x80, 0x00, 0xe8, 0x74, 0xf9, 0xff, 0xff, 0x83, 0xc4, 0x0c, 0xc9,
  0xc3, 0x8d, 0x76, 0x00, 0xc8, 0x04, 0x00, 0x00, 0x83, 0x3d, 0x00, 0x40,
  0x80, 0x00, 0x01, 0x75, 0x0d, 0xff, 0x75, 0x08, 0xe8, 0x83, 0xfe, 0xff,
  0xff, 0x83, 0xc4, 0x04, 0xeb, 0x29, 0x8b, 0x45, 0x08, 0x0f, 0xbe, 0x00,
  0x83, 0xf8, 0x00, 0x74, 0x1e, 0x6a, 0x01, 0xff, 0x75, 0x08, 0xff, 0x35,
  0x00, 0x40, 0x80, 0x00, 0xe8, 0x37, 0xf9, 0xff, 0xff, 0x83, 0xc4, 0x0c,
  0x8b, 0x45, 0x08, 0x89, 0x45, 0xfc, 0xff, 0x45, 0x08, 0xeb, 0xd7, 0xc9,
  0xc3, 0x8d, 0x76, 0x00, 0x55, 0x89, 0xe5, 0xff, 0x75, 0x08, 0xe8, 0xad,
  0xff, 0xff, 0xff, 0x83, 0xc4, 0x04, 0xc9, 0xc3, 0xc8, 0x18, 0x00, 0x00,
  0x83, 0x65, 0xec, 0x00, 0x8b, 0x45, 0xec, 0x89, 0x45, 0xe8, 0xff, 0x45,
  0xec, 0x8b, 0x45, 0x08, 0xb9, 0x0a, 0x00, 0x00, 0x00, 0x31, 0xd2, 0xf7,
  0xf1, 0x88, 0xd0, 0x0f, 0xbe, 0xc0, 0x83, 0xc0, 0x30, 0x8d, 0x55, 0xf0,
  0x03, 0x55, 0xe8, 0x88, 0x02, 0x8b, 0x45, 0x08, 0xb9, 0x0a, 0x00, 0x00,
  0x00, 0x31, 0xd2, 0xf7, 0xf1, 0x89, 0x45, 0x08, 0x83, 0x7d, 0x08, 0x00,
  0x74, 0x09, 0xc7, 0x45, 0xe8, 0x01, 0x00, 0x00, 0x00, 0xeb, 0x04, 0x83,
  0x65, 0xe8, 0x00, 0x83, 0x7d, 0xe8, 0x00, 0x75, 0xb3, 0x83, 0x7d, 0xec,
  0x00, 0x7e, 0x1a, 0x8d, 0x45, 0xf0, 0x8b, 0x55, 0xec, 0x4a, 0x89, 0x55,
  0xec, 0x01, 0xd0, 0x0f, 0xbe, 0x10, 0x52, 0xe8, 0x04, 0xff, 0xff, 0xff,
  0x83, 0xc4, 0x04, 0xeb, 0xe0, 0xc9, 0xc3, 0x90, 0x55, 0x89, 0xe5, 0x31,
  0xd2, 0xb8, 0xff, 0xff, 0xff, 0xff, 0x39, 0x55, 0x0c, 0x77, 0x07, 0x72,
  0x14, 0x39, 0x45, 0x08, 0x76, 0x0f, 0x68, 0x8b, 0x31, 0x80, 0x00, 0xe8,
  0x10, 0xff, 0xff, 0xff, 0x83, 0xc4, 0x04, 0xeb, 0x0c, 0x8b, 0x45, 0x08,
  0x50, 0xe8, 0x5a, 0xff, 0xff, 0xff, 0x83, 0xc4, 0x04, 0xc9, 0xc3, 0x90,
  0x55, 0x89, 0xe5, 0x83, 0x7d, 0x08, 0x00, 0x7d, 0x12, 0x6a, 0x2d, 0xe8,
  0xb8, 0xfe, 0xff, 0xff, 0x83, 0xc4, 0x04, 0x8b, 0x45, 0x08, 0xf7, 0xd8,
  0x89, 0x45, 0x08, 0xff, 0x75, 0x08, 0xe8, 0x31, 0xff, 0xff, 0xff, 0x83,
  0xc4, 0x04, 0xc9, 0xc3, 0xc8, 0x04, 0x00, 0x00, 0x68, 0x00, 0x01, 0x00,
  0x00, 0x68, 0x04, 0x40, 0x80, 0x00, 0xe8, 0x75, 0xf8, 0xff, 0xff, 0x83,
  0xc4, 0x08, 0x89, 0x45, 0xfc, 0x83, 0x7d, 0xfc, 0x00, 0x7f, 0x17, 0x68,
  0xff, 0x00, 0x00, 0x00, 0x68, 0x89, 0x31, 0x80, 0x00, 0x68, 0x04, 0x40,
  0x80, 0x00, 0xe8, 0x0d, 0xf5, 0xff, 0xff, 0x83, 0xc4, 0x0c, 0xc9, 0xc3,
  0xc8, 0x1c, 0x00, 0x00, 0x83, 0x7d, 0x08, 0x00, 0x74, 0x0b, 0x8b, 0x45,
  0x08, 0x0f, 0xbe, 0x00, 0x83, 0xf8, 0x00, 0x75, 0x1a, 0x8b, 0x45, 0x10,
  0x48, 0x50, 0x68, 0x04, 0x40, 0x80, 0x00, 0xff, 0x75, 0x0c, 0xe8, 0xe1,
  0xf4, 0xff, 0xff, 0x83, 0xc4, 0x0c, 0xe9, 0xd3, 0x00, 0x00, 0x00, 0x8b,
  0x45, 0x08, 0x0f, 0xbe, 0x00, 0x83, 0xf8, 0x2f, 0x75, 0x18, 0x8b, 0x45,
  0x10, 0x48, 0x50, 0xff, 0x75, 0x08, 0xff, 0x75, 0x0c, 0xe8, 0xbe, 0xf4,
  0xff, 0xff, 0x83, 0xc4, 0x0c, 0xe9, 0xb0, 0x00, 0x00, 0x00, 0x83, 0x65,
  0xfc, 0x00, 0xb8, 0x04, 0x40, 0x80, 0x00, 0x03, 0x45, 0xfc, 0x0f, 0xbe,
  0x00, 0x83, 0xf8, 0x00, 0x74, 0x26, 0x8b, 0x45, 0x10, 0x48, 0x39, 0x45,
  0xfc, 0x7d, 0x1d, 0xb8, 0x04, 0x40, 0x80, 0x00, 0x03, 0x45, 0xfc, 0x8a,
  0x00, 0x8b, 0x55, 0x0c, 0x03, 0x55, 0xfc, 0x88, 0x02, 0x8b, 0x45, 0xfc,
  0x89, 0x45, 0xf4, 0xff, 0x45, 0xfc, 0xeb, 0xca, 0x8b, 0x45, 0xfc, 0x89,
  0x45, 0xf0, 0x83, 0x7d, 0xf0, 0x00, 0x7e, 0x22, 0xb8, 0x03, 0x40, 0x80,
  0x00, 0x03, 0x45, 0xf0, 0x0f, 0xbe, 0x00, 0x83, 0xf8, 0x2f, 0x74, 0x12,
  0x8b, 0x45, 0xf0, 0x89, 0x45, 0xec, 0xff, 0x45, 0xf0, 0x8b, 0x45, 0x0c,
  0x03, 0x45, 0xec, 0xc6, 0x00, 0x2f, 0x83, 0x65, 0xf8, 0x00, 0x8b, 0x45,
  0x08, 0x03, 0x45, 0xf8, 0x0f, 0xbe, 0x00, 0x83, 0xf8, 0x00, 0x74, 0x2d,
  0x8b, 0x45, 0x10, 0x48, 0x39, 0x45, 0xf0, 0x7d, 0x24, 0x8b, 0x45, 0x08,
  0x03, 0x45, 0xf8, 0x8a, 0x00, 0x8b, 0x55, 0x0c, 0x03, 0x55, 0xf0, 0x88,
  0x02, 0x8b, 0x45, 0xf8, 0x89, 0x45, 0xe8, 0xff, 0x45, 0xf8, 0x8b, 0x45,
  0xf0, 0x89, 0x45, 0xe4, 0xff, 0x45, 0xf0, 0xeb, 0xc5, 0x8b, 0x45, 0x0c,
  0x03, 0x45, 0xf0, 0xc6, 0x00, 0x00, 0xc9, 0xc3, 0xc8, 0x10, 0x00, 0x00,
  0x8b, 0x45, 0x0c, 0x89, 0x45, 0xfc, 0x8b, 0x45, 0x08, 0x89, 0x45, 0xf8,
  0x83, 0x7d, 0xfc, 0x00, 0x7e, 0x09, 0x8b, 0x45, 0xfc, 0x89, 0x45, 0xf4,
  0xff, 0x4d, 0xfc, 0x8b, 0x45, 0xf8, 0xb9, 0x0a, 0x00, 0x00, 0x00, 0x31,
  0xd2, 0xf7, 0xf1, 0x89, 0x45, 0xf8, 0x83, 0x7d, 0xf8, 0x00, 0x74, 0x09,
  0xc7, 0x45, 0xf4, 0x01, 0x00, 0x00, 0x00, 0xeb, 0x04, 0x83, 0x65, 0xf4,
  0x00, 0x83, 0x7d, 0xf4, 0x00, 0x75, 0xc9, 0x83, 0x7d, 0xfc, 0x00, 0x7e,
  0x15, 0x6a, 0x20, 0xe8, 0x10, 0xfd, 0xff, 0xff, 0x83, 0xc4, 0x04, 0x8b,
  0x45, 0xfc, 0x89, 0x45, 0xf0, 0xff, 0x4d, 0xfc, 0xeb, 0xe5, 0xff, 0x75,
  0x08, 0xe8, 0x86, 0xfd, 0xff, 0xff, 0x83, 0xc4, 0x04, 0xc9, 0xc3, 0x90,
  0xc8, 0x18, 0x00, 0x00, 0x68, 0x60, 0x31, 0x80, 0x00, 0xe8, 0xb2, 0xfb,
  0xff, 0xff, 0x83, 0xc4, 0x04, 0x68, 0x38, 0x31, 0x80, 0x00, 0xe8, 0xa5,
  0xfb, 0xff, 0xff, 0x83, 0xc4, 0x04, 0x8d, 0x55, 0xec, 0x52, 0xe8, 0x55,
  0x01, 0x00, 0x00, 0x83, 0xc4, 0x04, 0x89, 0x45, 0xe8, 0x83, 0x7d, 0xe8,
  0x00, 0x7d, 0x1f, 0x68, 0x05, 0x31, 0x80, 0x00, 0xe8, 0x83, 0xfb, 0xff,
  0xff, 0x83, 0xc4, 0x04, 0x68, 0xee, 0x30, 0x80, 0x00, 0xe8, 0x76, 0xfb,
  0xff, 0xff, 0x83, 0xc4, 0x04, 0xe9, 0x0a, 0x01, 0x00, 0x00, 0x68, 0xd0,
  0x30, 0x80, 0x00, 0xe8, 0x64, 0xfb, 0xff, 0xff, 0x83, 0xc4, 0x04, 0x68,
  0xc1, 0x30, 0x80, 0x00, 0xe8, 0x57, 0xfb, 0xff, 0xff, 0x83, 0xc4, 0x04,
  0xff, 0x75, 0xec, 0xe8, 0x0c, 0xfd, 0xff, 0xff, 0x83, 0xc4, 0x04, 0x68,
  0xbf, 0x30, 0x80, 0x00, 0xe8, 0x3f, 0xfb, 0xff, 0xff, 0x83, 0xc4, 0x04,
  0x68, 0xb1, 0x30, 0x80, 0x00, 0xe8, 0x32, 0xfb, 0xff, 0xff, 0x83, 0xc4,
  0x04, 0xff, 0x75, 0xf0, 0xe8, 0xe7, 0xfc, 0xff, 0xff, 0x83, 0xc4, 0x04,
  0x68, 0xaf, 0x30, 0x80, 0x00, 0xe8, 0x1a, 0xfb, 0xff, 0xff, 0x83, 0xc4,
  0x04, 0xff, 0x75, 0xf4, 0xe8, 0xcf, 0xfc, 0xff, 0xff, 0x83, 0xc4, 0x04,
  0x68, 0xaf, 0x30, 0x80, 0x00, 0xe8, 0x02, 0xfb, 0xff, 0xff, 0x83, 0xc4,
  0x04, 0xff, 0x75, 0xf8, 0xe8, 0xb7, 0xfc, 0xff, 0xff, 0x83, 0xc4, 0x04,
  0x68, 0xbf, 0x30, 0x80, 0x00, 0xe8, 0xea, 0xfa, 0xff, 0xff, 0x83, 0xc4,
  0x04, 0x68, 0xa6, 0x30, 0x80, 0x00, 0xe8, 0xdd, 0xfa, 0xff, 0xff, 0x83,
  0xc4, 0x04, 0xff, 0x75, 0xfc, 0xe8, 0x92, 0xfc, 0xff, 0xff, 0x83, 0xc4,
  0x04, 0x68, 0xbf, 0x30, 0x80, 0x00, 0xe8, 0xc5, 0xfa, 0xff, 0xff, 0x83,
  0xc4, 0x04, 0x68, 0x82, 0x30, 0x80, 0x00, 0xe8, 0xb8, 0xfa, 0xff, 0xff,
  0x83, 0xc4, 0x04, 0xe8, 0x50, 0x00, 0x00, 0x00, 0x89, 0x45, 0xe8, 0x83,
  0x7d, 0xe8, 0x00, 0x7d, 0x1c, 0x68, 0x52, 0x30, 0x80, 0x00, 0xe8, 0x9d,
  0xfa, 0xff, 0xff, 0x83, 0xc4, 0x04, 0x68, 0xee, 0x30, 0x80, 0x00, 0xe8,
  0x90, 0xfa, 0xff, 0xff, 0x83, 0xc4, 0x04, 0xeb, 0x27, 0x68, 0x25, 0x30,
  0x80, 0x00, 0xe8, 0x81, 0xfa, 0xff, 0xff, 0x83, 0xc4, 0x04, 0x68, 0x00,
  0x30, 0x80, 0x00, 0xe8, 0x74, 0xfa, 0xff, 0xff, 0x83, 0xc4, 0x04, 0x68,
  0xee, 0x30, 0x80, 0x00, 0xe8, 0x67, 0xfa, 0xff, 0xff, 0x83, 0xc4, 0x04,
  0xc9, 0xc3, 0x66, 0x90, 0xc8, 0x04, 0x00, 0x00, 0x68, 0x51, 0x00, 0x00,
  0x4d, 0xe8, 0xde, 0xfa, 0xff, 0xff, 0x83, 0xc4, 0x04, 0x89, 0x45, 0xfc,
  0xeb, 0x00, 0x8b, 0x45, 0xfc, 0xc9, 0xc3, 0x90, 0xc8, 0x04, 0x00, 0x00,
  0x8b, 0x55, 0x08, 0x52, 0x68, 0x50, 0x00, 0x00, 0x4d, 0xe8, 0x0e, 0x00,
  0x00, 0x00, 0x83, 0xc4, 0x08, 0x89, 0x45, 0xfc, 0xeb, 0x00, 0x8b, 0x45,
  0xfc, 0xc9, 0xc3, 0x90, 0xc8, 0x08, 0x00, 0x00, 0x89, 0xda, 0x8b, 0x5d,
  0x0c, 0x8b, 0x45, 0x08, 0xcd, 0x4d, 0x89, 0x45, 0xfc, 0x8b, 0x45, 0xfc,
  0x89, 0x45, 0xf8, 0xeb, 0x00, 0x8b, 0x45, 0xf8, 0x89, 0xd3, 0xc9, 0xc3,
  0xc8, 0x14, 0x00, 0x00, 0x8b, 0x45, 0x08, 0x89, 0x45, 0xfc, 0x8b, 0x45,
  0x0c, 0x89, 0x45, 0xf8, 0x83, 0x65, 0xf4, 0x00, 0x8b, 0x45, 0x10, 0x39,
  0x45, 0xf4, 0x7d, 0x1b, 0x8b, 0x45, 0xf8, 0x03, 0x45, 0xf4, 0x8a, 0x00,
  0x8b, 0x55, 0xfc, 0x03, 0x55, 0xf4, 0x88, 0x02, 0x8b, 0x45, 0xf4, 0x89,
  0x45, 0xf0, 0xff, 0x45, 0xf4, 0xeb, 0xdd, 0x8b, 0x45, 0x08, 0x89, 0x45,
  0xec, 0xeb, 0x00, 0x8b, 0x45, 0xec, 0xc9, 0xc3, 0xc8, 0x10, 0x00, 0x00,
  0x8b, 0x45, 0x08, 0x89, 0x45, 0xfc, 0x83, 0x65, 0xf8, 0x00, 0x8b, 0x45,
  0x10, 0x39, 0x45, 0xf8, 0x7d, 0x16, 0x8b, 0x45, 0x0c, 0x8b, 0x55, 0xfc,
  0x03, 0x55, 0xf8, 0x88, 0x02, 0x8b, 0x45, 0xf8, 0x89, 0x45, 0xf4, 0xff,
  0x45, 0xf8, 0xeb, 0xe2, 0x8b, 0x45, 0x08, 0x89, 0x45, 0xf0, 0xeb, 0x00,
  0x8b, 0x45, 0xf0, 0xc9, 0xc3, 0x8d, 0x76, 0x00, 0xc8, 0x10, 0x00, 0x00,
  0x83, 0x65, 0xfc, 0x00, 0x8b, 0x45, 0x08, 0x89, 0x45, 0xf8, 0xff, 0x45,
  0x08, 0x8b, 0x45, 0xf8, 0x0f, 0xbe, 0x00, 0x83, 0xf8, 0x00, 0x74, 0x0b,
  0x8b, 0x45, 0xfc, 0x89, 0x45, 0xf4, 0xff, 0x45, 0xfc, 0xeb, 0xe1, 0x8b,
  0x45, 0xfc, 0x89, 0x45, 0xf0, 0xeb, 0x00, 0x8b, 0x45, 0xf0, 0xc9, 0xc3,
  0xc8, 0x08, 0x00, 0x00, 0x8b, 0x45, 0x08, 0x89, 0x45, 0xfc, 0xff, 0x45,
  0x08, 0x8b, 0x45, 0x0c, 0x89, 0x45, 0xf8, 0xff, 0x45, 0x0c, 0x8b, 0x45,
  0xf8, 0x8a, 0x00, 0x8b, 0x55, 0xfc, 0x88, 0x02, 0x0f, 0xbe, 0xc0, 0x83,
  0xf8, 0x00, 0x74, 0x02, 0xeb, 0xda, 0xc9, 0xc3, 0xc8, 0x08, 0x00, 0x00,
  0x83, 0x65, 0xfc, 0x00, 0x8b, 0x45, 0x10, 0x39, 0x45, 0xfc, 0x73, 0x29,
  0x8b, 0x45, 0x0c, 0x03, 0x45, 0xfc, 0x0f, 0xbe, 0x00, 0x83, 0xf8, 0x00,
  0x74, 0x1b, 0x8b, 0x45, 0x0c, 0x03, 0x45, 0xfc, 0x8a, 0x00, 0x8b, 0x55,
  0x08, 0x03, 0x55, 0xfc, 0x88, 0x02, 0x8b, 0x45, 0xfc, 0x89, 0x45, 0xf8,
  0xff, 0x45, 0xfc, 0xeb, 0xcf, 0x8b, 0x45, 0x10, 0x39, 0x45, 0xfc, 0x73,
  0x0b, 0x8b, 0x45, 0x08, 0x03, 0x45, 0xfc, 0xc6, 0x00, 0x00, 0xeb, 0x12,
  0x83, 0x7d, 0x10, 0x00, 0x74, 0x0c, 0x8b, 0x45, 0x08, 0x8b, 0x55, 0x10,
  0x4a, 0x01, 0xd0, 0xc6, 0x00, 0x00, 0xc9, 0xc3, 0xc8, 0x0c, 0x00, 0x00,
  0x8b, 0x45, 0x08, 0x0f, 0xbe, 0x00, 0x83, 0xf8, 0x00, 0x74, 0x24, 0x8b,
  0x45, 0x08, 0x0f, 0xbe, 0x10, 0x8b, 0x45, 0x0c, 0x0f, 0xbe, 0x00, 0x39,
  0xc2, 0x75, 0x14, 0x8b, 0x45, 0x08, 0x89, 0x45, 0xfc, 0xff, 0x45, 0x08,
  0x8b, 0x45, 0x0c, 0x89, 0x45, 0xf8, 0xff, 0x45, 0x0c, 0xeb, 0xd1, 0x8b,
  0x45, 0x08, 0x0f, 0xb6, 0x00, 0x8b, 0x55, 0x0c, 0x0f, 0xb6, 0x12, 0x29,
  0xd0, 0x89, 0x45, 0xf4, 0xeb, 0x00, 0x8b, 0x45, 0xf4, 0xc9, 0xc3, 0x90,
  0xc8, 0x08, 0x00, 0x00, 0xff, 0x75, 0x08, 0xe8, 0xe8, 0xfe, 0xff, 0xff,
  0x83, 0xc4, 0x04, 0x01, 0x45, 0x08, 0x8b, 0x45, 0x08, 0x89, 0x45, 0xfc,
  0xff, 0x45, 0x08, 0x8b, 0x45, 0x0c, 0x89, 0x45, 0xf8, 0xff, 0x45, 0x0c,
  0x8b, 0x45, 0xf8, 0x8a, 0x00, 0x8b, 0x55, 0xfc, 0x88, 0x02, 0x0f, 0xbe,
  0xc0, 0x83, 0xf8, 0x00, 0x74, 0x02, 0xeb, 0xda, 0xc9, 0xc3, 0x66, 0x90,
  0xc8, 0x0c, 0x00, 0x00, 0xff, 0x75, 0x08, 0xe8, 0xac, 0xfe, 0xff, 0xff,
  0x83, 0xc4, 0x04, 0x89, 0x45, 0xfc, 0x83, 0x65, 0xf8, 0x00, 0x8b, 0x45,
  0x10, 0x39, 0x45, 0xf8, 0x73, 0x2e, 0x8b, 0x45, 0x0c, 0x03, 0x45, 0xf8,
  0x0f, 0xbe, 0x00, 0x83, 0xf8, 0x00, 0x74, 0x20, 0x8b, 0x55, 0x08, 0x8b,
  0x45, 0xfc, 0x03, 0x45, 0xf8, 0x01, 0xc2, 0x8b, 0x45, 0x0c, 0x03, 0x45,
  0xf8, 0x8a, 0x00, 0x88, 0x02, 0x8b, 0x45, 0xf8, 0x89, 0x45, 0xf4, 0xff,
  0x45, 0xf8, 0xeb, 0xca, 0x8b, 0x45, 0x08, 0x8b, 0x55, 0xfc, 0x03, 0x55,
  0xf8, 0x01, 0xd0, 0xc6, 0x00, 0x00, 0xc9, 0xc3, 0xc8, 0x0c, 0x00, 0x00,
  0x83, 0x65, 0xfc, 0x00, 0x8b, 0x45, 0x10, 0x39, 0x45, 0xfc, 0x7d, 0x4e,
  0x8b, 0x45, 0x08, 0x03, 0x45, 0xfc, 0x0f, 0xbe, 0x10, 0x8b, 0x45, 0x0c,
  0x03, 0x45, 0xfc, 0x0f, 0xbe, 0x00, 0x39, 0xc2, 0x74, 0x19, 0x8b, 0x45,
  0x08, 0x03, 0x45, 0xfc, 0x0f, 0xb6, 0x00, 0x8b, 0x55, 0x0c, 0x03, 0x55,
  0xfc, 0x0f, 0xb6, 0x12, 0x29, 0xd0, 0x89, 0x45, 0xf4, 0xeb, 0x25, 0x8b,
  0x45, 0x08, 0x03, 0x45, 0xfc, 0x0f, 0xbe, 0x00, 0x83, 0xf8, 0x00, 0x75,
  0x06, 0x83, 0x65, 0xf4, 0x00, 0xeb, 0x11, 0x8b, 0x45, 0xfc, 0x89, 0x45,
  0xf8, 0xff, 0x45, 0xfc, 0xeb, 0xaa, 0x83, 0x65, 0xf4, 0x00, 0xeb, 0x00,
  0x8b, 0x45, 0xf4, 0xc9, 0xc3, 0x8d, 0x76, 0x00, 0xc8, 0x0c, 0x00, 0x00,
  0x8b, 0x45, 0x0c, 0x0f, 0xbe, 0x00, 0x83, 0xf8, 0x00, 0x74, 0x2a, 0x8b,
  0x45, 0x08, 0x89, 0x45, 0xfc, 0xff, 0x45, 0x08, 0x8b, 0x45, 0x0c, 0x89,
  0x45, 0xf8, 0xff, 0x45, 0x0c, 0x8b, 0x45, 0xfc, 0x0f, 0xbe, 0x10, 0x8b,
  0x45, 0xf8, 0x0f, 0xbe, 0x00, 0x39, 0xc2, 0x74, 0x06, 0x83, 0x65, 0xf4,
  0x00, 0xeb, 0x0b, 0xeb, 0xcb, 0xc7, 0x45, 0xf4, 0x01, 0x00, 0x00, 0x00,
  0xeb, 0x00, 0x8b, 0x45, 0xf4, 0xc9, 0xc3, 0x90, 0xc8, 0x08, 0x00, 0x00,
  0x8b, 0x45, 0x08, 0x0f, 0xbe, 0x00, 0x83, 0xf8, 0x00, 0x74, 0x21, 0x8b,
  0x45, 0x08, 0x0f, 0xbe, 0x10, 0x8b, 0x45, 0x0c, 0x39, 0xc2, 0x75, 0x09,
  0xc7, 0x45, 0xf8, 0x01, 0x00, 0x00, 0x00, 0xeb, 0x11, 0x8b, 0x45, 0x08,
  0x89, 0x45, 0xfc, 0xff, 0x45, 0x08, 0xeb, 0xd4, 0x83, 0x65, 0xf8, 0x00,
  0xeb, 0x00, 0x8b, 0x45, 0xf8, 0xc9, 0xc3, 0x90, 0xc8, 0x04, 0x00, 0x00,
  0xff, 0x75, 0x0c, 0x8b, 0x55, 0x08, 0x52, 0x6a, 0x05, 0xe8, 0x0e, 0x00,
  0x00, 0x00, 0x83, 0xc4, 0x0c, 0x89, 0x45, 0xfc, 0xeb, 0x00, 0x8b, 0x45,
  0xfc, 0xc9, 0xc3, 0x90, 0xc8, 0x08, 0x00, 0x00, 0x89, 0xda, 0x8b, 0x4d,
  0x10, 0x8b, 0x5d, 0x0c, 0x8b, 0x45, 0x08, 0xcd, 0x80, 0x89, 0x45, 0xfc,
  0x8b, 0x45, 0xfc, 0x89, 0x45, 0xf8, 0xeb, 0x00, 0x8b, 0x45, 0xf8, 0x89,
  0xd3, 0xc9, 0xc3, 0x90, 0xc8, 0x04, 0x00, 0x00, 0xff, 0x75, 0x08, 0x6a,
  0x06, 0xe8, 0x0e, 0x00, 0x00, 0x00, 0x83, 0xc4, 0x08, 0x89, 0x45, 0xfc,
  0xeb, 0x00, 0x8b, 0x45, 0xfc, 0xc9, 0xc3, 0x90, 0xc8, 0x08, 0x00, 0x00,
  0x89, 0xda, 0x8b, 0x5d, 0x0c, 0x8b, 0x45, 0x08, 0xcd, 0x80, 0x89, 0x45,
  0xfc, 0x8b, 0x45, 0xfc, 0x89, 0x45, 0xf8, 0xeb, 0x00, 0x8b, 0x45, 0xf8,
  0x89, 0xd3, 0xc9, 0xc3, 0xc8, 0x04, 0x00, 0x00, 0xff, 0x75, 0x10, 0x8b,
  0x55, 0x0c, 0x52, 0xff, 0x75, 0x08, 0x6a, 0x03, 0xe8, 0x0f, 0x00, 0x00,
  0x00, 0x83, 0xc4, 0x10, 0x89, 0x45, 0xfc, 0xeb, 0x00, 0x8b, 0x45, 0xfc,
  0xc9, 0xc3, 0x66, 0x90, 0xc8, 0x0c, 0x00, 0x00, 0x89, 0x5d, 0xf4, 0x8b,
  0x55, 0x14, 0x8b, 0x4d, 0x10, 0x8b, 0x5d, 0x0c, 0x8b, 0x45, 0x08, 0xcd,
  0x80, 0x89, 0x45, 0xfc, 0x8b, 0x45, 0xfc, 0x89, 0x45, 0xf8, 0xeb, 0x00,
  0x8b, 0x45, 0xf8, 0x8b, 0x5d, 0xf4, 0xc9, 0xc3, 0xc8, 0x04, 0x00, 0x00,
  0xff, 0x75, 0x10, 0x8b, 0x55, 0x0c, 0x52, 0xff, 0x75, 0x08, 0x6a, 0x04,
  0xe8, 0xc3, 0xff, 0xff, 0xff, 0x83, 0xc4, 0x10, 0x89, 0x45, 0xfc, 0xeb,
  0x00, 0x8b, 0x45, 0xfc, 0xc9, 0xc3, 0x66, 0x90, 0xc8, 0x04, 0x00, 0x00,
  0xff, 0x75, 0x10, 0x8b, 0x55, 0x0c, 0x52, 0xff, 0x75, 0x08, 0x6a, 0x47,
  0xe8, 0x9f, 0xff, 0xff, 0xff, 0x83, 0xc4, 0x10, 0x89, 0x45, 0xfc, 0xeb,
  0x00, 0x8b, 0x45, 0xfc, 0xc9, 0xc3, 0x66, 0x90, 0xc8, 0x04, 0x00, 0x00,
  0xff, 0x75, 0x0c, 0x8b, 0x55, 0x08, 0x52, 0x6a, 0x10, 0xe8, 0xfa, 0xfe,
  0xff, 0xff, 0x83, 0xc4, 0x0c, 0x89, 0x45, 0xfc, 0xeb, 0x00, 0x8b, 0x45,
  0xfc, 0xc9, 0xc3, 0x90, 0xc8, 0x04, 0x00, 0x00, 0x8b, 0x55, 0x08, 0x52,
  0x6a, 0x11, 0xe8, 0x1d, 0xff, 0xff, 0xff, 0x83, 0xc4, 0x08, 0x89, 0x45,
  0xfc, 0xeb, 0x00, 0x8b, 0x45, 0xfc, 0xc9, 0xc3, 0xc8, 0x04, 0x00, 0x00,
  0x8b, 0x55, 0x08, 0x52, 0x6a, 0x12, 0xe8, 0x01, 0xff, 0xff, 0xff, 0x83,
  0xc4, 0x08, 0x89, 0x45, 0xfc, 0xeb, 0x00, 0x8b, 0x45, 0xfc, 0xc9, 0xc3,
  0xc8, 0x04, 0x00, 0x00, 0x8b, 0x55, 0x08, 0x52, 0x6a, 0x15, 0xe8, 0xe5,
  0xfe, 0xff, 0xff, 0x83, 0xc4, 0x08, 0x89, 0x45, 0xfc, 0xeb, 0x00, 0x8b,
  0x45, 0xfc, 0xc9, 0xc3, 0xc8, 0x04, 0x00, 0x00, 0x8b, 0x55, 0x08, 0x52,
  0x6a, 0x13, 0xe8, 0xc9, 0xfe, 0xff, 0xff, 0x83, 0xc4, 0x08, 0x89, 0x45,
  0xfc, 0xeb, 0x00, 0x8b, 0x45, 0xfc, 0xc9, 0xc3, 0xc8, 0x04, 0x00, 0x00,
  0x8b, 0x55, 0x0c, 0x52, 0x8b, 0x55, 0x08, 0x52, 0x6a, 0x16, 0xe8, 0x69,
  0xfe, 0xff, 0xff, 0x83, 0xc4, 0x0c, 0x89, 0x45, 0xfc, 0xeb, 0x00, 0x8b,
  0x45, 0xfc, 0xc9, 0xc3, 0xc8, 0x04, 0x00, 0x00, 0x8b, 0x55, 0x08, 0x52,
  0x6a, 0x28, 0xe8, 0x8d, 0xfe, 0xff, 0xff, 0x83, 0xc4, 0x08, 0x89, 0x45,
  0xfc, 0xeb, 0x00, 0x8b, 0x45, 0xfc, 0xc9, 0xc3, 0xc8, 0x04, 0x00, 0x00,
  0xff, 0x75, 0x0c, 0xff, 0x75, 0x08, 0x6a, 0x2a, 0xe8, 0x2f, 0xfe, 0xff,
  0xff, 0x83, 0xc4, 0x0c, 0x89, 0x45, 0xfc, 0xeb, 0x00, 0x8b, 0x45, 0xfc,
  0xc9, 0xc3, 0x66, 0x90, 0xc8, 0x04, 0x00, 0x00, 0x8b, 0x55, 0x08, 0x52,
  0x6a, 0x73, 0xe8, 0x51, 0xfe, 0xff, 0xff, 0x83, 0xc4, 0x08, 0x89, 0x45,
  0xfc, 0xeb, 0x00, 0x8b, 0x45, 0xfc, 0xc9, 0xc3, 0xc8, 0x04, 0x00, 0x00,
  0x6a, 0x09, 0xe8, 0x0d, 0x00, 0x00, 0x00, 0x83, 0xc4, 0x04, 0x89, 0x45,
  0xfc, 0xeb, 0x00, 0x8b, 0x45, 0xfc, 0xc9, 0xc3, 0xc8, 0x08, 0x00, 0x00,
  0x8b, 0x45, 0x08, 0xcd, 0x80, 0x89, 0x45, 0xfc, 0x8b, 0x45, 0xfc, 0x89,
  0x45, 0xf8, 0xeb, 0x00, 0x8b, 0x45, 0xf8, 0xc9, 0xc3, 0x8d, 0x76, 0x00,
  0xc8, 0x04, 0x00, 0x00, 0x6a, 0x0a, 0xe8, 0xd9, 0xff, 0xff, 0xff, 0x83,
  0xc4, 0x04, 0x89, 0x45, 0xfc, 0xeb, 0x00, 0x8b, 0x45, 0xfc, 0xc9, 0xc3,
  0xc8, 0x04, 0x00, 0x00, 0x6a, 0x02, 0xe8, 0xc1, 0xff, 0xff, 0xff, 0x83,
  0xc4, 0x04, 0x89, 0x45, 0xfc, 0xeb, 0x00, 0x8b, 0x45, 0xfc, 0xc9, 0xc3,
  0xc8, 0x04, 0x00, 0x00, 0xff, 0x75, 0x10, 0x8b, 0x55, 0x0c, 0x52, 0xff,
  0x75, 0x08, 0x6a, 0x07, 0xe8, 0x0f, 0xfe, 0xff, 0xff, 0x83, 0xc4, 0x10,
  0x89, 0x45, 0xfc, 0xeb, 0x00, 0x8b, 0x45, 0xfc, 0xc9, 0xc3, 0x66, 0x90,
  0xc8, 0x04, 0x00, 0x00, 0xff, 0x75, 0x0c, 0xff, 0x75, 0x08, 0x6a, 0x64,
  0xe8, 0x6b, 0xfd, 0xff, 0xff, 0x83, 0xc4, 0x0c, 0x89, 0x45, 0xfc, 0xeb,
  0x00, 0x8b, 0x45, 0xfc, 0xc9, 0xc3, 0x66, 0x90, 0xc8, 0x04, 0x00, 0x00,
  0x6a, 0x20, 0xe8, 0x65, 0xff, 0xff, 0xff, 0x83, 0xc4, 0x04, 0x89, 0x45,
  0xfc, 0xeb, 0x00, 0x8b, 0x45, 0xfc, 0xc9, 0xc3, 0xc8, 0x04, 0x00, 0x00,
  0x6a, 0x24, 0xe8, 0x4d, 0xff, 0xff, 0xff, 0x83, 0xc4, 0x04, 0x89, 0x45,
  0xfc, 0xeb, 0x00, 0x8b, 0x45, 0xfc, 0xc9, 0xc3, 0xc8, 0x04, 0x00, 0x00,
  0xff, 0x75, 0x08, 0x6a, 0x22, 0xe8, 0x5e, 0xfd, 0xff, 0xff, 0x83, 0xc4,
  0x08, 0x89, 0x45, 0xfc, 0xeb, 0x00, 0x8b, 0x45, 0xfc, 0xc9, 0xc3, 0x90,
  0xc8, 0x04, 0x00, 0x00, 0x6a, 0x21, 0xe8, 0x19, 0xff, 0xff, 0xff, 0x83,
  0xc4, 0x04, 0x89, 0x45, 0xfc, 0xeb, 0x00, 0x8b, 0x45, 0xfc, 0xc9, 0xc3,
  0xc8, 0x04, 0x00, 0x00, 0x6a, 0x25, 0xe8, 0x01, 0xff, 0xff, 0xff, 0x83,
  0xc4, 0x04, 0x89, 0x45, 0xfc, 0xeb, 0x00, 0x8b, 0x45, 0xfc, 0xc9, 0xc3,
  0xc8, 0x04, 0x00, 0x00, 0xff, 0x75, 0x08, 0x6a, 0x23, 0xe8, 0x12, 0xfd,
  0xff, 0xff, 0x83, 0xc4, 0x08, 0x89, 0x45, 0xfc, 0xeb, 0x00, 0x8b, 0x45,
  0xfc, 0xc9, 0xc3, 0x90, 0xc8, 0x04, 0x00, 0x00, 0x8b, 0x55, 0x0c, 0x52,
  0xff, 0x75, 0x08, 0x68, 0x8a, 0x00, 0x00, 0x00, 0xe8, 0xaf, 0xfc, 0xff,
  0xff, 0x83, 0xc4, 0x0c, 0x89, 0x45, 0xfc, 0xeb, 0x00, 0x8b, 0x45, 0xfc,
  0xc9, 0xc3, 0x66, 0x90, 0xc8, 0x04, 0x00, 0x00, 0x6a, 0x1e, 0xe8, 0xa9,
  0xfe, 0xff, 0xff, 0x83, 0xc4, 0x04, 0x89, 0x45, 0xfc, 0xeb, 0x00, 0x8b,
  0x45, 0xfc, 0xc9, 0xc3, 0xc8, 0x04, 0x00, 0x00, 0xff, 0x75, 0x08, 0x6a,
  0x5d, 0xe8, 0xba, 0xfc, 0xff, 0xff, 0x83, 0xc4, 0x08, 0x89, 0x45, 0xfc,
  0xeb, 0x00, 0x8b, 0x45, 0xfc, 0xc9, 0xc3, 0x90, 0xc8, 0x04, 0x00, 0x00,
  0x68, 0x8c, 0x00, 0x00, 0x00, 0xe8, 0x72, 0xfe, 0xff, 0xff, 0x83, 0xc4,
  0x04, 0x89, 0x45, 0xfc, 0xeb, 0x00, 0x8b, 0x45, 0xfc, 0xc9, 0xc3, 0x90,
  0xc8, 0x04, 0x00, 0x00, 0x8b, 0x55, 0x08, 0x52, 0x68, 0x8d, 0x00, 0x00,
  0x00, 0xe8, 0x7e, 0xfc, 0xff, 0xff, 0x83, 0xc4, 0x08, 0x89, 0x45, 0xfc,
  0xeb, 0x00, 0x8b, 0x45, 0xfc, 0xc9, 0xc3, 0x90, 0xc8, 0x04, 0x00, 0x00,
  0x8b, 0x55, 0x08, 0x52, 0x68, 0x8e, 0x00, 0x00, 0x00, 0xe8, 0x5e, 0xfc,
  0xff, 0xff, 0x83, 0xc4, 0x08, 0x89, 0x45, 0xfc, 0xeb, 0x00, 0x8b, 0x45,
  0xfc, 0xc9, 0xc3, 0x90, 0xc8, 0x04, 0x00, 0x00, 0x68, 0x8f, 0x00, 0x00,
  0x00, 0xe8, 0x16, 0xfe, 0xff, 0xff, 0x83, 0xc4, 0x04, 0x89, 0x45, 0xfc,
  0xeb, 0x00, 0x8b, 0x45, 0xfc, 0xc9, 0xc3, 0x90, 0xc8, 0x04, 0x00, 0x00,
  0x8b, 0x55, 0x08, 0x52, 0x68, 0x84, 0x00, 0x00, 0x00, 0xe8, 0x22, 0xfc,
  0xff, 0xff, 0x83, 0xc4, 0x08, 0x89, 0x45, 0xfc, 0xeb, 0x00, 0x8b, 0x45,
  0xfc, 0xc9, 0xc3, 0x90, 0xc8, 0x04, 0x00, 0x00, 0xff, 0x75, 0x0c, 0x8b,
  0x55, 0x08, 0x52, 0x68, 0x85, 0x00, 0x00, 0x00, 0xe8, 0xbf, 0xfb, 0xff,
  0xff, 0x83, 0xc4, 0x0c, 0x89, 0x45, 0xfc, 0xeb, 0x00, 0x8b, 0x45, 0xfc,
  0xc9, 0xc3, 0x66, 0x90, 0xc8, 0x04, 0x00, 0x00, 0x8b, 0x55, 0x08, 0x52,
  0x68, 0x86, 0x00, 0x00, 0x00, 0xe8, 0xde, 0xfb, 0xff, 0xff, 0x83, 0xc4,
  0x08, 0x89, 0x45, 0xfc, 0xeb, 0x00, 0x8b, 0x45, 0xfc, 0xc9, 0xc3, 0x90,
  0xc8, 0x04, 0x00, 0x00, 0x8b, 0x55, 0x10, 0x52, 0x8b, 0x55, 0x0c, 0x52,
  0x8b, 0x55, 0x08, 0x52, 0x68, 0x87, 0x00, 0x00, 0x00, 0xe8, 0xfa, 0xfb,
  0xff, 0xff, 0x83, 0xc4, 0x10, 0x89, 0x45, 0xfc, 0xeb, 0x00, 0x8b, 0x45,
  0xfc, 0xc9, 0xc3, 0x90, 0xc8, 0x04, 0x00, 0x00, 0x8b, 0x55, 0x08, 0x52,
  0x68, 0x88, 0x00, 0x00, 0x00, 0xe8, 0x96, 0xfb, 0xff, 0xff, 0x83, 0xc4,
  0x08, 0x89, 0x45, 0xfc, 0xeb, 0x00, 0x8b, 0x45, 0xfc, 0xc9, 0xc3, 0x90,
  0xc8, 0x04, 0x00, 0x00, 0xff, 0x75, 0x0c, 0x8b, 0x55, 0x08, 0x52, 0x68,
  0x89, 0x00, 0x00, 0x00, 0xe8, 0x33, 0xfb, 0xff, 0xff, 0x83, 0xc4, 0x0c,
  0x89, 0x45, 0xfc, 0xeb, 0x00, 0x8b, 0x45, 0xfc, 0xc9, 0xc3, 0x66, 0x90,
  0xc8, 0x18, 0x00, 0x00, 0x83, 0x65, 0xfc, 0x00, 0xc7, 0x45, 0xf8, 0x01,
  0x00, 0x00, 0x00, 0x8b, 0x45, 0x08, 0x0f, 0xbe, 0x00, 0x83, 0xf8, 0x20,
  0x75, 0x0b, 0x8b, 0x45, 0x08, 0x89, 0x45, 0xf4, 0xff, 0x45, 0x08, 0xeb,
  0xea, 0x8b, 0x45, 0x08, 0x0f, 0xbe, 0x00, 0x83, 0xf8, 0x2d, 0x75, 0x12,
  0xc7, 0x45, 0xf8, 0xff, 0xff, 0xff, 0xff, 0x8b, 0x45, 0x08, 0x89, 0x45,
  0xf0, 0xff, 0x45, 0x08, 0xeb, 0x14, 0x8b, 0x45, 0x08, 0x0f, 0xbe, 0x00,
  0x83, 0xf8, 0x2b, 0x75, 0x09, 0x8b, 0x45, 0x08, 0x89, 0x45, 0xf0, 0xff,
  0x45, 0x08, 0x8b, 0x45, 0x08, 0x0f, 0xbe, 0x00, 0x83, 0xf8, 0x30, 0x7c,
  0x2b, 0x8b, 0x45, 0x08, 0x0f, 0xbe, 0x00, 0x83, 0xf8, 0x39, 0x7f, 0x20,
  0x8b, 0x45, 0x08, 0x89, 0x45, 0xec, 0xff, 0x45, 0x08, 0x8b, 0x45, 0xec,
  0x0f, 0xbe, 0x10, 0x83, 0xea, 0x30, 0x8b, 0x45, 0xfc, 0x6b, 0xc0, 0x0a,
  0x8d, 0x04, 0x10, 0x89, 0x45, 0xfc, 0xeb, 0xca, 0x8b, 0x45, 0xfc, 0x0f,
  0xaf, 0x45, 0xf8, 0x89, 0x45, 0xe8, 0xeb, 0x00, 0x8b, 0x45, 0xe8, 0xc9,
  0xc3, 0x8d, 0x76, 0x00, 0x55, 0x89, 0xe5, 0x68, 0xfd, 0x03, 0x00, 0x00,
  0xe8, 0x23, 0x00, 0x00, 0x00, 0x83, 0xc4, 0x04, 0x0f, 0xb6, 0xc0, 0x83,
  0xe0, 0x20, 0x75, 0x02, 0xeb, 0xe9, 0x0f, 0xb6, 0x55, 0x08, 0x52, 0x68,
  0xf8, 0x03, 0x00, 0x00, 0xe8, 0x23, 0x00, 0x00, 0x00, 0x83, 0xc4, 0x08,
  0xc9, 0xc3, 0x66, 0x90, 0xc8, 0x08, 0x00, 0x00, 0x66, 0x8b, 0x55, 0x08,
  0xec, 0x88, 0x45, 0xff, 0x8a, 0x45, 0xff, 0x88, 0x45, 0xf8, 0xeb, 0x00,
  0x8a, 0x45, 0xf8, 0xc9, 0xc3, 0x8d, 0x76, 0x00, 0x55, 0x89, 0xe5, 0x66,
  0x8b, 0x55, 0x08, 0x8a, 0x45, 0x0c, 0xee, 0xc9, 0xc3, 0x8d, 0x76, 0x00,
  0xc8, 0x04, 0x00, 0x00, 0x8b, 0x45, 0x08, 0x0f, 0xbe, 0x00, 0x83, 0xf8,
  0x00, 0x74, 0x1a, 0x8b, 0x45, 0x08, 0x89, 0x45, 0xfc, 0xff, 0x45, 0x08,
  0x8b, 0x45, 0xfc, 0x0f, 0xbe, 0x10, 0x52, 0xe8, 0x80, 0xff, 0xff, 0xff,
  0x83, 0xc4, 0x04, 0xeb, 0xdb, 0xc9, 0xc3, 0x90, 0xc8, 0x04, 0x00, 0x00,
  0x68, 0xfd, 0x03, 0x00, 0x00, 0xe8, 0x9a, 0xff, 0xff, 0xff, 0x83, 0xc4,
  0x04, 0x0f, 0xb6, 0xc0, 0x83, 0xe0, 0x01, 0x74, 0x15, 0x68, 0xf8, 0x03,
  0x00, 0x00, 0xe8, 0x85, 0xff, 0xff, 0xff, 0x83, 0xc4, 0x04, 0x0f, 0xb6,
  0xc0, 0x89, 0x45, 0xfc, 0xeb, 0x0e, 0xe8, 0x11, 0x00, 0x00, 0x00, 0xc7,
  0x45, 0xfc, 0xff, 0xff, 0xff, 0xff, 0xeb, 0x00, 0x8b, 0x45, 0xfc, 0xc9,
  0xc3, 0x8d, 0x76, 0x00, 0xc8, 0x04, 0x00, 0x00, 0x68, 0x43, 0x00, 0x00,
  0x4d, 0xe8, 0x0e, 0x00, 0x00, 0x00, 0x83, 0xc4, 0x04, 0x89, 0x45, 0xfc,
  0xeb, 0x00, 0x8b, 0x45, 0xfc, 0xc9, 0xc3, 0x90, 0xc8, 0x08, 0x00, 0x00,
  0x8b, 0x45, 0x08, 0xcd, 0x4d, 0x89, 0x45, 0xfc, 0x8b, 0x45, 0xfc, 0x89,
  0x45, 0xf8, 0xeb, 0x00, 0x8b, 0x45, 0xf8, 0xc9, 0xc3, 0x8d, 0x76, 0x00,
  0x55, 0x89, 0xe5, 0x68, 0x2e, 0x32, 0x80, 0x00, 0xe8, 0x4b, 0xff, 0xff,
  0xff, 0x83, 0xc4, 0x04, 0xc9, 0xc3, 0x66, 0x90, 0x55, 0x89, 0xe5, 0x68,
  0x28, 0x32, 0x80, 0x00, 0xe8, 0x37, 0xff, 0xff, 0xff, 0x83, 0xc4, 0x04,
  0xc9, 0xc3, 0x66, 0x90, 0x55, 0x89, 0xe5, 0x68, 0x22, 0x32, 0x80, 0x00,
  0xe8, 0x23, 0xff, 0xff, 0xff, 0x83, 0xc4, 0x04, 0xc9, 0xc3, 0x66, 0x90,
  0x55, 0x89, 0xe5, 0x68, 0x1c, 0x32, 0x80, 0x00, 0xe8, 0x0f, 0xff, 0xff,
  0xff, 0x83, 0xc4, 0x04, 0xc9, 0xc3, 0x66, 0x90, 0x55, 0x89, 0xe5, 0x68,
  0x16, 0x32, 0x80, 0x00, 0xe8, 0xfb, 0xfe, 0xff, 0xff, 0x83, 0xc4, 0x04,
  0xc9, 0xc3, 0x66, 0x90, 0x55, 0x89, 0xe5, 0x68, 0x10, 0x32, 0x80, 0x00,
  0xe8, 0xe7, 0xfe, 0xff, 0xff, 0x83, 0xc4, 0x04, 0xc9, 0xc3, 0x66, 0x90,
  0x55, 0x89, 0xe5, 0x68, 0x0b, 0x32, 0x80, 0x00, 0xe8, 0xd3, 0xfe, 0xff,
  0xff, 0x83, 0xc4, 0x04, 0xc9, 0xc3, 0x66, 0x90, 0x55, 0x89, 0xe5, 0x83,
  0x3d, 0x00, 0x40, 0x80, 0x00, 0x01, 0x75, 0x0f, 0x0f, 0xbe, 0x55, 0x08,
  0x52, 0xe8, 0x5a, 0xfe, 0xff, 0xff, 0x83, 0xc4, 0x04, 0xeb, 0x14, 0x6a,
  0x01, 0x8d, 0x45, 0x08, 0x50, 0xff, 0x35, 0x00, 0x40, 0x80, 0x00, 0xe8,
  0x74, 0xf9, 0xff, 0xff, 0x83, 0xc4, 0x0c, 0xc9, 0xc3, 0x8d, 0x76, 0x00,
  0xc8, 0x04, 0x00, 0x00, 0x83, 0x3d, 0x00, 0x40, 0x80, 0x00, 0x01, 0x75,
  0x0d, 0xff, 0x75, 0x08, 0xe8, 0x83, 0xfe, 0xff, 0xff, 0x83, 0xc4, 0x04,
  0xeb, 0x29, 0x8b, 0x45, 0x08, 0x0f, 0xbe, 0x00, 0x83, 0xf8, 0x00, 0x74,
  0x1e, 0x6a, 0x01, 0xff, 0x75, 0x08, 0xff, 0x35, 0x00, 0x40, 0x80, 0x00,
  0xe8, 0x37, 0xf9, 0xff, 0xff, 0x83, 0xc4, 0x0c, 0x8b, 0x45, 0x08, 0x89,
  0x45, 0xfc, 0xff, 0x45, 0x08, 0xeb, 0xd7, 0xc9, 0xc3, 0x8d, 0x76, 0x00,
  0x55, 0x89, 0xe5, 0xff, 0x75, 0x08, 0xe8, 0xad, 0xff, 0xff, 0xff, 0x83,
  0xc4, 0x04, 0xc9, 0xc3, 0xc8, 0x18, 0x00, 0x00, 0x83, 0x65, 0xec, 0x00,
  0x8b, 0x45, 0xec, 0x89, 0x45, 0xe8, 0xff, 0x45, 0xec, 0x8b, 0x45, 0x08,
  0xb9, 0x0a, 0x00, 0x00, 0x00, 0x31, 0xd2, 0xf7, 0xf1, 0x88, 0xd0, 0x0f,
  0xbe, 0xc0, 0x83, 0xc0, 0x30, 0x8d, 0x55, 0xf0, 0x03, 0x55, 0xe8, 0x88,
  0x02, 0x8b, 0x45, 0x08, 0xb9, 0x0a, 0x00, 0x00, 0x00, 0x31, 0xd2, 0xf7,
  0xf1, 0x89, 0x45, 0x08, 0x83, 0x7d, 0x08, 0x00, 0x74, 0x09, 0xc7, 0x45,
  0xe8, 0x01, 0x00, 0x00, 0x00, 0xeb, 0x04, 0x83, 0x65, 0xe8, 0x00, 0x83,
  0x7d, 0xe8, 0x00, 0x75, 0xb3, 0x83, 0x7d, 0xec, 0x00, 0x7e, 0x1a, 0x8d,
  0x45, 0xf0, 0x8b, 0x55, 0xec, 0x4a, 0x89, 0x55, 0xec, 0x01, 0xd0, 0x0f,
  0xbe, 0x10, 0x52, 0xe8, 0x04, 0xff, 0xff, 0xff, 0x83, 0xc4, 0x04, 0xeb,
  0xe0, 0xc9, 0xc3, 0x90, 0x55, 0x89, 0xe5, 0x31, 0xd2, 0xb8, 0xff, 0xff,
  0xff, 0xff, 0x39, 0x55, 0x0c, 0x77, 0x07, 0x72, 0x14, 0x39, 0x45, 0x08,
  0x76, 0x0f, 0x68, 0x06, 0x32, 0x80, 0x00, 0xe8, 0x10, 0xff, 0xff, 0xff,
  0x83, 0xc4, 0x04, 0xeb, 0x0c, 0x8b, 0x45, 0x08, 0x50, 0xe8, 0x5a, 0xff,
  0xff, 0xff, 0x83, 0xc4, 0x04, 0xc9, 0xc3, 0x90, 0x55, 0x89, 0xe5, 0x83,
  0x7d, 0x08, 0x00, 0x7d, 0x12, 0x6a, 0x2d, 0xe8, 0xb8, 0xfe, 0xff, 0xff,
  0x83, 0xc4, 0x04, 0x8b, 0x45, 0x08, 0xf7, 0xd8, 0x89, 0x45, 0x08, 0xff,
  0x75, 0x08, 0xe8, 0x31, 0xff, 0xff, 0xff, 0x83, 0xc4, 0x04, 0xc9, 0xc3,
  0xc8, 0x04, 0x00, 0x00, 0x68, 0x00, 0x01, 0x00, 0x00, 0x68, 0x04, 0x40,
  0x80, 0x00, 0xe8, 0x75, 0xf8, 0xff, 0xff, 0x83, 0xc4, 0x08, 0x89, 0x45,
  0xfc, 0x83, 0x7d, 0xfc, 0x00, 0x7f, 0x17, 0x68, 0xff, 0x00, 0x00, 0x00,
  0x68, 0x04, 0x32, 0x80, 0x00, 0x68, 0x04, 0x40, 0x80, 0x00, 0xe8, 0x0d,
  0xf5, 0xff, 0xff, 0x83, 0xc4, 0x0c, 0xc9, 0xc3, 0xc8, 0x1c, 0x00, 0x00,
  0x83, 0x7d, 0x08, 0x00, 0x74, 0x0b, 0x8b, 0x45, 0x08, 0x0f, 0xbe, 0x00,
  0x83, 0xf8, 0x00, 0x75, 0x1a, 0x8b, 0x45, 0x10, 0x48, 0x50, 0x68, 0x04,
  0x40, 0x80, 0x00, 0xff, 0x75, 0x0c, 0xe8, 0xe1, 0xf4, 0xff, 0xff, 0x83,
  0xc4, 0x0c, 0xe9, 0xd3, 0x00, 0x00, 0x00, 0x8b, 0x45, 0x08, 0x0f, 0xbe,
  0x00, 0x83, 0xf8, 0x2f, 0x75, 0x18, 0x8b, 0x45, 0x10, 0x48, 0x50, 0xff,
  0x75, 0x08, 0xff, 0x75, 0x0c, 0xe8, 0xbe, 0xf4, 0xff, 0xff, 0x83, 0xc4,
  0x0c, 0xe9, 0xb0, 0x00, 0x00, 0x00, 0x83, 0x65, 0xfc, 0x00, 0xb8, 0x04,
  0x40, 0x80, 0x00, 0x03, 0x45, 0xfc, 0x0f, 0xbe, 0x00, 0x83, 0xf8, 0x00,
  0x74, 0x26, 0x8b, 0x45, 0x10, 0x48, 0x39, 0x45, 0xfc, 0x7d, 0x1d, 0xb8,
  0x04, 0x40, 0x80, 0x00, 0x03, 0x45, 0xfc, 0x8a, 0x00, 0x8b, 0x55, 0x0c,
  0x03, 0x55, 0xfc, 0x88, 0x02, 0x8b, 0x45, 0xfc, 0x89, 0x45, 0xf4, 0xff,
  0x45, 0xfc, 0xeb, 0xca, 0x8b, 0x45, 0xfc, 0x89, 0x45, 0xf0, 0x83, 0x7d,
  0xf0, 0x00, 0x7e, 0x22, 0xb8, 0x03, 0x40, 0x80, 0x00, 0x03, 0x45, 0xf0,
  0x0f, 0xbe, 0x00, 0x83, 0xf8, 0x2f, 0x74, 0x12, 0x8b, 0x45, 0xf0, 0x89,
  0x45, 0xec, 0xff, 0x45, 0xf0, 0x8b, 0x45, 0x0c, 0x03, 0x45, 0xec, 0xc6,
  0x00, 0x2f, 0x83, 0x65, 0xf8, 0x00, 0x8b, 0x45, 0x08, 0x03, 0x45, 0xf8,
  0x0f, 0xbe, 0x00, 0x83, 0xf8, 0x00, 0x74, 0x2d, 0x8b, 0x45, 0x10, 0x48,
  0x39, 0x45, 0xf0, 0x7d, 0x24, 0x8b, 0x45, 0x08, 0x03, 0x45, 0xf8, 0x8a,
  0x00, 0x8b, 0x55, 0x0c, 0x03, 0x55, 0xf0, 0x88, 0x02, 0x8b, 0x45, 0xf8,
  0x89, 0x45, 0xe8, 0xff, 0x45, 0xf8, 0x8b, 0x45, 0xf0, 0x89, 0x45, 0xe4,
  0xff, 0x45, 0xf0, 0xeb, 0xc5, 0x8b, 0x45, 0x0c, 0x03, 0x45, 0xf0, 0xc6,
  0x00, 0x00, 0xc9, 0xc3, 0xc8, 0x10, 0x00, 0x00, 0x8b, 0x45, 0x0c, 0x89,
  0x45, 0xfc, 0x8b, 0x45, 0x08, 0x89, 0x45, 0xf8, 0x83, 0x7d, 0xfc, 0x00,
  0x7e, 0x09, 0x8b, 0x45, 0xfc, 0x89, 0x45, 0xf4, 0xff, 0x4d, 0xfc, 0x8b,
  0x45, 0xf8, 0xb9, 0x0a, 0x00, 0x00, 0x00, 0x31, 0xd2, 0xf7, 0xf1, 0x89,
  0x45, 0xf8, 0x83, 0x7d, 0xf8, 0x00, 0x74, 0x09, 0xc7, 0x45, 0xf4, 0x01,
  0x00, 0x00, 0x00, 0xeb, 0x04, 0x83, 0x65, 0xf4, 0x00, 0x83, 0x7d, 0xf4,
  0x00, 0x75, 0xc9, 0x83, 0x7d, 0xfc, 0x00, 0x7e, 0x15, 0x6a, 0x20, 0xe8,
  0x10, 0xfd, 0xff, 0xff, 0x83, 0xc4, 0x04, 0x8b, 0x45, 0xfc, 0x89, 0x45,
  0xf0, 0xff, 0x4d, 0xfc, 0xeb, 0xe5, 0xff, 0x75, 0x08, 0xe8, 0x86, 0xfd,
  0xff, 0xff, 0x83, 0xc4, 0x04, 0xc9, 0xc3, 0x90, 0xc8, 0x04, 0x00, 0x00,
  0x83, 0x3d, 0x04, 0x41, 0x80, 0x00, 0x00, 0x75, 0x25, 0x68, 0x00, 0x50,
  0x80, 0x00, 0xe8, 0x29, 0x00, 0x00, 0x00, 0x83, 0xc4, 0x04, 0x83, 0xf8,
  0x00, 0x7d, 0x09, 0xc7, 0x45, 0xfc, 0xff, 0xff, 0xff, 0xff, 0xeb, 0x10,
  0xc7, 0x05, 0x04, 0x41, 0x80, 0x00, 0x01, 0x00, 0x00, 0x00, 0x83, 0x65,
  0xfc, 0x00, 0xeb, 0x00, 0x8b, 0x45, 0xfc, 0xc9, 0xc3, 0x8d, 0x76, 0x00,
  0xc8, 0x04, 0x00, 0x00, 0x8b, 0x55, 0x08, 0x52, 0x68, 0x50, 0x00, 0x00,
  0x4d, 0xe8, 0x0e, 0x00, 0x00, 0x00, 0x83, 0xc4, 0x08, 0x89, 0x45, 0xfc,
  0xeb, 0x00, 0x8b, 0x45, 0xfc, 0xc9, 0xc3, 0x90, 0xc8, 0x08, 0x00, 0x00,
  0x89, 0xda, 0x8b, 0x5d, 0x0c, 0x8b, 0x45, 0x08, 0xcd, 0x4d, 0x89, 0x45,
  0xfc, 0x8b, 0x45, 0xfc, 0x89, 0x45, 0xf8, 0xeb, 0x00, 0x8b, 0x45, 0xf8,
  0x89, 0xd3, 0xc9, 0xc3, 0xc8, 0x04, 0x00, 0x00, 0xff, 0x75, 0x18, 0xff,
  0x75, 0x14, 0xff, 0x75, 0x10, 0xff, 0x75, 0x0c, 0xff, 0x75, 0x08, 0xe8,
  0x10, 0x00, 0x00, 0x00, 0x83, 0xc4, 0x14, 0x89, 0x45, 0xfc, 0xeb, 0x00,
  0x8b, 0x45, 0xfc, 0xc9, 0xc3, 0x8d, 0x76, 0x00, 0xc8, 0x04, 0x00, 0x00,
  0xff, 0x75, 0x18, 0xff, 0x75, 0x14, 0xff, 0x75, 0x10, 0xff, 0x75, 0x0c,
  0xff, 0x75, 0x08, 0x68, 0x54, 0x00, 0x00, 0x4d, 0xe8, 0x0f, 0x00, 0x00,
  0x00, 0x83, 0xc4, 0x18, 0x89, 0x45, 0xfc, 0xeb, 0x00, 0x8b, 0x45, 0xfc,
  0xc9, 0xc3, 0x66, 0x90, 0xc8, 0x14, 0x00, 0x00, 0x89, 0x5d, 0xf4, 0x89,
  0x75, 0xf0, 0x89, 0x7d, 0xec, 0x8b, 0x7d, 0x1c, 0x8b, 0x75, 0x18, 0x8b,
  0x55, 0x14, 0x8b, 0x4d, 0x10, 0x8b, 0x5d, 0x0c, 0x8b, 0x45, 0x08, 0xcd,
  0x4d, 0x89, 0x45, 0xfc, 0x8b, 0x45, 0xfc, 0x89, 0x45, 0xf8, 0xeb, 0x00,
  0x8b, 0x45, 0xf8, 0x8b, 0x5d, 0xf4, 0x8b, 0x75, 0xf0, 0x8b, 0x7d, 0xec,
  0xc9, 0xc3, 0x66, 0x90, 0xc8, 0x04, 0x00, 0x00, 0xff, 0x75, 0x18, 0xff,
  0x75, 0x14, 0xff, 0x75, 0x10, 0xff, 0x75, 0x0c, 0xff, 0x75, 0x08, 0xe8,
  0x10, 0x00, 0x00, 0x00, 0x83, 0xc4, 0x14, 0x89, 0x45, 0xfc, 0xeb, 0x00,
  0x8b, 0x45, 0xfc, 0xc9, 0xc3, 0x8d, 0x76, 0x00, 0xc8, 0x04, 0x00, 0x00,
  0xff, 0x75, 0x18, 0xff, 0x75, 0x14, 0x8b, 0x55, 0x10, 0x52, 0xff, 0x75,
  0x0c, 0xff, 0x75, 0x08, 0x68, 0x55, 0x00, 0x00, 0x4d, 0xe8, 0x7e, 0xff,
  0xff, 0xff, 0x83, 0xc4, 0x18, 0x89, 0x45, 0xfc, 0xeb, 0x00, 0x8b, 0x45,
  0xfc, 0xc9, 0xc3, 0x90, 0xc8, 0x10, 0x00, 0x00, 0x83, 0x7d, 0x1c, 0x00,
  0x74, 0x09, 0xc7, 0x45, 0xf8, 0xff, 0x00, 0x00, 0x00, 0xeb, 0x07, 0xc7,
  0x45, 0xf8, 0x80, 0x80, 0x80, 0x00, 0x8b, 0x45, 0xf8, 0x89, 0x45, 0xfc,
  0xc7, 0x45, 0xf4, 0xff, 0xff, 0xff, 0x00, 0xff, 0x75, 0xfc, 0xff, 0x75,
  0x14, 0xff, 0x75, 0x10, 0xff, 0x75, 0x0c, 0xff, 0x75, 0x08, 0xe8, 0xe1,
  0xfe, 0xff, 0xff, 0x83, 0xc4, 0x14, 0xff, 0x75, 0xf4, 0x8b, 0x45, 0x14,
  0x83, 0xe8, 0x04, 0x50, 0x8b, 0x45, 0x10, 0x83, 0xe8, 0x04, 0x50, 0x8b,
  0x45, 0x0c, 0x83, 0xc0, 0x02, 0x50, 0x8b, 0x45, 0x08, 0x83, 0xc0, 0x02,
  0x50, 0xe8, 0xba, 0xfe, 0xff, 0xff, 0x83, 0xc4, 0x14, 0x83, 0x7d, 0x18,
  0x00, 0x74, 0x29, 0x8b, 0x45, 0x18, 0x0f, 0xbe, 0x00, 0x83, 0xf8, 0x00,
  0x74, 0x1e, 0xff, 0x75, 0xf4, 0x6a, 0x00, 0xff, 0x75, 0x18, 0x8b, 0x45,
  0x0c, 0x83, 0xc0, 0x06, 0x50, 0x8b, 0x45, 0x08, 0x83, 0xc0, 0x06, 0x50,
  0xe8, 0x1b, 0xff, 0xff, 0xff, 0x83, 0xc4, 0x14, 0x83, 0x65, 0xf0, 0x00,
  0xeb, 0x00, 0x8b, 0x45, 0xf0, 0xc9, 0xc3, 0x90, 0xc8, 0x20, 0x00, 0x00,
  0x83, 0x7d, 0x1c, 0x00, 0x74, 0x09, 0xc7, 0x45, 0xf8, 0x40, 0x40, 0x40,
  0x00, 0xeb, 0x07, 0xc7, 0x45, 0xf8, 0xc0, 0xc0, 0xc0, 0x00, 0x8b, 0x45,
  0xf8, 0x89, 0x45, 0xfc, 0x83, 0x7d, 0x1c, 0x00, 0x74, 0x09, 0xc7, 0x45,
  0xf0, 0xc0, 0xc0, 0xc0, 0x00, 0xeb, 0x07, 0xc7, 0x45, 0xf0, 0x40, 0x40,
  0x40, 0x00, 0x8b, 0x45, 0xf0, 0x89, 0x45, 0xf4, 0xc7, 0x45, 0xec, 0x80,
  0x80, 0x80, 0x00, 0xff, 0x75, 0xec, 0x8b, 0x45, 0x14, 0x83, 0xe8, 0x04,
  0x50, 0x8b, 0x45, 0x10, 0x83, 0xe8, 0x04, 0x50, 0x8b, 0x45, 0x0c, 0x83,
  0xc0, 0x02, 0x50, 0x8b, 0x45, 0x08, 0x83, 0xc0, 0x02, 0x50, 0xe8, 0x15,
  0xfe, 0xff, 0xff, 0x83, 0xc4, 0x14, 0xff, 0x75, 0xfc, 0x6a, 0x02, 0xff,
  0x75, 0x10, 0xff, 0x75, 0x0c, 0xff, 0x75, 0x08, 0xe8, 0xff, 0xfd, 0xff,
  0xff, 0x83, 0xc4, 0x14, 0xff, 0x75, 0xfc, 0xff, 0x75, 0x14, 0x6a, 0x02,
  0xff, 0x75, 0x0c, 0xff, 0x75, 0x08, 0xe8, 0xe9, 0xfd, 0xff, 0xff, 0x83,
  0xc4, 0x14, 0xff, 0x75, 0xf4, 0x6a, 0x02, 0xff, 0x75, 0x10, 0x8b, 0x45,
  0x0c, 0x03, 0x45, 0x14, 0x83, 0xe8, 0x02, 0x50, 0xff, 0x75, 0x08, 0xe8,
  0xcc, 0xfd, 0xff, 0xff, 0x83, 0xc4, 0x14, 0xff, 0x75, 0xf4, 0xff, 0x75,
  0x14, 0x6a, 0x02, 0xff, 0x75, 0x0c, 0x8b, 0x45, 0x08, 0x03, 0x45, 0x10,
  0x83, 0xe8, 0x02, 0x50, 0xe8, 0xaf, 0xfd, 0xff, 0xff, 0x83, 0xc4, 0x14,
  0x83, 0x7d, 0x18, 0x00, 0x74, 0x53, 0xff, 0x75, 0x18, 0xe8, 0x52, 0xf0,
  0xff, 0xff, 0x83, 0xc4, 0x04, 0x6b, 0xc0, 0x09, 0x8b, 0x55, 0x10, 0x29,
  0xc2, 0xb9, 0x02, 0x00, 0x00, 0x00, 0x89, 0xd0, 0x99, 0xf7, 0xf9, 0x8b,
  0x55, 0x08, 0x8d, 0x04, 0x02, 0x89, 0x45, 0xe8, 0x8b, 0x45, 0x14, 0x83,
  0xe8, 0x10, 0xb9, 0x02, 0x00, 0x00, 0x00, 0x99, 0xf7, 0xf9, 0x8b, 0x55,
  0x0c, 0x8d, 0x04, 0x02, 0x89, 0x45, 0xe4, 0xff, 0x75, 0xec, 0x6a, 0x00,
  0xff, 0x75, 0x18, 0xff, 0x75, 0xe4, 0xff, 0x75, 0xe8, 0xe8, 0xe6, 0xfd,
  0xff, 0xff, 0x83, 0xc4, 0x14, 0x83, 0x65, 0xe0, 0x00, 0xeb, 0x00, 0x8b,
  0x45, 0xe0, 0xc9, 0xc3, 0xc8, 0x04, 0x00, 0x00, 0xe8, 0xbf, 0xfc, 0xff,
  0xff, 0x83, 0xf8, 0x00, 0x7d, 0x09, 0xc7, 0x45, 0xfc, 0xff, 0xff, 0xff,
  0xff, 0xeb, 0x20, 0xff, 0x75, 0x08, 0xff, 0x35, 0x08, 0x50, 0x80, 0x00,
  0xff, 0x35, 0x04, 0x50, 0x80, 0x00, 0x6a, 0x00, 0x6a, 0x00, 0xe8, 0x19,
  0xfd, 0xff, 0xff, 0x83, 0xc4, 0x14, 0x89, 0x45, 0xfc, 0xeb, 0x00, 0x8b,
  0x45, 0xfc, 0xc9, 0xc3, 0xc8, 0x04, 0x00, 0x00, 0xe8, 0x83, 0xfc, 0xff,
  0xff, 0x83, 0xf8, 0x00, 0x7d, 0x09, 0xc7, 0x45, 0xfc, 0xff, 0xff, 0xff,
  0xff, 0xeb, 0x23, 0xff, 0x75, 0x0c, 0xff, 0x75, 0x08, 0xff, 0x35, 0x08,
  0x50, 0x80, 0x00, 0xff, 0x35, 0x04, 0x50, 0x80, 0x00, 0x6a, 0x00, 0x6a,
  0x00, 0xe8, 0x0e, 0x00, 0x00, 0x00, 0x83, 0xc4, 0x18, 0x89, 0x45, 0xfc,
  0xeb, 0x00, 0x8b, 0x45, 0xfc, 0xc9, 0xc3, 0x90, 0xc8, 0x0c, 0x00, 0x00,
  0x8b, 0x45, 0x18, 0x89, 0x45, 0xf8, 0x8b, 0x45, 0x1c, 0x89, 0x45, 0xfc,
  0x8d, 0x55, 0xf8, 0x52, 0xff, 0x75, 0x14, 0xff, 0x75, 0x10, 0xff, 0x75,
  0x0c, 0xff, 0x75, 0x08, 0x68, 0x5d, 0x00, 0x00, 0x4d, 0xe8, 0xf6, 0xfc,
  0xff, 0xff, 0x83, 0xc4, 0x18, 0x89, 0x45, 0xf4, 0xeb, 0x00, 0x8b, 0x45,
  0xf4, 0xc9, 0xc3, 0x90, 0xc8, 0x08, 0x00, 0x00, 0x83, 0x7d, 0x08, 0x00,
  0x7c, 0x06, 0x83, 0x7d, 0x08, 0x06, 0x7c, 0x09, 0xc7, 0x45, 0xf8, 0xff,
  0xff, 0xff, 0xff, 0xeb, 0x33, 0xe8, 0x36, 0x00, 0x00, 0x00, 0x89, 0x45,
  0xfc, 0x83, 0x7d, 0xfc, 0x00, 0x74, 0x17, 0x8b, 0x45, 0xfc, 0x81, 0x38,
  0x4c, 0x50, 0x4f, 0x43, 0x75, 0x0c, 0x8b, 0x55, 0xfc, 0x8b, 0x45, 0x08,
  0x89, 0x82, 0xa8, 0x06, 0x00, 0x00, 0x8b, 0x45, 0x08, 0xa3, 0x08, 0x41,
  0x80, 0x00, 0x83, 0x65, 0xf8, 0x00, 0xeb, 0x00, 0x8b, 0x45, 0xf8, 0xc9,
  0xc3, 0x8d, 0x76, 0x00, 0xc8, 0x04, 0x00, 0x00, 0xc7, 0x45, 0xfc, 0x00,
  0x00, 0x70, 0x00, 0xeb, 0x00, 0x8b, 0x45, 0xfc, 0xc9, 0xc3, 0x66, 0x90,
  0xc8, 0x08, 0x00, 0x00, 0xe8, 0xe3, 0xff, 0xff, 0xff, 0x89, 0x45, 0xfc,
  0x83, 0x7d, 0xfc, 0x00, 0x74, 0x19, 0x8b, 0x45, 0xfc, 0x81, 0x38, 0x4c,
  0x50, 0x4f, 0x43, 0x75, 0x0e, 0x8b, 0x45, 0xfc, 0x8b, 0x80, 0xa8, 0x06,
  0x00, 0x00, 0x89, 0x45, 0xf8, 0xeb, 0x0a, 0xa1, 0x08, 0x41, 0x80, 0x00,
  0x89, 0x45, 0xf8, 0xeb, 0x00, 0x8b, 0x45, 0xf8, 0xc9, 0xc3, 0x66, 0x90,
  0xc8, 0x08, 0x00, 0x00, 0xa1, 0x08, 0x41, 0x80, 0x00, 0x89, 0x45, 0xfc,
  0x83, 0x7d, 0xfc, 0x00, 0x7c, 0x06, 0x83, 0x7d, 0xfc, 0x06, 0x7c, 0x04,
  0x83, 0x65, 0xfc, 0x00, 0xba, 0xc0, 0x31, 0x80, 0x00, 0x8b, 0x45, 0xfc,
  0x6b, 0xc0, 0x0c, 0x01, 0xc2, 0xff, 0x32, 0xba, 0xbc, 0x31, 0x80, 0x00,
  0x8b, 0x45, 0xfc, 0x6b, 0xc0, 0x0c, 0x01, 0xc2, 0xff, 0x32, 0xe8, 0xa5,
  0xfe, 0xff, 0xff, 0x83, 0xc4, 0x08, 0x89, 0x45, 0xf8, 0xeb, 0x00, 0x8b,
  0x45, 0xf8, 0xc9, 0xc3, 0xc8, 0x04, 0x00, 0x00, 0xe8, 0x0b, 0x00, 0x00,
  0x00, 0x89, 0x45, 0xfc, 0xeb, 0x00, 0x8b, 0x45, 0xfc, 0xc9, 0xc3, 0x90,
  0xc8, 0x04, 0x00, 0x00, 0x68, 0x53, 0x00, 0x00, 0x4d, 0xe8, 0x4e, 0xf7,
  0xff, 0xff, 0x83, 0xc4, 0x04, 0x89, 0x45, 0xfc, 0xeb, 0x00, 0x8b, 0x45,
  0xfc, 0xc9, 0xc3, 0x90, 0xc8, 0x04, 0x00, 0x00, 0xff, 0x75, 0x08, 0xe8,
  0x10, 0x00, 0x00, 0x00, 0x83, 0xc4, 0x04, 0x89, 0x45, 0xfc, 0xeb, 0x00,
  0x8b, 0x45, 0xfc, 0xc9, 0xc3, 0x8d, 0x76, 0x00, 0xc8, 0x04, 0x00, 0x00,
  0x8b, 0x55, 0x08, 0x52, 0x68, 0x52, 0x00, 0x00, 0x4d, 0xe8, 0x26, 0xfb,
  0xff, 0xff, 0x83, 0xc4, 0x08, 0x89, 0x45, 0xfc, 0xeb, 0x00, 0x8b, 0x45,
  0xfc, 0xc9, 0xc3, 0x90, 0xc8, 0x04, 0x00, 0x00, 0xff, 0x75, 0x08, 0xe8,
  0x10, 0x00, 0x00, 0x00, 0x83, 0xc4, 0x04, 0x89, 0x45, 0xfc, 0xeb, 0x00,
  0x8b, 0x45, 0xfc, 0xc9, 0xc3, 0x8d, 0x76, 0x00, 0xc8, 0x04, 0x00, 0x00,
  0x8b, 0x55, 0x08, 0x52, 0x68, 0x56, 0x00, 0x00, 0x4d, 0xe8, 0xea, 0xfa,
  0xff, 0xff, 0x83, 0xc4, 0x08, 0x89, 0x45, 0xfc, 0xeb, 0x00, 0x8b, 0x45,
  0xfc, 0xc9, 0xc3, 0x90, 0xc8, 0x08, 0x00, 0x00, 0x8b, 0x45, 0x10, 0x39,
  0x45, 0x08, 0x7c, 0x27, 0x8b, 0x45, 0x10, 0x03, 0x45, 0x18, 0x39, 0x45,
  0x08, 0x7d, 0x1c, 0x8b, 0x45, 0x14, 0x39, 0x45, 0x0c, 0x7c, 0x14, 0x8b,
  0x45, 0x14, 0x03, 0x45, 0x1c, 0x39, 0x45, 0x0c, 0x7d, 0x09, 0xc7, 0x45,
  0xfc, 0x01, 0x00, 0x00, 0x00, 0xeb, 0x04, 0x83, 0x65, 0xfc, 0x00, 0x8b,
  0x45, 0xfc, 0x89, 0x45, 0xf8, 0xeb, 0x00, 0x8b, 0x45, 0xf8, 0xc9, 0xc3,
  0xc8, 0x18, 0x00, 0x00, 0x83, 0x7d, 0x08, 0x00, 0x74, 0x06, 0x83, 0x7d,
  0x18, 0x00, 0x75, 0x09, 0xc7, 0x45, 0xe8, 0xff, 0xff, 0xff, 0xff, 0xeb,
  0x66, 0x83, 0x65, 0xfc, 0x00, 0x83, 0x7d, 0xfc, 0x20, 0x7d, 0x56, 0x83,
  0x65, 0xf4, 0x00, 0x83, 0x7d, 0xf4, 0x20, 0x7d, 0x41, 0x8b, 0x55, 0x18,
  0x8b, 0x45, 0xfc, 0xc1, 0xe0, 0x05, 0x03, 0x45, 0xf4, 0x8b, 0x04, 0x82,
  0x89, 0x45, 0xec, 0x83, 0x7d, 0xec, 0x00, 0x75, 0x02, 0xeb, 0x1c, 0x8b,
  0x55, 0x10, 0x03, 0x55, 0xf4, 0x8b, 0x45, 0x14, 0x03, 0x45, 0xfc, 0x0f,
  0xaf, 0x45, 0x0c, 0x8d, 0x0c, 0x02, 0x8b, 0x55, 0x08, 0x8b, 0x45, 0xec,
  0x89, 0x04, 0x8a, 0x8b, 0x45, 0xf4, 0x89, 0x45, 0xf0, 0xff, 0x45, 0xf4,
  0xeb, 0xb9, 0x8b, 0x45, 0xfc, 0x89, 0x45, 0xf8, 0xff, 0x45, 0xfc, 0xeb,
  0xa4, 0x83, 0x65, 0xe8, 0x00, 0xeb, 0x00, 0x8b, 0x45, 0xe8, 0xc9, 0xc3,
  0x00, 0x00, 0x00, 0x00, 0x00, 0x00, 0x00, 0x00, 0x00, 0x00, 0x00, 0x00,
  0x00, 0x00, 0x00, 0x00, 0x00, 0x00, 0x00, 0x00, 0x00, 0x00, 0x00, 0x00,
  0x00, 0x00, 0x00, 0x00, 0x00, 0x00, 0x00, 0x00, 0x00, 0x00, 0x00, 0x00,
  0x00, 0x00, 0x00, 0x00, 0x00, 0x00, 0x00, 0x00, 0x00, 0x00, 0x00, 0x00,
  0x00, 0x00, 0x00, 0x00, 0x00, 0x00, 0x00, 0x00, 0x00, 0x00, 0x00, 0x00,
  0x00, 0x00, 0x00, 0x00, 0x00, 0x00, 0x00, 0x00, 0x00, 0x00, 0x00, 0x00,
  0x00, 0x00, 0x00, 0x00, 0x00, 0x00, 0x00, 0x00, 0x00, 0x00, 0x00, 0x00,
  0x00, 0x00, 0x00, 0x00, 0x00, 0x00, 0x00, 0x00, 0x00, 0x00, 0x00, 0x00,
  0x00, 0x00, 0x00, 0x00, 0x00, 0x00, 0x00, 0x00, 0x00, 0x00, 0x00, 0x00,
  0x00, 0x00, 0x00, 0x00, 0x00, 0x00, 0x00, 0x00, 0x00, 0x00, 0x00, 0x00,
  0x00, 0x00, 0x00, 0x00, 0x00, 0x00, 0x00, 0x00, 0x00, 0x00, 0x00, 0x00,
  0x00, 0x00, 0x00, 0x00, 0x00, 0x00, 0x00, 0x00, 0x00, 0x00, 0x00, 0x00,
  0x00, 0x00, 0x00, 0x00, 0x00, 0x00, 0x00, 0x00, 0x00, 0x00, 0x00, 0x00,
  0x00, 0x00, 0x00, 0x00, 0x00, 0x00, 0x00, 0x00, 0x00, 0x00, 0x00, 0x00,
  0x00, 0x00, 0x00, 0x00, 0x00, 0x00, 0x00, 0x00, 0x00, 0x00, 0x00, 0x00,
  0x00, 0x00, 0x00, 0x00, 0x00, 0x00, 0x00, 0x00, 0x00, 0x00, 0x00, 0x00,
  0x00, 0x00, 0x00, 0x00, 0x00, 0x00, 0x00, 0x00, 0x00, 0x00, 0x00, 0x00,
  0x00, 0x00, 0x00, 0x00, 0x00, 0x00, 0x00, 0x00, 0x00, 0x00, 0x00, 0x00,
  0x00, 0x00, 0x00, 0x00, 0x00, 0x00, 0x00, 0x00, 0x00, 0x00, 0x00, 0x00,
  0x00, 0x00, 0x00, 0x00, 0x00, 0x00, 0x00, 0x00, 0x00, 0x00, 0x00, 0x00,
  0x00, 0x00, 0x00, 0x00, 0x00, 0x00, 0x00, 0x00, 0x00, 0x00, 0x00, 0x00,
  0x00, 0x00, 0x00, 0x00, 0x00, 0x00, 0x00, 0x00, 0x00, 0x00, 0x00, 0x00,
  0x00, 0x00, 0x00, 0x00, 0x00, 0x00, 0x00, 0x00, 0x00, 0x00, 0x00, 0x00,
  0x00, 0x00, 0x00, 0x00, 0x00, 0x00, 0x00, 0x00, 0x00, 0x00, 0x00, 0x00,
  0x00, 0x00, 0x00, 0x00, 0x00, 0x00, 0x00, 0x00, 0x00, 0x00, 0x00, 0x00,
  0x00, 0x00, 0x00, 0x00, 0x00, 0x00, 0x00, 0x00, 0x00, 0x00, 0x00, 0x00,
  0x00, 0x00, 0x00, 0x00, 0x00, 0x00, 0x00, 0x00, 0x00, 0x00, 0x00, 0x00,
  0x00, 0x00, 0x00, 0x00, 0x00, 0x00, 0x00, 0x00, 0x00, 0x00, 0x00, 0x00,
  0x00, 0x00, 0x00, 0x00, 0x00, 0x00, 0x00, 0x00, 0x00, 0x00, 0x00, 0x00,
  0x00, 0x00, 0x00, 0x00, 0x00, 0x00, 0x00, 0x00, 0x00, 0x00, 0x00, 0x00,
  0x00, 0x00, 0x00, 0x00, 0x00, 0x00, 0x00, 0x00, 0x00, 0x00, 0x00, 0x00,
  0x00, 0x00, 0x00, 0x00, 0x00, 0x00, 0x00, 0x00, 0x00, 0x00, 0x00, 0x00,
  0x00, 0x00, 0x00, 0x00, 0x00, 0x00, 0x00, 0x00, 0x00, 0x00, 0x00, 0x00,
  0x00, 0x00, 0x00, 0x00, 0x00, 0x00, 0x00, 0x00, 0x00, 0x00, 0x00, 0x00,
  0x00, 0x00, 0x00, 0x00, 0x00, 0x00, 0x00, 0x00, 0x00, 0x00, 0x00, 0x00,
  0x00, 0x00, 0x00, 0x00, 0x00, 0x00, 0x00, 0x00, 0x00, 0x00, 0x00, 0x00,
  0x00, 0x00, 0x00, 0x00, 0x00, 0x00, 0x00, 0x00, 0x00, 0x00, 0x00, 0x00,
  0x00, 0x00, 0x00, 0x00, 0x00, 0x00, 0x00, 0x00, 0x00, 0x00, 0x00, 0x00,
  0x00, 0x00, 0x00, 0x00, 0x00, 0x00, 0x00, 0x00, 0x00, 0x00, 0x00, 0x00,
  0x00, 0x00, 0x00, 0x00, 0x00, 0x00, 0x00, 0x00, 0x00, 0x00, 0x00, 0x00,
  0x00, 0x00, 0x00, 0x00, 0x00, 0x00, 0x00, 0x00, 0x00, 0x00, 0x00, 0x00,
  0x00, 0x00, 0x00, 0x00, 0x00, 0x00, 0x00, 0x00, 0x00, 0x00, 0x00, 0x00,
  0x00, 0x00, 0x00, 0x00, 0x00, 0x00, 0x00, 0x00, 0x00, 0x00, 0x00, 0x00,
  0x00, 0x00, 0x00, 0x00, 0x00, 0x00, 0x00, 0x00, 0x00, 0x00, 0x00, 0x00,
  0x00, 0x00, 0x00, 0x00, 0x00, 0x00, 0x00, 0x00, 0x00, 0x00, 0x00, 0x00,
  0x00, 0x00, 0x00, 0x00, 0x00, 0x00, 0x00, 0x00, 0x00, 0x00, 0x00, 0x00,
  0x00, 0x00, 0x00, 0x00, 0x00, 0x00, 0x00, 0x00, 0x00, 0x00, 0x00, 0x00,
  0x00, 0x00, 0x00, 0x00, 0x00, 0x00, 0x00, 0x00, 0x00, 0x00, 0x00, 0x00,
  0x00, 0x00, 0x00, 0x00, 0x00, 0x00, 0x00, 0x00, 0x00, 0x00, 0x00, 0x00,
  0x00, 0x00, 0x00, 0x00, 0x00, 0x00, 0x00, 0x00, 0x00, 0x00, 0x00, 0x00,
  0x00, 0x00, 0x00, 0x00, 0x00, 0x00, 0x00, 0x00, 0x00, 0x00, 0x00, 0x00,
  0x00, 0x00, 0x00, 0x00, 0x00, 0x00, 0x00, 0x00, 0x00, 0x00, 0x00, 0x00,
  0x00, 0x00, 0x00, 0x00, 0x00, 0x00, 0x00, 0x00, 0x00, 0x00, 0x00, 0x00,
  0x00, 0x00, 0x00, 0x00, 0x00, 0x00, 0x00, 0x00, 0x00, 0x00, 0x00, 0x00,
  0x00, 0x00, 0x00, 0x00, 0x00, 0x00, 0x00, 0x00, 0x00, 0x00, 0x00, 0x00,
  0x00, 0x00, 0x00, 0x00, 0x00, 0x00, 0x00, 0x00, 0x00, 0x00, 0x00, 0x00,
  0x00, 0x00, 0x00, 0x00, 0x00, 0x00, 0x00, 0x00, 0x00, 0x00, 0x00, 0x00,
  0x00, 0x00, 0x00, 0x00, 0x00, 0x00, 0x00, 0x00, 0x00, 0x00, 0x00, 0x00,
  0x00, 0x00, 0x00, 0x00, 0x00, 0x00, 0x00, 0x00, 0x00, 0x00, 0x00, 0x00,
  0x00, 0x00, 0x00, 0x00, 0x00, 0x00, 0x00, 0x00, 0x00, 0x00, 0x00, 0x00,
  0x00, 0x00, 0x00, 0x00, 0x00, 0x00, 0x00, 0x00, 0x00, 0x00, 0x00, 0x00,
  0x00, 0x00, 0x00, 0x00, 0x00, 0x00, 0x00, 0x00, 0x00, 0x00, 0x00, 0x00,
  0x00, 0x00, 0x00, 0x00, 0x00, 0x00, 0x00, 0x00, 0x00, 0x00, 0x00, 0x00,
  0x00, 0x00, 0x00, 0x00, 0x00, 0x00, 0x00, 0x00, 0x00, 0x00, 0x00, 0x00,
  0x00, 0x00, 0x00, 0x00, 0x00, 0x00, 0x00, 0x00, 0x00, 0x00, 0x00, 0x00,
  0x00, 0x00, 0x00, 0x00, 0x00, 0x00, 0x00, 0x00, 0x00, 0x00, 0x00, 0x00,
  0x00, 0x00, 0x00, 0x00, 0x00, 0x00, 0x00, 0x00, 0x00, 0x00, 0x00, 0x00,
  0x00, 0x00, 0x00, 0x00, 0x00, 0x00, 0x00, 0x00, 0x00, 0x00, 0x00, 0x00,
  0x00, 0x00, 0x00, 0x00, 0x00, 0x00, 0x00, 0x00, 0x00, 0x00, 0x00, 0x00,
  0x00, 0x00, 0x00, 0x00, 0x00, 0x00, 0x00, 0x00, 0x00, 0x00, 0x00, 0x00,
  0x00, 0x00, 0x00, 0x00, 0x00, 0x00, 0x00, 0x00, 0x00, 0x00, 0x00, 0x00,
  0x00, 0x00, 0x00, 0x00, 0x00, 0x00, 0x00, 0x00, 0x00, 0x00, 0x00, 0x00,
  0x00, 0x00, 0x00, 0x00, 0x00, 0x00, 0x00, 0x00, 0x00, 0x00, 0x00, 0x00,
  0x00, 0x00, 0x00, 0x00, 0x00, 0x00, 0x00, 0x00, 0x00, 0x00, 0x00, 0x00,
  0x00, 0x00, 0x00, 0x00, 0x00, 0x00, 0x00, 0x00, 0x00, 0x00, 0x00, 0x00,
  0x00, 0x00, 0x00, 0x00, 0x00, 0x00, 0x00, 0x00, 0x00, 0x00, 0x00, 0x00,
  0x00, 0x00, 0x00, 0x00, 0x00, 0x00, 0x00, 0x00, 0x00, 0x00, 0x00, 0x00,
  0x00, 0x00, 0x00, 0x00, 0x00, 0x00, 0x00, 0x00, 0x00, 0x00, 0x00, 0x00,
  0x00, 0x00, 0x00, 0x00, 0x00, 0x00, 0x00, 0x00, 0x00, 0x00, 0x00, 0x00,
  0x00, 0x00, 0x00, 0x00, 0x00, 0x00, 0x00, 0x00, 0x00, 0x00, 0x00, 0x00,
  0x00, 0x00, 0x00, 0x00, 0x00, 0x00, 0x00, 0x00, 0x00, 0x00, 0x00, 0x00,
  0x00, 0x00, 0x00, 0x00, 0x00, 0x00, 0x00, 0x00, 0x00, 0x00, 0x00, 0x00,
  0x00, 0x00, 0x00, 0x00, 0x00, 0x00, 0x00, 0x00, 0x00, 0x00, 0x00, 0x00,
  0x00, 0x00, 0x00, 0x00, 0x00, 0x00, 0x00, 0x00, 0x00, 0x00, 0x00, 0x00,
  0x00, 0x00, 0x00, 0x00, 0x00, 0x00, 0x00, 0x00, 0x00, 0x00, 0x00, 0x00,
  0x00, 0x00, 0x00, 0x00, 0x00, 0x00, 0x00, 0x00, 0x00, 0x00, 0x00, 0x00,
  0x00, 0x00, 0x00, 0x00, 0x00, 0x00, 0x00, 0x00, 0x00, 0x00, 0x00, 0x00,
  0x00, 0x00, 0x00, 0x00, 0x00, 0x00, 0x00, 0x00, 0x00, 0x00, 0x00, 0x00,
  0x00, 0x00, 0x00, 0x00, 0x00, 0x00, 0x00, 0x00, 0x00, 0x00, 0x00, 0x00,
  0x00, 0x00, 0x00, 0x00, 0x00, 0x00, 0x00, 0x00, 0x00, 0x00, 0x00, 0x00,
  0x00, 0x00, 0x00, 0x00, 0x00, 0x00, 0x00, 0x00, 0x00, 0x00, 0x00, 0x00,
  0x00, 0x00, 0x00, 0x00, 0x00, 0x00, 0x00, 0x00, 0x00, 0x00, 0x00, 0x00,
  0x00, 0x00, 0x00, 0x00, 0x00, 0x00, 0x00, 0x00, 0x00, 0x00, 0x00, 0x00,
  0x00, 0x00, 0x00, 0x00, 0x00, 0x00, 0x00, 0x00, 0x00, 0x00, 0x00, 0x00,
  0x00, 0x00, 0x00, 0x00, 0x00, 0x00, 0x00, 0x00, 0x00, 0x00, 0x00, 0x00,
  0x00, 0x00, 0x00, 0x00, 0x00, 0x00, 0x00, 0x00, 0x00, 0x00, 0x00, 0x00,
  0x00, 0x00, 0x00, 0x00, 0x00, 0x00, 0x00, 0x00, 0x00, 0x00, 0x00, 0x00,
  0x00, 0x00, 0x00, 0x00, 0x00, 0x00, 0x00, 0x00, 0x00, 0x00, 0x00, 0x00,
  0x00, 0x00, 0x00, 0x00, 0x00, 0x00, 0x00, 0x00, 0x00, 0x00, 0x00, 0x00,
  0x00, 0x00, 0x00, 0x00, 0x00, 0x00, 0x00, 0x00, 0x00, 0x00, 0x00, 0x00,
  0x00, 0x00, 0x00, 0x00, 0x00, 0x00, 0x00, 0x00, 0x00, 0x00, 0x00, 0x00,
  0x00, 0x00, 0x00, 0x00, 0x00, 0x00, 0x00, 0x00, 0x00, 0x00, 0x00, 0x00,
  0x00, 0x00, 0x00, 0x00, 0x00, 0x00, 0x00, 0x00, 0x00, 0x00, 0x00, 0x00,
  0x00, 0x00, 0x00, 0x00, 0x00, 0x00, 0x00, 0x00, 0x00, 0x00, 0x00, 0x00,
  0x00, 0x00, 0x00, 0x00, 0x00, 0x00, 0x00, 0x00, 0x00, 0x00, 0x00, 0x00,
  0x00, 0x00, 0x00, 0x00, 0x00, 0x00, 0x00, 0x00, 0x00, 0x00, 0x00, 0x00,
  0x00, 0x00, 0x00, 0x00, 0x00, 0x00, 0x00, 0x00, 0x00, 0x00, 0x00, 0x00,
  0x00, 0x00, 0x00, 0x00, 0x00, 0x00, 0x00, 0x00, 0x00, 0x00, 0x00, 0x00,
  0x00, 0x00, 0x00, 0x00, 0x00, 0x00, 0x00, 0x00, 0x00, 0x00, 0x00, 0x00,
  0x00, 0x00, 0x00, 0x00, 0x00, 0x00, 0x00, 0x00, 0x00, 0x00, 0x00, 0x00,
  0x00, 0x00, 0x00, 0x00, 0x00, 0x00, 0x00, 0x00, 0x00, 0x00, 0x00, 0x00,
  0x00, 0x00, 0x00, 0x00, 0x00, 0x00, 0x00, 0x00, 0x00, 0x00, 0x00, 0x00,
  0x00, 0x00, 0x00, 0x00, 0x00, 0x00, 0x00, 0x00, 0x00, 0x00, 0x00, 0x00,
  0x00, 0x00, 0x00, 0x00, 0x00, 0x00, 0x00, 0x00, 0x00, 0x00, 0x00, 0x00,
  0x00, 0x00, 0x00, 0x00, 0x00, 0x00, 0x00, 0x00, 0x00, 0x00, 0x00, 0x00,
  0x00, 0x00, 0x00, 0x00, 0x00, 0x00, 0x00, 0x00, 0x00, 0x00, 0x00, 0x00,
  0x00, 0x00, 0x00, 0x00, 0x00, 0x00, 0x00, 0x00, 0x00, 0x00, 0x00, 0x00,
  0x00, 0x00, 0x00, 0x00, 0x00, 0x00, 0x00, 0x00, 0x00, 0x00, 0x00, 0x00,
  0x00, 0x00, 0x00, 0x00, 0x00, 0x00, 0x00, 0x00, 0x00, 0x00, 0x00, 0x00,
  0x00, 0x00, 0x00, 0x00, 0x00, 0x00, 0x00, 0x00, 0x00, 0x00, 0x00, 0x00,
  0x00, 0x00, 0x00, 0x00, 0x00, 0x00, 0x00, 0x00, 0x00, 0x00, 0x00, 0x00,
  0x00, 0x00, 0x00, 0x00, 0x00, 0x00, 0x00, 0x00, 0x00, 0x00, 0x00, 0x00,
  0x00, 0x00, 0x00, 0x00, 0x00, 0x00, 0x00, 0x00, 0x00, 0x00, 0x00, 0x00,
  0x00, 0x00, 0x00, 0x00, 0x00, 0x00, 0x00, 0x00, 0x00, 0x00, 0x00, 0x00,
  0x00, 0x00, 0x00, 0x00, 0x00, 0x00, 0x00, 0x00, 0x00, 0x00, 0x00, 0x00,
  0x00, 0x00, 0x00, 0x00, 0x00, 0x00, 0x00, 0x00, 0x00, 0x00, 0x00, 0x00,
  0x00, 0x00, 0x00, 0x00, 0x00, 0x00, 0x00, 0x00, 0x00, 0x00, 0x00, 0x00,
  0x00, 0x00, 0x00, 0x00, 0x00, 0x00, 0x00, 0x00, 0x00, 0x00, 0x00, 0x00,
  0x00, 0x00, 0x00, 0x00, 0x00, 0x00, 0x00, 0x00, 0x00, 0x00, 0x00, 0x00,
  0x00, 0x00, 0x00, 0x00, 0x00, 0x00, 0x00, 0x00, 0x00, 0x00, 0x00, 0x00,
  0x00, 0x00, 0x00, 0x00, 0x00, 0x00, 0x00, 0x00, 0x00, 0x00, 0x00, 0x00,
  0x00, 0x00, 0x00, 0x00, 0x00, 0x00, 0x00, 0x00, 0x00, 0x00, 0x00, 0x00,
  0x00, 0x00, 0x00, 0x00, 0x00, 0x00, 0x00, 0x00, 0x00, 0x00, 0x00, 0x00,
  0x00, 0x00, 0x00, 0x00, 0x00, 0x00, 0x00, 0x00, 0x00, 0x00, 0x00, 0x00,
  0x00, 0x00, 0x00, 0x00, 0x00, 0x00, 0x00, 0x00, 0x00, 0x00, 0x00, 0x00,
  0x00, 0x00, 0x00, 0x00, 0x00, 0x00, 0x00, 0x00, 0x00, 0x00, 0x00, 0x00,
  0x00, 0x00, 0x00, 0x00, 0x00, 0x00, 0x00, 0x00, 0x00, 0x00, 0x00, 0x00,
  0x00, 0x00, 0x00, 0x00, 0x00, 0x00, 0x00, 0x00, 0x00, 0x00, 0x00, 0x00,
  0x00, 0x00, 0x00, 0x00, 0x00, 0x00, 0x00, 0x00, 0x00, 0x00, 0x00, 0x00,
  0x00, 0x00, 0x00, 0x00, 0x00, 0x00, 0x00, 0x00, 0x00, 0x00, 0x00, 0x00,
  0x00, 0x00, 0x00, 0x00, 0x00, 0x00, 0x00, 0x00, 0x00, 0x00, 0x00, 0x00,
  0x00, 0x00, 0x00, 0x00, 0x00, 0x00, 0x00, 0x00, 0x00, 0x00, 0x00, 0x00,
  0x00, 0x00, 0x00, 0x00, 0x00, 0x00, 0x00, 0x00, 0x00, 0x00, 0x00, 0x00,
  0x00, 0x00, 0x00, 0x00, 0x00, 0x00, 0x00, 0x00, 0x00, 0x00, 0x00, 0x00,
  0x00, 0x00, 0x00, 0x00, 0x00, 0x00, 0x00, 0x00, 0x00, 0x00, 0x00, 0x00,
  0x00, 0x00, 0x00, 0x00, 0x00, 0x00, 0x00, 0x00, 0x00, 0x00, 0x00, 0x00,
  0x00, 0x00, 0x00, 0x00, 0x00, 0x00, 0x00, 0x00, 0x00, 0x00, 0x00, 0x00,
  0x00, 0x00, 0x00, 0x00, 0x00, 0x00, 0x00, 0x00, 0x00, 0x00, 0x00, 0x00,
  0x00, 0x00, 0x00, 0x00, 0x00, 0x00, 0x00, 0x00, 0x00, 0x00, 0x00, 0x00,
  0x00, 0x00, 0x00, 0x00, 0x00, 0x00, 0x00, 0x00, 0x00, 0x00, 0x00, 0x00,
  0x00, 0x00, 0x00, 0x00, 0x00, 0x00, 0x00, 0x00, 0x00, 0x00, 0x00, 0x00,
  0x00, 0x00, 0x00, 0x00, 0x00, 0x00, 0x00, 0x00, 0x00, 0x00, 0x00, 0x00,
  0x00, 0x00, 0x00, 0x00, 0x00, 0x00, 0x00, 0x00, 0x00, 0x00, 0x00, 0x00,
  0x00, 0x00, 0x00, 0x00, 0x00, 0x00, 0x00, 0x00, 0x00, 0x00, 0x00, 0x00,
  0x00, 0x00, 0x00, 0x00, 0x00, 0x00, 0x00, 0x00, 0x00, 0x00, 0x00, 0x00,
  0x00, 0x00, 0x00, 0x00, 0x00, 0x00, 0x00, 0x00, 0x00, 0x00, 0x00, 0x00,
  0x00, 0x00, 0x00, 0x00, 0x00, 0x00, 0x00, 0x00, 0x00, 0x00, 0x00, 0x00,
  0x00, 0x00, 0x00, 0x00, 0x00, 0x00, 0x00, 0x00, 0x00, 0x00, 0x00, 0x00,
  0x00, 0x00, 0x00, 0x00, 0x00, 0x00, 0x00, 0x00, 0x00, 0x00, 0x00, 0x00,
  0x00, 0x00, 0x00, 0x00, 0x00, 0x00, 0x00, 0x00, 0x00, 0x00, 0x00, 0x00,
  0x00, 0x00, 0x00, 0x00, 0x00, 0x00, 0x00, 0x00, 0x00, 0x00, 0x00, 0x00,
  0x00, 0x00, 0x00, 0x00, 0x00, 0x00, 0x00, 0x00, 0x00, 0x00, 0x00, 0x00,
  0x00, 0x00, 0x00, 0x00, 0x00, 0x00, 0x00, 0x00, 0x00, 0x00, 0x00, 0x00,
  0x00, 0x00, 0x00, 0x00, 0x00, 0x00, 0x00, 0x00, 0x00, 0x00, 0x00, 0x00,
  0x00, 0x00, 0x00, 0x00, 0x00, 0x00, 0x00, 0x00, 0x00, 0x00, 0x00, 0x00,
  0x00, 0x00, 0x00, 0x00, 0x00, 0x00, 0x00, 0x00, 0x00, 0x00, 0x00, 0x00,
  0x00, 0x00, 0x00, 0x00, 0x00, 0x00, 0x00, 0x00, 0x00, 0x00, 0x00, 0x00,
  0x00, 0x00, 0x00, 0x00, 0x00, 0x00, 0x00, 0x00, 0x00, 0x00, 0x00, 0x00,
  0x00, 0x00, 0x00, 0x00, 0x00, 0x00, 0x00, 0x00, 0x00, 0x00, 0x00, 0x00,
  0x00, 0x00, 0x00, 0x00, 0x00, 0x00, 0x00, 0x00, 0x00, 0x00, 0x00, 0x00,
  0x00, 0x00, 0x00, 0x00, 0x00, 0x00, 0x00, 0x00, 0x00, 0x00, 0x00, 0x00,
  0x00, 0x00, 0x00, 0x00, 0x00, 0x00, 0x00, 0x00, 0x00, 0x00, 0x00, 0x00,
  0x00, 0x00, 0x00, 0x00, 0x00, 0x00, 0x00, 0x00, 0x00, 0x00, 0x00, 0x00,
  0x00, 0x00, 0x00, 0x00, 0x00, 0x00, 0x00, 0x00, 0x00, 0x00, 0x00, 0x00,
  0x00, 0x00, 0x00, 0x00, 0x00, 0x00, 0x00, 0x00, 0x00, 0x00, 0x00, 0x00,
  0x00, 0x00, 0x00, 0x00, 0x00, 0x00, 0x00, 0x00, 0x00, 0x00, 0x00, 0x00,
  0x00, 0x00, 0x00, 0x00, 0x00, 0x00, 0x00, 0x00, 0x00, 0x00, 0x00, 0x00,
  0x00, 0x00, 0x00, 0x00, 0x00, 0x00, 0x00, 0x00, 0x00, 0x00, 0x00, 0x00,
  0x00, 0x00, 0x00, 0x00, 0x00, 0x00, 0x00, 0x00, 0x00, 0x00, 0x00, 0x00,
  0x00, 0x00, 0x00, 0x00, 0x00, 0x00, 0x00, 0x00, 0x00, 0x00, 0x00, 0x00,
  0x00, 0x00, 0x00, 0x00, 0x00, 0x00, 0x00, 0x00, 0x00, 0x00, 0x00, 0x00,
  0x00, 0x00, 0x00, 0x00, 0x00, 0x00, 0x00, 0x00, 0x00, 0x00, 0x00, 0x00,
  0x00, 0x00, 0x00, 0x00, 0x00, 0x00, 0x00, 0x00, 0x00, 0x00, 0x00, 0x00,
  0x00, 0x00, 0x00, 0x00, 0x00, 0x00, 0x00, 0x00, 0x00, 0x00, 0x00, 0x00,
  0x00, 0x00, 0x00, 0x00, 0x00, 0x00, 0x00, 0x00, 0x00, 0x00, 0x00, 0x00,
  0x00, 0x00, 0x00, 0x00, 0x00, 0x00, 0x00, 0x00, 0x00, 0x00, 0x00, 0x00,
  0x00, 0x00, 0x00, 0x00, 0x00, 0x00, 0x00, 0x00, 0x00, 0x00, 0x00, 0x00,
  0x00, 0x00, 0x00, 0x00, 0x00, 0x00, 0x00, 0x00, 0x00, 0x00, 0x00, 0x00,
  0x00, 0x00, 0x00, 0x00, 0x00, 0x00, 0x00, 0x00, 0x00, 0x00, 0x00, 0x00,
  0x00, 0x00, 0x00, 0x00, 0x00, 0x00, 0x00, 0x00, 0x00, 0x00, 0x00, 0x00,
  0x00, 0x00, 0x00, 0x00, 0x00, 0x00, 0x00, 0x00, 0x00, 0x00, 0x00, 0x00,
  0x00, 0x00, 0x00, 0x00, 0x00, 0x00, 0x00, 0x00, 0x00, 0x00, 0x00, 0x00,
  0x00, 0x00, 0x00, 0x00, 0x00, 0x00, 0x00, 0x00, 0x00, 0x00, 0x00, 0x00,
  0x00, 0x00, 0x00, 0x00, 0x00, 0x00, 0x00, 0x00, 0x00, 0x00, 0x00, 0x00,
  0x00, 0x00, 0x00, 0x00, 0x00, 0x00, 0x00, 0x00, 0x00, 0x00, 0x00, 0x00,
  0x00, 0x00, 0x00, 0x00, 0x00, 0x00, 0x00, 0x00, 0x00, 0x00, 0x00, 0x00,
  0x00, 0x00, 0x00, 0x00, 0x00, 0x00, 0x00, 0x00, 0x00, 0x00, 0x00, 0x00,
  0x00, 0x00, 0x00, 0x00, 0x00, 0x00, 0x00, 0x00, 0x00, 0x00, 0x00, 0x00,
  0x00, 0x00, 0x00, 0x00, 0x00, 0x00, 0x00, 0x00, 0x00, 0x00, 0x00, 0x00,
  0x00, 0x00, 0x00, 0x00, 0x00, 0x00, 0x00, 0x00, 0x00, 0x00, 0x00, 0x00,
  0x00, 0x00, 0x00, 0x00, 0x00, 0x00, 0x00, 0x00, 0x00, 0x00, 0x00, 0x00,
  0x00, 0x00, 0x00, 0x00, 0x00, 0x00, 0x00, 0x00, 0x00, 0x00, 0x00, 0x00,
  0x00, 0x00, 0x00, 0x00, 0x00, 0x00, 0x00, 0x00, 0x00, 0x00, 0x00, 0x00,
  0x00, 0x00, 0x00, 0x00, 0x00, 0x00, 0x00, 0x00, 0x00, 0x00, 0x00, 0x00,
  0x00, 0x00, 0x00, 0x00, 0x00, 0x00, 0x00, 0x00, 0x00, 0x00, 0x00, 0x00,
  0x00, 0x00, 0x00, 0x00, 0x00, 0x00, 0x00, 0x00, 0x00, 0x00, 0x00, 0x00,
  0x00, 0x00, 0x00, 0x00, 0x00, 0x00, 0x00, 0x00, 0x00, 0x00, 0x00, 0x00,
  0x00, 0x00, 0x00, 0x00, 0x00, 0x00, 0x00, 0x00, 0x00, 0x00, 0x00, 0x00,
  0x00, 0x00, 0x00, 0x00, 0x00, 0x00, 0x00, 0x00, 0x00, 0x00, 0x00, 0x00,
  0x00, 0x00, 0x00, 0x00, 0x00, 0x00, 0x00, 0x00, 0x00, 0x00, 0x00, 0x00,
  0x00, 0x00, 0x00, 0x00, 0x00, 0x00, 0x00, 0x00, 0x00, 0x00, 0x00, 0x00,
  0x00, 0x00, 0x00, 0x00, 0x00, 0x00, 0x00, 0x00, 0x00, 0x00, 0x00, 0x00,
  0x00, 0x00, 0x00, 0x00, 0x00, 0x00, 0x00, 0x00, 0x00, 0x00, 0x00, 0x00,
  0x00, 0x00, 0x00, 0x00, 0x00, 0x00, 0x00, 0x00, 0x00, 0x00, 0x00, 0x00,
  0x00, 0x00, 0x00, 0x00, 0x00, 0x00, 0x00, 0x00, 0x00, 0x00, 0x00, 0x00,
  0x00, 0x00, 0x00, 0x00, 0x00, 0x00, 0x00, 0x00, 0x00, 0x00, 0x00, 0x00,
  0x00, 0x00, 0x00, 0x00, 0x00, 0x00, 0x00, 0x00, 0x00, 0x00, 0x00, 0x00,
  0x00, 0x00, 0x00, 0x00, 0x00, 0x00, 0x00, 0x00, 0x00, 0x00, 0x00, 0x00,
  0x00, 0x00, 0x00, 0x00, 0x00, 0x00, 0x00, 0x00, 0x00, 0x00, 0x00, 0x00,
  0x00, 0x00, 0x00, 0x00, 0x00, 0x00, 0x00, 0x00, 0x00, 0x00, 0x00, 0x00,
  0x00, 0x00, 0x00, 0x00, 0x00, 0x00, 0x00, 0x00, 0x00, 0x00, 0x00, 0x00,
  0x00, 0x00, 0x00, 0x00, 0x00, 0x00, 0x00, 0x00, 0x00, 0x00, 0x00, 0x00,
  0x00, 0x00, 0x00, 0x00, 0x00, 0x00, 0x00, 0x00, 0x00, 0x00, 0x00, 0x00,
  0x00, 0x00, 0x00, 0x00, 0x00, 0x00, 0x00, 0x00, 0x00, 0x00, 0x00, 0x00,
  0x00, 0x00, 0x00, 0x00, 0x00, 0x00, 0x00, 0x00, 0x00, 0x00, 0x00, 0x00,
  0x00, 0x00, 0x00, 0x00, 0x00, 0x00, 0x00, 0x00, 0x00, 0x00, 0x00, 0x00,
  0x00, 0x00, 0x00, 0x00, 0x00, 0x00, 0x00, 0x00, 0x00, 0x00, 0x00, 0x00,
  0x00, 0x00, 0x00, 0x00, 0x00, 0x00, 0x00, 0x00, 0x00, 0x00, 0x00, 0x00,
  0x00, 0x00, 0x00, 0x00, 0x00, 0x00, 0x00, 0x00, 0x00, 0x00, 0x00, 0x00,
  0x00, 0x00, 0x00, 0x00, 0x00, 0x00, 0x00, 0x00, 0x00, 0x00, 0x00, 0x00,
  0x00, 0x00, 0x00, 0x00, 0x00, 0x00, 0x00, 0x00, 0x00, 0x00, 0x00, 0x00,
  0x00, 0x00, 0x00, 0x00, 0x00, 0x00, 0x00, 0x00, 0x00, 0x00, 0x00, 0x00,
  0x00, 0x00, 0x00, 0x00, 0x00, 0x00, 0x00, 0x00, 0x00, 0x00, 0x00, 0x00,
  0x00, 0x00, 0x00, 0x00, 0x00, 0x00, 0x00, 0x00, 0x00, 0x00, 0x00, 0x00,
  0x00, 0x00, 0x00, 0x00, 0x00, 0x00, 0x00, 0x00, 0x00, 0x00, 0x00, 0x00,
  0x00, 0x00, 0x00, 0x00, 0x00, 0x00, 0x00, 0x00, 0x00, 0x00, 0x00, 0x00,
  0x00, 0x00, 0x00, 0x00, 0x00, 0x00, 0x00, 0x00, 0x00, 0x00, 0x00, 0x00,
  0x00, 0x00, 0x00, 0x00, 0x00, 0x00, 0x00, 0x00, 0x00, 0x00, 0x00, 0x00,
  0x00, 0x00, 0x00, 0x00, 0x00, 0x00, 0x00, 0x00, 0x00, 0x00, 0x00, 0x00,
  0x00, 0x00, 0x00, 0x00, 0x00, 0x00, 0x00, 0x00, 0x00, 0x00, 0x00, 0x00,
  0x00, 0x00, 0x00, 0x00, 0x00, 0x00, 0x00, 0x00, 0x00, 0x00, 0x00, 0x00,
  0x00, 0x00, 0x00, 0x00, 0x00, 0x00, 0x00, 0x00, 0x00, 0x00, 0x00, 0x00,
  0x00, 0x00, 0x00, 0x00, 0x00, 0x00, 0x00, 0x00, 0x00, 0x00, 0x00, 0x00,
  0x00, 0x00, 0x00, 0x00, 0x00, 0x00, 0x00, 0x00, 0x00, 0x00, 0x00, 0x00,
  0x00, 0x00, 0x00, 0x00, 0x00, 0x00, 0x00, 0x00, 0x00, 0x00, 0x00, 0x00,
  0x00, 0x00, 0x00, 0x00, 0x00, 0x00, 0x00, 0x00, 0x00, 0x00, 0x00, 0x00,
  0x00, 0x00, 0x00, 0x00, 0x00, 0x00, 0x00, 0x00, 0x00, 0x00, 0x00, 0x00,
  0x00, 0x00, 0x00, 0x00, 0x00, 0x00, 0x00, 0x00, 0x00, 0x00, 0x00, 0x00,
  0x00, 0x00, 0x00, 0x00, 0x00, 0x00, 0x00, 0x00, 0x00, 0x00, 0x00, 0x00,
  0x00, 0x00, 0x00, 0x00, 0x00, 0x00, 0x00, 0x00, 0x00, 0x00, 0x00, 0x00,
  0x00, 0x00, 0x00, 0x00, 0x00, 0x00, 0x00, 0x00, 0x00, 0x00, 0x00, 0x00,
  0x00, 0x00, 0x00, 0x00, 0x00, 0x00, 0x00, 0x00, 0x00, 0x00, 0x00, 0x00,
  0x00, 0x00, 0x00, 0x00, 0x00, 0x00, 0x00, 0x00, 0x00, 0x00, 0x00, 0x00,
  0x00, 0x00, 0x00, 0x00, 0x00, 0x00, 0x00, 0x00, 0x00, 0x00, 0x00, 0x00,
  0x00, 0x00, 0x00, 0x00, 0x00, 0x00, 0x00, 0x00, 0x00, 0x00, 0x00, 0x00,
  0x00, 0x00, 0x00, 0x00, 0x00, 0x00, 0x00, 0x00, 0x00, 0x00, 0x00, 0x00,
  0x00, 0x00, 0x00, 0x00, 0x00, 0x00, 0x00, 0x00, 0x00, 0x00, 0x00, 0x00,
  0x00, 0x00, 0x00, 0x00, 0x00, 0x00, 0x00, 0x00, 0x00, 0x00, 0x00, 0x00,
  0x00, 0x00, 0x00, 0x00, 0x00, 0x00, 0x00, 0x00, 0x00, 0x00, 0x00, 0x00,
  0x00, 0x00, 0x00, 0x00, 0x00, 0x00, 0x00, 0x00, 0x00, 0x00, 0x00, 0x00,
  0x00, 0x00, 0x00, 0x00, 0x00, 0x00, 0x00, 0x00, 0x00, 0x00, 0x00, 0x00,
  0x00, 0x00, 0x00, 0x00, 0x00, 0x00, 0x00, 0x00, 0x00, 0x00, 0x00, 0x00,
  0x00, 0x00, 0x00, 0x00, 0x00, 0x00, 0x00, 0x00, 0x00, 0x00, 0x00, 0x00,
  0x00, 0x00, 0x00, 0x00, 0x00, 0x00, 0x00, 0x00, 0x00, 0x00, 0x00, 0x00,
  0x00, 0x00, 0x00, 0x00, 0x00, 0x00, 0x00, 0x00, 0x00, 0x00, 0x00, 0x00,
  0x00, 0x00, 0x00, 0x00, 0x00, 0x00, 0x00, 0x00, 0x00, 0x00, 0x00, 0x00,
  0x00, 0x00, 0x00, 0x00, 0x00, 0x00, 0x00, 0x00, 0x00, 0x00, 0x00, 0x00,
  0x00, 0x00, 0x00, 0x00, 0x00, 0x00, 0x00, 0x00, 0x00, 0x00, 0x00, 0x00,
  0x00, 0x00, 0x00, 0x00, 0x00, 0x00, 0x00, 0x00, 0x00, 0x00, 0x00, 0x00,
  0x00, 0x00, 0x00, 0x00, 0x00, 0x00, 0x00, 0x00, 0x00, 0x00, 0x00, 0x00,
  0x00, 0x00, 0x00, 0x00, 0x00, 0x00, 0x00, 0x00, 0x00, 0x00, 0x00, 0x00,
  0x00, 0x00, 0x00, 0x00, 0x00, 0x00, 0x00, 0x00, 0x00, 0x00, 0x00, 0x00,
  0x00, 0x00, 0x00, 0x00, 0x00, 0x00, 0x00, 0x00, 0x00, 0x00, 0x00, 0x00,
  0x00, 0x00, 0x00, 0x00, 0x00, 0x00, 0x00, 0x00, 0x00, 0x00, 0x00, 0x00,
  0x00, 0x00, 0x00, 0x00, 0x00, 0x00, 0x00, 0x00, 0x00, 0x00, 0x00, 0x00,
  0x00, 0x00, 0x00, 0x00, 0x00, 0x00, 0x00, 0x00, 0x00, 0x00, 0x00, 0x00,
  0x00, 0x00, 0x00, 0x00, 0x00, 0x00, 0x00, 0x00, 0x00, 0x00, 0x00, 0x00,
  0x00, 0x00, 0x00, 0x00, 0x00, 0x00, 0x00, 0x00, 0x00, 0x00, 0x00, 0x00,
  0x00, 0x00, 0x00, 0x00, 0x00, 0x00, 0x00, 0x00, 0x00, 0x00, 0x00, 0x00,
  0x00, 0x00, 0x00, 0x00, 0x00, 0x00, 0x00, 0x00, 0x00, 0x00, 0x00, 0x00,
  0x00, 0x00, 0x00, 0x00, 0x00, 0x00, 0x00, 0x00, 0x00, 0x00, 0x00, 0x00,
  0x00, 0x00, 0x00, 0x00, 0x00, 0x00, 0x00, 0x00, 0x00, 0x00, 0x00, 0x00,
  0x00, 0x00, 0x00, 0x00, 0x00, 0x00, 0x00, 0x00, 0x00, 0x00, 0x00, 0x00,
  0x00, 0x00, 0x00, 0x00, 0x00, 0x00, 0x00, 0x00, 0x00, 0x00, 0x00, 0x00,
  0x00, 0x00, 0x00, 0x00, 0x00, 0x00, 0x00, 0x00, 0x00, 0x00, 0x00, 0x00,
  0x00, 0x00, 0x00, 0x00, 0x5b, 0x4d, 0x44, 0x4d, 0x5f, 0x4d, 0x49, 0x4e,
  0x49, 0x5d, 0x20, 0x4d, 0x44, 0x4d, 0x20, 0x6d, 0x69, 0x6e, 0x69, 0x20,
  0x74, 0x65, 0x73, 0x74, 0x20, 0x63, 0x6f, 0x6d, 0x70, 0x6c, 0x65, 0x74,
  0x65, 0x64, 0x2e, 0x0a, 0x00, 0x5b, 0x4d, 0x44, 0x4d, 0x5f, 0x4d, 0x49,
  0x4e, 0x49, 0x5d, 0x20, 0x54, 0x65, 0x73, 0x74, 0x20, 0x70, 0x61, 0x74,
  0x74, 0x65, 0x72, 0x6e, 0x20, 0x64, 0x72, 0x61, 0x77, 0x6e, 0x20, 0x73,
  0x75, 0x63, 0x63, 0x65, 0x73, 0x73, 0x66, 0x75, 0x6c, 0x6c, 0x79, 0x21,
  0x0a, 0x00, 0x5b, 0x4d, 0x44, 0x4d, 0x5f, 0x4d, 0x49, 0x4e, 0x49, 0x5d,
  0x20, 0x45, 0x52, 0x52, 0x4f, 0x52, 0x3a, 0x20, 0x46, 0x61, 0x69, 0x6c,
  0x65, 0x64, 0x20, 0x74, 0x6f, 0x20, 0x64, 0x72, 0x61, 0x77, 0x20, 0x74,
  0x65, 0x73, 0x74, 0x20, 0x70, 0x61, 0x74, 0x74, 0x65, 0x72, 0x6e, 0x21,
  0x0a, 0x00, 0x5b, 0x4d, 0x44, 0x4d, 0x5f, 0x4d, 0x49, 0x4e, 0x49, 0x5d,
  0x20, 0x44, 0x72, 0x61, 0x77, 0x69, 0x6e, 0x67, 0x20, 0x74, 0x65, 0x73,
  0x74, 0x20, 0x70, 0x61, 0x74, 0x74, 0x65, 0x72, 0x6e, 0x2e, 0x2e, 0x2e,
  0x0a, 0x00, 0x20, 0x20, 0x70, 0x69, 0x74, 0x63, 0x68, 0x3d, 0x00, 0x78,
  0x00, 0x20, 0x20, 0x72, 0x65, 0x73, 0x6f, 0x6c, 0x75, 0x74, 0x69, 0x6f,
  0x6e, 0x3d, 0x00, 0x0a, 0x00, 0x20, 0x20, 0x70, 0x68, 0x79, 0x73, 0x5f,
  0x61, 0x64, 0x64, 0x72, 0x3d, 0x30, 0x78, 0x00, 0x5b, 0x4d, 0x44, 0x4d,
  0x5f, 0x4d, 0x49, 0x4e, 0x49, 0x5d, 0x20, 0x46, 0x72, 0x61, 0x6d, 0x65,
  0x62, 0x75, 0x66, 0x66, 0x65, 0x72, 0x20, 0x69, 0x6e, 0x66, 0x6f, 0x3a,
  0x0a, 0x00, 0x5b, 0x4d, 0x44, 0x4d, 0x5f, 0x4d, 0x49, 0x4e, 0x49, 0x5d,
  0x20, 0x45, 0x78, 0x69, 0x74, 0x69, 0x6e, 0x67, 0x2e, 0x2e, 0x2e, 0x0a,
  0x00, 0x5b, 0x4d, 0x44, 0x4d, 0x5f, 0x4d, 0x49, 0x4e, 0x49, 0x5d, 0x20,
  0x45, 0x52, 0x52, 0x4f, 0x52, 0x3a, 0x20, 0x46, 0x61, 0x69, 0x6c, 0x65,
  0x64, 0x20, 0x74, 0x6f, 0x20, 0x67, 0x65, 0x74, 0x20, 0x66, 0x72, 0x61,
  0x6d, 0x65, 0x62, 0x75, 0x66, 0x66, 0x65, 0x72, 0x20, 0x69, 0x6e, 0x66,
  0x6f, 0x21, 0x0a, 0x00, 0x5b, 0x4d, 0x44, 0x4d, 0x5f, 0x4d, 0x49, 0x4e,
  0x49, 0x5d, 0x20, 0x47, 0x65, 0x74, 0x74, 0x69, 0x6e, 0x67, 0x20, 0x66,
  0x72, 0x61, 0x6d, 0x65, 0x62, 0x75, 0x66, 0x66, 0x65, 0x72, 0x20, 0x69,
  0x6e, 0x66, 0x6f, 0x2e, 0x2e, 0x2e, 0x0a, 0x00, 0x5b, 0x4d, 0x44, 0x4d,
  0x5f, 0x4d, 0x49, 0x4e, 0x49, 0x5d, 0x20, 0x53, 0x74, 0x61, 0x72, 0x74,
  0x69, 0x6e, 0x67, 0x20, 0x6d, 0x69, 0x6e, 0x69, 0x6d, 0x61, 0x6c, 0x20,
  0x4d, 0x44, 0x4d, 0x20, 0x74, 0x65, 0x73, 0x74, 0x2e, 0x2e, 0x2e, 0x0a,
  0x00, 0x2f, 0x00, 0x7e, 0x7e, 0x7e, 0x7e, 0x00, 0x1b, 0x5b, 0x30, 0x6d,
  0x00, 0x1b, 0x5b, 0x33, 0x37, 0x6d, 0x00, 0x1b, 0x5b, 0x33, 0x35, 0x6d,
  0x00, 0x1b, 0x5b, 0x33, 0x36, 0x6d, 0x00, 0x1b, 0x5b, 0x33, 0x33, 0x6d,
  0x00, 0x1b, 0x5b, 0x33, 0x31, 0x6d, 0x00, 0x1b, 0x5b, 0x33, 0x32, 0x6d,
  0x00, 0x00, 0x00, 0x00, 0x44, 0x00, 0x00, 0x00, 0xff, 0x66, 0x00, 0x00,
  0x01, 0x00, 0x00, 0x00, 0x88, 0x44, 0x22, 0x00, 0xcc, 0xaa, 0x44, 0x00,
  0x01, 0x00, 0x00, 0x00, 0x66, 0x11, 0x33, 0x00, 0xcc, 0x44, 0xaa, 0x00,
  0x01, 0x00, 0x00, 0x00, 0x2e, 0x1a, 0x1a, 0x00, 0x66, 0x44, 0x44, 0x00,
  0x01, 0x00, 0x00, 0x00, 0x00, 0x33, 0x66, 0x00, 0x33, 0xaa, 0xcc, 0x00,
  0x01, 0x00, 0x00, 0x00, 0x10, 0x40, 0x10, 0x00, 0x30, 0xa0, 0x30, 0x00,
  0x01, 0x00, 0x00, 0x00, 0x2f, 0x00, 0x7e, 0x7e, 0x7e, 0x7e, 0x00, 0x1b,
  0x5b, 0x30, 0x6d, 0x00, 0x1b, 0x5b, 0x33, 0x37, 0x6d, 0x00, 0x1b, 0x5b,
  0x33, 0x35, 0x6d, 0x00, 0x1b, 0x5b, 0x33, 0x36, 0x6d, 0x00, 0x1b, 0x5b,
  0x33, 0x33, 0x6d, 0x00, 0x1b, 0x5b, 0x33, 0x31, 0x6d, 0x00, 0x1b, 0x5b,
  0x33, 0x32, 0x6d, 0x00, 0x00, 0x00, 0x00, 0x00, 0x00, 0x00, 0x00, 0x00,
  0x00, 0x00, 0x00, 0x00, 0x00, 0x00, 0x00, 0x00, 0x00, 0x00, 0x00, 0x00,
  0x00, 0x00, 0x00, 0x00, 0x00, 0x00, 0x00, 0x00, 0x00, 0x00, 0x00, 0x00,
  0x00, 0x00, 0x00, 0x00, 0x00, 0x00, 0x00, 0x00, 0x00, 0x00, 0x00, 0x00,
  0x00, 0x00, 0x00, 0x00, 0x00, 0x00, 0x00, 0x00, 0x00, 0x00, 0x00, 0x00,
  0x00, 0x00, 0x00, 0x00, 0x00, 0x00, 0x00, 0x00, 0x00, 0x00, 0x00, 0x00,
  0x00, 0x00, 0x00, 0x00, 0x00, 0x00, 0x00, 0x00, 0x00, 0x00, 0x00, 0x00,
  0x00, 0x00, 0x00, 0x00, 0x00, 0x00, 0x00, 0x00, 0x00, 0x00, 0x00, 0x00,
  0x00, 0x00, 0x00, 0x00, 0x00, 0x00, 0x00, 0x00, 0x00, 0x00, 0x00, 0x00,
  0x00, 0x00, 0x00, 0x00, 0x00, 0x00, 0x00, 0x00, 0x00, 0x00, 0x00, 0x00,
  0x00, 0x00, 0x00, 0x00, 0x00, 0x00, 0x00, 0x00, 0x00, 0x00, 0x00, 0x00,
  0x00, 0x00, 0x00, 0x00, 0x00, 0x00, 0x00, 0x00, 0x00, 0x00, 0x00, 0x00,
  0x00, 0x00, 0x00, 0x00, 0x00, 0x00, 0x00, 0x00, 0x00, 0x00, 0x00, 0x00,
  0x00, 0x00, 0x00, 0x00, 0x00, 0x00, 0x00, 0x00, 0x00, 0x00, 0x00, 0x00,
  0x00, 0x00, 0x00, 0x00, 0x00, 0x00, 0x00, 0x00, 0x00, 0x00, 0x00, 0x00,
  0x00, 0x00, 0x00, 0x00, 0x00, 0x00, 0x00, 0x00, 0x00, 0x00, 0x00, 0x00,
  0x00, 0x00, 0x00, 0x00, 0x00, 0x00, 0x00, 0x00, 0x00, 0x00, 0x00, 0x00,
  0x00, 0x00, 0x00, 0x00, 0x00, 0x00, 0x00, 0x00, 0x00, 0x00, 0x00, 0x00,
  0x00, 0x00, 0x00, 0x00, 0x00, 0x00, 0x00, 0x00, 0x00, 0x00, 0x00, 0x00,
  0x00, 0x00, 0x00, 0x00, 0x00, 0x00, 0x00, 0x00, 0x00, 0x00, 0x00, 0x00,
  0x00, 0x00, 0x00, 0x00, 0x00, 0x00, 0x00, 0x00, 0x00, 0x00, 0x00, 0x00,
  0x00, 0x00, 0x00, 0x00, 0x00, 0x00, 0x00, 0x00, 0x00, 0x00, 0x00, 0x00,
  0x00, 0x00, 0x00, 0x00, 0x00, 0x00, 0x00, 0x00, 0x00, 0x00, 0x00, 0x00,
  0x00, 0x00, 0x00, 0x00, 0x00, 0x00, 0x00, 0x00, 0x00, 0x00, 0x00, 0x00,
  0x00, 0x00, 0x00, 0x00, 0x00, 0x00, 0x00, 0x00, 0x00, 0x00, 0x00, 0x00,
  0x00, 0x00, 0x00, 0x00, 0x00, 0x00, 0x00, 0x00, 0x00, 0x00, 0x00, 0x00,
  0x00, 0x00, 0x00, 0x00, 0x00, 0x00, 0x00, 0x00, 0x00, 0x00, 0x00, 0x00,
  0x00, 0x00, 0x00, 0x00, 0x00, 0x00, 0x00, 0x00, 0x00, 0x00, 0x00, 0x00,
  0x00, 0x00, 0x00, 0x00, 0x00, 0x00, 0x00, 0x00, 0x00, 0x00, 0x00, 0x00,
  0x00, 0x00, 0x00, 0x00, 0x00, 0x00, 0x00, 0x00, 0x00, 0x00, 0x00, 0x00,
  0x00, 0x00, 0x00, 0x00, 0x00, 0x00, 0x00, 0x00, 0x00, 0x00, 0x00, 0x00,
  0x00, 0x00, 0x00, 0x00, 0x00, 0x00, 0x00, 0x00, 0x00, 0x00, 0x00, 0x00,
  0x00, 0x00, 0x00, 0x00, 0x00, 0x00, 0x00, 0x00, 0x00, 0x00, 0x00, 0x00,
  0x00, 0x00, 0x00, 0x00, 0x00, 0x00, 0x00, 0x00, 0x00, 0x00, 0x00, 0x00,
  0x00, 0x00, 0x00, 0x00, 0x00, 0x00, 0x00, 0x00, 0x00, 0x00, 0x00, 0x00,
  0x00, 0x00, 0x00, 0x00, 0x00, 0x00, 0x00, 0x00, 0x00, 0x00, 0x00, 0x00,
  0x00, 0x00, 0x00, 0x00, 0x00, 0x00, 0x00, 0x00, 0x00, 0x00, 0x00, 0x00,
  0x00, 0x00, 0x00, 0x00, 0x00, 0x00, 0x00, 0x00, 0x00, 0x00, 0x00, 0x00,
  0x00, 0x00, 0x00, 0x00, 0x00, 0x00, 0x00, 0x00, 0x00, 0x00, 0x00, 0x00,
  0x00, 0x00, 0x00, 0x00, 0x00, 0x00, 0x00, 0x00, 0x00, 0x00, 0x00, 0x00,
  0x00, 0x00, 0x00, 0x00, 0x00, 0x00, 0x00, 0x00, 0x00, 0x00, 0x00, 0x00,
  0x00, 0x00, 0x00, 0x00, 0x00, 0x00, 0x00, 0x00, 0x00, 0x00, 0x00, 0x00,
  0x00, 0x00, 0x00, 0x00, 0x00, 0x00, 0x00, 0x00, 0x00, 0x00, 0x00, 0x00,
  0x00, 0x00, 0x00, 0x00, 0x00, 0x00, 0x00, 0x00, 0x00, 0x00, 0x00, 0x00,
  0x00, 0x00, 0x00, 0x00, 0x00, 0x00, 0x00, 0x00, 0x00, 0x00, 0x00, 0x00,
  0x00, 0x00, 0x00, 0x00, 0x00, 0x00, 0x00, 0x00, 0x00, 0x00, 0x00, 0x00,
  0x00, 0x00, 0x00, 0x00, 0x00, 0x00, 0x00, 0x00, 0x00, 0x00, 0x00, 0x00,
  0x00, 0x00, 0x00, 0x00, 0x00, 0x00, 0x00, 0x00, 0x00, 0x00, 0x00, 0x00,
  0x00, 0x00, 0x00, 0x00, 0x00, 0x00, 0x00, 0x00, 0x00, 0x00, 0x00, 0x00,
  0x00, 0x00, 0x00, 0x00, 0x00, 0x00, 0x00, 0x00, 0x00, 0x00, 0x00, 0x00,
  0x00, 0x00, 0x00, 0x00, 0x00, 0x00, 0x00, 0x00, 0x00, 0x00, 0x00, 0x00,
  0x00, 0x00, 0x00, 0x00, 0x00, 0x00, 0x00, 0x00, 0x00, 0x00, 0x00, 0x00,
  0x00, 0x00, 0x00, 0x00, 0x00, 0x00, 0x00, 0x00, 0x00, 0x00, 0x00, 0x00,
  0x00, 0x00, 0x00, 0x00, 0x00, 0x00, 0x00, 0x00, 0x00, 0x00, 0x00, 0x00,
  0x00, 0x00, 0x00, 0x00, 0x00, 0x00, 0x00, 0x00, 0x00, 0x00, 0x00, 0x00,
  0x00, 0x00, 0x00, 0x00, 0x00, 0x00, 0x00, 0x00, 0x00, 0x00, 0x00, 0x00,
  0x00, 0x00, 0x00, 0x00, 0x00, 0x00, 0x00, 0x00, 0x00, 0x00, 0x00, 0x00,
  0x00, 0x00, 0x00, 0x00, 0x00, 0x00, 0x00, 0x00, 0x00, 0x00, 0x00, 0x00,
  0x00, 0x00, 0x00, 0x00, 0x00, 0x00, 0x00, 0x00, 0x00, 0x00, 0x00, 0x00,
  0x00, 0x00, 0x00, 0x00, 0x00, 0x00, 0x00, 0x00, 0x00, 0x00, 0x00, 0x00,
  0x00, 0x00, 0x00, 0x00, 0x00, 0x00, 0x00, 0x00, 0x00, 0x00, 0x00, 0x00,
  0x00, 0x00, 0x00, 0x00, 0x00, 0x00, 0x00, 0x00, 0x00, 0x00, 0x00, 0x00,
  0x00, 0x00, 0x00, 0x00, 0x00, 0x00, 0x00, 0x00, 0x00, 0x00, 0x00, 0x00,
  0x00, 0x00, 0x00, 0x00, 0x00, 0x00, 0x00, 0x00, 0x00, 0x00, 0x00, 0x00,
  0x00, 0x00, 0x00, 0x00, 0x00, 0x00, 0x00, 0x00, 0x00, 0x00, 0x00, 0x00,
  0x00, 0x00, 0x00, 0x00, 0x00, 0x00, 0x00, 0x00, 0x00, 0x00, 0x00, 0x00,
  0x00, 0x00, 0x00, 0x00, 0x00, 0x00, 0x00, 0x00, 0x00, 0x00, 0x00, 0x00,
  0x00, 0x00, 0x00, 0x00, 0x00, 0x00, 0x00, 0x00, 0x00, 0x00, 0x00, 0x00,
  0x00, 0x00, 0x00, 0x00, 0x00, 0x00, 0x00, 0x00, 0x00, 0x00, 0x00, 0x00,
  0x00, 0x00, 0x00, 0x00, 0x00, 0x00, 0x00, 0x00, 0x00, 0x00, 0x00, 0x00,
  0x00, 0x00, 0x00, 0x00, 0x00, 0x00, 0x00, 0x00, 0x00, 0x00, 0x00, 0x00,
  0x00, 0x00, 0x00, 0x00, 0x00, 0x00, 0x00, 0x00, 0x00, 0x00, 0x00, 0x00,
  0x00, 0x00, 0x00, 0x00, 0x00, 0x00, 0x00, 0x00, 0x00, 0x00, 0x00, 0x00,
  0x00, 0x00, 0x00, 0x00, 0x00, 0x00, 0x00, 0x00, 0x00, 0x00, 0x00, 0x00,
  0x00, 0x00, 0x00, 0x00, 0x00, 0x00, 0x00, 0x00, 0x00, 0x00, 0x00, 0x00,
  0x00, 0x00, 0x00, 0x00, 0x00, 0x00, 0x00, 0x00, 0x00, 0x00, 0x00, 0x00,
  0x00, 0x00, 0x00, 0x00, 0x00, 0x00, 0x00, 0x00, 0x00, 0x00, 0x00, 0x00,
  0x00, 0x00, 0x00, 0x00, 0x00, 0x00, 0x00, 0x00, 0x00, 0x00, 0x00, 0x00,
  0x00, 0x00, 0x00, 0x00, 0x00, 0x00, 0x00, 0x00, 0x00, 0x00, 0x00, 0x00,
  0x00, 0x00, 0x00, 0x00, 0x00, 0x00, 0x00, 0x00, 0x00, 0x00, 0x00, 0x00,
  0x00, 0x00, 0x00, 0x00, 0x00, 0x00, 0x00, 0x00, 0x00, 0x00, 0x00, 0x00,
  0x00, 0x00, 0x00, 0x00, 0x00, 0x00, 0x00, 0x00, 0x00, 0x00, 0x00, 0x00,
  0x00, 0x00, 0x00, 0x00, 0x00, 0x00, 0x00, 0x00, 0x00, 0x00, 0x00, 0x00,
  0x00, 0x00, 0x00, 0x00, 0x00, 0x00, 0x00, 0x00, 0x00, 0x00, 0x00, 0x00,
  0x00, 0x00, 0x00, 0x00, 0x00, 0x00, 0x00, 0x00, 0x00, 0x00, 0x00, 0x00,
  0x00, 0x00, 0x00, 0x00, 0x00, 0x00, 0x00, 0x00, 0x00, 0x00, 0x00, 0x00,
  0x00, 0x00, 0x00, 0x00, 0x00, 0x00, 0x00, 0x00, 0x00, 0x00, 0x00, 0x00,
  0x00, 0x00, 0x00, 0x00, 0x00, 0x00, 0x00, 0x00, 0x00, 0x00, 0x00, 0x00,
  0x00, 0x00, 0x00, 0x00, 0x00, 0x00, 0x00, 0x00, 0x00, 0x00, 0x00, 0x00,
  0x00, 0x00, 0x00, 0x00, 0x00, 0x00, 0x00, 0x00, 0x00, 0x00, 0x00, 0x00,
  0x00, 0x00, 0x00, 0x00, 0x00, 0x00, 0x00, 0x00, 0x00, 0x00, 0x00, 0x00,
  0x00, 0x00, 0x00, 0x00, 0x00, 0x00, 0x00, 0x00, 0x00, 0x00, 0x00, 0x00,
  0x00, 0x00, 0x00, 0x00, 0x00, 0x00, 0x00, 0x00, 0x00, 0x00, 0x00, 0x00,
  0x00, 0x00, 0x00, 0x00, 0x00, 0x00, 0x00, 0x00, 0x00, 0x00, 0x00, 0x00,
  0x00, 0x00, 0x00, 0x00, 0x00, 0x00, 0x00, 0x00, 0x00, 0x00, 0x00, 0x00,
  0x00, 0x00, 0x00, 0x00, 0x00, 0x00, 0x00, 0x00, 0x00, 0x00, 0x00, 0x00,
  0x00, 0x00, 0x00, 0x00, 0x00, 0x00, 0x00, 0x00, 0x00, 0x00, 0x00, 0x00,
  0x00, 0x00, 0x00, 0x00, 0x00, 0x00, 0x00, 0x00, 0x00, 0x00, 0x00, 0x00,
  0x00, 0x00, 0x00, 0x00, 0x00, 0x00, 0x00, 0x00, 0x00, 0x00, 0x00, 0x00,
  0x00, 0x00, 0x00, 0x00, 0x00, 0x00, 0x00, 0x00, 0x00, 0x00, 0x00, 0x00,
  0x00, 0x00, 0x00, 0x00, 0x00, 0x00, 0x00, 0x00, 0x00, 0x00, 0x00, 0x00,
  0x00, 0x00, 0x00, 0x00, 0x00, 0x00, 0x00, 0x00, 0x00, 0x00, 0x00, 0x00,
  0x00, 0x00, 0x00, 0x00, 0x00, 0x00, 0x00, 0x00, 0x00, 0x00, 0x00, 0x00,
  0x00, 0x00, 0x00, 0x00, 0x00, 0x00, 0x00, 0x00, 0x00, 0x00, 0x00, 0x00,
  0x00, 0x00, 0x00, 0x00, 0x00, 0x00, 0x00, 0x00, 0x00, 0x00, 0x00, 0x00,
  0x00, 0x00, 0x00, 0x00, 0x00, 0x00, 0x00, 0x00, 0x00, 0x00, 0x00, 0x00,
  0x00, 0x00, 0x00, 0x00, 0x00, 0x00, 0x00, 0x00, 0x00, 0x00, 0x00, 0x00,
  0x00, 0x00, 0x00, 0x00, 0x00, 0x00, 0x00, 0x00, 0x00, 0x00, 0x00, 0x00,
  0x00, 0x00, 0x00, 0x00, 0x00, 0x00, 0x00, 0x00, 0x00, 0x00, 0x00, 0x00,
  0x00, 0x00, 0x00, 0x00, 0x00, 0x00, 0x00, 0x00, 0x00, 0x00, 0x00, 0x00,
  0x00, 0x00, 0x00, 0x00, 0x00, 0x00, 0x00, 0x00, 0x00, 0x00, 0x00, 0x00,
  0x00, 0x00, 0x00, 0x00, 0x00, 0x00, 0x00, 0x00, 0x00, 0x00, 0x00, 0x00,
  0x00, 0x00, 0x00, 0x00, 0x00, 0x00, 0x00, 0x00, 0x00, 0x00, 0x00, 0x00,
  0x00, 0x00, 0x00, 0x00, 0x00, 0x00, 0x00, 0x00, 0x00, 0x00, 0x00, 0x00,
  0x00, 0x00, 0x00, 0x00, 0x00, 0x00, 0x00, 0x00, 0x00, 0x00, 0x00, 0x00,
  0x00, 0x00, 0x00, 0x00, 0x00, 0x00, 0x00, 0x00, 0x00, 0x00, 0x00, 0x00,
  0x00, 0x00, 0x00, 0x00, 0x00, 0x00, 0x00, 0x00, 0x00, 0x00, 0x00, 0x00,
  0x00, 0x00, 0x00, 0x00, 0x00, 0x00, 0x00, 0x00, 0x00, 0x00, 0x00, 0x00,
  0x00, 0x00, 0x00, 0x00, 0x00, 0x00, 0x00, 0x00, 0x00, 0x00, 0x00, 0x00,
  0x00, 0x00, 0x00, 0x00, 0x00, 0x00, 0x00, 0x00, 0x00, 0x00, 0x00, 0x00,
  0x00, 0x00, 0x00, 0x00, 0x00, 0x00, 0x00, 0x00, 0x00, 0x00, 0x00, 0x00,
  0x00, 0x00, 0x00, 0x00, 0x00, 0x00, 0x00, 0x00, 0x00, 0x00, 0x00, 0x00,
  0x00, 0x00, 0x00, 0x00, 0x00, 0x00, 0x00, 0x00, 0x00, 0x00, 0x00, 0x00,
  0x00, 0x00, 0x00, 0x00, 0x00, 0x00, 0x00, 0x00, 0x00, 0x00, 0x00, 0x00,
  0x00, 0x00, 0x00, 0x00, 0x00, 0x00, 0x00, 0x00, 0x00, 0x00, 0x00, 0x00,
  0x00, 0x00, 0x00, 0x00, 0x00, 0x00, 0x00, 0x00, 0x00, 0x00, 0x00, 0x00,
  0x00, 0x00, 0x00, 0x00, 0x00, 0x00, 0x00, 0x00, 0x00, 0x00, 0x00, 0x00,
  0x00, 0x00, 0x00, 0x00, 0x00, 0x00, 0x00, 0x00, 0x00, 0x00, 0x00, 0x00,
  0x00, 0x00, 0x00, 0x00, 0x00, 0x00, 0x00, 0x00, 0x00, 0x00, 0x00, 0x00,
  0x00, 0x00, 0x00, 0x00, 0x00, 0x00, 0x00, 0x00, 0x00, 0x00, 0x00, 0x00,
  0x00, 0x00, 0x00, 0x00, 0x00, 0x00, 0x00, 0x00, 0x00, 0x00, 0x00, 0x00,
  0x00, 0x00, 0x00, 0x00, 0x00, 0x00, 0x00, 0x00, 0x00, 0x00, 0x00, 0x00,
  0x00, 0x00, 0x00, 0x00, 0x00, 0x00, 0x00, 0x00, 0x00, 0x00, 0x00, 0x00,
  0x00, 0x00, 0x00, 0x00, 0x00, 0x00, 0x00, 0x00, 0x00, 0x00, 0x00, 0x00,
  0x00, 0x00, 0x00, 0x00, 0x00, 0x00, 0x00, 0x00, 0x00, 0x00, 0x00, 0x00,
  0x00, 0x00, 0x00, 0x00, 0x00, 0x00, 0x00, 0x00, 0x00, 0x00, 0x00, 0x00,
  0x00, 0x00, 0x00, 0x00, 0x00, 0x00, 0x00, 0x00, 0x00, 0x00, 0x00, 0x00,
  0x00, 0x00, 0x00, 0x00, 0x00, 0x00, 0x00, 0x00, 0x00, 0x00, 0x00, 0x00,
  0x00, 0x00, 0x00, 0x00, 0x00, 0x00, 0x00, 0x00, 0x00, 0x00, 0x00, 0x00,
  0x00, 0x00, 0x00, 0x00, 0x00, 0x00, 0x00, 0x00, 0x00, 0x00, 0x00, 0x00,
  0x00, 0x00, 0x00, 0x00, 0x00, 0x00, 0x00, 0x00, 0x00, 0x00, 0x00, 0x00,
  0x00, 0x00, 0x00, 0x00, 0x00, 0x00, 0x00, 0x00, 0x00, 0x00, 0x00, 0x00,
  0x00, 0x00, 0x00, 0x00, 0x00, 0x00, 0x00, 0x00, 0x00, 0x00, 0x00, 0x00,
  0x00, 0x00, 0x00, 0x00, 0x00, 0x00, 0x00, 0x00, 0x00, 0x00, 0x00, 0x00,
  0x00, 0x00, 0x00, 0x00, 0x00, 0x00, 0x00, 0x00, 0x00, 0x00, 0x00, 0x00,
  0x00, 0x00, 0x00, 0x00, 0x00, 0x00, 0x00, 0x00, 0x00, 0x00, 0x00, 0x00,
  0x00, 0x00, 0x00, 0x00, 0x00, 0x00, 0x00, 0x00, 0x00, 0x00, 0x00, 0x00,
  0x00, 0x00, 0x00, 0x00, 0x00, 0x00, 0x00, 0x00, 0x00, 0x00, 0x00, 0x00,
  0x00, 0x00, 0x00, 0x00, 0x00, 0x00, 0x00, 0x00, 0x00, 0x00, 0x00, 0x00,
  0x00, 0x00, 0x00, 0x00, 0x00, 0x00, 0x00, 0x00, 0x00, 0x00, 0x00, 0x00,
  0x00, 0x00, 0x00, 0x00, 0x00, 0x00, 0x00, 0x00, 0x00, 0x00, 0x00, 0x00,
  0x00, 0x00, 0x00, 0x00, 0x00, 0x00, 0x00, 0x00, 0x00, 0x00, 0x00, 0x00,
  0x00, 0x00, 0x00, 0x00, 0x00, 0x00, 0x00, 0x00, 0x00, 0x00, 0x00, 0x00,
  0x00, 0x00, 0x00, 0x00, 0x00, 0x00, 0x00, 0x00, 0x00, 0x00, 0x00, 0x00,
  0x00, 0x00, 0x00, 0x00, 0x00, 0x00, 0x00, 0x00, 0x00, 0x00, 0x00, 0x00,
  0x00, 0x00, 0x00, 0x00, 0x00, 0x00, 0x00, 0x00, 0x00, 0x00, 0x00, 0x00,
  0x00, 0x00, 0x00, 0x00, 0x00, 0x00, 0x00, 0x00, 0x00, 0x00, 0x00, 0x00,
  0x00, 0x00, 0x00, 0x00, 0x00, 0x00, 0x00, 0x00, 0x00, 0x00, 0x00, 0x00,
  0x00, 0x00, 0x00, 0x00, 0x00, 0x00, 0x00, 0x00, 0x00, 0x00, 0x00, 0x00,
  0x00, 0x00, 0x00, 0x00, 0x00, 0x00, 0x00, 0x00, 0x00, 0x00, 0x00, 0x00,
  0x00, 0x00, 0x00, 0x00, 0x00, 0x00, 0x00, 0x00, 0x00, 0x00, 0x00, 0x00,
  0x00, 0x00, 0x00, 0x00, 0x00, 0x00, 0x00, 0x00, 0x00, 0x00, 0x00, 0x00,
  0x00, 0x00, 0x00, 0x00, 0x00, 0x00, 0x00, 0x00, 0x00, 0x00, 0x00, 0x00,
  0x00, 0x00, 0x00, 0x00, 0x00, 0x00, 0x00, 0x00, 0x00, 0x00, 0x00, 0x00,
  0x00, 0x00, 0x00, 0x00, 0x00, 0x00, 0x00, 0x00, 0x00, 0x00, 0x00, 0x00,
  0x00, 0x00, 0x00, 0x00, 0x00, 0x00, 0x00, 0x00, 0x00, 0x00, 0x00, 0x00,
  0x00, 0x00, 0x00, 0x00, 0x00, 0x00, 0x00, 0x00, 0x00, 0x00, 0x00, 0x00,
  0x00, 0x00, 0x00, 0x00, 0x00, 0x00, 0x00, 0x00, 0x00, 0x00, 0x00, 0x00,
  0x00, 0x00, 0x00, 0x00, 0x00, 0x00, 0x00, 0x00, 0x00, 0x00, 0x00, 0x00,
  0x00, 0x00, 0x00, 0x00, 0x00, 0x00, 0x00, 0x00, 0x00, 0x00, 0x00, 0x00,
  0x00, 0x00, 0x00, 0x00, 0x00, 0x00, 0x00, 0x00, 0x00, 0x00, 0x00, 0x00,
  0x00, 0x00, 0x00, 0x00, 0x00, 0x00, 0x00, 0x00, 0x00, 0x00, 0x00, 0x00,
  0x00, 0x00, 0x00, 0x00, 0x00, 0x00, 0x00, 0x00, 0x00, 0x00, 0x00, 0x00,
  0x00, 0x00, 0x00, 0x00, 0x00, 0x00, 0x00, 0x00, 0x00, 0x00, 0x00, 0x00,
  0x00, 0x00, 0x00, 0x00, 0x00, 0x00, 0x00, 0x00, 0x00, 0x00, 0x00, 0x00,
  0x00, 0x00, 0x00, 0x00, 0x00, 0x00, 0x00, 0x00, 0x00, 0x00, 0x00, 0x00,
  0x00, 0x00, 0x00, 0x00, 0x00, 0x00, 0x00, 0x00, 0x00, 0x00, 0x00, 0x00,
  0x00, 0x00, 0x00, 0x00, 0x00, 0x00, 0x00, 0x00, 0x00, 0x00, 0x00, 0x00,
  0x00, 0x00, 0x00, 0x00, 0x00, 0x00, 0x00, 0x00, 0x00, 0x00, 0x00, 0x00,
  0x00, 0x00, 0x00, 0x00, 0x00, 0x00, 0x00, 0x00, 0x00, 0x00, 0x00, 0x00,
  0x00, 0x00, 0x00, 0x00, 0x00, 0x00, 0x00, 0x00, 0x00, 0x00, 0x00, 0x00,
  0x00, 0x00, 0x00, 0x00, 0x00, 0x00, 0x00, 0x00, 0x00, 0x00, 0x00, 0x00,
  0x00, 0x00, 0x00, 0x00, 0x00, 0x00, 0x00, 0x00, 0x00, 0x00, 0x00, 0x00,
  0x00, 0x00, 0x00, 0x00, 0x00, 0x00, 0x00, 0x00, 0x00, 0x00, 0x00, 0x00,
  0x00, 0x00, 0x00, 0x00, 0x00, 0x00, 0x00, 0x00, 0x00, 0x00, 0x00, 0x00,
  0x00, 0x00, 0x00, 0x00, 0x00, 0x00, 0x00, 0x00, 0x00, 0x00, 0x00, 0x00,
  0x00, 0x00, 0x00, 0x00, 0x00, 0x00, 0x00, 0x00, 0x00, 0x00, 0x00, 0x00,
  0x00, 0x00, 0x00, 0x00, 0x00, 0x00, 0x00, 0x00, 0x00, 0x00, 0x00, 0x00,
  0x00, 0x00, 0x00, 0x00, 0x00, 0x00, 0x00, 0x00, 0x00, 0x00, 0x00, 0x00,
  0x00, 0x00, 0x00, 0x00, 0x00, 0x00, 0x00, 0x00, 0x00, 0x00, 0x00, 0x00,
  0x00, 0x00, 0x00, 0x00, 0x00, 0x00, 0x00, 0x00, 0x00, 0x00, 0x00, 0x00,
  0x00, 0x00, 0x00, 0x00, 0x00, 0x00, 0x00, 0x00, 0x00, 0x00, 0x00, 0x00,
  0x00, 0x00, 0x00, 0x00, 0x00, 0x00, 0x00, 0x00, 0x00, 0x00, 0x00, 0x00,
  0x00, 0x00, 0x00, 0x00, 0x00, 0x00, 0x00, 0x00, 0x00, 0x00, 0x00, 0x00,
  0x00, 0x00, 0x00, 0x00, 0x00, 0x00, 0x00, 0x00, 0x00, 0x00, 0x00, 0x00,
  0x00, 0x00, 0x00, 0x00, 0x00, 0x00, 0x00, 0x00, 0x00, 0x00, 0x00, 0x00,
  0x00, 0x00, 0x00, 0x00, 0x00, 0x00, 0x00, 0x00, 0x00, 0x00, 0x00, 0x00,
  0x00, 0x00, 0x00, 0x00, 0x00, 0x00, 0x00, 0x00, 0x00, 0x00, 0x00, 0x00,
  0x00, 0x00, 0x00, 0x00, 0x00, 0x00, 0x00, 0x00, 0x00, 0x00, 0x00, 0x00,
  0x00, 0x00, 0x00, 0x00, 0x00, 0x00, 0x00, 0x00, 0x00, 0x00, 0x00, 0x00,
  0x00, 0x00, 0x00, 0x00, 0x00, 0x00, 0x00, 0x00, 0x00, 0x00, 0x00, 0x00,
  0x00, 0x00, 0x00, 0x00, 0x00, 0x00, 0x00, 0x00, 0x00, 0x00, 0x00, 0x00,
  0x00, 0x00, 0x00, 0x00, 0x00, 0x00, 0x00, 0x00, 0x00, 0x00, 0x00, 0x00,
  0x00, 0x00, 0x00, 0x00, 0x00, 0x00, 0x00, 0x00, 0x00, 0x00, 0x00, 0x00,
  0x00, 0x00, 0x00, 0x00, 0x00, 0x00, 0x00, 0x00, 0x00, 0x00, 0x00, 0x00,
  0x00, 0x00, 0x00, 0x00, 0x00, 0x00, 0x00, 0x00, 0x00, 0x00, 0x00, 0x00,
  0x00, 0x00, 0x00, 0x00, 0x00, 0x00, 0x00, 0x00, 0x00, 0x00, 0x00, 0x00,
  0x00, 0x00, 0x00, 0x00, 0x00, 0x00, 0x00, 0x00, 0x00, 0x00, 0x00, 0x00,
  0x00, 0x00, 0x00, 0x00, 0x00, 0x00, 0x00, 0x00, 0x00, 0x00, 0x00, 0x00,
  0x00, 0x00, 0x00, 0x00, 0x00, 0x00, 0x00, 0x00, 0x00, 0x00, 0x00, 0x00,
  0x00, 0x00, 0x00, 0x00, 0x00, 0x00, 0x00, 0x00, 0x00, 0x00, 0x00, 0x00,
  0x00, 0x00, 0x00, 0x00, 0x00, 0x00, 0x00, 0x00, 0x00, 0x00, 0x00, 0x00,
  0x00, 0x00, 0x00, 0x00, 0x00, 0x00, 0x00, 0x00, 0x00, 0x00, 0x00, 0x00,
  0x00, 0x00, 0x00, 0x00, 0x00, 0x00, 0x00, 0x00, 0x00, 0x00, 0x00, 0x00,
  0x00, 0x00, 0x00, 0x00, 0x00, 0x00, 0x00, 0x00, 0x00, 0x00, 0x00, 0x00,
  0x00, 0x00, 0x00, 0x00, 0x00, 0x00, 0x00, 0x00, 0x00, 0x00, 0x00, 0x00,
  0x00, 0x00, 0x00, 0x00, 0x00, 0x00, 0x00, 0x00, 0x00, 0x00, 0x00, 0x00,
  0x00, 0x00, 0x00, 0x00, 0x00, 0x00, 0x00, 0x00, 0x00, 0x00, 0x00, 0x00,
  0x00, 0x00, 0x00, 0x00, 0x00, 0x00, 0x00, 0x00, 0x00, 0x00, 0x00, 0x00,
  0x00, 0x00, 0x00, 0x00, 0x00, 0x00, 0x00, 0x00, 0x00, 0x00, 0x00, 0x00,
  0x00, 0x00, 0x00, 0x00, 0x00, 0x00, 0x00, 0x00, 0x00, 0x00, 0x00, 0x00,
  0x00, 0x00, 0x00, 0x00, 0x00, 0x00, 0x00, 0x00, 0x00, 0x00, 0x00, 0x00,
  0x00, 0x00, 0x00, 0x00, 0x00, 0x00, 0x00, 0x00, 0x00, 0x00, 0x00, 0x00,
  0x00, 0x00, 0x00, 0x00, 0x00, 0x00, 0x00, 0x00, 0x00, 0x00, 0x00, 0x00,
  0x00, 0x00, 0x00, 0x00, 0x00, 0x00, 0x00, 0x00, 0x00, 0x00, 0x00, 0x00,
  0x00, 0x00, 0x00, 0x00, 0x00, 0x00, 0x00, 0x00, 0x00, 0x00, 0x00, 0x00,
  0x00, 0x00, 0x00, 0x00, 0x00, 0x00, 0x00, 0x00, 0x00, 0x00, 0x00, 0x00,
  0x00, 0x00, 0x00, 0x00, 0x00, 0x00, 0x00, 0x00, 0x00, 0x00, 0x00, 0x00,
  0x00, 0x00, 0x00, 0x00, 0x00, 0x00, 0x00, 0x00, 0x00, 0x00, 0x00, 0x00,
  0x00, 0x00, 0x00, 0x00, 0x00, 0x00, 0x00, 0x00, 0x00, 0x00, 0x00, 0x00,
  0x00, 0x00, 0x00, 0x00, 0x00, 0x00, 0x00, 0x00, 0x00, 0x00, 0x00, 0x00,
  0x00, 0x00, 0x00, 0x00, 0x00, 0x00, 0x00, 0x00, 0x00, 0x00, 0x00, 0x00,
  0x00, 0x00, 0x00, 0x00, 0x00, 0x00, 0x00, 0x00, 0x00, 0x00, 0x00, 0x00,
  0x00, 0x00, 0x00, 0x00, 0x00, 0x00, 0x00, 0x00, 0x00, 0x00, 0x00, 0x00,
  0x00, 0x00, 0x00, 0x00, 0x00, 0x00, 0x00, 0x00, 0x00, 0x00, 0x00, 0x00,
  0x00, 0x00, 0x00, 0x00, 0x00, 0x00, 0x00, 0x00, 0x00, 0x00, 0x00, 0x00,
  0x00, 0x00, 0x00, 0x00, 0x00, 0x00, 0x00, 0x00, 0x00, 0x00, 0x00, 0x00,
  0x00, 0x00, 0x00, 0x00, 0x00, 0x00, 0x00, 0x00, 0x00, 0x00, 0x00, 0x00,
  0x00, 0x00, 0x00, 0x00, 0x00, 0x00, 0x00, 0x00, 0x00, 0x00, 0x00, 0x00,
  0x00, 0x00, 0x00, 0x00, 0x00, 0x00, 0x00, 0x00, 0x00, 0x00, 0x00, 0x00,
  0x00, 0x00, 0x00, 0x00, 0x00, 0x00, 0x00, 0x00, 0x00, 0x00, 0x00, 0x00,
  0x00, 0x00, 0x00, 0x00, 0x00, 0x00, 0x00, 0x00, 0x00, 0x00, 0x00, 0x00,
  0x00, 0x00, 0x00, 0x00, 0x00, 0x00, 0x00, 0x00, 0x00, 0x00, 0x00, 0x00,
  0x00, 0x00, 0x00, 0x00, 0x00, 0x00, 0x00, 0x00, 0x00, 0x00, 0x00, 0x00,
  0x00, 0x00, 0x00, 0x00, 0x00, 0x00, 0x00, 0x00, 0x00, 0x00, 0x00, 0x00,
  0x00, 0x00, 0x00, 0x00, 0x00, 0x00, 0x00, 0x00, 0x00, 0x00, 0x00, 0x00,
  0x00, 0x00, 0x00, 0x00, 0x00, 0x00, 0x00, 0x00, 0x00, 0x00, 0x00, 0x00,
  0x00, 0x00, 0x00, 0x00, 0x00, 0x00, 0x00, 0x00, 0x00, 0x00, 0x00, 0x00,
  0x00, 0x00, 0x00, 0x00, 0x00, 0x00, 0x00, 0x00, 0x00, 0x00, 0x00, 0x00,
  0x00, 0x00, 0x00, 0x00, 0x00, 0x00, 0x00, 0x00, 0x00, 0x00, 0x00, 0x00,
  0x00, 0x00, 0x00, 0x00, 0x00, 0x00, 0x00, 0x00, 0x00, 0x00, 0x00, 0x00,
  0x00, 0x00, 0x00, 0x00, 0x00, 0x00, 0x00, 0x00, 0x00, 0x00, 0x00, 0x00,
  0x00, 0x00, 0x00, 0x00, 0x00, 0x00, 0x00, 0x00, 0x00, 0x00, 0x00, 0x00,
  0x00, 0x00, 0x00, 0x00, 0x00, 0x00, 0x00, 0x00, 0x00, 0x00, 0x00, 0x00,
  0x00, 0x00, 0x00, 0x00, 0x00, 0x00, 0x00, 0x00, 0x00, 0x00, 0x00, 0x00,
  0x00, 0x00, 0x00, 0x00, 0x00, 0x00, 0x00, 0x00, 0x00, 0x00, 0x00, 0x00,
  0x00, 0x00, 0x00, 0x00, 0x00, 0x00, 0x00, 0x00, 0x00, 0x00, 0x00, 0x00,
  0x00, 0x00, 0x00, 0x00, 0x00, 0x00, 0x00, 0x00, 0x00, 0x00, 0x00, 0x00,
  0x00, 0x00, 0x00, 0x00, 0x00, 0x00, 0x00, 0x00, 0x00, 0x00, 0x00, 0x00,
  0x00, 0x00, 0x00, 0x00, 0x00, 0x00, 0x00, 0x00, 0x00, 0x00, 0x00, 0x00,
  0x00, 0x00, 0x00, 0x00, 0x00, 0x00, 0x00, 0x00, 0x00, 0x00, 0x00, 0x00,
  0x00, 0x00, 0x00, 0x00, 0x00, 0x00, 0x00, 0x00, 0x00, 0x00, 0x00, 0x00,
  0x00, 0x00, 0x00, 0x00, 0x00, 0x00, 0x00, 0x00, 0x00, 0x00, 0x00, 0x00,
  0x00, 0x00, 0x00, 0x00, 0x00, 0x00, 0x00, 0x00, 0x00, 0x00, 0x00, 0x00,
  0x00, 0x00, 0x00, 0x00, 0x00, 0x00, 0x00, 0x00, 0x00, 0x00, 0x00, 0x00,
  0x00, 0x00, 0x00, 0x00, 0x00, 0x00, 0x00, 0x00, 0x00, 0x00, 0x00, 0x00,
  0x00, 0x00, 0x00, 0x00, 0x00, 0x00, 0x00, 0x00, 0x00, 0x00, 0x00, 0x00,
  0x00, 0x00, 0x00, 0x00, 0x00, 0x00, 0x00, 0x00, 0x00, 0x00, 0x00, 0x00,
  0x00, 0x00, 0x00, 0x00, 0x00, 0x00, 0x00, 0x00, 0x00, 0x00, 0x00, 0x00,
  0x00, 0x00, 0x00, 0x00, 0x00, 0x00, 0x00, 0x00, 0x00, 0x00, 0x00, 0x00,
  0x00, 0x00, 0x00, 0x00, 0x00, 0x00, 0x00, 0x00, 0x00, 0x00, 0x00, 0x00,
  0x00, 0x00, 0x00, 0x00, 0x00, 0x00, 0x00, 0x00, 0x00, 0x00, 0x00, 0x00,
  0x00, 0x00, 0x00, 0x00, 0x00, 0x00, 0x00, 0x00, 0x00, 0x00, 0x00, 0x00,
  0x00, 0x00, 0x00, 0x00, 0x00, 0x00, 0x00, 0x00, 0x00, 0x00, 0x00, 0x00,
  0x00, 0x00, 0x00, 0x00, 0x00, 0x00, 0x00, 0x00, 0x00, 0x00, 0x00, 0x00,
  0x00, 0x00, 0x00, 0x00, 0x00, 0x00, 0x00, 0x00, 0x00, 0x00, 0x00, 0x00,
  0x00, 0x00, 0x00, 0x00, 0x00, 0x00, 0x00, 0x00, 0x00, 0x00, 0x00, 0x00,
  0x00, 0x00, 0x00, 0x00, 0x00, 0x00, 0x00, 0x00, 0x00, 0x00, 0x00, 0x00,
  0x00, 0x00, 0x00, 0x00, 0x00, 0x00, 0x00, 0x00, 0x00, 0x00, 0x00, 0x00,
  0x00, 0x00, 0x00, 0x00, 0x00, 0x00, 0x00, 0x00, 0x00, 0x00, 0x00, 0x00,
  0x00, 0x00, 0x00, 0x00, 0x00, 0x00, 0x00, 0x00, 0x00, 0x00, 0x00, 0x00,
  0x00, 0x00, 0x00, 0x00, 0x00, 0x00, 0x00, 0x00, 0x00, 0x00, 0x00, 0x00,
  0x00, 0x00, 0x00, 0x00, 0x00, 0x00, 0x00, 0x00, 0x00, 0x00, 0x00, 0x00,
  0x00, 0x00, 0x00, 0x00, 0x00, 0x00, 0x00, 0x00, 0x00, 0x00, 0x00, 0x00,
  0x00, 0x00, 0x00, 0x00, 0x00, 0x00, 0x00, 0x00, 0x00, 0x00, 0x00, 0x00,
  0x00, 0x00, 0x00, 0x00, 0x00, 0x00, 0x00, 0x00, 0x00, 0x00, 0x00, 0x00,
  0x00, 0x00, 0x00, 0x00, 0x00, 0x00, 0x00, 0x00, 0x00, 0x00, 0x00, 0x00,
  0x00, 0x00, 0x00, 0x00, 0x00, 0x00, 0x00, 0x00, 0x00, 0x00, 0x00, 0x00,
  0x00, 0x00, 0x00, 0x00, 0x00, 0x00, 0x00, 0x00, 0x00, 0x00, 0x00, 0x00,
  0x00, 0x00, 0x00, 0x00, 0x00, 0x00, 0x00, 0x00, 0x00, 0x00, 0x00, 0x00,
  0x00, 0x00, 0x00, 0x00, 0x00, 0x00, 0x00, 0x00, 0x00, 0x00, 0x00, 0x00,
  0x00, 0x00, 0x00, 0x00, 0x00, 0x00, 0x00, 0x00, 0x00, 0x00, 0x00, 0x00,
  0x00, 0x00, 0x00, 0x00, 0x00, 0x00, 0x00, 0x00, 0x00, 0x00, 0x00, 0x00,
  0x00, 0x00, 0x00, 0x00, 0x00, 0x00, 0x00, 0x00, 0x00, 0x00, 0x00, 0x00,
  0x00, 0x00, 0x00, 0x00, 0x00, 0x00, 0x00, 0x00, 0x01, 0x00, 0x00, 0x00,
  0x2f, 0x00, 0x00, 0x00, 0x00, 0x00, 0x00, 0x00, 0x00, 0x00, 0x00, 0x00,
  0x00, 0x00, 0x00, 0x00, 0x00, 0x00, 0x00, 0x00, 0x00, 0x00, 0x00, 0x00,
  0x00, 0x00, 0x00, 0x00, 0x00, 0x00, 0x00, 0x00, 0x00, 0x00, 0x00, 0x00,
  0x00, 0x00, 0x00, 0x00, 0x00, 0x00, 0x00, 0x00, 0x00, 0x00, 0x00, 0x00,
  0x00, 0x00, 0x00, 0x00, 0x00, 0x00, 0x00, 0x00, 0x00, 0x00, 0x00, 0x00,
  0x00, 0x00, 0x00, 0x00, 0x00, 0x00, 0x00, 0x00, 0x00, 0x00, 0x00, 0x00,
  0x00, 0x00, 0x00, 0x00, 0x00, 0x00, 0x00, 0x00, 0x00, 0x00, 0x00, 0x00,
  0x00, 0x00, 0x00, 0x00, 0x00, 0x00, 0x00, 0x00, 0x00, 0x00, 0x00, 0x00,
  0x00, 0x00, 0x00, 0x00, 0x00, 0x00, 0x00, 0x00, 0x00, 0x00, 0x00, 0x00,
  0x00, 0x00, 0x00, 0x00, 0x00, 0x00, 0x00, 0x00, 0x00, 0x00, 0x00, 0x00,
  0x00, 0x00, 0x00, 0x00, 0x00, 0x00, 0x00, 0x00, 0x00, 0x00, 0x00, 0x00,
  0x00, 0x00, 0x00, 0x00, 0x00, 0x00, 0x00, 0x00, 0x00, 0x00, 0x00, 0x00,
  0x00, 0x00, 0x00, 0x00, 0x00, 0x00, 0x00, 0x00, 0x00, 0x00, 0x00, 0x00,
  0x00, 0x00, 0x00, 0x00, 0x00, 0x00, 0x00, 0x00, 0x00, 0x00, 0x00, 0x00,
  0x00, 0x00, 0x00, 0x00, 0x00, 0x00, 0x00, 0x00, 0x00, 0x00, 0x00, 0x00,
  0x00, 0x00, 0x00, 0x00, 0x00, 0x00, 0x00, 0x00, 0x00, 0x00, 0x00, 0x00,
  0x00, 0x00, 0x00, 0x00, 0x00, 0x00, 0x00, 0x00, 0x00, 0x00, 0x00, 0x00,
  0x00, 0x00, 0x00, 0x00, 0x00, 0x00, 0x00, 0x00, 0x00, 0x00, 0x00, 0x00,
  0x00, 0x00, 0x00, 0x00, 0x00, 0x00, 0x00, 0x00, 0x00, 0x00, 0x00, 0x00,
  0x00, 0x00, 0x00, 0x00, 0x00, 0x00, 0x00, 0x00, 0x00, 0x00, 0x00, 0x00,
  0x00, 0x00, 0x00, 0x00, 0x00, 0x00, 0x00, 0x00, 0x00, 0x00, 0x00, 0x00,
  0x00, 0x00, 0x00, 0x00, 0x00, 0x00, 0x00, 0x00, 0x00, 0x00, 0x00, 0x00,
  0x00, 0x00, 0x00, 0x00, 0x00, 0x00, 0x00, 0x00, 0x00, 0x00, 0x00, 0x00,
  0x00, 0x00, 0x00, 0x00, 0x01, 0x00, 0x00, 0x00, 0x00, 0x00, 0x00, 0x00,
  0x00, 0x00, 0x00, 0x00, 0x04, 0x00, 0xf1, 0xff, 0x0c, 0x00, 0x00, 0x00,
  0x00, 0x00, 0x80, 0x00, 0x44, 0x00, 0x00, 0x00, 0x00, 0x00, 0x01, 0x00,
  0x13, 0x00, 0x00, 0x00, 0x44, 0x00, 0x80, 0x00, 0x39, 0x00, 0x00, 0x00,
  0x00, 0x00, 0x01, 0x00, 0x1a, 0x00, 0x00, 0x00, 0x80, 0x00, 0x80, 0x00,
  0x34, 0x00, 0x00, 0x00, 0x00, 0x00, 0x01, 0x00, 0x26, 0x00, 0x00, 0x00,
  0xb4, 0x00, 0x80, 0x00, 0x2c, 0x00, 0x00, 0x00, 0x00, 0x00, 0x01, 0x00,
  0x32, 0x00, 0x00, 0x00, 0xe0, 0x00, 0x80, 0x00, 0x60, 0x00, 0x00, 0x00,
  0x00, 0x00, 0x01, 0x00, 0x3f, 0x00, 0x00, 0x00, 0x40, 0x01, 0x80, 0x00,
  0x4b, 0x00, 0x00, 0x00, 0x00, 0x00, 0x01, 0x00, 0x4b, 0x00, 0x00, 0x00,
  0x8c, 0x01, 0x80, 0x00, 0x3a, 0x00, 0x00, 0x00, 0x00, 0x00, 0x01, 0x00,
  0x57, 0x00, 0x00, 0x00, 0xc8, 0x01, 0x80, 0x00, 0x5c, 0x00, 0x00, 0x00,
  0x00, 0x00, 0x01, 0x00, 0x64, 0x00, 0x00, 0x00, 0x24, 0x02, 0x80, 0x00,
  0x69, 0x00, 0x00, 0x00, 0x00, 0x00, 0x01, 0x00, 0x71, 0x00, 0x00, 0x00,
  0x90, 0x02, 0x80, 0x00, 0x47, 0x00, 0x00, 0x00, 0x00, 0x00, 0x01, 0x00,
  0x7e, 0x00, 0x00, 0x00, 0xd8, 0x02, 0x80, 0x00, 0x3b, 0x00, 0x00, 0x00,
  0x00, 0x00, 0x01, 0x00, 0x8a, 0x00, 0x00, 0x00, 0x14, 0x03, 0x80, 0x00,
  0x1f, 0x00, 0x00, 0x00, 0x00, 0x00, 0x01, 0x00, 0x97, 0x00, 0x00, 0x00,
  0x34, 0x03, 0x80, 0x00, 0x23, 0x00, 0x00, 0x00, 0x00, 0x00, 0x01, 0x00,
  0xa0, 0x00, 0x00, 0x00, 0x58, 0x03, 0x80, 0x00, 0x1b, 0x00, 0x00, 0x00,
  0x00, 0x00, 0x01, 0x00, 0xae, 0x00, 0x00, 0x00, 0x74, 0x03, 0x80, 0x00,
  0x20, 0x00, 0x00, 0x00, 0x00, 0x00, 0x01, 0x00, 0xb7, 0x00, 0x00, 0x00,
  0x94, 0x03, 0x80, 0x00, 0x22, 0x00, 0x00, 0x00, 0x00, 0x00, 0x01, 0x00,
  0xc4, 0x00, 0x00, 0x00, 0xb8, 0x03, 0x80, 0x00, 0x28, 0x00, 0x00, 0x00,
  0x00, 0x00, 0x01, 0x00, 0xcd, 0x00, 0x00, 0x00, 0xe0, 0x03, 0x80, 0x00,
  0x22, 0x00, 0x00, 0x00, 0x00, 0x00, 0x01, 0x00, 0xdb, 0x00, 0x00, 0x00,
  0x04, 0x04, 0x80, 0x00, 0x22, 0x00, 0x00, 0x00, 0x00, 0x00, 0x01, 0x00,
  0xec, 0x00, 0x00, 0x00, 0x28, 0x04, 0x80, 0x00, 0x1f, 0x00, 0x00, 0x00,
  0x00, 0x00, 0x01, 0x00, 0xfb, 0x00, 0x00, 0x00, 0x48, 0x04, 0x80, 0x00,
  0x1c, 0x00, 0x00, 0x00, 0x00, 0x00, 0x01, 0x00, 0x09, 0x01, 0x00, 0x00,
  0x64, 0x04, 0x80, 0x00, 0x1c, 0x00, 0x00, 0x00, 0x00, 0x00, 0x01, 0x00,
  0x17, 0x01, 0x00, 0x00, 0x80, 0x04, 0x80, 0x00, 0x1c, 0x00, 0x00, 0x00,
  0x00, 0x00, 0x01, 0x00, 0x26, 0x01, 0x00, 0x00, 0x9c, 0x04, 0x80, 0x00,
  0x1c, 0x00, 0x00, 0x00, 0x00, 0x00, 0x01, 0x00, 0x34, 0x01, 0x00, 0x00,
  0xb8, 0x04, 0x80, 0x00, 0x20, 0x00, 0x00, 0x00, 0x00, 0x00, 0x01, 0x00,
  0x43, 0x01, 0x00, 0x00, 0xd8, 0x04, 0x80, 0x00, 0x1c, 0x00, 0x00, 0x00,
  0x00, 0x00, 0x01, 0x00, 0x50, 0x01, 0x00, 0x00, 0xf4, 0x04, 0x80, 0x00,
  0x1e, 0x00, 0x00, 0x00, 0x00, 0x00, 0x01, 0x00, 0x5d, 0x01, 0x00, 0x00,
  0x14, 0x05, 0x80, 0x00, 0x1c, 0x00, 0x00, 0x00, 0x00, 0x00, 0x01, 0x00,
  0x6b, 0x01, 0x00, 0x00, 0x30, 0x05, 0x80, 0x00, 0x18, 0x00, 0x00, 0x00,
  0x00, 0x00, 0x01, 0x00, 0x7a, 0x01, 0x00, 0x00, 0x48, 0x05, 0x80, 0x00,
  0x19, 0x00, 0x00, 0x00, 0x00, 0x00, 0x01, 0x00, 0x83, 0x01, 0x00, 0x00,
  0x64, 0x05, 0x80, 0x00, 0x18, 0x00, 0x00, 0x00, 0x00, 0x00, 0x01, 0x00,
  0x93, 0x01, 0x00, 0x00, 0x7c, 0x05, 0x80, 0x00, 0x18, 0x00, 0x00, 0x00,
  0x00, 0x00, 0x01, 0x00, 0xa0, 0x01, 0x00, 0x00, 0x94, 0x05, 0x80, 0x00,
  0x22, 0x00, 0x00, 0x00, 0x00, 0x00, 0x01, 0x00, 0xb0, 0x01, 0x00, 0x00,
  0xb8, 0x05, 0x80, 0x00, 0x1e, 0x00, 0x00, 0x00, 0x00, 0x00, 0x01, 0x00,
  0xbd, 0x01, 0x00, 0x00, 0xd8, 0x05, 0x80, 0x00, 0x18, 0x00, 0x00, 0x00,
  0x00, 0x00, 0x01, 0x00, 0xcc, 0x01, 0x00, 0x00, 0xf0, 0x05, 0x80, 0x00,
  0x18, 0x00, 0x00, 0x00, 0x00, 0x00, 0x01, 0x00, 0xdc, 0x01, 0x00, 0x00,
  0x08, 0x06, 0x80, 0x00, 0x1b, 0x00, 0x00, 0x00, 0x00, 0x00, 0x01, 0x00,
  0xeb, 0x01, 0x00, 0x00, 0x24, 0x06, 0x80, 0x00, 0x18, 0x00, 0x00, 0x00,
  0x00, 0x00, 0x01, 0x00, 0xfa, 0x01, 0x00, 0x00, 0x3c, 0x06, 0x80, 0x00,
  0x18, 0x00, 0x00, 0x00, 0x00, 0x00, 0x01, 0x00, 0x0a, 0x02, 0x00, 0x00,
  0x54, 0x06, 0x80, 0x00, 0x1b, 0x00, 0x00, 0x00, 0x00, 0x00, 0x01, 0x00,
  0x19, 0x02, 0x00, 0x00, 0x70, 0x06, 0x80, 0x00, 0x22, 0x00, 0x00, 0x00,
  0x00, 0x00, 0x01, 0x00, 0x2b, 0x02, 0x00, 0x00, 0x94, 0x06, 0x80, 0x00,
  0x18, 0x00, 0x00, 0x00, 0x00, 0x00, 0x01, 0x00, 0x38, 0x02, 0x00, 0x00,
  0xac, 0x06, 0x80, 0x00, 0x1b, 0x00, 0x00, 0x00, 0x00, 0x00, 0x01, 0x00,
  0x48, 0x02, 0x00, 0x00, 0xc8, 0x06, 0x80, 0x00, 0x1b, 0x00, 0x00, 0x00,
  0x00, 0x00, 0x01, 0x00, 0x57, 0x02, 0x00, 0x00, 0xe4, 0x06, 0x80, 0x00,
  0x1f, 0x00, 0x00, 0x00, 0x00, 0x00, 0x01, 0x00, 0x67, 0x02, 0x00, 0x00,
  0x04, 0x07, 0x80, 0x00, 0x1f, 0x00, 0x00, 0x00, 0x00, 0x00, 0x01, 0x00,
  0x78, 0x02, 0x00, 0x00, 0x24, 0x07, 0x80, 0x00, 0x1b, 0x00, 0x00, 0x00,
  0x00, 0x00, 0x01, 0x00, 0x8a, 0x02, 0x00, 0x00, 0x40, 0x07, 0x80, 0x00,
  0x1f, 0x00, 0x00, 0x00, 0x00, 0x00, 0x01, 0x00, 0x9a, 0x02, 0x00, 0x00,
  0x60, 0x07, 0x80, 0x00, 0x22, 0x00, 0x00, 0x00, 0x00, 0x00, 0x01, 0x00,
  0xab, 0x02, 0x00, 0x00, 0x84, 0x07, 0x80, 0x00, 0x1f, 0x00, 0x00, 0x00,
  0x00, 0x00, 0x01, 0x00, 0xba, 0x02, 0x00, 0x00, 0xa4, 0x07, 0x80, 0x00,
  0x27, 0x00, 0x00, 0x00, 0x00, 0x00, 0x01, 0x00, 0xc8, 0x02, 0x00, 0x00,
  0xcc, 0x07, 0x80, 0x00, 0x1f, 0x00, 0x00, 0x00, 0x00, 0x00, 0x01, 0x00,
  0xd7, 0x02, 0x00, 0x00, 0xec, 0x07, 0x80, 0x00, 0x22, 0x00, 0x00, 0x00,
  0x00, 0x00, 0x01, 0x00, 0xe9, 0x02, 0x00, 0x00, 0x10, 0x08, 0x80, 0x00,
  0x9d, 0x00, 0x00, 0x00, 0x00, 0x00, 0x01, 0x00, 0xf3, 0x02, 0x00, 0x00,
  0xb0, 0x08, 0x80, 0x00, 0x2e, 0x00, 0x00, 0x00, 0x00, 0x00, 0x01, 0x00,
  0xfc, 0x02, 0x00, 0x00, 0xe0, 0x08, 0x80, 0x00, 0x19, 0x00, 0x00, 0x00,
  0x00, 0x00, 0x01, 0x00, 0x00, 0x03, 0x00, 0x00, 0xfc, 0x08, 0x80, 0x00,
  0x0d, 0x00, 0x00, 0x00, 0x00, 0x00, 0x01, 0x00, 0x05, 0x03, 0x00, 0x00,
  0x0c, 0x09, 0x80, 0x00, 0x2b, 0x00, 0x00, 0x00, 0x00, 0x00, 0x01, 0x00,
  0x0e, 0x03, 0x00, 0x00, 0x38, 0x09, 0x80, 0x00, 0x41, 0x00, 0x00, 0x00,
  0x00, 0x00, 0x01, 0x00, 0x17, 0x03, 0x00, 0x00, 0x7c, 0x09, 0x80, 0x00,
  0x1b, 0x00, 0x00, 0x00, 0x00, 0x00, 0x01, 0x00, 0x21, 0x03, 0x00, 0x00,
  0x98, 0x09, 0x80, 0x00, 0x19, 0x00, 0x00, 0x00, 0x00, 0x00, 0x01, 0x00,
  0x29, 0x03, 0x00, 0x00, 0xb4, 0x09, 0x80, 0x00, 0x12, 0x00, 0x00, 0x00,
  0x00, 0x00, 0x01, 0x00, 0x2f, 0x03, 0x00, 0x00, 0xc8, 0x09, 0x80, 0x00,
  0x12, 0x00, 0x00, 0x00, 0x00, 0x00, 0x01, 0x00, 0x35, 0x03, 0x00, 0x00,
  0xdc, 0x09, 0x80, 0x00, 0x12, 0x00, 0x00, 0x00, 0x00, 0x00, 0x01, 0x00,
  0x3b, 0x03, 0x00, 0x00, 0xf0, 0x09, 0x80, 0x00, 0x12, 0x00, 0x00, 0x00,
  0x00, 0x00, 0x01, 0x00, 0x41, 0x03, 0x00, 0x00, 0x04, 0x0a, 0x80, 0x00,
  0x12, 0x00, 0x00, 0x00, 0x00, 0x00, 0x01, 0x00, 0x47, 0x03, 0x00, 0x00,
  0x18, 0x0a, 0x80, 0x00, 0x12, 0x00, 0x00, 0x00, 0x00, 0x00, 0x01, 0x00,
  0x4d, 0x03, 0x00, 0x00, 0x2c, 0x0a, 0x80, 0x00, 0x12, 0x00, 0x00, 0x00,
  0x00, 0x00, 0x01, 0x00, 0x53, 0x03, 0x00, 0x00, 0x40, 0x0a, 0x80, 0x00,
  0x31, 0x00, 0x00, 0x00, 0x00, 0x00, 0x01, 0x00, 0x5c, 0x03, 0x00, 0x00,
  0x74, 0x0a, 0x80, 0x00, 0x45, 0x00, 0x00, 0x00, 0x00, 0x00, 0x01, 0x00,
  0x65, 0x03, 0x00, 0x00, 0xbc, 0x0a, 0x80, 0x00, 0x10, 0x00, 0x00, 0x00,
  0x00, 0x00, 0x01, 0x00, 0x70, 0x03, 0x00, 0x00, 0xcc, 0x0a, 0x80, 0x00,
  0x77, 0x00, 0x00, 0x00, 0x00, 0x00, 0x01, 0x00, 0x7a, 0x03, 0x00, 0x00,
  0x44, 0x0b, 0x80, 0x00, 0x33, 0x00, 0x00, 0x00, 0x00, 0x00, 0x01, 0x00,
  0x84, 0x03, 0x00, 0x00, 0x78, 0x0b, 0x80, 0x00, 0x28, 0x00, 0x00, 0x00,
  0x00, 0x00, 0x01, 0x00, 0x8e, 0x03, 0x00, 0x00, 0xa0, 0x0b, 0x80, 0x00,
  0x38, 0x00, 0x00, 0x00, 0x00, 0x00, 0x01, 0x00, 0x97, 0x03, 0x00, 0x00,
  0xd8, 0x0b, 0x80, 0x00, 0x04, 0x01, 0x00, 0x00, 0x00, 0x00, 0x01, 0x00,
  0xa2, 0x03, 0x00, 0x00, 0xdc, 0x0c, 0x80, 0x00, 0x6f, 0x00, 0x00, 0x00,
  0x00, 0x00, 0x01, 0x00, 0xb0, 0x03, 0x00, 0x00, 0xc8, 0x0e, 0x80, 0x00,
  0x1f, 0x00, 0x00, 0x00, 0x00, 0x00, 0x01, 0x00, 0xc9, 0x03, 0x00, 0x00,
  0xac, 0x0e, 0x80, 0x00, 0x1b, 0x00, 0x00, 0x00, 0x00, 0x00, 0x01, 0x00,
  0xdf, 0x03, 0x00, 0x00, 0xe8, 0x0e, 0x80, 0x00, 0x20, 0x00, 0x00, 0x00,
  0x00, 0x00, 0x01, 0x00, 0xe7, 0x03, 0x00, 0x00, 0x00, 0x00, 0x00, 0x00,
  0x00, 0x00, 0x00, 0x00, 0x04, 0x00, 0xf1, 0xff, 0x0c, 0x00, 0x00, 0x00,
  0x08, 0x0f, 0x80, 0x00, 0x44, 0x00, 0x00, 0x00, 0x00, 0x00, 0x01, 0x00,
  0x13, 0x00, 0x00, 0x00, 0x4c, 0x0f, 0x80, 0x00, 0x39, 0x00, 0x00, 0x00,
  0x00, 0x00, 0x01, 0x00, 0x1a, 0x00, 0x00, 0x00, 0x88, 0x0f, 0x80, 0x00,
  0x34, 0x00, 0x00, 0x00, 0x00, 0x00, 0x01, 0x00, 0x26, 0x00, 0x00, 0x00,
  0xbc, 0x0f, 0x80, 0x00, 0x2c, 0x00, 0x00, 0x00, 0x00, 0x00, 0x01, 0x00,
  0x32, 0x00, 0x00, 0x00, 0xe8, 0x0f, 0x80, 0x00, 0x60, 0x00, 0x00, 0x00,
  0x00, 0x00, 0x01, 0x00, 0x3f, 0x00, 0x00, 0x00, 0x48, 0x10, 0x80, 0x00,
  0x4b, 0x00, 0x00, 0x00, 0x00, 0x00, 0x01, 0x00, 0x4b, 0x00, 0x00, 0x00,
  0x94, 0x10, 0x80, 0x00, 0x3a, 0x00, 0x00, 0x00, 0x00, 0x00, 0x01, 0x00,
  0x57, 0x00, 0x00, 0x00, 0xd0, 0x10, 0x80, 0x00, 0x5c, 0x00, 0x00, 0x00,
  0x00, 0x00, 0x01, 0x00, 0x64, 0x00, 0x00, 0x00, 0x2c, 0x11, 0x80, 0x00,
  0x69, 0x00, 0x00, 0x00, 0x00, 0x00, 0x01, 0x00, 0x71, 0x00, 0x00, 0x00,
  0x98, 0x11, 0x80, 0x00, 0x47, 0x00, 0x00, 0x00, 0x00, 0x00, 0x01, 0x00,
  0x7e, 0x00, 0x00, 0x00, 0xe0, 0x11, 0x80, 0x00, 0x3b, 0x00, 0x00, 0x00,
  0x00, 0x00, 0x01, 0x00, 0x8a, 0x00, 0x00, 0x00, 0x1c, 0x12, 0x80, 0x00,
  0x1f, 0x00, 0x00, 0x00, 0x00, 0x00, 0x01, 0x00, 0x97, 0x00, 0x00, 0x00,
  0x3c, 0x12, 0x80, 0x00, 0x23, 0x00, 0x00, 0x00, 0x00, 0x00, 0x01, 0x00,
  0xa0, 0x00, 0x00, 0x00, 0x60, 0x12, 0x80, 0x00, 0x1b, 0x00, 0x00, 0x00,
  0x00, 0x00, 0x01, 0x00, 0xae, 0x00, 0x00, 0x00, 0x7c, 0x12, 0x80, 0x00,
  0x20, 0x00, 0x00, 0x00, 0x00, 0x00, 0x01, 0x00, 0xb7, 0x00, 0x00, 0x00,
  0x9c, 0x12, 0x80, 0x00, 0x22, 0x00, 0x00, 0x00, 0x00, 0x00, 0x01, 0x00,
  0xc4, 0x00, 0x00, 0x00, 0xc0, 0x12, 0x80, 0x00, 0x28, 0x00, 0x00, 0x00,
  0x00, 0x00, 0x01, 0x00, 0xcd, 0x00, 0x00, 0x00, 0xe8, 0x12, 0x80, 0x00,
  0x22, 0x00, 0x00, 0x00, 0x00, 0x00, 0x01, 0x00, 0xdb, 0x00, 0x00, 0x00,
  0x0c, 0x13, 0x80, 0x00, 0x22, 0x00, 0x00, 0x00, 0x00, 0x00, 0x01, 0x00,
  0xec, 0x00, 0x00, 0x00, 0x30, 0x13, 0x80, 0x00, 0x1f, 0x00, 0x00, 0x00,
  0x00, 0x00, 0x01, 0x00, 0xfb, 0x00, 0x00, 0x00, 0x50, 0x13, 0x80, 0x00,
  0x1c, 0x00, 0x00, 0x00, 0x00, 0x00, 0x01, 0x00, 0x09, 0x01, 0x00, 0x00,
  0x6c, 0x13, 0x80, 0x00, 0x1c, 0x00, 0x00, 0x00, 0x00, 0x00, 0x01, 0x00,
  0x17, 0x01, 0x00, 0x00, 0x88, 0x13, 0x80, 0x00, 0x1c, 0x00, 0x00, 0x00,
  0x00, 0x00, 0x01, 0x00, 0x26, 0x01, 0x00, 0x00, 0xa4, 0x13, 0x80, 0x00,
  0x1c, 0x00, 0x00, 0x00, 0x00, 0x00, 0x01, 0x00, 0x34, 0x01, 0x00, 0x00,
  0xc0, 0x13, 0x80, 0x00, 0x20, 0x00, 0x00, 0x00, 0x00, 0x00, 0x01, 0x00,
  0x43, 0x01, 0x00, 0x00, 0xe0, 0x13, 0x80, 0x00, 0x1c, 0x00, 0x00, 0x00,
  0x00, 0x00, 0x01, 0x00, 0x50, 0x01, 0x00, 0x00, 0xfc, 0x13, 0x80, 0x00,
  0x1e, 0x00, 0x00, 0x00, 0x00, 0x00, 0x01, 0x00, 0x5d, 0x01, 0x00, 0x00,
  0x1c, 0x14, 0x80, 0x00, 0x1c, 0x00, 0x00, 0x00, 0x00, 0x00, 0x01, 0x00,
  0x6b, 0x01, 0x00, 0x00, 0x38, 0x14, 0x80, 0x00, 0x18, 0x00, 0x00, 0x00,
  0x00, 0x00, 0x01, 0x00, 0x7a, 0x01, 0x00, 0x00, 0x50, 0x14, 0x80, 0x00,
  0x19, 0x00, 0x00, 0x00, 0x00, 0x00, 0x01, 0x00, 0x83, 0x01, 0x00, 0x00,
  0x6c, 0x14, 0x80, 0x00, 0x18, 0x00, 0x00, 0x00, 0x00, 0x00, 0x01, 0x00,
  0x93, 0x01, 0x00, 0x00, 0x84, 0x14, 0x80, 0x00, 0x18, 0x00, 0x00, 0x00,
  0x00, 0x00, 0x01, 0x00, 0xa0, 0x01, 0x00, 0x00, 0x9c, 0x14, 0x80, 0x00,
  0x22, 0x00, 0x00, 0x00, 0x00, 0x00, 0x01, 0x00, 0xb0, 0x01, 0x00, 0x00,
  0xc0, 0x14, 0x80, 0x00, 0x1e, 0x00, 0x00, 0x00, 0x00, 0x00, 0x01, 0x00,
  0xbd, 0x01, 0x00, 0x00, 0xe0, 0x14, 0x80, 0x00, 0x18, 0x00, 0x00, 0x00,
  0x00, 0x00, 0x01, 0x00, 0xcc, 0x01, 0x00, 0x00, 0xf8, 0x14, 0x80, 0x00,
  0x18, 0x00, 0x00, 0x00, 0x00, 0x00, 0x01, 0x00, 0xdc, 0x01, 0x00, 0x00,
  0x10, 0x15, 0x80, 0x00, 0x1b, 0x00, 0x00, 0x00, 0x00, 0x00, 0x01, 0x00,
  0xeb, 0x01, 0x00, 0x00, 0x2c, 0x15, 0x80, 0x00, 0x18, 0x00, 0x00, 0x00,
  0x00, 0x00, 0x01, 0x00, 0xfa, 0x01, 0x00, 0x00, 0x44, 0x15, 0x80, 0x00,
  0x18, 0x00, 0x00, 0x00, 0x00, 0x00, 0x01, 0x00, 0x0a, 0x02, 0x00, 0x00,
  0x5c, 0x15, 0x80, 0x00, 0x1b, 0x00, 0x00, 0x00, 0x00, 0x00, 0x01, 0x00,
  0x19, 0x02, 0x00, 0x00, 0x78, 0x15, 0x80, 0x00, 0x22, 0x00, 0x00, 0x00,
  0x00, 0x00, 0x01, 0x00, 0x2b, 0x02, 0x00, 0x00, 0x9c, 0x15, 0x80, 0x00,
  0x18, 0x00, 0x00, 0x00, 0x00, 0x00, 0x01, 0x00, 0x38, 0x02, 0x00, 0x00,
  0xb4, 0x15, 0x80, 0x00, 0x1b, 0x00, 0x00, 0x00, 0x00, 0x00, 0x01, 0x00,
  0x48, 0x02, 0x00, 0x00, 0xd0, 0x15, 0x80, 0x00, 0x1b, 0x00, 0x00, 0x00,
  0x00, 0x00, 0x01, 0x00, 0x57, 0x02, 0x00, 0x00, 0xec, 0x15, 0x80, 0x00,
  0x1f, 0x00, 0x00, 0x00, 0x00, 0x00, 0x01, 0x00, 0x67, 0x02, 0x00, 0x00,
  0x0c, 0x16, 0x80, 0x00, 0x1f, 0x00, 0x00, 0x00, 0x00, 0x00, 0x01, 0x00,
  0x78, 0x02, 0x00, 0x00, 0x2c, 0x16, 0x80, 0x00, 0x1b, 0x00, 0x00, 0x00,
  0x00, 0x00, 0x01, 0x00, 0x8a, 0x02, 0x00, 0x00, 0x48, 0x16, 0x80, 0x00,
  0x1f, 0x00, 0x00, 0x00, 0x00, 0x00, 0x01, 0x00, 0x9a, 0x02, 0x00, 0x00,
  0x68, 0x16, 0x80, 0x00, 0x22, 0x00, 0x00, 0x00, 0x00, 0x00, 0x01, 0x00,
  0xab, 0x02, 0x00, 0x00, 0x8c, 0x16, 0x80, 0x00, 0x1f, 0x00, 0x00, 0x00,
  0x00, 0x00, 0x01, 0x00, 0xba, 0x02, 0x00, 0x00, 0xac, 0x16, 0x80, 0x00,
  0x27, 0x00, 0x00, 0x00, 0x00, 0x00, 0x01, 0x00, 0xc8, 0x02, 0x00, 0x00,
  0xd4, 0x16, 0x80, 0x00, 0x1f, 0x00, 0x00, 0x00, 0x00, 0x00, 0x01, 0x00,
  0xd7, 0x02, 0x00, 0x00, 0xf4, 0x16, 0x80, 0x00, 0x22, 0x00, 0x00, 0x00,
  0x00, 0x00, 0x01, 0x00, 0xe9, 0x02, 0x00, 0x00, 0x18, 0x17, 0x80, 0x00,
  0x9d, 0x00, 0x00, 0x00, 0x00, 0x00, 0x01, 0x00, 0xf3, 0x02, 0x00, 0x00,
  0xb8, 0x17, 0x80, 0x00, 0x2e, 0x00, 0x00, 0x00, 0x00, 0x00, 0x01, 0x00,
  0xfc, 0x02, 0x00, 0x00, 0xe8, 0x17, 0x80, 0x00, 0x19, 0x00, 0x00, 0x00,
  0x00, 0x00, 0x01, 0x00, 0x00, 0x03, 0x00, 0x00, 0x04, 0x18, 0x80, 0x00,
  0x0d, 0x00, 0x00, 0x00, 0x00, 0x00, 0x01, 0x00, 0x05, 0x03, 0x00, 0x00,
  0x14, 0x18, 0x80, 0x00, 0x2b, 0x00, 0x00, 0x00, 0x00, 0x00, 0x01, 0x00,
  0x0e, 0x03, 0x00, 0x00, 0x40, 0x18, 0x80, 0x00, 0x41, 0x00, 0x00, 0x00,
  0x00, 0x00, 0x01, 0x00, 0x17, 0x03, 0x00, 0x00, 0x84, 0x18, 0x80, 0x00,
  0x1b, 0x00, 0x00, 0x00, 0x00, 0x00, 0x01, 0x00, 0x21, 0x03, 0x00, 0x00,
  0xa0, 0x18, 0x80, 0x00, 0x19, 0x00, 0x00, 0x00, 0x00, 0x00, 0x01, 0x00,
  0x29, 0x03, 0x00, 0x00, 0xbc, 0x18, 0x80, 0x00, 0x12, 0x00, 0x00, 0x00,
  0x00, 0x00, 0x01, 0x00, 0x2f, 0x03, 0x00, 0x00, 0xd0, 0x18, 0x80, 0x00,
  0x12, 0x00, 0x00, 0x00, 0x00, 0x00, 0x01, 0x00, 0x35, 0x03, 0x00, 0x00,
  0xe4, 0x18, 0x80, 0x00, 0x12, 0x00, 0x00, 0x00, 0x00, 0x00, 0x01, 0x00,
  0x3b, 0x03, 0x00, 0x00, 0xf8, 0x18, 0x80, 0x00, 0x12, 0x00, 0x00, 0x00,
  0x00, 0x00, 0x01, 0x00, 0x41, 0x03, 0x00, 0x00, 0x0c, 0x19, 0x80, 0x00,
  0x12, 0x00, 0x00, 0x00, 0x00, 0x00, 0x01, 0x00, 0x47, 0x03, 0x00, 0x00,
  0x20, 0x19, 0x80, 0x00, 0x12, 0x00, 0x00, 0x00, 0x00, 0x00, 0x01, 0x00,
  0x4d, 0x03, 0x00, 0x00, 0x34, 0x19, 0x80, 0x00, 0x12, 0x00, 0x00, 0x00,
  0x00, 0x00, 0x01, 0x00, 0x53, 0x03, 0x00, 0x00, 0x48, 0x19, 0x80, 0x00,
  0x31, 0x00, 0x00, 0x00, 0x00, 0x00, 0x01, 0x00, 0x5c, 0x03, 0x00, 0x00,
  0x7c, 0x19, 0x80, 0x00, 0x45, 0x00, 0x00, 0x00, 0x00, 0x00, 0x01, 0x00,
  0x65, 0x03, 0x00, 0x00, 0xc4, 0x19, 0x80, 0x00, 0x10, 0x00, 0x00, 0x00,
  0x00, 0x00, 0x01, 0x00, 0x70, 0x03, 0x00, 0x00, 0xd4, 0x19, 0x80, 0x00,
  0x77, 0x00, 0x00, 0x00, 0x00, 0x00, 0x01, 0x00, 0x7a, 0x03, 0x00, 0x00,
  0x4c, 0x1a, 0x80, 0x00, 0x33, 0x00, 0x00, 0x00, 0x00, 0x00, 0x01, 0x00,
  0x84, 0x03, 0x00, 0x00, 0x80, 0x1a, 0x80, 0x00, 0x28, 0x00, 0x00, 0x00,
  0x00, 0x00, 0x01, 0x00, 0x8e, 0x03, 0x00, 0x00, 0xa8, 0x1a, 0x80, 0x00,
  0x38, 0x00, 0x00, 0x00, 0x00, 0x00, 0x01, 0x00, 0x97, 0x03, 0x00, 0x00,
  0xe0, 0x1a, 0x80, 0x00, 0x04, 0x01, 0x00, 0x00, 0x00, 0x00, 0x01, 0x00,
  0xa2, 0x03, 0x00, 0x00, 0xe4, 0x1b, 0x80, 0x00, 0x6f, 0x00, 0x00, 0x00,
  0x00, 0x00, 0x01, 0x00, 0xf0, 0x03, 0x00, 0x00, 0x04, 0x41, 0x80, 0x00,
  0x04, 0x00, 0x00, 0x00, 0x00, 0x00, 0x03, 0x00, 0xfa, 0x03, 0x00, 0x00,
  0x08, 0x41, 0x80, 0x00, 0x04, 0x00, 0x00, 0x00, 0x00, 0x00, 0x03, 0x00,
  0x0e, 0x04, 0x00, 0x00, 0x54, 0x1c, 0x80, 0x00, 0x3d, 0x00, 0x00, 0x00,
  0x00, 0x00, 0x01, 0x00, 0x1e, 0x04, 0x00, 0x00, 0x00, 0x50, 0x80, 0x00,
  0x14, 0x00, 0x00, 0x00, 0x01, 0x00, 0x04, 0x00, 0xb0, 0x03, 0x00, 0x00,
  0x94, 0x1c, 0x80, 0x00, 0x1f, 0x00, 0x00, 0x00, 0x00, 0x00, 0x01, 0x00,
  0xdf, 0x03, 0x00, 0x00, 0xb4, 0x1c, 0x80, 0x00, 0x20, 0x00, 0x00, 0x00,
  0x00, 0x00, 0x01, 0x00, 0x27, 0x04, 0x00, 0x00, 0xfc, 0x1c, 0x80, 0x00,
  0x2a, 0x00, 0x00, 0x00, 0x00, 0x00, 0x01, 0x00, 0x35, 0x04, 0x00, 0x00,
  0x28, 0x1d, 0x80, 0x00, 0x3a, 0x00, 0x00, 0x00, 0x00, 0x00, 0x01, 0x00,
  0x3d, 0x04, 0x00, 0x00, 0x8c, 0x1d, 0x80, 0x00, 0x2b, 0x00, 0x00, 0x00,
  0x00, 0x00, 0x01, 0x00, 0x4b, 0x04, 0x00, 0x00, 0x08, 0x20, 0x80, 0x00,
  0x37, 0x00, 0x00, 0x00, 0x00, 0x00, 0x01, 0x00, 0x5d, 0x04, 0x00, 0x00,
  0xbc, 0x31, 0x80, 0x00, 0x48, 0x00, 0x00, 0x00, 0x00, 0x00, 0x02, 0x00,
  0x6c, 0x04, 0x00, 0x00, 0x94, 0x20, 0x80, 0x00, 0x12, 0x00, 0x00, 0x00,
  0x00, 0x00, 0x01, 0x00, 0x7c, 0x04, 0x00, 0x00, 0x44, 0x21, 0x80, 0x00,
  0x1b, 0x00, 0x00, 0x00, 0x00, 0x00, 0x01, 0x00, 0x85, 0x04, 0x00, 0x00,
  0x7c, 0x21, 0x80, 0x00, 0x1f, 0x00, 0x00, 0x00, 0x00, 0x00, 0x01, 0x00,
  0x99, 0x04, 0x00, 0x00, 0xb8, 0x21, 0x80, 0x00, 0x1f, 0x00, 0x00, 0x00,
  0x00, 0x00, 0x01, 0x00, 0xb0, 0x04, 0x00, 0x00, 0xb8, 0x1d, 0x80, 0x00,
  0x9f, 0x00, 0x00, 0x00, 0x12, 0x00, 0x01, 0x00, 0xc3, 0x04, 0x00, 0x00,
  0x40, 0x20, 0x80, 0x00, 0x51, 0x00, 0x00, 0x00, 0x12, 0x00, 0x01, 0x00,
  0xf7, 0x00, 0x00, 0x00, 0x04, 0x40, 0x80, 0x00, 0x00, 0x01, 0x00, 0x00,
  0x11, 0x00, 0x03, 0x00, 0xdb, 0x04, 0x00, 0x00, 0xd8, 0x21, 0x80, 0x00,
  0x44, 0x00, 0x00, 0x00, 0x12, 0x00, 0x01, 0x00, 0xed, 0x04, 0x00, 0x00,
  0x30, 0x21, 0x80, 0x00, 0x13, 0x00, 0x00, 0x00, 0x12, 0x00, 0x01, 0x00,
  0xf6, 0x04, 0x00, 0x00, 0x00, 0x40, 0x80, 0x00, 0x04, 0x00, 0x00, 0x00,
  0x11, 0x00, 0x03, 0x00, 0xfd, 0x04, 0x00, 0x00, 0x64, 0x1d, 0x80, 0x00,
  0x25, 0x00, 0x00, 0x00, 0x12, 0x00, 0x01, 0x00, 0x0b, 0x05, 0x00, 0x00,
  0x14, 0x50, 0x80, 0x00, 0x00, 0x00, 0x00, 0x00, 0x10, 0x00, 0x04, 0x00,
  0x15, 0x05, 0x00, 0x00, 0x58, 0x1e, 0x80, 0x00, 0x34, 0x01, 0x00, 0x00,
  0x12, 0x00, 0x01, 0x00, 0x50, 0x05, 0x00, 0x00, 0x4c, 0x0d, 0x80, 0x00,
  0x5e, 0x01, 0x00, 0x00, 0x12, 0x00, 0x01, 0x00, 0x25, 0x05, 0x00, 0x00,
  0x14, 0x50, 0x80, 0x00, 0x00, 0x00, 0x00, 0x00, 0x10, 0x00, 0x04, 0x00,
  0x2b, 0x05, 0x00, 0x00, 0xc8, 0x1f, 0x80, 0x00, 0x3f, 0x00, 0x00, 0x00,
  0x12, 0x00, 0x01, 0x00, 0x3d, 0x05, 0x00, 0x00, 0x1c, 0x22, 0x80, 0x00,
  0x84, 0x00, 0x00, 0x00, 0x12, 0x00, 0x01, 0x00, 0x4b, 0x05, 0x00, 0x00,
  0x00, 0x50, 0x80, 0x00, 0x00, 0x00, 0x00, 0x00, 0x10, 0x00, 0x04, 0x00,
  0x57, 0x05, 0x00, 0x00, 0x8c, 0x1f, 0x80, 0x00, 0x3c, 0x00, 0x00, 0x00,
  0x12, 0x00, 0x01, 0x00, 0x61, 0x05, 0x00, 0x00, 0xa8, 0x20, 0x80, 0x00,
  0x3a, 0x00, 0x00, 0x00, 0x12, 0x00, 0x01, 0x00, 0x79, 0x05, 0x00, 0x00,
  0xd4, 0x1c, 0x80, 0x00, 0x25, 0x00, 0x00, 0x00, 0x12, 0x00, 0x01, 0x00,
  0x87, 0x05, 0x00, 0x00, 0x60, 0x21, 0x80, 0x00, 0x19, 0x00, 0x00, 0x00,
  0x12, 0x00, 0x01, 0x00, 0x9b, 0x05, 0x00, 0x00, 0xe4, 0x20, 0x80, 0x00,
  0x4c, 0x00, 0x00, 0x00, 0x12, 0x00, 0x01, 0x00, 0xae, 0x05, 0x00, 0x00,
  0x9c, 0x21, 0x80, 0x00, 0x19, 0x00, 0x00, 0x00, 0x12, 0x00, 0x01, 0x00,
  0x00, 0x6d, 0x64, 0x6d, 0x5f, 0x6d, 0x69, 0x6e, 0x69, 0x2e, 0x63, 0x00,
  0x6d, 0x65, 0x6d, 0x63, 0x70, 0x79, 0x00, 0x6d, 0x65, 0x6d, 0x73, 0x65,
  0x74, 0x00, 0x6d, 0x75, 0x73, 0x72, 0x5f, 0x73, 0x74, 0x72, 0x6c, 0x65,
  0x6e, 0x00, 0x6d, 0x75, 0x73, 0x72, 0x5f, 0x73, 0x74, 0x72, 0x63, 0x70,
  0x79, 0x00, 0x6d, 0x75, 0x73, 0x72, 0x5f, 0x73, 0x74, 0x72, 0x6e, 0x63,
  0x70, 0x79, 0x00, 0x6d, 0x75, 0x73, 0x72, 0x5f, 0x73, 0x74, 0x72, 0x63,
  0x6d, 0x70, 0x00, 0x6d, 0x75, 0x73, 0x72, 0x5f, 0x73, 0x74, 0x72, 0x63,
  0x61, 0x74, 0x00, 0x6d, 0x75, 0x73, 0x72, 0x5f, 0x73, 0x74, 0x72, 0x6e,
  0x63, 0x61, 0x74, 0x00, 0x6d, 0x75, 0x73, 0x72, 0x5f, 0x73, 0x74, 0x72,
  0x6e, 0x63, 0x6d, 0x70, 0x00, 0x6d, 0x75, 0x73, 0x72, 0x5f, 0x73, 0x74,
  0x72, 0x70, 0x72, 0x65, 0x66, 0x00, 0x6d, 0x75, 0x73, 0x72, 0x5f, 0x73,
  0x74, 0x72, 0x63, 0x68, 0x72, 0x00, 0x6d, 0x75, 0x73, 0x72, 0x5f, 0x73,
  0x63, 0x5f, 0x6f, 0x70, 0x65, 0x6e, 0x00, 0x6d, 0x75, 0x73, 0x72, 0x5f,
  0x73, 0x63, 0x32, 0x00, 0x6d, 0x75, 0x73, 0x72, 0x5f, 0x73, 0x63, 0x5f,
  0x63, 0x6c, 0x6f, 0x73, 0x65, 0x00, 0x6d, 0x75, 0x73, 0x72, 0x5f, 0x73,
  0x63, 0x31, 0x00, 0x6d, 0x75, 0x73, 0x72, 0x5f, 0x73, 0x63, 0x5f, 0x72,
  0x65, 0x61, 0x64, 0x00, 0x6d, 0x75, 0x73, 0x72, 0x5f, 0x73, 0x63, 0x33,
  0x00, 0x6d, 0x75, 0x73, 0x72, 0x5f, 0x73, 0x63, 0x5f, 0x77, 0x72, 0x69,
  0x74, 0x65, 0x00, 0x6d, 0x75, 0x73, 0x72, 0x5f, 0x73, 0x63, 0x5f, 0x67,
  0x65, 0x74, 0x64, 0x65, 0x6e, 0x74, 0x73, 0x00, 0x6d, 0x75, 0x73, 0x72,
  0x5f, 0x73, 0x63, 0x5f, 0x67, 0x65, 0x74, 0x63, 0x77, 0x64, 0x00, 0x6d,
  0x75, 0x73, 0x72, 0x5f, 0x73, 0x63, 0x5f, 0x63, 0x68, 0x64, 0x69, 0x72,
  0x00, 0x6d, 0x75, 0x73, 0x72, 0x5f, 0x73, 0x63, 0x5f, 0x6d, 0x6b, 0x64,
  0x69, 0x72, 0x00, 0x6d, 0x75, 0x73, 0x72, 0x5f, 0x73, 0x63, 0x5f, 0x75,
  0x6e, 0x6c, 0x69, 0x6e, 0x6b, 0x00, 0x6d, 0x75, 0x73, 0x72, 0x5f, 0x73,
  0x63, 0x5f, 0x72, 0x6d, 0x64, 0x69, 0x72, 0x00, 0x6d, 0x75, 0x73, 0x72,
  0x5f, 0x73, 0x63, 0x5f, 0x72, 0x65, 0x6e, 0x61, 0x6d, 0x65, 0x00, 0x6d,
  0x75, 0x73, 0x72, 0x5f, 0x73, 0x63, 0x5f, 0x70, 0x69, 0x70, 0x65, 0x00,
  0x6d, 0x75, 0x73, 0x72, 0x5f, 0x73, 0x63, 0x5f, 0x64, 0x75, 0x70, 0x32,
  0x00, 0x6d, 0x75, 0x73, 0x72, 0x5f, 0x73, 0x63, 0x5f, 0x75, 0x6e, 0x61,
  0x6d, 0x65, 0x00, 0x6d, 0x75, 0x73, 0x72, 0x5f, 0x73, 0x63, 0x5f, 0x67,
  0x65, 0x74, 0x70, 0x69, 0x64, 0x00, 0x6d, 0x75, 0x73, 0x72, 0x5f, 0x73,
  0x63, 0x30, 0x00, 0x6d, 0x75, 0x73, 0x72, 0x5f, 0x73, 0x63, 0x5f, 0x67,
  0x65, 0x74, 0x70, 0x70, 0x69, 0x64, 0x00, 0x6d, 0x75, 0x73, 0x72, 0x5f,
  0x73, 0x63, 0x5f, 0x66, 0x6f, 0x72, 0x6b, 0x00, 0x6d, 0x75, 0x73, 0x72,
  0x5f, 0x73, 0x63, 0x5f, 0x77, 0x61, 0x69, 0x74, 0x70, 0x69, 0x64, 0x00,
  0x6d, 0x75, 0x73, 0x72, 0x5f, 0x73, 0x63, 0x5f, 0x6b, 0x69, 0x6c, 0x6c,
  0x00, 0x6d, 0x75, 0x73, 0x72, 0x5f, 0x73, 0x63, 0x5f, 0x67, 0x65, 0x74,
  0x75, 0x69, 0x64, 0x00, 0x6d, 0x75, 0x73, 0x72, 0x5f, 0x73, 0x63, 0x5f,
  0x67, 0x65, 0x74, 0x65, 0x75, 0x69, 0x64, 0x00, 0x6d, 0x75, 0x73, 0x72,
  0x5f, 0x73, 0x63, 0x5f, 0x73, 0x65, 0x74, 0x75, 0x69, 0x64, 0x00, 0x6d,
  0x75, 0x73, 0x72, 0x5f, 0x73, 0x63, 0x5f, 0x67, 0x65, 0x74, 0x67, 0x69,
  0x64, 0x00, 0x6d, 0x75, 0x73, 0x72, 0x5f, 0x73, 0x63, 0x5f, 0x67, 0x65,
  0x74, 0x65, 0x67, 0x69, 0x64, 0x00, 0x6d, 0x75, 0x73, 0x72, 0x5f, 0x73,
  0x63, 0x5f, 0x73, 0x65, 0x74, 0x67, 0x69, 0x64, 0x00, 0x6d, 0x75, 0x73,
  0x72, 0x5f, 0x73, 0x63, 0x5f, 0x67, 0x65, 0x74, 0x67, 0x72, 0x6f, 0x75,
  0x70, 0x73, 0x00, 0x6d, 0x75, 0x73, 0x72, 0x5f, 0x73, 0x63, 0x5f, 0x74,
  0x69, 0x6d, 0x65, 0x00, 0x6d, 0x75, 0x73, 0x72, 0x5f, 0x73, 0x63, 0x5f,
  0x73, 0x65, 0x74, 0x74, 0x69, 0x6d, 0x65, 0x00, 0x6d, 0x75, 0x73, 0x72,
  0x5f, 0x73, 0x63, 0x5f, 0x75, 0x70, 0x74, 0x69, 0x6d, 0x65, 0x00, 0x6d,
  0x75, 0x73, 0x72, 0x5f, 0x73, 0x63, 0x5f, 0x72, 0x74, 0x63, 0x72, 0x65,
  0x61, 0x64, 0x00, 0x6d, 0x75, 0x73, 0x72, 0x5f, 0x73, 0x63, 0x5f, 0x72,
  0x74, 0x63, 0x77, 0x72, 0x69, 0x74, 0x65, 0x00, 0x6d, 0x75, 0x73, 0x72,
  0x5f, 0x73, 0x63, 0x5f, 0x74, 0x69, 0x6d, 0x65, 0x72, 0x6c, 0x69, 0x73,
  0x74, 0x00, 0x6d, 0x75, 0x73, 0x72, 0x5f, 0x73, 0x63, 0x5f, 0x73, 0x79,
  0x73, 0x69, 0x6e, 0x66, 0x6f, 0x00, 0x6d, 0x75, 0x73, 0x72, 0x5f, 0x73,
  0x63, 0x5f, 0x67, 0x65, 0x74, 0x70, 0x72, 0x6f, 0x63, 0x73, 0x00, 0x6d,
  0x75, 0x73, 0x72, 0x5f, 0x73, 0x63, 0x5f, 0x73, 0x74, 0x61, 0x74, 0x66,
  0x73, 0x00, 0x6d, 0x75, 0x73, 0x72, 0x5f, 0x73, 0x63, 0x5f, 0x6d, 0x6f,
  0x75, 0x6e, 0x74, 0x00, 0x6d, 0x75, 0x73, 0x72, 0x5f, 0x73, 0x63, 0x5f,
  0x75, 0x6d, 0x6f, 0x75, 0x6e, 0x74, 0x00, 0x6d, 0x75, 0x73, 0x72, 0x5f,
  0x73, 0x63, 0x5f, 0x6d, 0x6f, 0x75, 0x6e, 0x74, 0x69, 0x6e, 0x66, 0x6f,
  0x00, 0x6d, 0x75, 0x73, 0x72, 0x5f, 0x61, 0x74, 0x6f, 0x69, 0x00, 0x73,
  0x65, 0x72, 0x5f, 0x70, 0x75, 0x74, 0x63, 0x00, 0x69, 0x6e, 0x62, 0x00,
  0x6f, 0x75, 0x74, 0x62, 0x00, 0x73, 0x65, 0x72, 0x5f, 0x70, 0x75, 0x74,
  0x73, 0x00, 0x73, 0x65, 0x72, 0x5f, 0x67, 0x65, 0x74, 0x63, 0x00, 0x6d,
  0x34, 0x6b, 0x5f, 0x79, 0x69, 0x65, 0x6c, 0x64, 0x00, 0x6d, 0x34, 0x6b,
  0x5f, 0x73, 0x63, 0x30, 0x00, 0x63, 0x5f, 0x67, 0x72, 0x6e, 0x00, 0x63,
  0x5f, 0x72, 0x65, 0x64, 0x00, 0x63, 0x5f, 0x79, 0x6c, 0x77, 0x00, 0x63,
  0x5f, 0x63, 0x79, 0x6e, 0x00, 0x63, 0x5f, 0x6d, 0x61, 0x67, 0x00, 0x63,
  0x5f, 0x77, 0x68, 0x74, 0x00, 0x63, 0x5f, 0x72, 0x73, 0x74, 0x00, 0x6f,
  0x75, 0x74, 0x5f, 0x70, 0x75, 0x74, 0x63, 0x00, 0x6f, 0x75, 0x74, 0x5f,
  0x70, 0x75, 0x74, 0x73, 0x00, 0x6f, 0x75, 0x74, 0x5f, 0x70, 0x72, 0x69,
  0x6e, 0x74, 0x66, 0x00, 0x70, 0x72, 0x69, 0x6e, 0x74, 0x5f, 0x75, 0x33,
  0x32, 0x00, 0x70, 0x72, 0x69, 0x6e, 0x74, 0x5f, 0x75, 0x36, 0x34, 0x00,
  0x70, 0x72, 0x69, 0x6e, 0x74, 0x5f, 0x73, 0x33, 0x32, 0x00, 0x63, 0x77,
  0x64, 0x5f, 0x69, 0x6e, 0x69, 0x74, 0x00, 0x63, 0x77, 0x64, 0x5f, 0x74,
  0x6f, 0x5f, 0x61, 0x62, 0x73, 0x00, 0x70, 0x72, 0x69, 0x6e, 0x74, 0x5f,
  0x70, 0x61, 0x64, 0x5f, 0x75, 0x33, 0x32, 0x00, 0x6d, 0x34, 0x6b, 0x5f,
  0x67, 0x65, 0x74, 0x5f, 0x66, 0x72, 0x61, 0x6d, 0x65, 0x62, 0x75, 0x66,
  0x66, 0x65, 0x72, 0x5f, 0x69, 0x6e, 0x66, 0x6f, 0x00, 0x6d, 0x34, 0x6b,
  0x5f, 0x64, 0x72, 0x61, 0x77, 0x5f, 0x74, 0x65, 0x73, 0x74, 0x5f, 0x70,
  0x61, 0x74, 0x74, 0x65, 0x72, 0x6e, 0x00, 0x6d, 0x34, 0x6b, 0x5f, 0x73,
  0x63, 0x31, 0x00, 0x6c, 0x69, 0x62, 0x67, 0x75, 0x69, 0x2e, 0x63, 0x00,
  0x66, 0x62, 0x5f, 0x63, 0x61, 0x63, 0x68, 0x65, 0x64, 0x00, 0x67, 0x75,
  0x69, 0x5f, 0x77, 0x61, 0x6c, 0x6c, 0x70, 0x61, 0x70, 0x65, 0x72, 0x5f,
  0x74, 0x68, 0x65, 0x6d, 0x65, 0x00, 0x67, 0x75, 0x69, 0x5f, 0x67, 0x65,
  0x74, 0x5f, 0x66, 0x62, 0x5f, 0x69, 0x6e, 0x66, 0x6f, 0x00, 0x66, 0x62,
  0x5f, 0x63, 0x61, 0x63, 0x68, 0x65, 0x00, 0x6d, 0x34, 0x6b, 0x5f, 0x64,
  0x72, 0x61, 0x77, 0x5f, 0x72, 0x65, 0x63, 0x74, 0x00, 0x6d, 0x34, 0x6b,
  0x5f, 0x73, 0x63, 0x35, 0x00, 0x6d, 0x34, 0x6b, 0x5f, 0x64, 0x72, 0x61,
  0x77, 0x5f, 0x74, 0x65, 0x78, 0x74, 0x00, 0x6d, 0x34, 0x6b, 0x5f, 0x66,
  0x69, 0x6c, 0x6c, 0x5f, 0x67, 0x72, 0x61, 0x64, 0x69, 0x65, 0x6e, 0x74,
  0x00, 0x67, 0x75, 0x69, 0x5f, 0x77, 0x61, 0x6c, 0x6c, 0x70, 0x61, 0x70,
  0x65, 0x72, 0x73, 0x00, 0x63, 0x6f, 0x70, 0x6c, 0x61, 0x6e, 0x64, 0x5f,
  0x73, 0x68, 0x6d, 0x5f, 0x67, 0x65, 0x74, 0x00, 0x6d, 0x34, 0x6b, 0x5f,
  0x66, 0x6c, 0x69, 0x70, 0x00, 0x6d, 0x34, 0x6b, 0x5f, 0x67, 0x65, 0x74,
  0x5f, 0x6d, 0x6f, 0x75, 0x73, 0x65, 0x5f, 0x65, 0x76, 0x65, 0x6e, 0x74,
  0x00, 0x6d, 0x34, 0x6b, 0x5f, 0x67, 0x65, 0x74, 0x5f, 0x6b, 0x65, 0x79,
  0x62, 0x6f, 0x61, 0x72, 0x64, 0x5f, 0x65, 0x76, 0x65, 0x6e, 0x74, 0x00,
  0x67, 0x75, 0x69, 0x5f, 0x64, 0x72, 0x61, 0x77, 0x5f, 0x69, 0x6e, 0x70,
  0x75, 0x74, 0x5f, 0x62, 0x6f, 0x78, 0x00, 0x67, 0x75, 0x69, 0x5f, 0x77,
  0x61, 0x6c, 0x6c, 0x70, 0x61, 0x70, 0x65, 0x72, 0x5f, 0x73, 0x65, 0x74,
  0x5f, 0x74, 0x68, 0x65, 0x6d, 0x65, 0x00, 0x67, 0x75, 0x69, 0x5f, 0x70,
  0x6f, 0x69, 0x6e, 0x74, 0x5f, 0x69, 0x6e, 0x5f, 0x72, 0x65, 0x63, 0x74,
  0x00, 0x67, 0x75, 0x69, 0x5f, 0x66, 0x6c, 0x69, 0x70, 0x00, 0x6f, 0x75,
  0x74, 0x5f, 0x66, 0x64, 0x00, 0x67, 0x75, 0x69, 0x5f, 0x64, 0x72, 0x61,
  0x77, 0x5f, 0x74, 0x65, 0x78, 0x74, 0x00, 0x5f, 0x5f, 0x62, 0x73, 0x73,
  0x5f, 0x65, 0x6e, 0x64, 0x00, 0x67, 0x75, 0x69, 0x5f, 0x64, 0x72, 0x61,
  0x77, 0x5f, 0x62, 0x75, 0x74, 0x74, 0x6f, 0x6e, 0x00, 0x5f, 0x5f, 0x65,
  0x6e, 0x64, 0x00, 0x67, 0x75, 0x69, 0x5f, 0x64, 0x72, 0x61, 0x77, 0x5f,
  0x67, 0x72, 0x61, 0x64, 0x69, 0x65, 0x6e, 0x74, 0x00, 0x67, 0x75, 0x69,
  0x5f, 0x64, 0x72, 0x61, 0x77, 0x5f, 0x69, 0x63, 0x6f, 0x6e, 0x00, 0x5f,
  0x5f, 0x62, 0x73, 0x73, 0x5f, 0x73, 0x74, 0x61, 0x72, 0x74, 0x00, 0x67,
  0x75, 0x69, 0x5f, 0x63, 0x6c, 0x65, 0x61, 0x72, 0x00, 0x67, 0x75, 0x69,
  0x5f, 0x77, 0x61, 0x6c, 0x6c, 0x70, 0x61, 0x70, 0x65, 0x72, 0x5f, 0x67,
  0x65, 0x74, 0x5f, 0x74, 0x68, 0x65, 0x6d, 0x65, 0x00, 0x67, 0x75, 0x69,
  0x5f, 0x64, 0x72, 0x61, 0x77, 0x5f, 0x72, 0x65, 0x63, 0x74, 0x00, 0x67,
  0x75, 0x69, 0x5f, 0x67, 0x65, 0x74, 0x5f, 0x6d, 0x6f, 0x75, 0x73, 0x65,
  0x5f, 0x65, 0x76, 0x65, 0x6e, 0x74, 0x00, 0x67, 0x75, 0x69, 0x5f, 0x64,
  0x72, 0x61, 0x77, 0x5f, 0x77, 0x61, 0x6c, 0x6c, 0x70, 0x61, 0x70, 0x65,
  0x72, 0x00, 0x67, 0x75, 0x69, 0x5f, 0x67, 0x65, 0x74, 0x5f, 0x6b, 0x65,
  0x79, 0x62, 0x6f, 0x61, 0x72, 0x64, 0x5f, 0x65, 0x76, 0x65, 0x6e, 0x74,
  0x00, 0x00, 0x2e, 0x73, 0x79, 0x6d, 0x74, 0x61, 0x62, 0x00, 0x2e, 0x73,
  0x74, 0x72, 0x74, 0x61, 0x62, 0x00, 0x2e, 0x73, 0x68, 0x73, 0x74, 0x72,
  0x74, 0x61, 0x62, 0x00, 0x2e, 0x74, 0x65, 0x78, 0x74, 0x00, 0x2e, 0x72,
  0x6f, 0x64, 0x61, 0x74, 0x61, 0x00, 0x2e, 0x64, 0x61, 0x74, 0x61, 0x00,
  0x2e, 0x62, 0x73, 0x73, 0x00, 0x00, 0x00, 0x00, 0x00, 0x00, 0x00, 0x00,
  0x00, 0x00, 0x00, 0x00, 0x00, 0x00, 0x00, 0x00, 0x00, 0x00, 0x00, 0x00,
  0x00, 0x00, 0x00, 0x00, 0x00, 0x00, 0x00, 0x00, 0x00, 0x00, 0x00, 0x00,
  0x00, 0x00, 0x00, 0x00, 0x00, 0x00, 0x00, 0x00, 0x00, 0x00, 0x00, 0x00,
  0x1b, 0x00, 0x00, 0x00, 0x01, 0x00, 0x00, 0x00, 0x06, 0x00, 0x00, 0x00,
  0x00, 0x00, 0x80, 0x00, 0x00, 0x10, 0x00, 0x00, 0xa0, 0x22, 0x00, 0x00,
  0x00, 0x00, 0x00, 0x00, 0x00, 0x00, 0x00, 0x00, 0x04, 0x00, 0x00, 0x00,
  0x00, 0x00, 0x00, 0x00, 0x21, 0x00, 0x00, 0x00, 0x01, 0x00, 0x00, 0x00,
  0x02, 0x00, 0x00, 0x00, 0x00, 0x30, 0x80, 0x00, 0x00, 0x40, 0x00, 0x00,
  0x34, 0x02, 0x00, 0x00, 0x00, 0x00, 0x00, 0x00, 0x00, 0x00, 0x00, 0x00,
  0x04, 0x00, 0x00, 0x00, 0x00, 0x00, 0x00, 0x00, 0x29, 0x00, 0x00, 0x00,
  0x01, 0x00, 0x00, 0x00, 0x03, 0x00, 0x00, 0x00, 0x00, 0x40, 0x80, 0x00,
  0x00, 0x50, 0x00, 0x00, 0x0c, 0x01, 0x00, 0x00, 0x00, 0x00, 0x00, 0x00,
  0x00, 0x00, 0x00, 0x00, 0x04, 0x00, 0x00, 0x00, 0x00, 0x00, 0x00, 0x00,
  0x2f, 0x00, 0x00, 0x00, 0x08, 0x00, 0x00, 0x00, 0x03, 0x00, 0x00, 0x00,
  0x00, 0x50, 0x80, 0x00, 0x0c, 0x51, 0x00, 0x00, 0x14, 0x00, 0x00, 0x00,
  0x00, 0x00, 0x00, 0x00, 0x00, 0x00, 0x00, 0x00, 0x04, 0x00, 0x00, 0x00,
  0x00, 0x00, 0x00, 0x00, 0x01, 0x00, 0x00, 0x00, 0x02, 0x00, 0x00, 0x00,
  0x00, 0x00, 0x00, 0x00, 0x00, 0x00, 0x00, 0x00, 0x0c, 0x51, 0x00, 0x00,
  0x30, 0x0c, 0x00, 0x00, 0x06, 0x00, 0x00, 0x00, 0xaf, 0x00, 0x00, 0x00,
  0x04, 0x00, 0x00, 0x00, 0x10, 0x00, 0x00, 0x00, 0x09, 0x00, 0x00, 0x00,
  0x03, 0x00, 0x00, 0x00, 0x00, 0x00, 0x00, 0x00, 0x00, 0x00, 0x00, 0x00,
  0x3c, 0x5d, 0x00, 0x00, 0xc5, 0x05, 0x00, 0x00, 0x00, 0x00, 0x00, 0x00,
  0x00, 0x00, 0x00, 0x00, 0x01, 0x00, 0x00, 0x00, 0x00, 0x00, 0x00, 0x00,
  0x11, 0x00, 0x00, 0x00, 0x03, 0x00, 0x00, 0x00, 0x00, 0x00, 0x00, 0x00,
  0x00, 0x00, 0x00, 0x00, 0x01, 0x63, 0x00, 0x00, 0x34, 0x00, 0x00, 0x00,
  0x00, 0x00, 0x00, 0x00, 0x00, 0x00, 0x00, 0x00, 0x01, 0x00, 0x00, 0x00,
  0x00, 0x00, 0x00, 0x00
};
unsigned int mdm_mini_init_elf_len = 25720;
