unsigned char pcc_init_elf[] = {
  0x7f, 0x45, 0x4c, 0x46, 0x01, 0x01, 0x01, 0x00, 0x00, 0x00, 0x00, 0x00,
  0x00, 0x00, 0x00, 0x00, 0x02, 0x00, 0x03, 0x00, 0x01, 0x00, 0x00, 0x00,
  0x00, 0x00, 0xb0, 0x00, 0x34, 0x00, 0x00, 0x00, 0x80, 0xa5, 0x00, 0x00,
  0x00, 0x00, 0x00, 0x00, 0x34, 0x00, 0x20, 0x00, 0x03, 0x00, 0x28, 0x00,
  0x08, 0x00, 0x07, 0x00, 0x01, 0x00, 0x00, 0x00, 0x00, 0x10, 0x00, 0x00,
  0x00, 0x00, 0xb0, 0x00, 0x00, 0x00, 0xb0, 0x00, 0x3b, 0x6c, 0x00, 0x00,
  0x3b, 0x6c, 0x00, 0x00, 0x05, 0x00, 0x00, 0x00, 0x00, 0x10, 0x00, 0x00,
  0x01, 0x00, 0x00, 0x00, 0x00, 0x80, 0x00, 0x00, 0x00, 0x70, 0xb0, 0x00,
  0x00, 0x70, 0xb0, 0x00, 0x7c, 0x07, 0x00, 0x00, 0x7c, 0x07, 0x00, 0x00,
  0x04, 0x00, 0x00, 0x00, 0x00, 0x10, 0x00, 0x00, 0x01, 0x00, 0x00, 0x00,
  0x00, 0x90, 0x00, 0x00, 0x00, 0x80, 0xb0, 0x00, 0x00, 0x80, 0xb0, 0x00,
  0x78, 0x00, 0x00, 0x00, 0xbc, 0xe0, 0x41, 0x00, 0x06, 0x00, 0x00, 0x00,
  0x00, 0x10, 0x00, 0x00, 0x00, 0x00, 0x00, 0x00, 0x00, 0x00, 0x00, 0x00,
  0x00, 0x00, 0x00, 0x00, 0x00, 0x00, 0x00, 0x00, 0x00, 0x00, 0x00, 0x00,
  0x00, 0x00, 0x00, 0x00, 0x00, 0x00, 0x00, 0x00, 0x00, 0x00, 0x00, 0x00,
  0x00, 0x00, 0x00, 0x00, 0x00, 0x00, 0x00, 0x00, 0x00, 0x00, 0x00, 0x00,
  0x00, 0x00, 0x00, 0x00, 0x00, 0x00, 0x00, 0x00, 0x00, 0x00, 0x00, 0x00,
  0x00, 0x00, 0x00, 0x00, 0x00, 0x00, 0x00, 0x00, 0x00, 0x00, 0x00, 0x00,
  0x00, 0x00, 0x00, 0x00, 0x00, 0x00, 0x00, 0x00, 0x00, 0x00, 0x00, 0x00,
  0x00, 0x00, 0x00, 0x00, 0x00, 0x00, 0x00, 0x00, 0x00, 0x00, 0x00, 0x00,
  0x00, 0x00, 0x00, 0x00, 0x00, 0x00, 0x00, 0x00, 0x00, 0x00, 0x00, 0x00,
  0x00, 0x00, 0x00, 0x00, 0x00, 0x00, 0x00, 0x00, 0x00, 0x00, 0x00, 0x00,
  0x00, 0x00, 0x00, 0x00, 0x00, 0x00, 0x00, 0x00, 0x00, 0x00, 0x00, 0x00,
  0x00, 0x00, 0x00, 0x00, 0x00, 0x00, 0x00, 0x00, 0x00, 0x00, 0x00, 0x00,
  0x00, 0x00, 0x00, 0x00, 0x00, 0x00, 0x00, 0x00, 0x00, 0x00, 0x00, 0x00,
  0x00, 0x00, 0x00, 0x00, 0x00, 0x00, 0x00, 0x00, 0x00, 0x00, 0x00, 0x00,
  0x00, 0x00, 0x00, 0x00, 0x00, 0x00, 0x00, 0x00, 0x00, 0x00, 0x00, 0x00,
  0x00, 0x00, 0x00, 0x00, 0x00, 0x00, 0x00, 0x00, 0x00, 0x00, 0x00, 0x00,
  0x00, 0x00, 0x00, 0x00, 0x00, 0x00, 0x00, 0x00, 0x00, 0x00, 0x00, 0x00,
  0x00, 0x00, 0x00, 0x00, 0x00, 0x00, 0x00, 0x00, 0x00, 0x00, 0x00, 0x00,
  0x00, 0x00, 0x00, 0x00, 0x00, 0x00, 0x00, 0x00, 0x00, 0x00, 0x00, 0x00,
  0x00, 0x00, 0x00, 0x00, 0x00, 0x00, 0x00, 0x00, 0x00, 0x00, 0x00, 0x00,
  0x00, 0x00, 0x00, 0x00, 0x00, 0x00, 0x00, 0x00, 0x00, 0x00, 0x00, 0x00,
  0x00, 0x00, 0x00, 0x00, 0x00, 0x00, 0x00, 0x00, 0x00, 0x00, 0x00, 0x00,
  0x00, 0x00, 0x00, 0x00, 0x00, 0x00, 0x00, 0x00, 0x00, 0x00, 0x00, 0x00,
  0x00, 0x00, 0x00, 0x00, 0x00, 0x00, 0x00, 0x00, 0x00, 0x00, 0x00, 0x00,
  0x00, 0x00, 0x00, 0x00, 0x00, 0x00, 0x00, 0x00, 0x00, 0x00, 0x00, 0x00,
  0x00, 0x00, 0x00, 0x00, 0x00, 0x00, 0x00, 0x00, 0x00, 0x00, 0x00, 0x00,
  0x00, 0x00, 0x00, 0x00, 0x00, 0x00, 0x00, 0x00, 0x00, 0x00, 0x00, 0x00,
  0x00, 0x00, 0x00, 0x00, 0x00, 0x00, 0x00, 0x00, 0x00, 0x00, 0x00, 0x00,
  0x00, 0x00, 0x00, 0x00, 0x00, 0x00, 0x00, 0x00, 0x00, 0x00, 0x00, 0x00,
  0x00, 0x00, 0x00, 0x00, 0x00, 0x00, 0x00, 0x00, 0x00, 0x00, 0x00, 0x00,
  0x00, 0x00, 0x00, 0x00, 0x00, 0x00, 0x00, 0x00, 0x00, 0x00, 0x00, 0x00,
  0x00, 0x00, 0x00, 0x00, 0x00, 0x00, 0x00, 0x00, 0x00, 0x00, 0x00, 0x00,
  0x00, 0x00, 0x00, 0x00, 0x00, 0x00, 0x00, 0x00, 0x00, 0x00, 0x00, 0x00,
  0x00, 0x00, 0x00, 0x00, 0x00, 0x00, 0x00, 0x00, 0x00, 0x00, 0x00, 0x00,
  0x00, 0x00, 0x00, 0x00, 0x00, 0x00, 0x00, 0x00, 0x00, 0x00, 0x00, 0x00,
  0x00, 0x00, 0x00, 0x00, 0x00, 0x00, 0x00, 0x00, 0x00, 0x00, 0x00, 0x00,
  0x00, 0x00, 0x00, 0x00, 0x00, 0x00, 0x00, 0x00, 0x00, 0x00, 0x00, 0x00,
  0x00, 0x00, 0x00, 0x00, 0x00, 0x00, 0x00, 0x00, 0x00, 0x00, 0x00, 0x00,
  0x00, 0x00, 0x00, 0x00, 0x00, 0x00, 0x00, 0x00, 0x00, 0x00, 0x00, 0x00,
  0x00, 0x00, 0x00, 0x00, 0x00, 0x00, 0x00, 0x00, 0x00, 0x00, 0x00, 0x00,
  0x00, 0x00, 0x00, 0x00, 0x00, 0x00, 0x00, 0x00, 0x00, 0x00, 0x00, 0x00,
  0x00, 0x00, 0x00, 0x00, 0x00, 0x00, 0x00, 0x00, 0x00, 0x00, 0x00, 0x00,
  0x00, 0x00, 0x00, 0x00, 0x00, 0x00, 0x00, 0x00, 0x00, 0x00, 0x00, 0x00,
  0x00, 0x00, 0x00, 0x00, 0x00, 0x00, 0x00, 0x00, 0x00, 0x00, 0x00, 0x00,
  0x00, 0x00, 0x00, 0x00, 0x00, 0x00, 0x00, 0x00, 0x00, 0x00, 0x00, 0x00,
  0x00, 0x00, 0x00, 0x00, 0x00, 0x00, 0x00, 0x00, 0x00, 0x00, 0x00, 0x00,
  0x00, 0x00, 0x00, 0x00, 0x00, 0x00, 0x00, 0x00, 0x00, 0x00, 0x00, 0x00,
  0x00, 0x00, 0x00, 0x00, 0x00, 0x00, 0x00, 0x00, 0x00, 0x00, 0x00, 0x00,
  0x00, 0x00, 0x00, 0x00, 0x00, 0x00, 0x00, 0x00, 0x00, 0x00, 0x00, 0x00,
  0x00, 0x00, 0x00, 0x00, 0x00, 0x00, 0x00, 0x00, 0x00, 0x00, 0x00, 0x00,
  0x00, 0x00, 0x00, 0x00, 0x00, 0x00, 0x00, 0x00, 0x00, 0x00, 0x00, 0x00,
  0x00, 0x00, 0x00, 0x00, 0x00, 0x00, 0x00, 0x00, 0x00, 0x00, 0x00, 0x00,
  0x00, 0x00, 0x00, 0x00, 0x00, 0x00, 0x00, 0x00, 0x00, 0x00, 0x00, 0x00,
  0x00, 0x00, 0x00, 0x00, 0x00, 0x00, 0x00, 0x00, 0x00, 0x00, 0x00, 0x00,
  0x00, 0x00, 0x00, 0x00, 0x00, 0x00, 0x00, 0x00, 0x00, 0x00, 0x00, 0x00,
  0x00, 0x00, 0x00, 0x00, 0x00, 0x00, 0x00, 0x00, 0x00, 0x00, 0x00, 0x00,
  0x00, 0x00, 0x00, 0x00, 0x00, 0x00, 0x00, 0x00, 0x00, 0x00, 0x00, 0x00,
  0x00, 0x00, 0x00, 0x00, 0x00, 0x00, 0x00, 0x00, 0x00, 0x00, 0x00, 0x00,
  0x00, 0x00, 0x00, 0x00, 0x00, 0x00, 0x00, 0x00, 0x00, 0x00, 0x00, 0x00,
  0x00, 0x00, 0x00, 0x00, 0x00, 0x00, 0x00, 0x00, 0x00, 0x00, 0x00, 0x00,
  0x00, 0x00, 0x00, 0x00, 0x00, 0x00, 0x00, 0x00, 0x00, 0x00, 0x00, 0x00,
  0x00, 0x00, 0x00, 0x00, 0x00, 0x00, 0x00, 0x00, 0x00, 0x00, 0x00, 0x00,
  0x00, 0x00, 0x00, 0x00, 0x00, 0x00, 0x00, 0x00, 0x00, 0x00, 0x00, 0x00,
  0x00, 0x00, 0x00, 0x00, 0x00, 0x00, 0x00, 0x00, 0x00, 0x00, 0x00, 0x00,
  0x00, 0x00, 0x00, 0x00, 0x00, 0x00, 0x00, 0x00, 0x00, 0x00, 0x00, 0x00,
  0x00, 0x00, 0x00, 0x00, 0x00, 0x00, 0x00, 0x00, 0x00, 0x00, 0x00, 0x00,
  0x00, 0x00, 0x00, 0x00, 0x00, 0x00, 0x00, 0x00, 0x00, 0x00, 0x00, 0x00,
  0x00, 0x00, 0x00, 0x00, 0x00, 0x00, 0x00, 0x00, 0x00, 0x00, 0x00, 0x00,
  0x00, 0x00, 0x00, 0x00, 0x00, 0x00, 0x00, 0x00, 0x00, 0x00, 0x00, 0x00,
  0x00, 0x00, 0x00, 0x00, 0x00, 0x00, 0x00, 0x00, 0x00, 0x00, 0x00, 0x00,
  0x00, 0x00, 0x00, 0x00, 0x00, 0x00, 0x00, 0x00, 0x00, 0x00, 0x00, 0x00,
  0x00, 0x00, 0x00, 0x00, 0x00, 0x00, 0x00, 0x00, 0x00, 0x00, 0x00, 0x00,
  0x00, 0x00, 0x00, 0x00, 0x00, 0x00, 0x00, 0x00, 0x00, 0x00, 0x00, 0x00,
  0x00, 0x00, 0x00, 0x00, 0x00, 0x00, 0x00, 0x00, 0x00, 0x00, 0x00, 0x00,
  0x00, 0x00, 0x00, 0x00, 0x00, 0x00, 0x00, 0x00, 0x00, 0x00, 0x00, 0x00,
  0x00, 0x00, 0x00, 0x00, 0x00, 0x00, 0x00, 0x00, 0x00, 0x00, 0x00, 0x00,
  0x00, 0x00, 0x00, 0x00, 0x00, 0x00, 0x00, 0x00, 0x00, 0x00, 0x00, 0x00,
  0x00, 0x00, 0x00, 0x00, 0x00, 0x00, 0x00, 0x00, 0x00, 0x00, 0x00, 0x00,
  0x00, 0x00, 0x00, 0x00, 0x00, 0x00, 0x00, 0x00, 0x00, 0x00, 0x00, 0x00,
  0x00, 0x00, 0x00, 0x00, 0x00, 0x00, 0x00, 0x00, 0x00, 0x00, 0x00, 0x00,
  0x00, 0x00, 0x00, 0x00, 0x00, 0x00, 0x00, 0x00, 0x00, 0x00, 0x00, 0x00,
  0x00, 0x00, 0x00, 0x00, 0x00, 0x00, 0x00, 0x00, 0x00, 0x00, 0x00, 0x00,
  0x00, 0x00, 0x00, 0x00, 0x00, 0x00, 0x00, 0x00, 0x00, 0x00, 0x00, 0x00,
  0x00, 0x00, 0x00, 0x00, 0x00, 0x00, 0x00, 0x00, 0x00, 0x00, 0x00, 0x00,
  0x00, 0x00, 0x00, 0x00, 0x00, 0x00, 0x00, 0x00, 0x00, 0x00, 0x00, 0x00,
  0x00, 0x00, 0x00, 0x00, 0x00, 0x00, 0x00, 0x00, 0x00, 0x00, 0x00, 0x00,
  0x00, 0x00, 0x00, 0x00, 0x00, 0x00, 0x00, 0x00, 0x00, 0x00, 0x00, 0x00,
  0x00, 0x00, 0x00, 0x00, 0x00, 0x00, 0x00, 0x00, 0x00, 0x00, 0x00, 0x00,
  0x00, 0x00, 0x00, 0x00, 0x00, 0x00, 0x00, 0x00, 0x00, 0x00, 0x00, 0x00,
  0x00, 0x00, 0x00, 0x00, 0x00, 0x00, 0x00, 0x00, 0x00, 0x00, 0x00, 0x00,
  0x00, 0x00, 0x00, 0x00, 0x00, 0x00, 0x00, 0x00, 0x00, 0x00, 0x00, 0x00,
  0x00, 0x00, 0x00, 0x00, 0x00, 0x00, 0x00, 0x00, 0x00, 0x00, 0x00, 0x00,
  0x00, 0x00, 0x00, 0x00, 0x00, 0x00, 0x00, 0x00, 0x00, 0x00, 0x00, 0x00,
  0x00, 0x00, 0x00, 0x00, 0x00, 0x00, 0x00, 0x00, 0x00, 0x00, 0x00, 0x00,
  0x00, 0x00, 0x00, 0x00, 0x00, 0x00, 0x00, 0x00, 0x00, 0x00, 0x00, 0x00,
  0x00, 0x00, 0x00, 0x00, 0x00, 0x00, 0x00, 0x00, 0x00, 0x00, 0x00, 0x00,
  0x00, 0x00, 0x00, 0x00, 0x00, 0x00, 0x00, 0x00, 0x00, 0x00, 0x00, 0x00,
  0x00, 0x00, 0x00, 0x00, 0x00, 0x00, 0x00, 0x00, 0x00, 0x00, 0x00, 0x00,
  0x00, 0x00, 0x00, 0x00, 0x00, 0x00, 0x00, 0x00, 0x00, 0x00, 0x00, 0x00,
  0x00, 0x00, 0x00, 0x00, 0x00, 0x00, 0x00, 0x00, 0x00, 0x00, 0x00, 0x00,
  0x00, 0x00, 0x00, 0x00, 0x00, 0x00, 0x00, 0x00, 0x00, 0x00, 0x00, 0x00,
  0x00, 0x00, 0x00, 0x00, 0x00, 0x00, 0x00, 0x00, 0x00, 0x00, 0x00, 0x00,
  0x00, 0x00, 0x00, 0x00, 0x00, 0x00, 0x00, 0x00, 0x00, 0x00, 0x00, 0x00,
  0x00, 0x00, 0x00, 0x00, 0x00, 0x00, 0x00, 0x00, 0x00, 0x00, 0x00, 0x00,
  0x00, 0x00, 0x00, 0x00, 0x00, 0x00, 0x00, 0x00, 0x00, 0x00, 0x00, 0x00,
  0x00, 0x00, 0x00, 0x00, 0x00, 0x00, 0x00, 0x00, 0x00, 0x00, 0x00, 0x00,
  0x00, 0x00, 0x00, 0x00, 0x00, 0x00, 0x00, 0x00, 0x00, 0x00, 0x00, 0x00,
  0x00, 0x00, 0x00, 0x00, 0x00, 0x00, 0x00, 0x00, 0x00, 0x00, 0x00, 0x00,
  0x00, 0x00, 0x00, 0x00, 0x00, 0x00, 0x00, 0x00, 0x00, 0x00, 0x00, 0x00,
  0x00, 0x00, 0x00, 0x00, 0x00, 0x00, 0x00, 0x00, 0x00, 0x00, 0x00, 0x00,
  0x00, 0x00, 0x00, 0x00, 0x00, 0x00, 0x00, 0x00, 0x00, 0x00, 0x00, 0x00,
  0x00, 0x00, 0x00, 0x00, 0x00, 0x00, 0x00, 0x00, 0x00, 0x00, 0x00, 0x00,
  0x00, 0x00, 0x00, 0x00, 0x00, 0x00, 0x00, 0x00, 0x00, 0x00, 0x00, 0x00,
  0x00, 0x00, 0x00, 0x00, 0x00, 0x00, 0x00, 0x00, 0x00, 0x00, 0x00, 0x00,
  0x00, 0x00, 0x00, 0x00, 0x00, 0x00, 0x00, 0x00, 0x00, 0x00, 0x00, 0x00,
  0x00, 0x00, 0x00, 0x00, 0x00, 0x00, 0x00, 0x00, 0x00, 0x00, 0x00, 0x00,
  0x00, 0x00, 0x00, 0x00, 0x00, 0x00, 0x00, 0x00, 0x00, 0x00, 0x00, 0x00,
  0x00, 0x00, 0x00, 0x00, 0x00, 0x00, 0x00, 0x00, 0x00, 0x00, 0x00, 0x00,
  0x00, 0x00, 0x00, 0x00, 0x00, 0x00, 0x00, 0x00, 0x00, 0x00, 0x00, 0x00,
  0x00, 0x00, 0x00, 0x00, 0x00, 0x00, 0x00, 0x00, 0x00, 0x00, 0x00, 0x00,
  0x00, 0x00, 0x00, 0x00, 0x00, 0x00, 0x00, 0x00, 0x00, 0x00, 0x00, 0x00,
  0x00, 0x00, 0x00, 0x00, 0x00, 0x00, 0x00, 0x00, 0x00, 0x00, 0x00, 0x00,
  0x00, 0x00, 0x00, 0x00, 0x00, 0x00, 0x00, 0x00, 0x00, 0x00, 0x00, 0x00,
  0x00, 0x00, 0x00, 0x00, 0x00, 0x00, 0x00, 0x00, 0x00, 0x00, 0x00, 0x00,
  0x00, 0x00, 0x00, 0x00, 0x00, 0x00, 0x00, 0x00, 0x00, 0x00, 0x00, 0x00,
  0x00, 0x00, 0x00, 0x00, 0x00, 0x00, 0x00, 0x00, 0x00, 0x00, 0x00, 0x00,
  0x00, 0x00, 0x00, 0x00, 0x00, 0x00, 0x00, 0x00, 0x00, 0x00, 0x00, 0x00,
  0x00, 0x00, 0x00, 0x00, 0x00, 0x00, 0x00, 0x00, 0x00, 0x00, 0x00, 0x00,
  0x00, 0x00, 0x00, 0x00, 0x00, 0x00, 0x00, 0x00, 0x00, 0x00, 0x00, 0x00,
  0x00, 0x00, 0x00, 0x00, 0x00, 0x00, 0x00, 0x00, 0x00, 0x00, 0x00, 0x00,
  0x00, 0x00, 0x00, 0x00, 0x00, 0x00, 0x00, 0x00, 0x00, 0x00, 0x00, 0x00,
  0x00, 0x00, 0x00, 0x00, 0x00, 0x00, 0x00, 0x00, 0x00, 0x00, 0x00, 0x00,
  0x00, 0x00, 0x00, 0x00, 0x00, 0x00, 0x00, 0x00, 0x00, 0x00, 0x00, 0x00,
  0x00, 0x00, 0x00, 0x00, 0x00, 0x00, 0x00, 0x00, 0x00, 0x00, 0x00, 0x00,
  0x00, 0x00, 0x00, 0x00, 0x00, 0x00, 0x00, 0x00, 0x00, 0x00, 0x00, 0x00,
  0x00, 0x00, 0x00, 0x00, 0x00, 0x00, 0x00, 0x00, 0x00, 0x00, 0x00, 0x00,
  0x00, 0x00, 0x00, 0x00, 0x00, 0x00, 0x00, 0x00, 0x00, 0x00, 0x00, 0x00,
  0x00, 0x00, 0x00, 0x00, 0x00, 0x00, 0x00, 0x00, 0x00, 0x00, 0x00, 0x00,
  0x00, 0x00, 0x00, 0x00, 0x00, 0x00, 0x00, 0x00, 0x00, 0x00, 0x00, 0x00,
  0x00, 0x00, 0x00, 0x00, 0x00, 0x00, 0x00, 0x00, 0x00, 0x00, 0x00, 0x00,
  0x00, 0x00, 0x00, 0x00, 0x00, 0x00, 0x00, 0x00, 0x00, 0x00, 0x00, 0x00,
  0x00, 0x00, 0x00, 0x00, 0x00, 0x00, 0x00, 0x00, 0x00, 0x00, 0x00, 0x00,
  0x00, 0x00, 0x00, 0x00, 0x00, 0x00, 0x00, 0x00, 0x00, 0x00, 0x00, 0x00,
  0x00, 0x00, 0x00, 0x00, 0x00, 0x00, 0x00, 0x00, 0x00, 0x00, 0x00, 0x00,
  0x00, 0x00, 0x00, 0x00, 0x00, 0x00, 0x00, 0x00, 0x00, 0x00, 0x00, 0x00,
  0x00, 0x00, 0x00, 0x00, 0x00, 0x00, 0x00, 0x00, 0x00, 0x00, 0x00, 0x00,
  0x00, 0x00, 0x00, 0x00, 0x00, 0x00, 0x00, 0x00, 0x00, 0x00, 0x00, 0x00,
  0x00, 0x00, 0x00, 0x00, 0x00, 0x00, 0x00, 0x00, 0x00, 0x00, 0x00, 0x00,
  0x00, 0x00, 0x00, 0x00, 0x00, 0x00, 0x00, 0x00, 0x00, 0x00, 0x00, 0x00,
  0x00, 0x00, 0x00, 0x00, 0x00, 0x00, 0x00, 0x00, 0x00, 0x00, 0x00, 0x00,
  0x00, 0x00, 0x00, 0x00, 0x00, 0x00, 0x00, 0x00, 0x00, 0x00, 0x00, 0x00,
  0x00, 0x00, 0x00, 0x00, 0x00, 0x00, 0x00, 0x00, 0x00, 0x00, 0x00, 0x00,
  0x00, 0x00, 0x00, 0x00, 0x00, 0x00, 0x00, 0x00, 0x00, 0x00, 0x00, 0x00,
  0x00, 0x00, 0x00, 0x00, 0x00, 0x00, 0x00, 0x00, 0x00, 0x00, 0x00, 0x00,
  0x00, 0x00, 0x00, 0x00, 0x00, 0x00, 0x00, 0x00, 0x00, 0x00, 0x00, 0x00,
  0x00, 0x00, 0x00, 0x00, 0x00, 0x00, 0x00, 0x00, 0x00, 0x00, 0x00, 0x00,
  0x00, 0x00, 0x00, 0x00, 0x00, 0x00, 0x00, 0x00, 0x00, 0x00, 0x00, 0x00,
  0x00, 0x00, 0x00, 0x00, 0x00, 0x00, 0x00, 0x00, 0x00, 0x00, 0x00, 0x00,
  0x00, 0x00, 0x00, 0x00, 0x00, 0x00, 0x00, 0x00, 0x00, 0x00, 0x00, 0x00,
  0x00, 0x00, 0x00, 0x00, 0x00, 0x00, 0x00, 0x00, 0x00, 0x00, 0x00, 0x00,
  0x00, 0x00, 0x00, 0x00, 0x00, 0x00, 0x00, 0x00, 0x00, 0x00, 0x00, 0x00,
  0x00, 0x00, 0x00, 0x00, 0x00, 0x00, 0x00, 0x00, 0x00, 0x00, 0x00, 0x00,
  0x00, 0x00, 0x00, 0x00, 0x00, 0x00, 0x00, 0x00, 0x00, 0x00, 0x00, 0x00,
  0x00, 0x00, 0x00, 0x00, 0x00, 0x00, 0x00, 0x00, 0x00, 0x00, 0x00, 0x00,
  0x00, 0x00, 0x00, 0x00, 0x00, 0x00, 0x00, 0x00, 0x00, 0x00, 0x00, 0x00,
  0x00, 0x00, 0x00, 0x00, 0x00, 0x00, 0x00, 0x00, 0x00, 0x00, 0x00, 0x00,
  0x00, 0x00, 0x00, 0x00, 0x00, 0x00, 0x00, 0x00, 0x00, 0x00, 0x00, 0x00,
  0x00, 0x00, 0x00, 0x00, 0x00, 0x00, 0x00, 0x00, 0x00, 0x00, 0x00, 0x00,
  0x00, 0x00, 0x00, 0x00, 0x00, 0x00, 0x00, 0x00, 0x00, 0x00, 0x00, 0x00,
  0x00, 0x00, 0x00, 0x00, 0x00, 0x00, 0x00, 0x00, 0x00, 0x00, 0x00, 0x00,
  0x00, 0x00, 0x00, 0x00, 0x00, 0x00, 0x00, 0x00, 0x00, 0x00, 0x00, 0x00,
  0x00, 0x00, 0x00, 0x00, 0x00, 0x00, 0x00, 0x00, 0x00, 0x00, 0x00, 0x00,
  0x00, 0x00, 0x00, 0x00, 0x00, 0x00, 0x00, 0x00, 0x00, 0x00, 0x00, 0x00,
  0x00, 0x00, 0x00, 0x00, 0x00, 0x00, 0x00, 0x00, 0x00, 0x00, 0x00, 0x00,
  0x00, 0x00, 0x00, 0x00, 0x00, 0x00, 0x00, 0x00, 0x00, 0x00, 0x00, 0x00,
  0x00, 0x00, 0x00, 0x00, 0x00, 0x00, 0x00, 0x00, 0x00, 0x00, 0x00, 0x00,
  0x00, 0x00, 0x00, 0x00, 0x00, 0x00, 0x00, 0x00, 0x00, 0x00, 0x00, 0x00,
  0x00, 0x00, 0x00, 0x00, 0x00, 0x00, 0x00, 0x00, 0x00, 0x00, 0x00, 0x00,
  0x00, 0x00, 0x00, 0x00, 0x00, 0x00, 0x00, 0x00, 0x00, 0x00, 0x00, 0x00,
  0x00, 0x00, 0x00, 0x00, 0x00, 0x00, 0x00, 0x00, 0x00, 0x00, 0x00, 0x00,
  0x00, 0x00, 0x00, 0x00, 0x00, 0x00, 0x00, 0x00, 0x00, 0x00, 0x00, 0x00,
  0x00, 0x00, 0x00, 0x00, 0x00, 0x00, 0x00, 0x00, 0x00, 0x00, 0x00, 0x00,
  0x00, 0x00, 0x00, 0x00, 0x00, 0x00, 0x00, 0x00, 0x00, 0x00, 0x00, 0x00,
  0x00, 0x00, 0x00, 0x00, 0x00, 0x00, 0x00, 0x00, 0x00, 0x00, 0x00, 0x00,
  0x00, 0x00, 0x00, 0x00, 0x00, 0x00, 0x00, 0x00, 0x00, 0x00, 0x00, 0x00,
  0x00, 0x00, 0x00, 0x00, 0x00, 0x00, 0x00, 0x00, 0x00, 0x00, 0x00, 0x00,
  0x00, 0x00, 0x00, 0x00, 0x00, 0x00, 0x00, 0x00, 0x00, 0x00, 0x00, 0x00,
  0x00, 0x00, 0x00, 0x00, 0x00, 0x00, 0x00, 0x00, 0x00, 0x00, 0x00, 0x00,
  0x00, 0x00, 0x00, 0x00, 0x00, 0x00, 0x00, 0x00, 0x00, 0x00, 0x00, 0x00,
  0x00, 0x00, 0x00, 0x00, 0x00, 0x00, 0x00, 0x00, 0x00, 0x00, 0x00, 0x00,
  0x00, 0x00, 0x00, 0x00, 0x00, 0x00, 0x00, 0x00, 0x00, 0x00, 0x00, 0x00,
  0x00, 0x00, 0x00, 0x00, 0x00, 0x00, 0x00, 0x00, 0x00, 0x00, 0x00, 0x00,
  0x00, 0x00, 0x00, 0x00, 0x00, 0x00, 0x00, 0x00, 0x00, 0x00, 0x00, 0x00,
  0x00, 0x00, 0x00, 0x00, 0x00, 0x00, 0x00, 0x00, 0x00, 0x00, 0x00, 0x00,
  0x00, 0x00, 0x00, 0x00, 0x00, 0x00, 0x00, 0x00, 0x00, 0x00, 0x00, 0x00,
  0x00, 0x00, 0x00, 0x00, 0x00, 0x00, 0x00, 0x00, 0x00, 0x00, 0x00, 0x00,
  0x00, 0x00, 0x00, 0x00, 0x00, 0x00, 0x00, 0x00, 0x00, 0x00, 0x00, 0x00,
  0x00, 0x00, 0x00, 0x00, 0x00, 0x00, 0x00, 0x00, 0x00, 0x00, 0x00, 0x00,
  0x00, 0x00, 0x00, 0x00, 0x00, 0x00, 0x00, 0x00, 0x00, 0x00, 0x00, 0x00,
  0x00, 0x00, 0x00, 0x00, 0x00, 0x00, 0x00, 0x00, 0x00, 0x00, 0x00, 0x00,
  0x00, 0x00, 0x00, 0x00, 0x00, 0x00, 0x00, 0x00, 0x00, 0x00, 0x00, 0x00,
  0x00, 0x00, 0x00, 0x00, 0x00, 0x00, 0x00, 0x00, 0x00, 0x00, 0x00, 0x00,
  0x00, 0x00, 0x00, 0x00, 0x00, 0x00, 0x00, 0x00, 0x00, 0x00, 0x00, 0x00,
  0x00, 0x00, 0x00, 0x00, 0x00, 0x00, 0x00, 0x00, 0x00, 0x00, 0x00, 0x00,
  0x00, 0x00, 0x00, 0x00, 0x00, 0x00, 0x00, 0x00, 0x00, 0x00, 0x00, 0x00,
  0x00, 0x00, 0x00, 0x00, 0x00, 0x00, 0x00, 0x00, 0x00, 0x00, 0x00, 0x00,
  0x00, 0x00, 0x00, 0x00, 0x00, 0x00, 0x00, 0x00, 0x00, 0x00, 0x00, 0x00,
  0x00, 0x00, 0x00, 0x00, 0x00, 0x00, 0x00, 0x00, 0x00, 0x00, 0x00, 0x00,
  0x00, 0x00, 0x00, 0x00, 0x00, 0x00, 0x00, 0x00, 0x00, 0x00, 0x00, 0x00,
  0x00, 0x00, 0x00, 0x00, 0x00, 0x00, 0x00, 0x00, 0x00, 0x00, 0x00, 0x00,
  0x00, 0x00, 0x00, 0x00, 0x00, 0x00, 0x00, 0x00, 0x00, 0x00, 0x00, 0x00,
  0x00, 0x00, 0x00, 0x00, 0x00, 0x00, 0x00, 0x00, 0x00, 0x00, 0x00, 0x00,
  0x00, 0x00, 0x00, 0x00, 0x00, 0x00, 0x00, 0x00, 0x00, 0x00, 0x00, 0x00,
  0x00, 0x00, 0x00, 0x00, 0x00, 0x00, 0x00, 0x00, 0x00, 0x00, 0x00, 0x00,
  0x00, 0x00, 0x00, 0x00, 0x00, 0x00, 0x00, 0x00, 0x00, 0x00, 0x00, 0x00,
  0x00, 0x00, 0x00, 0x00, 0x00, 0x00, 0x00, 0x00, 0x00, 0x00, 0x00, 0x00,
  0x00, 0x00, 0x00, 0x00, 0x00, 0x00, 0x00, 0x00, 0x00, 0x00, 0x00, 0x00,
  0x00, 0x00, 0x00, 0x00, 0x00, 0x00, 0x00, 0x00, 0x00, 0x00, 0x00, 0x00,
  0x00, 0x00, 0x00, 0x00, 0x00, 0x00, 0x00, 0x00, 0x00, 0x00, 0x00, 0x00,
  0x00, 0x00, 0x00, 0x00, 0x00, 0x00, 0x00, 0x00, 0x00, 0x00, 0x00, 0x00,
  0x00, 0x00, 0x00, 0x00, 0x00, 0x00, 0x00, 0x00, 0x00, 0x00, 0x00, 0x00,
  0x00, 0x00, 0x00, 0x00, 0x00, 0x00, 0x00, 0x00, 0x00, 0x00, 0x00, 0x00,
  0x00, 0x00, 0x00, 0x00, 0x00, 0x00, 0x00, 0x00, 0x00, 0x00, 0x00, 0x00,
  0x00, 0x00, 0x00, 0x00, 0x00, 0x00, 0x00, 0x00, 0x00, 0x00, 0x00, 0x00,
  0x00, 0x00, 0x00, 0x00, 0x00, 0x00, 0x00, 0x00, 0x00, 0x00, 0x00, 0x00,
  0x00, 0x00, 0x00, 0x00, 0x00, 0x00, 0x00, 0x00, 0x00, 0x00, 0x00, 0x00,
  0x00, 0x00, 0x00, 0x00, 0x00, 0x00, 0x00, 0x00, 0x00, 0x00, 0x00, 0x00,
  0x00, 0x00, 0x00, 0x00, 0x00, 0x00, 0x00, 0x00, 0x00, 0x00, 0x00, 0x00,
  0x00, 0x00, 0x00, 0x00, 0x00, 0x00, 0x00, 0x00, 0x00, 0x00, 0x00, 0x00,
  0x00, 0x00, 0x00, 0x00, 0x00, 0x00, 0x00, 0x00, 0x00, 0x00, 0x00, 0x00,
  0x00, 0x00, 0x00, 0x00, 0x00, 0x00, 0x00, 0x00, 0x00, 0x00, 0x00, 0x00,
  0x00, 0x00, 0x00, 0x00, 0x00, 0x00, 0x00, 0x00, 0x00, 0x00, 0x00, 0x00,
  0x00, 0x00, 0x00, 0x00, 0x00, 0x00, 0x00, 0x00, 0x00, 0x00, 0x00, 0x00,
  0x00, 0x00, 0x00, 0x00, 0x00, 0x00, 0x00, 0x00, 0x00, 0x00, 0x00, 0x00,
  0x00, 0x00, 0x00, 0x00, 0x00, 0x00, 0x00, 0x00, 0x00, 0x00, 0x00, 0x00,
  0x00, 0x00, 0x00, 0x00, 0x00, 0x00, 0x00, 0x00, 0x00, 0x00, 0x00, 0x00,
  0x00, 0x00, 0x00, 0x00, 0x00, 0x00, 0x00, 0x00, 0x00, 0x00, 0x00, 0x00,
  0x00, 0x00, 0x00, 0x00, 0x00, 0x00, 0x00, 0x00, 0x00, 0x00, 0x00, 0x00,
  0x00, 0x00, 0x00, 0x00, 0x00, 0x00, 0x00, 0x00, 0x00, 0x00, 0x00, 0x00,
  0x00, 0x00, 0x00, 0x00, 0x00, 0x00, 0x00, 0x00, 0x00, 0x00, 0x00, 0x00,
  0x00, 0x00, 0x00, 0x00, 0x00, 0x00, 0x00, 0x00, 0x00, 0x00, 0x00, 0x00,
  0x00, 0x00, 0x00, 0x00, 0x00, 0x00, 0x00, 0x00, 0x00, 0x00, 0x00, 0x00,
  0x00, 0x00, 0x00, 0x00, 0x00, 0x00, 0x00, 0x00, 0x00, 0x00, 0x00, 0x00,
  0x00, 0x00, 0x00, 0x00, 0x00, 0x00, 0x00, 0x00, 0x00, 0x00, 0x00, 0x00,
  0x00, 0x00, 0x00, 0x00, 0x00, 0x00, 0x00, 0x00, 0x00, 0x00, 0x00, 0x00,
  0x00, 0x00, 0x00, 0x00, 0x00, 0x00, 0x00, 0x00, 0x00, 0x00, 0x00, 0x00,
  0x00, 0x00, 0x00, 0x00, 0x00, 0x00, 0x00, 0x00, 0x00, 0x00, 0x00, 0x00,
  0x00, 0x00, 0x00, 0x00, 0x00, 0x00, 0x00, 0x00, 0x00, 0x00, 0x00, 0x00,
  0x00, 0x00, 0x00, 0x00, 0x00, 0x00, 0x00, 0x00, 0x00, 0x00, 0x00, 0x00,
  0x00, 0x00, 0x00, 0x00, 0x00, 0x00, 0x00, 0x00, 0x00, 0x00, 0x00, 0x00,
  0x00, 0x00, 0x00, 0x00, 0x00, 0x00, 0x00, 0x00, 0x00, 0x00, 0x00, 0x00,
  0x00, 0x00, 0x00, 0x00, 0x00, 0x00, 0x00, 0x00, 0x00, 0x00, 0x00, 0x00,
  0x00, 0x00, 0x00, 0x00, 0x00, 0x00, 0x00, 0x00, 0x00, 0x00, 0x00, 0x00,
  0x00, 0x00, 0x00, 0x00, 0x00, 0x00, 0x00, 0x00, 0x00, 0x00, 0x00, 0x00,
  0x00, 0x00, 0x00, 0x00, 0x00, 0x00, 0x00, 0x00, 0x00, 0x00, 0x00, 0x00,
  0x00, 0x00, 0x00, 0x00, 0x00, 0x00, 0x00, 0x00, 0x00, 0x00, 0x00, 0x00,
  0x00, 0x00, 0x00, 0x00, 0x00, 0x00, 0x00, 0x00, 0x00, 0x00, 0x00, 0x00,
  0x00, 0x00, 0x00, 0x00, 0x00, 0x00, 0x00, 0x00, 0x00, 0x00, 0x00, 0x00,
  0x00, 0x00, 0x00, 0x00, 0x00, 0x00, 0x00, 0x00, 0x00, 0x00, 0x00, 0x00,
  0x00, 0x00, 0x00, 0x00, 0x00, 0x00, 0x00, 0x00, 0x00, 0x00, 0x00, 0x00,
  0x00, 0x00, 0x00, 0x00, 0x00, 0x00, 0x00, 0x00, 0x00, 0x00, 0x00, 0x00,
  0x00, 0x00, 0x00, 0x00, 0x00, 0x00, 0x00, 0x00, 0x00, 0x00, 0x00, 0x00,
  0x00, 0x00, 0x00, 0x00, 0x00, 0x00, 0x00, 0x00, 0x00, 0x00, 0x00, 0x00,
  0x00, 0x00, 0x00, 0x00, 0x00, 0x00, 0x00, 0x00, 0x00, 0x00, 0x00, 0x00,
  0x00, 0x00, 0x00, 0x00, 0x00, 0x00, 0x00, 0x00, 0x00, 0x00, 0x00, 0x00,
  0x00, 0x00, 0x00, 0x00, 0x00, 0x00, 0x00, 0x00, 0x00, 0x00, 0x00, 0x00,
  0x00, 0x00, 0x00, 0x00, 0x00, 0x00, 0x00, 0x00, 0x00, 0x00, 0x00, 0x00,
  0x00, 0x00, 0x00, 0x00, 0x00, 0x00, 0x00, 0x00, 0x00, 0x00, 0x00, 0x00,
  0x00, 0x00, 0x00, 0x00, 0x00, 0x00, 0x00, 0x00, 0x00, 0x00, 0x00, 0x00,
  0x00, 0x00, 0x00, 0x00, 0x00, 0x00, 0x00, 0x00, 0x00, 0x00, 0x00, 0x00,
  0x00, 0x00, 0x00, 0x00, 0x00, 0x00, 0x00, 0x00, 0x00, 0x00, 0x00, 0x00,
  0x00, 0x00, 0x00, 0x00, 0x00, 0x00, 0x00, 0x00, 0x00, 0x00, 0x00, 0x00,
  0x00, 0x00, 0x00, 0x00, 0x00, 0x00, 0x00, 0x00, 0x00, 0x00, 0x00, 0x00,
  0x00, 0x00, 0x00, 0x00, 0x00, 0x00, 0x00, 0x00, 0x00, 0x00, 0x00, 0x00,
  0x00, 0x00, 0x00, 0x00, 0x00, 0x00, 0x00, 0x00, 0x00, 0x00, 0x00, 0x00,
  0x00, 0x00, 0x00, 0x00, 0x00, 0x00, 0x00, 0x00, 0x00, 0x00, 0x00, 0x00,
  0x00, 0x00, 0x00, 0x00, 0x00, 0x00, 0x00, 0x00, 0x00, 0x00, 0x00, 0x00,
  0x00, 0x00, 0x00, 0x00, 0x00, 0x00, 0x00, 0x00, 0x00, 0x00, 0x00, 0x00,
  0x00, 0x00, 0x00, 0x00, 0x00, 0x00, 0x00, 0x00, 0x00, 0x00, 0x00, 0x00,
  0x00, 0x00, 0x00, 0x00, 0x00, 0x00, 0x00, 0x00, 0x00, 0x00, 0x00, 0x00,
  0x00, 0x00, 0x00, 0x00, 0x00, 0x00, 0x00, 0x00, 0x00, 0x00, 0x00, 0x00,
  0x00, 0x00, 0x00, 0x00, 0x00, 0x00, 0x00, 0x00, 0x00, 0x00, 0x00, 0x00,
  0x00, 0x00, 0x00, 0x00, 0x00, 0x00, 0x00, 0x00, 0x00, 0x00, 0x00, 0x00,
  0x00, 0x00, 0x00, 0x00, 0x00, 0x00, 0x00, 0x00, 0x00, 0x00, 0x00, 0x00,
  0x00, 0x00, 0x00, 0x00, 0x00, 0x00, 0x00, 0x00, 0x00, 0x00, 0x00, 0x00,
  0x00, 0x00, 0x00, 0x00, 0x00, 0x00, 0x00, 0x00, 0x00, 0x00, 0x00, 0x00,
  0x00, 0x00, 0x00, 0x00, 0x00, 0x00, 0x00, 0x00, 0x00, 0x00, 0x00, 0x00,
  0x00, 0x00, 0x00, 0x00, 0x00, 0x00, 0x00, 0x00, 0x00, 0x00, 0x00, 0x00,
  0x00, 0x00, 0x00, 0x00, 0x00, 0x00, 0x00, 0x00, 0x00, 0x00, 0x00, 0x00,
  0x00, 0x00, 0x00, 0x00, 0x00, 0x00, 0x00, 0x00, 0x00, 0x00, 0x00, 0x00,
  0x00, 0x00, 0x00, 0x00, 0x00, 0x00, 0x00, 0x00, 0x00, 0x00, 0x00, 0x00,
  0x00, 0x00, 0x00, 0x00, 0x00, 0x00, 0x00, 0x00, 0x00, 0x00, 0x00, 0x00,
  0x00, 0x00, 0x00, 0x00, 0x00, 0x00, 0x00, 0x00, 0x00, 0x00, 0x00, 0x00,
  0x00, 0x00, 0x00, 0x00, 0x00, 0x00, 0x00, 0x00, 0x00, 0x00, 0x00, 0x00,
  0x00, 0x00, 0x00, 0x00, 0x00, 0x00, 0x00, 0x00, 0x00, 0x00, 0x00, 0x00,
  0x00, 0x00, 0x00, 0x00, 0x00, 0x00, 0x00, 0x00, 0x00, 0x00, 0x00, 0x00,
  0x00, 0x00, 0x00, 0x00, 0x00, 0x00, 0x00, 0x00, 0x00, 0x00, 0x00, 0x00,
  0x00, 0x00, 0x00, 0x00, 0x00, 0x00, 0x00, 0x00, 0x00, 0x00, 0x00, 0x00,
  0x00, 0x00, 0x00, 0x00, 0x00, 0x00, 0x00, 0x00, 0x00, 0x00, 0x00, 0x00,
  0x00, 0x00, 0x00, 0x00, 0x00, 0x00, 0x00, 0x00, 0x00, 0x00, 0x00, 0x00,
  0x00, 0x00, 0x00, 0x00, 0x00, 0x00, 0x00, 0x00, 0x00, 0x00, 0x00, 0x00,
  0x00, 0x00, 0x00, 0x00, 0x00, 0x00, 0x00, 0x00, 0x00, 0x00, 0x00, 0x00,
  0x00, 0x00, 0x00, 0x00, 0x00, 0x00, 0x00, 0x00, 0x00, 0x00, 0x00, 0x00,
  0x00, 0x00, 0x00, 0x00, 0x00, 0x00, 0x00, 0x00, 0x00, 0x00, 0x00, 0x00,
  0x00, 0x00, 0x00, 0x00, 0x00, 0x00, 0x00, 0x00, 0x00, 0x00, 0x00, 0x00,
  0x00, 0x00, 0x00, 0x00, 0x00, 0x00, 0x00, 0x00, 0x00, 0x00, 0x00, 0x00,
  0x00, 0x00, 0x00, 0x00, 0x00, 0x00, 0x00, 0x00, 0x00, 0x00, 0x00, 0x00,
  0x00, 0x00, 0x00, 0x00, 0x00, 0x00, 0x00, 0x00, 0x00, 0x00, 0x00, 0x00,
  0x00, 0x00, 0x00, 0x00, 0x00, 0x00, 0x00, 0x00, 0x00, 0x00, 0x00, 0x00,
  0x00, 0x00, 0x00, 0x00, 0x00, 0x00, 0x00, 0x00, 0x00, 0x00, 0x00, 0x00,
  0x00, 0x00, 0x00, 0x00, 0x00, 0x00, 0x00, 0x00, 0x00, 0x00, 0x00, 0x00,
  0x00, 0x00, 0x00, 0x00, 0x00, 0x00, 0x00, 0x00, 0x00, 0x00, 0x00, 0x00,
  0x00, 0x00, 0x00, 0x00, 0x00, 0x00, 0x00, 0x00, 0x00, 0x00, 0x00, 0x00,
  0x00, 0x00, 0x00, 0x00, 0x00, 0x00, 0x00, 0x00, 0x00, 0x00, 0x00, 0x00,
  0x00, 0x00, 0x00, 0x00, 0x00, 0x00, 0x00, 0x00, 0x00, 0x00, 0x00, 0x00,
  0x00, 0x00, 0x00, 0x00, 0x00, 0x00, 0x00, 0x00, 0x00, 0x00, 0x00, 0x00,
  0x00, 0x00, 0x00, 0x00, 0x00, 0x00, 0x00, 0x00, 0x00, 0x00, 0x00, 0x00,
  0x00, 0x00, 0x00, 0x00, 0x00, 0x00, 0x00, 0x00, 0x00, 0x00, 0x00, 0x00,
  0x00, 0x00, 0x00, 0x00, 0x00, 0x00, 0x00, 0x00, 0x00, 0x00, 0x00, 0x00,
  0x00, 0x00, 0x00, 0x00, 0x00, 0x00, 0x00, 0x00, 0x00, 0x00, 0x00, 0x00,
  0x00, 0x00, 0x00, 0x00, 0x00, 0x00, 0x00, 0x00, 0x00, 0x00, 0x00, 0x00,
  0x00, 0x00, 0x00, 0x00, 0x00, 0x00, 0x00, 0x00, 0x00, 0x00, 0x00, 0x00,
  0x00, 0x00, 0x00, 0x00, 0x00, 0x00, 0x00, 0x00, 0x00, 0x00, 0x00, 0x00,
  0x00, 0x00, 0x00, 0x00, 0x00, 0x00, 0x00, 0x00, 0x00, 0x00, 0x00, 0x00,
  0x00, 0x00, 0x00, 0x00, 0x00, 0x00, 0x00, 0x00, 0x00, 0x00, 0x00, 0x00,
  0x00, 0x00, 0x00, 0x00, 0x00, 0x00, 0x00, 0x00, 0x00, 0x00, 0x00, 0x00,
  0x00, 0x00, 0x00, 0x00, 0x00, 0x00, 0x00, 0x00, 0x00, 0x00, 0x00, 0x00,
  0x00, 0x00, 0x00, 0x00, 0x00, 0x00, 0x00, 0x00, 0x00, 0x00, 0x00, 0x00,
  0x00, 0x00, 0x00, 0x00, 0x00, 0x00, 0x00, 0x00, 0x00, 0x00, 0x00, 0x00,
  0x00, 0x00, 0x00, 0x00, 0x31, 0xed, 0x89, 0xe0, 0x8b, 0x08, 0x8d, 0x50,
  0x04, 0x83, 0xe4, 0xf0, 0x54, 0x52, 0x51, 0xe8, 0x7c, 0x49, 0x00, 0x00,
  0x89, 0xc3, 0xb8, 0x01, 0x00, 0x00, 0x00, 0xcd, 0x80, 0xf4, 0x66, 0x90,
  0xc8, 0x08, 0x00, 0x00, 0xb8, 0x1e, 0x00, 0x00, 0x00, 0xcd, 0x80, 0x89,
  0x45, 0xfc, 0x8b, 0x45, 0xfc, 0x89, 0x45, 0xf8, 0xeb, 0x00, 0x8b, 0x45,
  0xf8, 0xc9, 0xc3, 0x90, 0xc8, 0x08, 0x00, 0x00, 0xb8, 0x8c, 0x00, 0x00,
  0x00, 0xcd, 0x80, 0x89, 0x45, 0xfc, 0x8b, 0x45, 0xfc, 0x89, 0x45, 0xf8,
  0xeb, 0x00, 0x8b, 0x45, 0xf8, 0xc9, 0xc3, 0x90, 0xc8, 0x0c, 0x00, 0x00,
  0x89, 0x5d, 0xf4, 0x8b, 0x55, 0x14, 0x8b, 0x4d, 0x10, 0x8b, 0x5d, 0x0c,
  0x8b, 0x45, 0x08, 0xcd, 0x80, 0x89, 0x45, 0xfc, 0x8b, 0x45, 0xfc, 0x89,
  0x45, 0xf8, 0xeb, 0x00, 0x8b, 0x45, 0xf8, 0x8b, 0x5d, 0xf4, 0xc9, 0xc3,
  0xc8, 0x08, 0x00, 0x00, 0x83, 0x7d, 0x08, 0x61, 0x7c, 0x06, 0x83, 0x7d,
  0x08, 0x7a, 0x7e, 0x12, 0x83, 0x7d, 0x08, 0x41, 0x7c, 0x06, 0x83, 0x7d,
  0x08, 0x5a, 0x7e, 0x06, 0x83, 0x7d, 0x08, 0x5f, 0x75, 0x09, 0xc7, 0x45,
  0xfc, 0x01, 0x00, 0x00, 0x00, 0xeb, 0x04, 0x83, 0x65, 0xfc, 0x00, 0x8b,
  0x45, 0xfc, 0x89, 0x45, 0xf8, 0xeb, 0x00, 0x8b, 0x45, 0xf8, 0xc9, 0xc3,
  0xc8, 0x08, 0x00, 0x00, 0xff, 0x75, 0x08, 0xe8, 0xb8, 0xff, 0xff, 0xff,
  0x83, 0xc4, 0x04, 0x83, 0xf8, 0x00, 0x75, 0x0c, 0x83, 0x7d, 0x08, 0x30,
  0x7c, 0x0f, 0x83, 0x7d, 0x08, 0x39, 0x7f, 0x09, 0xc7, 0x45, 0xfc, 0x01,
  0x00, 0x00, 0x00, 0xeb, 0x04, 0x83, 0x65, 0xfc, 0x00, 0x8b, 0x45, 0xfc,
  0x89, 0x45, 0xf8, 0xeb, 0x00, 0x8b, 0x45, 0xf8, 0xc9, 0xc3, 0x66, 0x90,
  0xc8, 0x04, 0x00, 0x00, 0x81, 0x3d, 0x00, 0xb0, 0xc4, 0x00, 0x00, 0x00,
  0x01, 0x00, 0x7c, 0x02, 0xeb, 0x50, 0xb8, 0x00, 0xb0, 0xb8, 0x00, 0x8b,
  0x15, 0x00, 0xb0, 0xc4, 0x00, 0x6b, 0xd2, 0x0c, 0x01, 0xd0, 0x8b, 0x55,
  0x08, 0x89, 0x10, 0xb8, 0x04, 0xb0, 0xb8, 0x00, 0x8b, 0x15, 0x00, 0xb0,
  0xc4, 0x00, 0x6b, 0xd2, 0x0c, 0x01, 0xd0, 0x8b, 0x55, 0x0c, 0x89, 0x10,
  0xb8, 0x08, 0xb0, 0xb8, 0x00, 0x8b, 0x15, 0x00, 0xb0, 0xc4, 0x00, 0x6b,
  0xd2, 0x0c, 0x01, 0xd0, 0x8b, 0x15, 0x00, 0x80, 0xb0, 0x00, 0x89, 0x10,
  0xa1, 0x00, 0xb0, 0xc4, 0x00, 0x89, 0x45, 0xfc, 0xff, 0x05, 0x00, 0xb0,
  0xc4, 0x00, 0xc9, 0xc3, 0xc8, 0x18, 0x00, 0x00, 0x8b, 0x45, 0x08, 0x89,
  0x45, 0xfc, 0x83, 0x25, 0x00, 0xb0, 0xc4, 0x00, 0x00, 0xc7, 0x05, 0x00,
  0x80, 0xb0, 0x00, 0x01, 0x00, 0x00, 0x00, 0x8b, 0x45, 0xfc, 0x0f, 0xbe,
  0x00, 0x83, 0xf8, 0x00, 0x0f, 0x84, 0xe6, 0x08, 0x00, 0x00, 0x8b, 0x45,
  0xfc, 0x0f, 0xbe, 0x00, 0x83, 0xf8, 0x0a, 0x75, 0x19, 0xa1, 0x00, 0x80,
  0xb0, 0x00, 0x89, 0x45, 0xf8, 0xff, 0x05, 0x00, 0x80, 0xb0, 0x00, 0x8b,
  0x45, 0xfc, 0x89, 0x45, 0xf4, 0xff, 0x45, 0xfc, 0xeb, 0xcd, 0x8b, 0x45,
  0xfc, 0x0f, 0xbe, 0x00, 0x83, 0xf8, 0x20, 0x74, 0x16, 0x8b, 0x45, 0xfc,
  0x0f, 0xbe, 0x00, 0x83, 0xf8, 0x09, 0x74, 0x0b, 0x8b, 0x45, 0xfc, 0x0f,
  0xbe, 0x00, 0x83, 0xf8, 0x0d, 0x75, 0x0b, 0x8b, 0x45, 0xfc, 0x89, 0x45,
  0xf8, 0xff, 0x45, 0xfc, 0xeb, 0xa1, 0x8b, 0x45, 0xfc, 0x0f, 0xbe, 0x00,
  0x83, 0xf8, 0x2f, 0x75, 0x32, 0x8b, 0x45, 0xfc, 0x0f, 0xbe, 0x40, 0x01,
  0x83, 0xf8, 0x2f, 0x75, 0x26, 0x8b, 0x45, 0xfc, 0x0f, 0xbe, 0x00, 0x83,
  0xf8, 0x00, 0x74, 0x16, 0x8b, 0x45, 0xfc, 0x0f, 0xbe, 0x00, 0x83, 0xf8,
  0x0a, 0x74, 0x0b, 0x8b, 0x45, 0xfc, 0x89, 0x45, 0xf8, 0xff, 0x45, 0xfc,
  0xeb, 0xdf, 0xe9, 0x64, 0xff, 0xff, 0xff, 0x8b, 0x45, 0xfc, 0x0f, 0xbe,
  0x00, 0x83, 0xf8, 0x2f, 0x75, 0x6a, 0x8b, 0x45, 0xfc, 0x0f, 0xbe, 0x40,
  0x01, 0x83, 0xf8, 0x2a, 0x75, 0x5e, 0x83, 0x45, 0xfc, 0x02, 0x8b, 0x45,
  0xfc, 0x0f, 0xbe, 0x00, 0x83, 0xf8, 0x00, 0x74, 0x3b, 0x8b, 0x45, 0xfc,
  0x0f, 0xbe, 0x00, 0x83, 0xf8, 0x2a, 0x75, 0x0c, 0x8b, 0x45, 0xfc, 0x0f,
  0xbe, 0x40, 0x01, 0x83, 0xf8, 0x2f, 0x74, 0x24, 0x8b, 0x45, 0xfc, 0x0f,
  0xbe, 0x00, 0x83, 0xf8, 0x0a, 0x75, 0x0e, 0xa1, 0x00, 0x80, 0xb0, 0x00,
  0x89, 0x45, 0xf8, 0xff, 0x05, 0x00, 0x80, 0xb0, 0x00, 0x8b, 0x45, 0xfc,
  0x89, 0x45, 0xf4, 0xff, 0x45, 0xfc, 0xeb, 0xba, 0x8b, 0x45, 0xfc, 0x0f,
  0xbe, 0x00, 0x83, 0xf8, 0x00, 0x74, 0x04, 0x83, 0x45, 0xfc, 0x02, 0xe9,
  0xef, 0xfe, 0xff, 0xff, 0x8b, 0x45, 0xfc, 0x0f, 0xbe, 0x10, 0x52, 0xe8,
  0xec, 0xfd, 0xff, 0xff, 0x83, 0xc4, 0x04, 0x83, 0xf8, 0x00, 0x0f, 0x84,
  0x65, 0x02, 0x00, 0x00, 0x8b, 0x45, 0xfc, 0x89, 0x45, 0xf8, 0xc7, 0x45,
  0xf4, 0xff, 0xff, 0xff, 0xff, 0x8b, 0x45, 0xfc, 0x0f, 0xbe, 0x10, 0x52,
  0xe8, 0x03, 0xfe, 0xff, 0xff, 0x83, 0xc4, 0x04, 0x83, 0xf8, 0x00, 0x74,
  0x0b, 0x8b, 0x45, 0xfc, 0x89, 0x45, 0xf0, 0xff, 0x45, 0xfc, 0xeb, 0xe1,
  0x8b, 0x45, 0xfc, 0x2b, 0x45, 0xf8, 0x83, 0xf8, 0x06, 0x75, 0x23, 0x6a,
  0x06, 0x68, 0xa7, 0x76, 0xb0, 0x00, 0xff, 0x75, 0xf8, 0xe8, 0x8a, 0x4b,
  0x00, 0x00, 0x83, 0xc4, 0x0c, 0x83, 0xf8, 0x00, 0x75, 0x0c, 0xc7, 0x45,
  0xf4, 0x04, 0x01, 0x00, 0x00, 0xe9, 0x90, 0x01, 0x00, 0x00, 0x8b, 0x45,
  0xfc, 0x2b, 0x45, 0xf8, 0x83, 0xf8, 0x02, 0x75, 0x23, 0x6a, 0x02, 0x68,
  0xa4, 0x76, 0xb0, 0x00, 0xff, 0x75, 0xf8, 0xe8, 0x5c, 0x4b, 0x00, 0x00,
  0x83, 0xc4, 0x0c, 0x83, 0xf8, 0x00, 0x75, 0x0c, 0xc7, 0x45, 0xf4, 0x05,
  0x01, 0x00, 0x00, 0xe9, 0x62, 0x01, 0x00, 0x00, 0x8b, 0x45, 0xfc, 0x2b,
  0x45, 0xf8, 0x83, 0xf8, 0x04, 0x75, 0x23, 0x6a, 0x04, 0x68, 0x9f, 0x76,
  0xb0, 0x00, 0xff, 0x75, 0xf8, 0xe8, 0x2e, 0x4b, 0x00, 0x00, 0x83, 0xc4,
  0x0c, 0x83, 0xf8, 0x00, 0x75, 0x0c, 0xc7, 0x45, 0xf4, 0x06, 0x01, 0x00,
  0x00, 0xe9, 0x34, 0x01, 0x00, 0x00, 0x8b, 0x45, 0xfc, 0x2b, 0x45, 0xf8,
  0x83, 0xf8, 0x05, 0x75, 0x23, 0x6a, 0x05, 0x68, 0x99, 0x76, 0xb0, 0x00,
  0xff, 0x75, 0xf8, 0xe8, 0x00, 0x4b, 0x00, 0x00, 0x83, 0xc4, 0x0c, 0x83,
  0xf8, 0x00, 0x75, 0x0c, 0xc7, 0x45, 0xf4, 0x07, 0x01, 0x00, 0x00, 0xe9,
  0x06, 0x01, 0x00, 0x00, 0x8b, 0x45, 0xfc, 0x2b, 0x45, 0xf8, 0x83, 0xf8,
  0x03, 0x75, 0x23, 0x6a, 0x03, 0x68, 0x95, 0x76, 0xb0, 0x00, 0xff, 0x75,
  0xf8, 0xe8, 0xd2, 0x4a, 0x00, 0x00, 0x83, 0xc4, 0x0c, 0x83, 0xf8, 0x00,
  0x75, 0x0c, 0xc7, 0x45, 0xf4, 0x08, 0x01, 0x00, 0x00, 0xe9, 0xd8, 0x00,
  0x00, 0x00, 0x8b, 0x45, 0xfc, 0x2b, 0x45, 0xf8, 0x83, 0xf8, 0x05, 0x75,
  0x23, 0x6a, 0x05, 0x68, 0x8f, 0x76, 0xb0, 0x00, 0xff, 0x75, 0xf8, 0xe8,
  0xa4, 0x4a, 0x00, 0x00, 0x83, 0xc4, 0x0c, 0x83, 0xf8, 0x00, 0x75, 0x0c,
  0xc7, 0x45, 0xf4, 0x09, 0x01, 0x00, 0x00, 0xe9, 0xaa, 0x00, 0x00, 0x00,
  0x8b, 0x45, 0xfc, 0x2b, 0x45, 0xf8, 0x83, 0xf8, 0x08, 0x75, 0x20, 0x6a,
  0x08, 0x68, 0x86, 0x76, 0xb0, 0x00, 0xff, 0x75, 0xf8, 0xe8, 0x76, 0x4a,
  0x00, 0x00, 0x83, 0xc4, 0x0c, 0x83, 0xf8, 0x00, 0x75, 0x09, 0xc7, 0x45,
  0xf4, 0x0a, 0x01, 0x00, 0x00, 0xeb, 0x7f, 0x8b, 0x45, 0xfc, 0x2b, 0x45,
  0xf8, 0x83, 0xf8, 0x03, 0x75, 0x20, 0x6a, 0x03, 0x68, 0x82, 0x76, 0xb0,
  0x00, 0xff, 0x75, 0xf8, 0xe8, 0x4b, 0x4a, 0x00, 0x00, 0x83, 0xc4, 0x0c,
  0x83, 0xf8, 0x00, 0x75, 0x09, 0xc7, 0x45, 0xf4, 0x0b, 0x01, 0x00, 0x00,
  0xeb, 0x54, 0x8b, 0x45, 0xfc, 0x2b, 0x45, 0xf8, 0x83, 0xf8, 0x04, 0x75,
  0x20, 0x6a, 0x04, 0x68, 0x7d, 0x76, 0xb0, 0x00, 0xff, 0x75, 0xf8, 0xe8,
  0x20, 0x4a, 0x00, 0x00, 0x83, 0xc4, 0x0c, 0x83, 0xf8, 0x00, 0x75, 0x09,
  0xc7, 0x45, 0xf4, 0x0c, 0x01, 0x00, 0x00, 0xeb, 0x29, 0x8b, 0x45, 0xfc,
  0x2b, 0x45, 0xf8, 0x83, 0xf8, 0x04, 0x75, 0x1e, 0x6a, 0x04, 0x68, 0x78,
  0x76, 0xb0, 0x00, 0xff, 0x75, 0xf8, 0xe8, 0xf5, 0x49, 0x00, 0x00, 0x83,
  0xc4, 0x0c, 0x83, 0xf8, 0x00, 0x75, 0x07, 0xc7, 0x45, 0xf4, 0x0d, 0x01,
  0x00, 0x00, 0x83, 0x7d, 0xf4, 0x00, 0x7c, 0x0f, 0x6a, 0x00, 0xff, 0x75,
  0xf4, 0xe8, 0x5e, 0xfc, 0xff, 0xff, 0x83, 0xc4, 0x08, 0xeb, 0x61, 0xa1,
  0x04, 0xb0, 0xc6, 0x00, 0x89, 0x45, 0xec, 0x8b, 0x45, 0xfc, 0x2b, 0x45,
  0xf8, 0x89, 0x45, 0xe8, 0x83, 0x7d, 0xe8, 0x1f, 0x7e, 0x07, 0xc7, 0x45,
  0xe8, 0x1f, 0x00, 0x00, 0x00, 0xff, 0x75, 0xe8, 0xff, 0x75, 0xf8, 0xb8,
  0x04, 0xb0, 0xc4, 0x00, 0x03, 0x45, 0xec, 0x50, 0xe8, 0xcf, 0x4a, 0x00,
  0x00, 0x83, 0xc4, 0x0c, 0xb8, 0x04, 0xb0, 0xc4, 0x00, 0x8b, 0x55, 0xec,
  0x03, 0x55, 0xe8, 0x01, 0xd0, 0xc6, 0x00, 0x00, 0x8b, 0x45, 0xec, 0x03,
  0x45, 0xe8, 0x40, 0xa3, 0x04, 0xb0, 0xc6, 0x00, 0xff, 0x75, 0xec, 0x68,
  0x00, 0x01, 0x00, 0x00, 0xe8, 0xfb, 0xfb, 0xff, 0xff, 0x83, 0xc4, 0x08,
  0xe9, 0x72, 0xfc, 0xff, 0xff, 0x8b, 0x45, 0xfc, 0x0f, 0xbe, 0x00, 0x83,
  0xf8, 0x30, 0x0f, 0x8c, 0x1c, 0x01, 0x00, 0x00, 0x8b, 0x45, 0xfc, 0x0f,
  0xbe, 0x00, 0x83, 0xf8, 0x39, 0x0f, 0x8f, 0x0d, 0x01, 0x00, 0x00, 0x83,
  0x65, 0xf8, 0x00, 0x8b, 0x45, 0xfc, 0x0f, 0xbe, 0x00, 0x83, 0xf8, 0x30,
  0x0f, 0x85, 0xaf, 0x00, 0x00, 0x00, 0x8b, 0x45, 0xfc, 0x0f, 0xbe, 0x40,
  0x01, 0x83, 0xf8, 0x78, 0x74, 0x10, 0x8b, 0x45, 0xfc, 0x0f, 0xbe, 0x40,
  0x01, 0x83, 0xf8, 0x58, 0x0f, 0x85, 0x93, 0x00, 0x00, 0x00, 0x83, 0x45,
  0xfc, 0x02, 0x8b, 0x45, 0xfc, 0x0f, 0xbe, 0x00, 0x83, 0xf8, 0x30, 0x7c,
  0x0b, 0x8b, 0x45, 0xfc, 0x0f, 0xbe, 0x00, 0x83, 0xf8, 0x39, 0x7e, 0x2c,
  0x8b, 0x45, 0xfc, 0x0f, 0xbe, 0x00, 0x83, 0xf8, 0x61, 0x7c, 0x0b, 0x8b,
  0x45, 0xfc, 0x0f, 0xbe, 0x00, 0x83, 0xf8, 0x66, 0x7e, 0x16, 0x8b, 0x45,
  0xfc, 0x0f, 0xbe, 0x00, 0x83, 0xf8, 0x41, 0x7c, 0x56, 0x8b, 0x45, 0xfc,
  0x0f, 0xbe, 0x00, 0x83, 0xf8, 0x46, 0x7f, 0x4b, 0x8b, 0x45, 0xfc, 0x0f,
  0xbe, 0x00, 0x89, 0x45, 0xf4, 0x83, 0x7d, 0xf4, 0x30, 0x7c, 0x0c, 0x83,
  0x7d, 0xf4, 0x39, 0x7f, 0x06, 0x83, 0x6d, 0xf4, 0x30, 0xeb, 0x16, 0x83,
  0x7d, 0xf4, 0x61, 0x7c, 0x0c, 0x83, 0x7d, 0xf4, 0x66, 0x7f, 0x06, 0x83,
  0x6d, 0xf4, 0x57, 0xeb, 0x04, 0x83, 0x6d, 0xf4, 0x37, 0x8b, 0x45, 0xf8,
  0xc1, 0xe0, 0x04, 0x03, 0x45, 0xf4, 0x89, 0x45, 0xf8, 0x8b, 0x45, 0xfc,
  0x89, 0x45, 0xf0, 0xff, 0x45, 0xfc, 0xe9, 0x73, 0xff, 0xff, 0xff, 0xeb,
  0x36, 0x8b, 0x45, 0xfc, 0x0f, 0xbe, 0x00, 0x83, 0xf8, 0x30, 0x7c, 0x2b,
  0x8b, 0x45, 0xfc, 0x0f, 0xbe, 0x00, 0x83, 0xf8, 0x39, 0x7f, 0x20, 0x8b,
  0x45, 0xfc, 0x0f, 0xbe, 0x10, 0x83, 0xea, 0x30, 0x8b, 0x45, 0xf8, 0x6b,
  0xc0, 0x0a, 0x8d, 0x04, 0x10, 0x89, 0x45, 0xf8, 0x8b, 0x45, 0xfc, 0x89,
  0x45, 0xf4, 0xff, 0x45, 0xfc, 0xeb, 0xca, 0xff, 0x75, 0xf8, 0x68, 0x01,
  0x01, 0x00, 0x00, 0xe8, 0xd0, 0xfa, 0xff, 0xff, 0x83, 0xc4, 0x08, 0xe9,
  0x47, 0xfb, 0xff, 0xff, 0x8b, 0x45, 0xfc, 0x0f, 0xbe, 0x00, 0x83, 0xf8,
  0x22, 0x0f, 0x85, 0x2e, 0x01, 0x00, 0x00, 0x8b, 0x45, 0xfc, 0x89, 0x45,
  0xf8, 0xff, 0x45, 0xfc, 0xa1, 0x04, 0xb0, 0xc6, 0x00, 0x89, 0x45, 0xf4,
  0x8b, 0x45, 0xfc, 0x0f, 0xbe, 0x00, 0x83, 0xf8, 0x00, 0x0f, 0x84, 0xcc,
  0x00, 0x00, 0x00, 0x8b, 0x45, 0xfc, 0x0f, 0xbe, 0x00, 0x83, 0xf8, 0x22,
  0x0f, 0x84, 0xbd, 0x00, 0x00, 0x00, 0x8b, 0x45, 0xfc, 0x89, 0x45, 0xec,
  0xff, 0x45, 0xfc, 0x8b, 0x45, 0xec, 0x0f, 0xbe, 0x00, 0x89, 0x45, 0xf0,
  0x83, 0x7d, 0xf0, 0x5c, 0x0f, 0x85, 0x81, 0x00, 0x00, 0x00, 0x8b, 0x45,
  0xfc, 0x0f, 0xbe, 0x00, 0x83, 0xf8, 0x00, 0x74, 0x76, 0x8b, 0x45, 0xfc,
  0x89, 0x45, 0xe8, 0xff, 0x45, 0xfc, 0x8b, 0x45, 0xe8, 0x0f, 0xbe, 0x00,
  0x89, 0x45, 0xf0, 0x83, 0x7d, 0xf0, 0x6e, 0x75, 0x09, 0xc7, 0x45, 0xf0,
  0x0a, 0x00, 0x00, 0x00, 0xeb, 0x55, 0x83, 0x7d, 0xf0, 0x74, 0x75, 0x09,
  0xc7, 0x45, 0xf0, 0x09, 0x00, 0x00, 0x00, 0xeb, 0x46, 0x83, 0x7d, 0xf0,
  0x72, 0x75, 0x09, 0xc7, 0x45, 0xf0, 0x0d, 0x00, 0x00, 0x00, 0xeb, 0x37,
  0x83, 0x7d, 0xf0, 0x5c, 0x75, 0x09, 0xc7, 0x45, 0xf0, 0x5c, 0x00, 0x00,
  0x00, 0xeb, 0x28, 0x83, 0x7d, 0xf0, 0x22, 0x75, 0x09, 0xc7, 0x45, 0xf0,
  0x22, 0x00, 0x00, 0x00, 0xeb, 0x19, 0x83, 0x7d, 0xf0, 0x27, 0x75, 0x09,
  0xc7, 0x45, 0xf0, 0x27, 0x00, 0x00, 0x00, 0xeb, 0x0a, 0x83, 0x7d, 0xf0,
  0x30, 0x75, 0x04, 0x83, 0x65, 0xf0, 0x00, 0xa1, 0x04, 0xb0, 0xc6, 0x00,
  0x89, 0x45, 0xe8, 0xff, 0x05, 0x04, 0xb0, 0xc6, 0x00, 0x8b, 0x45, 0xf0,
  0xba, 0x04, 0xb0, 0xc4, 0x00, 0x03, 0x55, 0xe8, 0x88, 0x02, 0xe9, 0x25,
  0xff, 0xff, 0xff, 0x8b, 0x45, 0xfc, 0x0f, 0xbe, 0x00, 0x83, 0xf8, 0x22,
  0x75, 0x09, 0x8b, 0x45, 0xfc, 0x89, 0x45, 0xf0, 0xff, 0x45, 0xfc, 0xa1,
  0x04, 0xb0, 0xc6, 0x00, 0x89, 0x45, 0xec, 0xff, 0x05, 0x04, 0xb0, 0xc6,
  0x00, 0xb8, 0x04, 0xb0, 0xc4, 0x00, 0x03, 0x45, 0xec, 0xc6, 0x00, 0x00,
  0xff, 0x75, 0xf4, 0x68, 0x02, 0x01, 0x00, 0x00, 0xe8, 0x93, 0xf9, 0xff,
  0xff, 0x83, 0xc4, 0x08, 0xe9, 0x0a, 0xfa, 0xff, 0xff, 0x8b, 0x45, 0xfc,
  0x0f, 0xbe, 0x00, 0x83, 0xf8, 0x27, 0x0f, 0x85, 0xcd, 0x00, 0x00, 0x00,
  0x8b, 0x45, 0xfc, 0x89, 0x45, 0xf8, 0xff, 0x45, 0xfc, 0x8b, 0x45, 0xfc,
  0x0f, 0xbe, 0x00, 0x83, 0xf8, 0x5c, 0x75, 0x7e, 0x8b, 0x45, 0xfc, 0x0f,
  0xbe, 0x40, 0x01, 0x83, 0xf8, 0x00, 0x74, 0x72, 0x8b, 0x45, 0xfc, 0x89,
  0x45, 0xf0, 0xff, 0x45, 0xfc, 0x8b, 0x45, 0xfc, 0x89, 0x45, 0xec, 0xff,
  0x45, 0xfc, 0x8b, 0x45, 0xec, 0x0f, 0xbe, 0x00, 0x89, 0x45, 0xf4, 0x83,
  0x7d, 0xf4, 0x6e, 0x75, 0x09, 0xc7, 0x45, 0xf4, 0x0a, 0x00, 0x00, 0x00,
  0xeb, 0x46, 0x83, 0x7d, 0xf4, 0x74, 0x75, 0x09, 0xc7, 0x45, 0xf4, 0x09,
  0x00, 0x00, 0x00, 0xeb, 0x37, 0x83, 0x7d, 0xf4, 0x72, 0x75, 0x09, 0xc7,
  0x45, 0xf4, 0x0d, 0x00, 0x00, 0x00, 0xeb, 0x28, 0x83, 0x7d, 0xf4, 0x5c,
  0x75, 0x09, 0xc7, 0x45, 0xf4, 0x5c, 0x00, 0x00, 0x00, 0xeb, 0x19, 0x83,
  0x7d, 0xf4, 0x27, 0x75, 0x09, 0xc7, 0x45, 0xf4, 0x27, 0x00, 0x00, 0x00,
  0xeb, 0x0a, 0x83, 0x7d, 0xf4, 0x30, 0x75, 0x04, 0x83, 0x65, 0xf4, 0x00,
  0xeb, 0x12, 0x8b, 0x45, 0xfc, 0x0f, 0xbe, 0x00, 0x89, 0x45, 0xf4, 0x8b,
  0x45, 0xfc, 0x89, 0x45, 0xf0, 0xff, 0x45, 0xfc, 0x8b, 0x45, 0xfc, 0x0f,
  0xbe, 0x00, 0x83, 0xf8, 0x27, 0x75, 0x09, 0x8b, 0x45, 0xfc, 0x89, 0x45,
  0xf0, 0xff, 0x45, 0xfc, 0xff, 0x75, 0xf4, 0x68, 0x03, 0x01, 0x00, 0x00,
  0xe8, 0xb7, 0xf8, 0xff, 0xff, 0x83, 0xc4, 0x08, 0xe9, 0x2e, 0xf9, 0xff,
  0xff, 0x6a, 0x02, 0x68, 0x75, 0x76, 0xb0, 0x00, 0xff, 0x75, 0xfc, 0xe8,
  0x18, 0x46, 0x00, 0x00, 0x83, 0xc4, 0x0c, 0x83, 0xf8, 0x00, 0x75, 0x18,
  0x6a, 0x00, 0x68, 0x14, 0x01, 0x00, 0x00, 0xe8, 0x8c, 0xf8, 0xff, 0xff,
  0x83, 0xc4, 0x08, 0x83, 0x45, 0xfc, 0x02, 0xe9, 0xff, 0xf8, 0xff, 0xff,
  0x6a, 0x02, 0x68, 0x72, 0x76, 0xb0, 0x00, 0xff, 0x75, 0xfc, 0xe8, 0xe9,
  0x45, 0x00, 0x00, 0x83, 0xc4, 0x0c, 0x83, 0xf8, 0x00, 0x75, 0x18, 0x6a,
  0x00, 0x68, 0x15, 0x01, 0x00, 0x00, 0xe8, 0x5d, 0xf8, 0xff, 0xff, 0x83,
  0xc4, 0x08, 0x83, 0x45, 0xfc, 0x02, 0xe9, 0xd0, 0xf8, 0xff, 0xff, 0x6a,
  0x02, 0x68, 0x6f, 0x76, 0xb0, 0x00, 0xff, 0x75, 0xfc, 0xe8, 0xba, 0x45,
  0x00, 0x00, 0x83, 0xc4, 0x0c, 0x83, 0xf8, 0x00, 0x75, 0x18, 0x6a, 0x00,
  0x68, 0x0e, 0x01, 0x00, 0x00, 0xe8, 0x2e, 0xf8, 0xff, 0xff, 0x83, 0xc4,
  0x08, 0x83, 0x45, 0xfc, 0x02, 0xe9, 0xa1, 0xf8, 0xff, 0xff, 0x6a, 0x02,
  0x68, 0x6c, 0x76, 0xb0, 0x00, 0xff, 0x75, 0xfc, 0xe8, 0x8b, 0x45, 0x00,
  0x00, 0x83, 0xc4, 0x0c, 0x83, 0xf8, 0x00, 0x75, 0x18, 0x6a, 0x00, 0x68,
  0x0f, 0x01, 0x00, 0x00, 0xe8, 0xff, 0xf7, 0xff, 0xff, 0x83, 0xc4, 0x08,
  0x83, 0x45, 0xfc, 0x02, 0xe9, 0x72, 0xf8, 0xff, 0xff, 0x6a, 0x02, 0x68,
  0x69, 0x76, 0xb0, 0x00, 0xff, 0x75, 0xfc, 0xe8, 0x5c, 0x45, 0x00, 0x00,
  0x83, 0xc4, 0x0c, 0x83, 0xf8, 0x00, 0x75, 0x18, 0x6a, 0x00, 0x68, 0x10,
  0x01, 0x00, 0x00, 0xe8, 0xd0, 0xf7, 0xff, 0xff, 0x83, 0xc4, 0x08, 0x83,
  0x45, 0xfc, 0x02, 0xe9, 0x43, 0xf8, 0xff, 0xff, 0x6a, 0x02, 0x68, 0x66,
  0x76, 0xb0, 0x00, 0xff, 0x75, 0xfc, 0xe8, 0x2d, 0x45, 0x00, 0x00, 0x83,
  0xc4, 0x0c, 0x83, 0xf8, 0x00, 0x75, 0x18, 0x6a, 0x00, 0x68, 0x11, 0x01,
  0x00, 0x00, 0xe8, 0xa1, 0xf7, 0xff, 0xff, 0x83, 0xc4, 0x08, 0x83, 0x45,
  0xfc, 0x02, 0xe9, 0x14, 0xf8, 0xff, 0xff, 0x6a, 0x02, 0x68, 0x63, 0x76,
  0xb0, 0x00, 0xff, 0x75, 0xfc, 0xe8, 0xfe, 0x44, 0x00, 0x00, 0x83, 0xc4,
  0x0c, 0x83, 0xf8, 0x00, 0x75, 0x18, 0x6a, 0x00, 0x68, 0x12, 0x01, 0x00,
  0x00, 0xe8, 0x72, 0xf7, 0xff, 0xff, 0x83, 0xc4, 0x08, 0x83, 0x45, 0xfc,
  0x02, 0xe9, 0xe5, 0xf7, 0xff, 0xff, 0x6a, 0x02, 0x68, 0x60, 0x76, 0xb0,
  0x00, 0xff, 0x75, 0xfc, 0xe8, 0xcf, 0x44, 0x00, 0x00, 0x83, 0xc4, 0x0c,
  0x83, 0xf8, 0x00, 0x75, 0x18, 0x6a, 0x00, 0x68, 0x13, 0x01, 0x00, 0x00,
  0xe8, 0x43, 0xf7, 0xff, 0xff, 0x83, 0xc4, 0x08, 0x83, 0x45, 0xfc, 0x02,
  0xe9, 0xb6, 0xf7, 0xff, 0xff, 0x6a, 0x03, 0x68, 0x5c, 0x76, 0xb0, 0x00,
  0xff, 0x75, 0xfc, 0xe8, 0xa0, 0x44, 0x00, 0x00, 0x83, 0xc4, 0x0c, 0x83,
  0xf8, 0x00, 0x74, 0x17, 0x6a, 0x03, 0x68, 0x58, 0x76, 0xb0, 0x00, 0xff,
  0x75, 0xfc, 0xe8, 0x89, 0x44, 0x00, 0x00, 0x83, 0xc4, 0x0c, 0x83, 0xf8,
  0x00, 0x75, 0x09, 0x83, 0x45, 0xfc, 0x03, 0xe9, 0x7f, 0xf7, 0xff, 0xff,
  0x8b, 0x45, 0xfc, 0x0f, 0xbe, 0x40, 0x01, 0x83, 0xf8, 0x3d, 0x75, 0x22,
  0x8b, 0x45, 0xfc, 0x0f, 0xbe, 0x00, 0x50, 0x68, 0x4f, 0x76, 0xb0, 0x00,
  0xe8, 0x17, 0x53, 0x00, 0x00, 0x83, 0xc4, 0x08, 0x83, 0xf8, 0x00, 0x74,
  0x09, 0x83, 0x45, 0xfc, 0x02, 0xe9, 0x51, 0xf7, 0xff, 0xff, 0x8b, 0x45,
  0xfc, 0x0f, 0xbe, 0x00, 0x50, 0x68, 0x38, 0x76, 0xb0, 0x00, 0xe8, 0xf5,
  0x52, 0x00, 0x00, 0x83, 0xc4, 0x08, 0x83, 0xf8, 0x00, 0x74, 0x1f, 0x6a,
  0x00, 0x8b, 0x45, 0xfc, 0x0f, 0xb6, 0x00, 0x50, 0xe8, 0xab, 0xf6, 0xff,
  0xff, 0x83, 0xc4, 0x08, 0x8b, 0x45, 0xfc, 0x89, 0x45, 0xf8, 0xff, 0x45,
  0xfc, 0xe9, 0x19, 0xf7, 0xff, 0xff, 0x8b, 0x45, 0xfc, 0x89, 0x45, 0xf8,
  0xff, 0x45, 0xfc, 0xe9, 0x0b, 0xf7, 0xff, 0xff, 0x6a, 0x00, 0x68, 0x16,
  0x01, 0x00, 0x00, 0xe8, 0x80, 0xf6, 0xff, 0xff, 0x83, 0xc4, 0x08, 0xc9,
  0xc3, 0x8d, 0x76, 0x00, 0xc8, 0x0c, 0x00, 0x00, 0xa1, 0x08, 0x38, 0xc7,
  0x00, 0x48, 0x89, 0x45, 0xfc, 0x83, 0x7d, 0xfc, 0x00, 0x7c, 0x3b, 0xff,
  0x75, 0x08, 0xba, 0x08, 0xb0, 0xc6, 0x00, 0x8b, 0x45, 0xfc, 0x6b, 0xc0,
  0x44, 0x01, 0xc2, 0x52, 0xe8, 0x7b, 0x43, 0x00, 0x00, 0x83, 0xc4, 0x08,
  0x83, 0xf8, 0x00, 0x75, 0x12, 0xb8, 0x08, 0xb0, 0xc6, 0x00, 0x8b, 0x55,
  0xfc, 0x6b, 0xd2, 0x44, 0x01, 0xd0, 0x89, 0x45, 0xf4, 0xeb, 0x11, 0x8b,
  0x45, 0xfc, 0x89, 0x45, 0xf8, 0xff, 0x4d, 0xfc, 0xeb, 0xbf, 0x83, 0x65,
  0xf4, 0x00, 0xeb, 0x00, 0x8b, 0x45, 0xf4, 0xc9, 0xc3, 0x8d, 0x76, 0x00,
  0xc8, 0x10, 0x00, 0x00, 0xff, 0x75, 0x08, 0xe8, 0x98, 0xff, 0xff, 0xff,
  0x83, 0xc4, 0x04, 0x89, 0x45, 0xf8, 0x83, 0x7d, 0xf8, 0x00, 0x74, 0x14,
  0x8b, 0x45, 0xf8, 0x83, 0x78, 0x20, 0x00, 0x75, 0x0b, 0x8b, 0x45, 0xf8,
  0x89, 0x45, 0xf0, 0xe9, 0x91, 0x00, 0x00, 0x00, 0x81, 0x3d, 0x08, 0x38,
  0xc7, 0x00, 0x00, 0x02, 0x00, 0x00, 0x7c, 0x06, 0x83, 0x65, 0xf0, 0x00,
  0xeb, 0x7f, 0xa1, 0x08, 0x38, 0xc7, 0x00, 0x89, 0x45, 0xf4, 0xff, 0x05,
  0x08, 0x38, 0xc7, 0x00, 0xb8, 0x08, 0xb0, 0xc6, 0x00, 0x8b, 0x55, 0xf4,
  0x6b, 0xd2, 0x44, 0x01, 0xd0, 0x89, 0x45, 0xfc, 0x6a, 0x1f, 0xff, 0x75,
  0x08, 0xff, 0x75, 0xfc, 0xe8, 0x8b, 0x43, 0x00, 0x00, 0x83, 0xc4, 0x0c,
  0x8b, 0x45, 0xfc, 0xc6, 0x40, 0x1f, 0x00, 0x8b, 0x45, 0xfc, 0x83, 0x60,
  0x20, 0x00, 0x8b, 0x45, 0xfc, 0x83, 0x60, 0x24, 0x00, 0x8b, 0x45, 0xfc,
  0x83, 0x60, 0x28, 0x00, 0x8b, 0x45, 0xfc, 0x83, 0x60, 0x2c, 0x00, 0x8b,
  0x45, 0xfc, 0x83, 0x60, 0x30, 0x00, 0x8b, 0x45, 0xfc, 0xc7, 0x40, 0x34,
  0x04, 0x00, 0x00, 0x00, 0x8b, 0x45, 0xfc, 0x83, 0x60, 0x38, 0x00, 0x8b,
  0x45, 0xfc, 0x83, 0x60, 0x3c, 0x00, 0x8b, 0x45, 0xfc, 0x83, 0x60, 0x40,
  0x00, 0x8b, 0x45, 0xfc, 0x89, 0x45, 0xf0, 0xeb, 0x00, 0x8b, 0x45, 0xf0,
  0xc9, 0xc3, 0x66, 0x90, 0xc8, 0x04, 0x00, 0x00, 0x81, 0x3d, 0x0c, 0x38,
  0xd3, 0x00, 0x00, 0x00, 0x08, 0x00, 0x7d, 0x1b, 0xa1, 0x0c, 0x38, 0xd3,
  0x00, 0x89, 0x45, 0xfc, 0xff, 0x05, 0x0c, 0x38, 0xd3, 0x00, 0x8b, 0x45,
  0x08, 0xba, 0x0c, 0x38, 0xc7, 0x00, 0x03, 0x55, 0xfc, 0x88, 0x02, 0xc9,
  0xc3, 0x8d, 0x76, 0x00, 0x55, 0x89, 0xe5, 0x8b, 0x45, 0x08, 0x25, 0xff,
  0x00, 0x00, 0x00, 0x50, 0xe8, 0xbf, 0xff, 0xff, 0xff, 0x83, 0xc4, 0x04,
  0x8b, 0x45, 0x08, 0xc1, 0xe8, 0x08, 0x25, 0xff, 0x00, 0x00, 0x00, 0x50,
  0xe8, 0xab, 0xff, 0xff, 0xff, 0x83, 0xc4, 0x04, 0x8b, 0x45, 0x08, 0xc1,
  0xe8, 0x10, 0x25, 0xff, 0x00, 0x00, 0x00, 0x50, 0xe8, 0x97, 0xff, 0xff,
  0xff, 0x83, 0xc4, 0x04, 0x8b, 0x45, 0x08, 0xc1, 0xe8, 0x18, 0x25, 0xff,
  0x00, 0x00, 0x00, 0x50, 0xe8, 0x83, 0xff, 0xff, 0xff, 0x83, 0xc4, 0x04,
  0xc9, 0xc3, 0x66, 0x90, 0x55, 0x89, 0xe5, 0x8b, 0x45, 0x08, 0xc1, 0xe0,
  0x06, 0x8b, 0x55, 0x0c, 0xc1, 0xe2, 0x03, 0x09, 0xd0, 0x0b, 0x45, 0x10,
  0x50, 0xe8, 0x62, 0xff, 0xff, 0xff, 0x83, 0xc4, 0x04, 0xc9, 0xc3, 0x90,
  0x55, 0x89, 0xe5, 0x83, 0x7d, 0x08, 0x00, 0x74, 0x27, 0x6a, 0x0f, 0xe8,
  0x4c, 0xff, 0xff, 0xff, 0x83, 0xc4, 0x04, 0x68, 0xb6, 0x00, 0x00, 0x00,
  0xe8, 0x3f, 0xff, 0xff, 0xff, 0x83, 0xc4, 0x04, 0x6a, 0x00, 0x6a, 0x00,
  0x6a, 0x00, 0xe8, 0xb5, 0xff, 0xff, 0xff, 0x83, 0xc4, 0x0c, 0xeb, 0x1b,
  0x68, 0x8b, 0x00, 0x00, 0x00, 0xe8, 0x22, 0xff, 0xff, 0xff, 0x83, 0xc4,
  0x04, 0x6a, 0x00, 0x6a, 0x00, 0x6a, 0x00, 0xe8, 0x98, 0xff, 0xff, 0xff,
  0x83, 0xc4, 0x0c, 0xc9, 0xc3, 0x8d, 0x76, 0x00, 0x55, 0x89, 0xe5, 0x83,
  0x7d, 0x08, 0x00, 0x74, 0x1d, 0x68, 0x88, 0x00, 0x00, 0x00, 0xe8, 0xf9,
  0xfe, 0xff, 0xff, 0x83, 0xc4, 0x04, 0x6a, 0x02, 0x6a, 0x00, 0x6a, 0x00,
  0xe8, 0x6f, 0xff, 0xff, 0xff, 0x83, 0xc4, 0x0c, 0xeb, 0x1b, 0x68, 0x89,
  0x00, 0x00, 0x00, 0xe8, 0xdc, 0xfe, 0xff, 0xff, 0x83, 0xc4, 0x04, 0x6a,
  0x02, 0x6a, 0x00, 0x6a, 0x00, 0xe8, 0x52, 0xff, 0xff, 0xff, 0x83, 0xc4,
  0x0c, 0xc9, 0xc3, 0x90, 0x55, 0x89, 0xe5, 0x68, 0x83, 0x00, 0x00, 0x00,
  0xe8, 0xbb, 0xfe, 0xff, 0xff, 0x83, 0xc4, 0x04, 0x6a, 0x00, 0x6a, 0x07,
  0x6a, 0x03, 0xe8, 0x31, 0xff, 0xff, 0xff, 0x83, 0xc4, 0x0c, 0x6a, 0x00,
  0xe8, 0xa3, 0xfe, 0xff, 0xff, 0x83, 0xc4, 0x04, 0xc9, 0xc3, 0x66, 0x90,
  0x55, 0x89, 0xe5, 0x6a, 0x0f, 0xe8, 0x92, 0xfe, 0xff, 0xff, 0x83, 0xc4,
  0x04, 0xff, 0x75, 0x08, 0xe8, 0x87, 0xfe, 0xff, 0xff, 0x83, 0xc4, 0x04,
  0x6a, 0x00, 0x6a, 0x00, 0x6a, 0x03, 0xe8, 0xfd, 0xfe, 0xff, 0xff, 0x83,
  0xc4, 0x0c, 0x6a, 0x0f, 0xe8, 0x6f, 0xfe, 0xff, 0xff, 0x83, 0xc4, 0x04,
  0x68, 0xb6, 0x00, 0x00, 0x00, 0xe8, 0x62, 0xfe, 0xff, 0xff, 0x83, 0xc4,
  0x04, 0x6a, 0x00, 0x6a, 0x00, 0x6a, 0x03, 0xe8, 0xd8, 0xfe, 0xff, 0xff,
  0x83, 0xc4, 0x0c, 0xc9, 0xc3, 0x8d, 0x76, 0x00, 0xc8, 0x08, 0x00, 0x00,
  0x81, 0x3d, 0x20, 0x58, 0xd6, 0x00, 0x00, 0x02, 0x00, 0x00, 0x7c, 0x06,
  0x83, 0x65, 0xf8, 0x00, 0xeb, 0x3a, 0xb8, 0x20, 0x48, 0xd6, 0x00, 0x8b,
  0x15, 0x20, 0x58, 0xd6, 0x00, 0xc7, 0x04, 0x90, 0xff, 0xff, 0xff, 0xff,
  0xb8, 0x20, 0x50, 0xd6, 0x00, 0x8b, 0x15, 0x20, 0x58, 0xd6, 0x00, 0xc7,
  0x04, 0x90, 0xff, 0xff, 0xff, 0xff, 0xa1, 0x20, 0x58, 0xd6, 0x00, 0x89,
  0x45, 0xfc, 0xff, 0x05, 0x20, 0x58, 0xd6, 0x00, 0x8b, 0x45, 0xfc, 0x89,
  0x45, 0xf8, 0xeb, 0x00, 0x8b, 0x45, 0xf8, 0xc9, 0xc3, 0x8d, 0x76, 0x00,
  0xc8, 0x18, 0x00, 0x00, 0xb8, 0x20, 0x48, 0xd6, 0x00, 0x8b, 0x55, 0x08,
  0x8b, 0x04, 0x90, 0x89, 0x45, 0xfc, 0xba, 0x20, 0x50, 0xd6, 0x00, 0x8b,
  0x4d, 0x08, 0xa1, 0x0c, 0x38, 0xd3, 0x00, 0x89, 0x04, 0x8a, 0x83, 0x7d,
  0xfc, 0x00, 0x0f, 0x8c, 0x83, 0x00, 0x00, 0x00, 0xb8, 0x1c, 0x38, 0xd6,
  0x00, 0x8b, 0x55, 0xfc, 0xc1, 0xe2, 0x03, 0x01, 0xd0, 0x8b, 0x00, 0x89,
  0x45, 0xf8, 0xa1, 0x0c, 0x38, 0xd3, 0x00, 0x8b, 0x55, 0xf8, 0x83, 0xc2,
  0x04, 0x29, 0xd0, 0x89, 0x45, 0xf4, 0x83, 0x65, 0xf0, 0x00, 0x83, 0x7d,
  0xf0, 0x04, 0x7d, 0x40, 0x8b, 0x45, 0xf8, 0x03, 0x45, 0xf0, 0x89, 0x45,
  0xe8, 0x83, 0x7d, 0xe8, 0x00, 0x7c, 0x26, 0xa1, 0x0c, 0x38, 0xd3, 0x00,
  0x39, 0x45, 0xe8, 0x7d, 0x1c, 0x8b, 0x45, 0xf0, 0xc1, 0xe0, 0x03, 0x88,
  0xc1, 0x8b, 0x45, 0xf4, 0xd3, 0xf8, 0x25, 0xff, 0x00, 0x00, 0x00, 0xba,
  0x0c, 0x38, 0xc7, 0x00, 0x03, 0x55, 0xe8, 0x88, 0x02, 0x8b, 0x45, 0xf0,
  0x89, 0x45, 0xec, 0xff, 0x45, 0xf0, 0xeb, 0xba, 0xb8, 0x20, 0x38, 0xd6,
  0x00, 0x8b, 0x55, 0xfc, 0xc1, 0xe2, 0x03, 0x01, 0xd0, 0x8b, 0x00, 0x89,
  0x45, 0xfc, 0xe9, 0x73, 0xff, 0xff, 0xff, 0xb8, 0x20, 0x48, 0xd6, 0x00,
  0x8b, 0x55, 0x08, 0xc7, 0x04, 0x90, 0xff, 0xff, 0xff, 0xff, 0xc9, 0xc3,
  0xc8, 0x04, 0x00, 0x00, 0x83, 0x7d, 0x08, 0x00, 0x7c, 0x39, 0xa1, 0x20,
  0x58, 0xd6, 0x00, 0x39, 0x45, 0x08, 0x7d, 0x2f, 0xb8, 0x20, 0x50, 0xd6,
  0x00, 0x8b, 0x55, 0x08, 0x83, 0x3c, 0x90, 0x00, 0x7c, 0x21, 0xb8, 0x20,
  0x50, 0xd6, 0x00, 0x8b, 0x55, 0x08, 0x8b, 0x04, 0x90, 0x8b, 0x15, 0x0c,
  0x38, 0xd3, 0x00, 0x83, 0xc2, 0x04, 0x29, 0xd0, 0x50, 0xe8, 0x26, 0xfd,
  0xff, 0xff, 0x83, 0xc4, 0x04, 0xeb, 0x73, 0x81, 0x3d, 0x1c, 0x48, 0xd6,
  0x00, 0x00, 0x02, 0x00, 0x00, 0x7d, 0x5d, 0xb8, 0x1c, 0x38, 0xd6, 0x00,
  0x8b, 0x15, 0x1c, 0x48, 0xd6, 0x00, 0xc1, 0xe2, 0x03, 0x01, 0xd0, 0x8b,
  0x15, 0x0c, 0x38, 0xd3, 0x00, 0x89, 0x10, 0xb8, 0x20, 0x38, 0xd6, 0x00,
  0x8b, 0x15, 0x1c, 0x48, 0xd6, 0x00, 0xc1, 0xe2, 0x03, 0x01, 0xd0, 0xba,
  0x20, 0x48, 0xd6, 0x00, 0x8b, 0x4d, 0x08, 0x8b, 0x14, 0x8a, 0x89, 0x10,
  0xa1, 0x1c, 0x48, 0xd6, 0x00, 0x89, 0x45, 0xfc, 0xff, 0x05, 0x1c, 0x48,
  0xd6, 0x00, 0xba, 0x20, 0x48, 0xd6, 0x00, 0x8b, 0x4d, 0x08, 0x8b, 0x45,
  0xfc, 0x89, 0x04, 0x8a, 0x6a, 0x00, 0xe8, 0xbd, 0xfc, 0xff, 0xff, 0x83,
  0xc4, 0x04, 0xeb, 0x0a, 0x6a, 0x00, 0xe8, 0xb1, 0xfc, 0xff, 0xff, 0x83,
  0xc4, 0x04, 0xc9, 0xc3, 0x55, 0x89, 0xe5, 0x68, 0xe9, 0x00, 0x00, 0x00,
  0xe8, 0x6f, 0xfc, 0xff, 0xff, 0x83, 0xc4, 0x04, 0xff, 0x75, 0x08, 0xe8,
  0x30, 0xff, 0xff, 0xff, 0x83, 0xc4, 0x04, 0xc9, 0xc3, 0x8d, 0x76, 0x00,
  0x55, 0x89, 0xe5, 0x6a, 0x0f, 0xe8, 0x52, 0xfc, 0xff, 0xff, 0x83, 0xc4,
  0x04, 0xff, 0x75, 0x08, 0xe8, 0x47, 0xfc, 0xff, 0xff, 0x83, 0xc4, 0x04,
  0xff, 0x75, 0x0c, 0xe8, 0x08, 0xff, 0xff, 0xff, 0x83, 0xc4, 0x04, 0xc9,
  0xc3, 0x8d, 0x76, 0x00, 0xc8, 0x04, 0x00, 0x00, 0x81, 0x3d, 0x18, 0x38,
  0xd6, 0x00, 0x00, 0x40, 0x00, 0x00, 0x7d, 0x50, 0xb8, 0x18, 0x38, 0xd3,
  0x00, 0x8b, 0x15, 0x18, 0x38, 0xd6, 0x00, 0x6b, 0xd2, 0x0c, 0x01, 0xd0,
  0x8b, 0x15, 0x0c, 0x38, 0xd3, 0x00, 0x89, 0x10, 0xb8, 0x1c, 0x38, 0xd3,
  0x00, 0x8b, 0x15, 0x18, 0x38, 0xd6, 0x00, 0x6b, 0xd2, 0x0c, 0x01, 0xd0,
  0x8b, 0x55, 0x08, 0x89, 0x10, 0xb8, 0x20, 0x38, 0xd3, 0x00, 0x8b, 0x15,
  0x18, 0x38, 0xd6, 0x00, 0x6b, 0xd2, 0x0c, 0x01, 0xd0, 0x8b, 0x55, 0x0c,
  0x89, 0x10, 0xa1, 0x18, 0x38, 0xd6, 0x00, 0x89, 0x45, 0xfc, 0xff, 0x05,
  0x18, 0x38, 0xd6, 0x00, 0x6a, 0x00, 0xe8, 0xfd, 0xfb, 0xff, 0xff, 0x83,
  0xc4, 0x04, 0xc9, 0xc3, 0xc8, 0x08, 0x00, 0x00, 0x8b, 0x45, 0x08, 0x83,
  0x78, 0x04, 0x00, 0x74, 0x09, 0xc7, 0x45, 0xf8, 0x04, 0x00, 0x00, 0x00,
  0xeb, 0x20, 0x8b, 0x45, 0x08, 0x83, 0x38, 0x01, 0x75, 0x09, 0xc7, 0x45,
  0xfc, 0x01, 0x00, 0x00, 0x00, 0xeb, 0x07, 0xc7, 0x45, 0xfc, 0x04, 0x00,
  0x00, 0x00, 0x8b, 0x45, 0xfc, 0x89, 0x45, 0xf8, 0xeb, 0x00, 0x8b, 0x45,
  0xf8, 0xc9, 0xc3, 0x90, 0xc8, 0x04, 0x00, 0x00, 0xb8, 0x00, 0xb0, 0xb8,
  0x00, 0x8b, 0x15, 0xac, 0x58, 0xd6, 0x00, 0x6b, 0xd2, 0x0c, 0x01, 0xd0,
  0x89, 0x45, 0xfc, 0xeb, 0x00, 0x8b, 0x45, 0xfc, 0xc9, 0xc3, 0x66, 0x90,
  0xc8, 0x08, 0x00, 0x00, 0xe8, 0xd7, 0xff, 0xff, 0xff, 0x8b, 0x55, 0x08,
  0x39, 0x10, 0x75, 0x09, 0xc7, 0x45, 0xfc, 0x01, 0x00, 0x00, 0x00, 0xeb,
  0x04, 0x83, 0x65, 0xfc, 0x00, 0x8b, 0x45, 0xfc, 0x89, 0x45, 0xf8, 0xeb,
  0x00, 0x8b, 0x45, 0xf8, 0xc9, 0xc3, 0x66, 0x90, 0xc8, 0x08, 0x00, 0x00,
  0xff, 0x75, 0x08, 0xe8, 0xc8, 0xff, 0xff, 0xff, 0x83, 0xc4, 0x04, 0x83,
  0xf8, 0x00, 0x74, 0x31, 0xa1, 0xac, 0x58, 0xd6, 0x00, 0x40, 0x8b, 0x15,
  0x00, 0xb0, 0xc4, 0x00, 0x39, 0xd0, 0x7d, 0x21, 0xb8, 0x00, 0xb0, 0xb8,
  0x00, 0x8b, 0x15, 0xac, 0x58, 0xd6, 0x00, 0x42, 0x6b, 0xd2, 0x0c, 0x01,
  0xd0, 0x8b, 0x55, 0x0c, 0x39, 0x10, 0x75, 0x09, 0xc7, 0x45, 0xfc, 0x01,
  0x00, 0x00, 0x00, 0xeb, 0x04, 0x83, 0x65, 0xfc, 0x00, 0x8b, 0x45, 0xfc,
  0x89, 0x45, 0xf8, 0xeb, 0x00, 0x8b, 0x45, 0xf8, 0xc9, 0xc3, 0x66, 0x90,
  0xc8, 0x08, 0x00, 0x00, 0xff, 0x75, 0x08, 0xe8, 0x70, 0xff, 0xff, 0xff,
  0x83, 0xc4, 0x04, 0x83, 0xf8, 0x00, 0x74, 0x17, 0xa1, 0xac, 0x58, 0xd6,
  0x00, 0x89, 0x45, 0xfc, 0xff, 0x05, 0xac, 0x58, 0xd6, 0x00, 0xc7, 0x45,
  0xf8, 0x01, 0x00, 0x00, 0x00, 0xeb, 0x06, 0x83, 0x65, 0xf8, 0x00, 0xeb,
  0x00, 0x8b, 0x45, 0xf8, 0xc9, 0xc3, 0x66, 0x90, 0xc8, 0x04, 0x00, 0x00,
  0xff, 0x75, 0x08, 0xe8, 0x38, 0xff, 0xff, 0xff, 0x83, 0xc4, 0x04, 0x83,
  0xf8, 0x00, 0x75, 0x0d, 0xe8, 0x0b, 0xff, 0xff, 0xff, 0x8b, 0x40, 0x08,
  0xa3, 0xa8, 0x58, 0xd6, 0x00, 0xa1, 0xac, 0x58, 0xd6, 0x00, 0x89, 0x45,
  0xfc, 0xff, 0x05, 0xac, 0x58, 0xd6, 0x00, 0xc9, 0xc3, 0x8d, 0x76, 0x00,
  0xc8, 0x08, 0x00, 0x00, 0x68, 0x00, 0x01, 0x00, 0x00, 0xe8, 0x02, 0xff,
  0xff, 0xff, 0x83, 0xc4, 0x04, 0x83, 0xf8, 0x00, 0x0f, 0x84, 0xe5, 0x00,
  0x00, 0x00, 0xe8, 0xd1, 0xfe, 0xff, 0xff, 0xba, 0x04, 0xb0, 0xc4, 0x00,
  0x03, 0x50, 0x04, 0x89, 0x55, 0xfc, 0x68, 0x32, 0x76, 0xb0, 0x00, 0xff,
  0x75, 0xfc, 0xe8, 0xc9, 0x3c, 0x00, 0x00, 0x83, 0xc4, 0x08, 0x83, 0xf8,
  0x00, 0x0f, 0x84, 0xac, 0x00, 0x00, 0x00, 0x68, 0x2b, 0x76, 0xb0, 0x00,
  0xff, 0x75, 0xfc, 0xe8, 0xb0, 0x3c, 0x00, 0x00, 0x83, 0xc4, 0x08, 0x83,
  0xf8, 0x00, 0x0f, 0x84, 0x93, 0x00, 0x00, 0x00, 0x68, 0x22, 0x76, 0xb0,
  0x00, 0xff, 0x75, 0xfc, 0xe8, 0x97, 0x3c, 0x00, 0x00, 0x83, 0xc4, 0x08,
  0x83, 0xf8, 0x00, 0x74, 0x7e, 0x68, 0x19, 0x76, 0xb0, 0x00, 0xff, 0x75,
  0xfc, 0xe8, 0x82, 0x3c, 0x00, 0x00, 0x83, 0xc4, 0x08, 0x83, 0xf8, 0x00,
  0x74, 0x69, 0x68, 0x10, 0x76, 0xb0, 0x00, 0xff, 0x75, 0xfc, 0xe8, 0x6d,
  0x3c, 0x00, 0x00, 0x83, 0xc4, 0x08, 0x83, 0xf8, 0x00, 0x74, 0x54, 0x68,
  0x0b, 0x76, 0xb0, 0x00, 0xff, 0x75, 0xfc, 0xe8, 0x58, 0x3c, 0x00, 0x00,
  0x83, 0xc4, 0x08, 0x83, 0xf8, 0x00, 0x74, 0x3f, 0x68, 0x05, 0x76, 0xb0,
  0x00, 0xff, 0x75, 0xfc, 0xe8, 0x43, 0x3c, 0x00, 0x00, 0x83, 0xc4, 0x08,
  0x83, 0xf8, 0x00, 0x74, 0x2a, 0x68, 0xfe, 0x75, 0xb0, 0x00, 0xff, 0x75,
  0xfc, 0xe8, 0x2e, 0x3c, 0x00, 0x00, 0x83, 0xc4, 0x08, 0x83, 0xf8, 0x00,
  0x74, 0x15, 0x68, 0xf7, 0x75, 0xb0, 0x00, 0xff, 0x75, 0xfc, 0xe8, 0x19,
  0x3c, 0x00, 0x00, 0x83, 0xc4, 0x08, 0x83, 0xf8, 0x00, 0x75, 0x10, 0xa1,
  0xac, 0x58, 0xd6, 0x00, 0x89, 0x45, 0xf8, 0xff, 0x05, 0xac, 0x58, 0xd6,
  0x00, 0xeb, 0x02, 0xeb, 0x05, 0xe9, 0xfe, 0xfe, 0xff, 0xff, 0xc9, 0xc3,
  0xc8, 0x14, 0x00, 0x00, 0x83, 0x65, 0xfc, 0x00, 0x8b, 0x45, 0x08, 0x83,
  0x20, 0x00, 0xe8, 0xe5, 0xfe, 0xff, 0xff, 0x68, 0x0b, 0x01, 0x00, 0x00,
  0xe8, 0xeb, 0xfd, 0xff, 0xff, 0x83, 0xc4, 0x04, 0x83, 0xf8, 0x00, 0x75,
  0x24, 0x68, 0x0c, 0x01, 0x00, 0x00, 0xe8, 0xd9, 0xfd, 0xff, 0xff, 0x83,
  0xc4, 0x04, 0x83, 0xf8, 0x00, 0x75, 0x12, 0x68, 0x0d, 0x01, 0x00, 0x00,
  0xe8, 0xc7, 0xfd, 0xff, 0xff, 0x83, 0xc4, 0x04, 0x83, 0xf8, 0x00, 0x74,
  0x59, 0x68, 0x0b, 0x01, 0x00, 0x00, 0xe8, 0xb5, 0xfd, 0xff, 0xff, 0x83,
  0xc4, 0x04, 0x83, 0xf8, 0x00, 0x74, 0x06, 0x83, 0x65, 0xf8, 0x00, 0xeb,
  0x28, 0x68, 0x0c, 0x01, 0x00, 0x00, 0xe8, 0x9d, 0xfd, 0xff, 0xff, 0x83,
  0xc4, 0x04, 0x83, 0xf8, 0x00, 0x74, 0x09, 0xc7, 0x45, 0xf4, 0x01, 0x00,
  0x00, 0x00, 0xeb, 0x07, 0xc7, 0x45, 0xf4, 0x02, 0x00, 0x00, 0x00, 0x8b,
  0x45, 0xf4, 0x89, 0x45, 0xf8, 0x8b, 0x45, 0xf8, 0x89, 0x45, 0xfc, 0xa1,
  0xac, 0x58, 0xd6, 0x00, 0x89, 0x45, 0xf0, 0xff, 0x05, 0xac, 0x58, 0xd6,
  0x00, 0xe8, 0x56, 0xfe, 0xff, 0xff, 0x6a, 0x2a, 0xe8, 0x5f, 0xfd, 0xff,
  0xff, 0x83, 0xc4, 0x04, 0x83, 0xf8, 0x00, 0x74, 0x19, 0x8b, 0x45, 0x08,
  0xc7, 0x00, 0x01, 0x00, 0x00, 0x00, 0xa1, 0xac, 0x58, 0xd6, 0x00, 0x89,
  0x45, 0xf8, 0xff, 0x05, 0xac, 0x58, 0xd6, 0x00, 0xeb, 0xd8, 0x8b, 0x45,
  0xfc, 0x89, 0x45, 0xec, 0xeb, 0x00, 0x8b, 0x45, 0xec, 0xc9, 0xc3, 0x90,
  0xc8, 0x10, 0x00, 0x00, 0x83, 0x7d, 0x0c, 0x00, 0x74, 0x09, 0xc7, 0x45,
  0xf0, 0x04, 0x00, 0x00, 0x00, 0xeb, 0x61, 0x83, 0x7d, 0x10, 0x00, 0x74,
  0x3d, 0x83, 0x7d, 0x08, 0x01, 0x75, 0x09, 0xc7, 0x45, 0xf8, 0x01, 0x00,
  0x00, 0x00, 0xeb, 0x07, 0xc7, 0x45, 0xf8, 0x04, 0x00, 0x00, 0x00, 0x8b,
  0x45, 0xf8, 0x89, 0x45, 0xfc, 0x83, 0x7d, 0x14, 0x00, 0x7e, 0x08, 0x8b,
  0x45, 0x14, 0x89, 0x45, 0xf4, 0xeb, 0x07, 0xc7, 0x45, 0xf4, 0x01, 0x00,
  0x00, 0x00, 0x8b, 0x45, 0xfc, 0x0f, 0xaf, 0x45, 0xf4, 0x89, 0x45, 0xf0,
  0xeb, 0x1e, 0x83, 0x7d, 0x08, 0x01, 0x75, 0x09, 0xc7, 0x45, 0xfc, 0x01,
  0x00, 0x00, 0x00, 0xeb, 0x07, 0xc7, 0x45, 0xfc, 0x04, 0x00, 0x00, 0x00,
  0x8b, 0x45, 0xfc, 0x89, 0x45, 0xf0, 0xeb, 0x00, 0x8b, 0x45, 0xf0, 0xc9,
  0xc3, 0x8d, 0x76, 0x00, 0xc8, 0x34, 0x00, 0x00, 0xc7, 0x45, 0xfc, 0x04,
  0x00, 0x00, 0x00, 0x83, 0x65, 0xf8, 0x00, 0x83, 0x65, 0xf4, 0x00, 0x83,
  0x65, 0xf0, 0x00, 0x83, 0x65, 0xec, 0x00, 0x68, 0x00, 0x01, 0x00, 0x00,
  0xe8, 0x8f, 0xfc, 0xff, 0xff, 0x83, 0xc4, 0x04, 0x83, 0xf8, 0x00, 0x0f,
  0x84, 0x0d, 0x01, 0x00, 0x00, 0xe8, 0x5e, 0xfc, 0xff, 0xff, 0xba, 0x04,
  0xb0, 0xc4, 0x00, 0x03, 0x50, 0x04, 0x89, 0x55, 0xe8, 0xff, 0x75, 0xe8,
  0xe8, 0xb7, 0xf6, 0xff, 0xff, 0x83, 0xc4, 0x04, 0x89, 0x45, 0xe4, 0x83,
  0x7d, 0xe4, 0x00, 0x75, 0x0e, 0xff, 0x75, 0xe8, 0xe8, 0xff, 0xf6, 0xff,
  0xff, 0x83, 0xc4, 0x04, 0x89, 0x45, 0xe4, 0xa1, 0xac, 0x58, 0xd6, 0x00,
  0x89, 0x45, 0xe0, 0xff, 0x05, 0xac, 0x58, 0xd6, 0x00, 0x8b, 0x45, 0xe4,
  0x83, 0x78, 0x20, 0x03, 0x75, 0x2b, 0x68, 0x8d, 0x00, 0x00, 0x00, 0xe8,
  0x9c, 0xf7, 0xff, 0xff, 0x83, 0xc4, 0x04, 0x6a, 0x05, 0x6a, 0x00, 0x6a,
  0x02, 0xe8, 0x12, 0xf8, 0xff, 0xff, 0x83, 0xc4, 0x0c, 0x8b, 0x45, 0xe4,
  0xff, 0x70, 0x3c, 0xe8, 0xb0, 0xf7, 0xff, 0xff, 0x83, 0xc4, 0x04, 0xeb,
  0x28, 0x68, 0xb8, 0x00, 0x00, 0x00, 0xe8, 0x71, 0xf7, 0xff, 0xff, 0x83,
  0xc4, 0x04, 0x6a, 0x00, 0x8b, 0x45, 0xe4, 0x2d, 0x08, 0xb0, 0xc6, 0x00,
  0xb9, 0x44, 0x00, 0x00, 0x00, 0x99, 0xf7, 0xf9, 0x50, 0xe8, 0x22, 0xfb,
  0xff, 0xff, 0x83, 0xc4, 0x08, 0x8b, 0x45, 0xe4, 0x8b, 0x40, 0x28, 0x89,
  0x45, 0xec, 0x8b, 0x45, 0xe4, 0x83, 0x78, 0x24, 0x01, 0x75, 0x09, 0xc7,
  0x45, 0xdc, 0x01, 0x00, 0x00, 0x00, 0xeb, 0x04, 0x83, 0x65, 0xdc, 0x00,
  0x8b, 0x45, 0xdc, 0x89, 0x45, 0xf8, 0x8b, 0x45, 0xe4, 0x83, 0x78, 0x24,
  0x01, 0x75, 0x1b, 0x8b, 0x45, 0xe4, 0x83, 0x78, 0x28, 0x00, 0x75, 0x12,
  0x8b, 0x45, 0xe4, 0x83, 0x78, 0x2c, 0x00, 0x75, 0x09, 0xc7, 0x45, 0xd8,
  0x01, 0x00, 0x00, 0x00, 0xeb, 0x04, 0x83, 0x65, 0xd8, 0x00, 0x8b, 0x45,
  0xd8, 0x89, 0x45, 0xf4, 0x83, 0x7d, 0xf8, 0x00, 0x74, 0x09, 0xc7, 0x45,
  0xd4, 0x01, 0x00, 0x00, 0x00, 0xeb, 0x07, 0xc7, 0x45, 0xd4, 0x04, 0x00,
  0x00, 0x00, 0x8b, 0x45, 0xd4, 0x89, 0x45, 0xfc, 0xeb, 0x6f, 0x6a, 0x2a,
  0xe8, 0x6f, 0xfb, 0xff, 0xff, 0x83, 0xc4, 0x04, 0x83, 0xf8, 0x00, 0x74,
  0x57, 0xa1, 0xac, 0x58, 0xd6, 0x00, 0x89, 0x45, 0xd8, 0xff, 0x05, 0xac,
  0x58, 0xd6, 0x00, 0x8d, 0x45, 0xdc, 0x50, 0xe8, 0xe8, 0x12, 0x00, 0x00,
  0x83, 0xc4, 0x04, 0x83, 0x7d, 0xdc, 0x01, 0x75, 0x09, 0xc7, 0x45, 0xd4,
  0x01, 0x00, 0x00, 0x00, 0xeb, 0x04, 0x83, 0x65, 0xd4, 0x00, 0x8b, 0x45,
  0xd4, 0x89, 0x45, 0xf8, 0x8b, 0x45, 0xf8, 0x89, 0x45, 0xf4, 0x83, 0x7d,
  0xf8, 0x00, 0x74, 0x09, 0xc7, 0x45, 0xd0, 0x01, 0x00, 0x00, 0x00, 0xeb,
  0x07, 0xc7, 0x45, 0xd0, 0x04, 0x00, 0x00, 0x00, 0x8b, 0x45, 0xd0, 0x89,
  0x45, 0xfc, 0xeb, 0x09, 0x83, 0x65, 0xcc, 0x00, 0xe9, 0x02, 0x01, 0x00,
  0x00, 0x6a, 0x5b, 0xe8, 0x00, 0xfb, 0xff, 0xff, 0x83, 0xc4, 0x04, 0x83,
  0xf8, 0x00, 0x0f, 0x84, 0xca, 0x00, 0x00, 0x00, 0xa1, 0xac, 0x58, 0xd6,
  0x00, 0x89, 0x45, 0xe8, 0xff, 0x05, 0xac, 0x58, 0xd6, 0x00, 0x83, 0x7d,
  0xec, 0x00, 0x74, 0x10, 0x83, 0x7d, 0xf0, 0x00, 0x75, 0x0a, 0x6a, 0x00,
  0xe8, 0xe3, 0xf6, 0xff, 0xff, 0x83, 0xc4, 0x04, 0x6a, 0x50, 0xe8, 0x35,
  0xf6, 0xff, 0xff, 0x83, 0xc4, 0x04, 0x8d, 0x45, 0xd8, 0x50, 0xe8, 0x55,
  0x12, 0x00, 0x00, 0x83, 0xc4, 0x04, 0x68, 0x89, 0x00, 0x00, 0x00, 0xe8,
  0x1c, 0xf6, 0xff, 0xff, 0x83, 0xc4, 0x04, 0x6a, 0x01, 0x6a, 0x00, 0x6a,
  0x03, 0xe8, 0x92, 0xf6, 0xff, 0xff, 0x83, 0xc4, 0x0c, 0x6a, 0x58, 0xe8,
  0x04, 0xf6, 0xff, 0xff, 0x83, 0xc4, 0x04, 0x83, 0x7d, 0xfc, 0x01, 0x75,
  0x27, 0x68, 0x8d, 0x00, 0x00, 0x00, 0xe8, 0xf1, 0xf5, 0xff, 0xff, 0x83,
  0xc4, 0x04, 0x6a, 0x04, 0x6a, 0x00, 0x6a, 0x00, 0xe8, 0x67, 0xf6, 0xff,
  0xff, 0x83, 0xc4, 0x0c, 0x6a, 0x08, 0xe8, 0xd9, 0xf5, 0xff, 0xff, 0x83,
  0xc4, 0x04, 0xeb, 0x28, 0x68, 0x8d, 0x00, 0x00, 0x00, 0xe8, 0xca, 0xf5,
  0xff, 0xff, 0x83, 0xc4, 0x04, 0x6a, 0x04, 0x6a, 0x00, 0x6a, 0x00, 0xe8,
  0x40, 0xf6, 0xff, 0xff, 0x83, 0xc4, 0x0c, 0x68, 0x88, 0x00, 0x00, 0x00,
  0xe8, 0xaf, 0xf5, 0xff, 0xff, 0x83, 0xc4, 0x04, 0x6a, 0x5d, 0xe8, 0xf5,
  0xfa, 0xff, 0xff, 0x83, 0xc4, 0x04, 0xc7, 0x45, 0xf0, 0x01, 0x00, 0x00,
  0x00, 0xe9, 0x23, 0xff, 0xff, 0xff, 0x83, 0x7d, 0xf0, 0x00, 0x74, 0x08,
  0x8b, 0x45, 0xf8, 0x89, 0x45, 0xe8, 0xeb, 0x06, 0x8b, 0x45, 0xf4, 0x89,
  0x45, 0xe8, 0x8b, 0x55, 0x08, 0x8b, 0x45, 0xe8, 0x89, 0x02, 0xc7, 0x45,
  0xcc, 0x01, 0x00, 0x00, 0x00, 0xeb, 0x00, 0x8b, 0x45, 0xcc, 0xc9, 0xc3,
  0xc8, 0x04, 0x00, 0x00, 0x8b, 0x45, 0x08, 0x83, 0x78, 0x08, 0x00, 0x74,
  0x38, 0x8b, 0x45, 0x08, 0x83, 0x78, 0x0c, 0x00, 0x75, 0x2f, 0xff, 0x75,
  0x08, 0xe8, 0x86, 0xf9, 0xff, 0xff, 0x83, 0xc4, 0x04, 0x83, 0xf8, 0x01,
  0x75, 0x09, 0xc7, 0x45, 0xfc, 0x01, 0x00, 0x00, 0x00, 0xeb, 0x04, 0x83,
  0x65, 0xfc, 0x00, 0xff, 0x75, 0xfc, 0xe8, 0xd5, 0xf5, 0xff, 0xff, 0x83,
  0xc4, 0x04, 0x8b, 0x45, 0x08, 0x83, 0x60, 0x08, 0x00, 0xc9, 0xc3, 0x90,
  0xc8, 0x2c, 0x00, 0x00, 0xe8, 0x8f, 0xf9, 0xff, 0xff, 0x89, 0x45, 0xfc,
  0x8b, 0x45, 0xfc, 0x81, 0x38, 0x01, 0x01, 0x00, 0x00, 0x74, 0x0b, 0x8b,
  0x45, 0xfc, 0x81, 0x38, 0x03, 0x01, 0x00, 0x00, 0x75, 0x49, 0x68, 0xb8,
  0x00, 0x00, 0x00, 0xe8, 0xf8, 0xf4, 0xff, 0xff, 0x83, 0xc4, 0x04, 0x8b,
  0x45, 0xfc, 0xff, 0x70, 0x04, 0xe8, 0x1a, 0xf5, 0xff, 0xff, 0x83, 0xc4,
  0x04, 0x8b, 0x45, 0x08, 0x83, 0x20, 0x00, 0x8b, 0x45, 0x08, 0x83, 0x60,
  0x04, 0x00, 0x8b, 0x45, 0x08, 0x83, 0x60, 0x08, 0x00, 0x8b, 0x45, 0x08,
  0x83, 0x60, 0x0c, 0x00, 0xa1, 0xac, 0x58, 0xd6, 0x00, 0x89, 0x45, 0xf8,
  0xff, 0x05, 0xac, 0x58, 0xd6, 0x00, 0xe9, 0x8f, 0x03, 0x00, 0x00, 0x8b,
  0x45, 0xfc, 0x81, 0x38, 0x02, 0x01, 0x00, 0x00, 0x0f, 0x85, 0x26, 0x01,
  0x00, 0x00, 0x68, 0xf2, 0x75, 0xb0, 0x00, 0xe8, 0xdc, 0xf3, 0xff, 0xff,
  0x83, 0xc4, 0x04, 0x89, 0x45, 0xf8, 0x8b, 0x45, 0xf8, 0xc7, 0x40, 0x20,
  0x05, 0x00, 0x00, 0x00, 0x8b, 0x55, 0xf8, 0xa1, 0x10, 0x38, 0xd3, 0x00,
  0x89, 0x42, 0x3c, 0xb8, 0x04, 0xb0, 0xc4, 0x00, 0x8b, 0x55, 0xfc, 0x03,
  0x42, 0x04, 0x89, 0x45, 0xf4, 0x8b, 0x45, 0xf4, 0x0f, 0xbe, 0x00, 0x83,
  0xf8, 0x00, 0x74, 0x3f, 0x81, 0x3d, 0x10, 0x38, 0xd3, 0x00, 0x00, 0x00,
  0x02, 0x00, 0x7d, 0x28, 0xa1, 0x10, 0x38, 0xd3, 0x00, 0x89, 0x45, 0xf0,
  0xff, 0x05, 0x10, 0x38, 0xd3, 0x00, 0x8b, 0x45, 0xf4, 0x89, 0x45, 0xec,
  0xff, 0x45, 0xf4, 0x8b, 0x45, 0xec, 0x8a, 0x00, 0xba, 0x0c, 0x38, 0xcf,
  0x00, 0x03, 0x55, 0xf0, 0x88, 0x02, 0xeb, 0x09, 0x8b, 0x45, 0xf4, 0x89,
  0x45, 0xe8, 0xff, 0x45, 0xf4, 0xeb, 0xb6, 0x81, 0x3d, 0x10, 0x38, 0xd3,
  0x00, 0x00, 0x00, 0x02, 0x00, 0x7d, 0x19, 0xa1, 0x10, 0x38, 0xd3, 0x00,
  0x89, 0x45, 0xf0, 0xff, 0x05, 0x10, 0x38, 0xd3, 0x00, 0xb8, 0x0c, 0x38,
  0xcf, 0x00, 0x03, 0x45, 0xf0, 0xc6, 0x00, 0x00, 0xa1, 0x10, 0x38, 0xd3,
  0x00, 0x83, 0xe0, 0x03, 0x74, 0x1b, 0xa1, 0x10, 0x38, 0xd3, 0x00, 0x89,
  0x45, 0xec, 0xff, 0x05, 0x10, 0x38, 0xd3, 0x00, 0xb8, 0x0c, 0x38, 0xcf,
  0x00, 0x03, 0x45, 0xec, 0xc6, 0x00, 0x00, 0xeb, 0xdb, 0x68, 0xb8, 0x00,
  0x00, 0x00, 0xe8, 0xd9, 0xf3, 0xff, 0xff, 0x83, 0xc4, 0x04, 0x6a, 0x00,
  0x8b, 0x45, 0xf8, 0x2d, 0x08, 0xb0, 0xc6, 0x00, 0xb9, 0x44, 0x00, 0x00,
  0x00, 0x99, 0xf7, 0xf9, 0x50, 0xe8, 0x8a, 0xf7, 0xff, 0xff, 0x83, 0xc4,
  0x08, 0x8b, 0x45, 0x08, 0xc7, 0x00, 0x01, 0x00, 0x00, 0x00, 0x8b, 0x45,
  0x08, 0xc7, 0x40, 0x04, 0x01, 0x00, 0x00, 0x00, 0x8b, 0x45, 0x08, 0x83,
  0x60, 0x08, 0x00, 0x8b, 0x45, 0x08, 0xc7, 0x40, 0x0c, 0x01, 0x00, 0x00,
  0x00, 0xa1, 0xac, 0x58, 0xd6, 0x00, 0x89, 0x45, 0xf4, 0xff, 0x05, 0xac,
  0x58, 0xd6, 0x00, 0xe9, 0x5a, 0x02, 0x00, 0x00, 0x8b, 0x45, 0xfc, 0x83,
  0x38, 0x28, 0x75, 0x28, 0xa1, 0xac, 0x58, 0xd6, 0x00, 0x89, 0x45, 0xf8,
  0xff, 0x05, 0xac, 0x58, 0xd6, 0x00, 0xff, 0x75, 0x08, 0xe8, 0x92, 0x0f,
  0x00, 0x00, 0x83, 0xc4, 0x04, 0x6a, 0x29, 0xe8, 0xac, 0xf8, 0xff, 0xff,
  0x83, 0xc4, 0x04, 0xe9, 0x2a, 0x02, 0x00, 0x00, 0x8b, 0x45, 0xfc, 0x81,
  0x38, 0x00, 0x01, 0x00, 0x00, 0x0f, 0x85, 0xd0, 0x01, 0x00, 0x00, 0xb8,
  0x04, 0xb0, 0xc4, 0x00, 0x8b, 0x55, 0xfc, 0x03, 0x42, 0x04, 0x89, 0x45,
  0xf8, 0xff, 0x75, 0xf8, 0xe8, 0x0f, 0xf2, 0xff, 0xff, 0x83, 0xc4, 0x04,
  0x89, 0x45, 0xf4, 0x83, 0x7d, 0xf4, 0x00, 0x75, 0x0e, 0xff, 0x75, 0xf8,
  0xe8, 0x57, 0xf2, 0xff, 0xff, 0x83, 0xc4, 0x04, 0x89, 0x45, 0xf4, 0xa1,
  0xac, 0x58, 0xd6, 0x00, 0x89, 0x45, 0xf0, 0xff, 0x05, 0xac, 0x58, 0xd6,
  0x00, 0x6a, 0x28, 0xe8, 0x94, 0xf7, 0xff, 0xff, 0x83, 0xc4, 0x04, 0x83,
  0xf8, 0x00, 0x0f, 0x84, 0xf4, 0x00, 0x00, 0x00, 0x83, 0x65, 0xec, 0x00,
  0xa1, 0xac, 0x58, 0xd6, 0x00, 0x89, 0x45, 0xe8, 0xff, 0x05, 0xac, 0x58,
  0xd6, 0x00, 0x6a, 0x29, 0xe8, 0x6f, 0xf7, 0xff, 0xff, 0x83, 0xc4, 0x04,
  0x83, 0xf8, 0x00, 0x75, 0x32, 0x8d, 0x45, 0xd8, 0x50, 0xe8, 0xf6, 0x0e,
  0x00, 0x00, 0x83, 0xc4, 0x04, 0x6a, 0x50, 0xe8, 0xc0, 0xf2, 0xff, 0xff,
  0x83, 0xc4, 0x04, 0x8b, 0x45, 0xec, 0x89, 0x45, 0xd4, 0xff, 0x45, 0xec,
  0x6a, 0x2c, 0xe8, 0xc5, 0xf7, 0xff, 0xff, 0x83, 0xc4, 0x04, 0x83, 0xf8,
  0x00, 0x75, 0x02, 0xeb, 0x02, 0xeb, 0xce, 0x6a, 0x29, 0xe8, 0xea, 0xf7,
  0xff, 0xff, 0x83, 0xc4, 0x04, 0x68, 0xe8, 0x00, 0x00, 0x00, 0xe8, 0x8d,
  0xf2, 0xff, 0xff, 0x83, 0xc4, 0x04, 0x6a, 0x01, 0x8b, 0x45, 0xf4, 0x2d,
  0x08, 0xb0, 0xc6, 0x00, 0xb9, 0x44, 0x00, 0x00, 0x00, 0x99, 0xf7, 0xf9,
  0x50, 0xe8, 0x3e, 0xf6, 0xff, 0xff, 0x83, 0xc4, 0x08, 0x83, 0x7d, 0xec,
  0x00, 0x7e, 0x2a, 0x68, 0x83, 0x00, 0x00, 0x00, 0xe8, 0x5f, 0xf2, 0xff,
  0xff, 0x83, 0xc4, 0x04, 0x6a, 0x04, 0x6a, 0x00, 0x6a, 0x03, 0xe8, 0xd5,
  0xf2, 0xff, 0xff, 0x83, 0xc4, 0x0c, 0x8b, 0x45, 0xec, 0xc1, 0xe0, 0x02,
  0x50, 0xe8, 0x42, 0xf2, 0xff, 0xff, 0x83, 0xc4, 0x04, 0x8b, 0x45, 0xf4,
  0x83, 0x78, 0x24, 0x02, 0x75, 0x06, 0x83, 0x65, 0xe4, 0x00, 0xeb, 0x09,
  0x8b, 0x45, 0xf4, 0x8b, 0x40, 0x24, 0x89, 0x45, 0xe4, 0x8b, 0x55, 0x08,
  0x8b, 0x45, 0xe4, 0x89, 0x02, 0x8b, 0x45, 0xf4, 0x8b, 0x40, 0x28, 0x8b,
  0x55, 0x08, 0x89, 0x42, 0x04, 0x8b, 0x45, 0x08, 0x83, 0x60, 0x08, 0x00,
  0x8b, 0x45, 0x08, 0x83, 0x60, 0x0c, 0x00, 0xe9, 0xd6, 0x00, 0x00, 0x00,
  0x8b, 0x45, 0xf4, 0x83, 0x78, 0x20, 0x03, 0x75, 0x2b, 0x68, 0x8d, 0x00,
  0x00, 0x00, 0xe8, 0xed, 0xf1, 0xff, 0xff, 0x83, 0xc4, 0x04, 0x6a, 0x05,
  0x6a, 0x00, 0x6a, 0x02, 0xe8, 0x63, 0xf2, 0xff, 0xff, 0x83, 0xc4, 0x0c,
  0x8b, 0x45, 0xf4, 0xff, 0x70, 0x3c, 0xe8, 0x01, 0xf2, 0xff, 0xff, 0x83,
  0xc4, 0x04, 0xeb, 0x28, 0x68, 0xb8, 0x00, 0x00, 0x00, 0xe8, 0xc2, 0xf1,
  0xff, 0xff, 0x83, 0xc4, 0x04, 0x6a, 0x00, 0x8b, 0x45, 0xf4, 0x2d, 0x08,
  0xb0, 0xc6, 0x00, 0xb9, 0x44, 0x00, 0x00, 0x00, 0x99, 0xf7, 0xf9, 0x50,
  0xe8, 0x73, 0xf5, 0xff, 0xff, 0x83, 0xc4, 0x08, 0x8b, 0x45, 0xf4, 0x8b,
  0x40, 0x24, 0x8b, 0x55, 0x08, 0x89, 0x02, 0x8b, 0x45, 0xf4, 0x8b, 0x40,
  0x28, 0x8b, 0x55, 0x08, 0x89, 0x42, 0x04, 0x8b, 0x45, 0x08, 0xc7, 0x40,
  0x08, 0x01, 0x00, 0x00, 0x00, 0x8b, 0x45, 0xf4, 0x8b, 0x40, 0x2c, 0x8b,
  0x55, 0x08, 0x89, 0x42, 0x0c, 0xeb, 0x4b, 0x8b, 0x45, 0xfc, 0x8b, 0x40,
  0x08, 0xa3, 0xa8, 0x58, 0xd6, 0x00, 0x68, 0xb8, 0x00, 0x00, 0x00, 0xe8,
  0x60, 0xf1, 0xff, 0xff, 0x83, 0xc4, 0x04, 0x6a, 0x00, 0xe8, 0x86, 0xf1,
  0xff, 0xff, 0x83, 0xc4, 0x04, 0x8b, 0x45, 0x08, 0x83, 0x20, 0x00, 0x8b,
  0x45, 0x08, 0x83, 0x60, 0x04, 0x00, 0x8b, 0x45, 0x08, 0x83, 0x60, 0x08,
  0x00, 0x8b, 0x45, 0x08, 0x83, 0x60, 0x0c, 0x00, 0xa1, 0xac, 0x58, 0xd6,
  0x00, 0x89, 0x45, 0xf8, 0xff, 0x05, 0xac, 0x58, 0xd6, 0x00, 0xc9, 0xc3,
  0xc8, 0x20, 0x00, 0x00, 0xff, 0x75, 0x08, 0xe8, 0xf8, 0xfb, 0xff, 0xff,
  0x83, 0xc4, 0x04, 0x6a, 0x5b, 0xe8, 0xa6, 0xf5, 0xff, 0xff, 0x83, 0xc4,
  0x04, 0x83, 0xf8, 0x00, 0x0f, 0x84, 0x22, 0x01, 0x00, 0x00, 0xff, 0x75,
  0x08, 0xe8, 0x36, 0xf5, 0xff, 0xff, 0x83, 0xc4, 0x04, 0x89, 0x45, 0xfc,
  0x8b, 0x45, 0x08, 0x83, 0x38, 0x01, 0x75, 0x09, 0xc7, 0x45, 0xf4, 0x01,
  0x00, 0x00, 0x00, 0xeb, 0x04, 0x83, 0x65, 0xf4, 0x00, 0x8b, 0x45, 0xf4,
  0x89, 0x45, 0xf8, 0xa1, 0xac, 0x58, 0xd6, 0x00, 0x89, 0x45, 0xf0, 0xff,
  0x05, 0xac, 0x58, 0xd6, 0x00, 0x8b, 0x45, 0x08, 0x83, 0x78, 0x04, 0x00,
  0x74, 0x13, 0x8b, 0x45, 0x08, 0x83, 0x78, 0x0c, 0x00, 0x75, 0x0a, 0x6a,
  0x00, 0xe8, 0x5a, 0xf1, 0xff, 0xff, 0x83, 0xc4, 0x04, 0x6a, 0x50, 0xe8,
  0xac, 0xf0, 0xff, 0xff, 0x83, 0xc4, 0x04, 0x8d, 0x45, 0xe0, 0x50, 0xe8,
  0xcc, 0x0c, 0x00, 0x00, 0x83, 0xc4, 0x04, 0x68, 0x89, 0x00, 0x00, 0x00,
  0xe8, 0x93, 0xf0, 0xff, 0xff, 0x83, 0xc4, 0x04, 0x6a, 0x01, 0x6a, 0x00,
  0x6a, 0x03, 0xe8, 0x09, 0xf1, 0xff, 0xff, 0x83, 0xc4, 0x0c, 0x6a, 0x58,
  0xe8, 0x7b, 0xf0, 0xff, 0xff, 0x83, 0xc4, 0x04, 0x83, 0x7d, 0xfc, 0x01,
  0x75, 0x27, 0x68, 0x8d, 0x00, 0x00, 0x00, 0xe8, 0x68, 0xf0, 0xff, 0xff,
  0x83, 0xc4, 0x04, 0x6a, 0x04, 0x6a, 0x00, 0x6a, 0x00, 0xe8, 0xde, 0xf0,
  0xff, 0xff, 0x83, 0xc4, 0x0c, 0x6a, 0x08, 0xe8, 0x50, 0xf0, 0xff, 0xff,
  0x83, 0xc4, 0x04, 0xeb, 0x28, 0x68, 0x8d, 0x00, 0x00, 0x00, 0xe8, 0x41,
  0xf0, 0xff, 0xff, 0x83, 0xc4, 0x04, 0x6a, 0x04, 0x6a, 0x00, 0x6a, 0x00,
  0xe8, 0xb7, 0xf0, 0xff, 0xff, 0x83, 0xc4, 0x0c, 0x68, 0x88, 0x00, 0x00,
  0x00, 0xe8, 0x26, 0xf0, 0xff, 0xff, 0x83, 0xc4, 0x04, 0x6a, 0x5d, 0xe8,
  0x6c, 0xf5, 0xff, 0xff, 0x83, 0xc4, 0x04, 0x83, 0x7d, 0xf8, 0x00, 0x74,
  0x09, 0xc7, 0x45, 0xec, 0x01, 0x00, 0x00, 0x00, 0xeb, 0x04, 0x83, 0x65,
  0xec, 0x00, 0x8b, 0x55, 0x08, 0x8b, 0x45, 0xec, 0x89, 0x02, 0x8b, 0x45,
  0x08, 0x83, 0x60, 0x04, 0x00, 0x8b, 0x45, 0x08, 0xc7, 0x40, 0x08, 0x01,
  0x00, 0x00, 0x00, 0x8b, 0x45, 0x08, 0x83, 0x60, 0x0c, 0x00, 0xeb, 0x02,
  0xeb, 0x05, 0xe9, 0xc4, 0xfe, 0xff, 0xff, 0xc9, 0xc3, 0x8d, 0x76, 0x00,
  0xc8, 0x0c, 0x00, 0x00, 0xe8, 0x43, 0xf4, 0xff, 0xff, 0x89, 0x45, 0xfc,
  0x8b, 0x45, 0xfc, 0x83, 0x38, 0x2d, 0x75, 0x5f, 0xa1, 0xac, 0x58, 0xd6,
  0x00, 0x89, 0x45, 0xf8, 0xff, 0x05, 0xac, 0x58, 0xd6, 0x00, 0xff, 0x75,
  0x08, 0xe8, 0xd6, 0xff, 0xff, 0xff, 0x83, 0xc4, 0x04, 0xff, 0x75, 0x08,
  0xe8, 0x37, 0xfa, 0xff, 0xff, 0x83, 0xc4, 0x04, 0x68, 0xf7, 0x00, 0x00,
  0x00, 0xe8, 0x96, 0xef, 0xff, 0xff, 0x83, 0xc4, 0x04, 0x6a, 0x00, 0x6a,
  0x03, 0x6a, 0x03, 0xe8, 0x0c, 0xf0, 0xff, 0xff, 0x83, 0xc4, 0x0c, 0x8b,
  0x45, 0x08, 0x83, 0x20, 0x00, 0x8b, 0x45, 0x08, 0x83, 0x60, 0x04, 0x00,
  0x8b, 0x45, 0x08, 0x83, 0x60, 0x08, 0x00, 0x8b, 0x45, 0x08, 0x83, 0x60,
  0x0c, 0x00, 0xe9, 0x96, 0x01, 0x00, 0x00, 0x8b, 0x45, 0xfc, 0x83, 0x38,
  0x21, 0x75, 0x56, 0xa1, 0xac, 0x58, 0xd6, 0x00, 0x89, 0x45, 0xf8, 0xff,
  0x05, 0xac, 0x58, 0xd6, 0x00, 0xff, 0x75, 0x08, 0xe8, 0x6f, 0xff, 0xff,
  0xff, 0x83, 0xc4, 0x04, 0xff, 0x75, 0x08, 0xe8, 0xd0, 0xf9, 0xff, 0xff,
  0x83, 0xc4, 0x04, 0xe8, 0x6c, 0xf0, 0xff, 0xff, 0x68, 0x94, 0x00, 0x00,
  0x00, 0xe8, 0x8e, 0xf0, 0xff, 0xff, 0x83, 0xc4, 0x04, 0x8b, 0x45, 0x08,
  0x83, 0x20, 0x00, 0x8b, 0x45, 0x08, 0x83, 0x60, 0x04, 0x00, 0x8b, 0x45,
  0x08, 0x83, 0x60, 0x08, 0x00, 0x8b, 0x45, 0x08, 0x83, 0x60, 0x0c, 0x00,
  0xe9, 0x38, 0x01, 0x00, 0x00, 0x8b, 0x45, 0xfc, 0x83, 0x38, 0x7e, 0x75,
  0x5f, 0xa1, 0xac, 0x58, 0xd6, 0x00, 0x89, 0x45, 0xf8, 0xff, 0x05, 0xac,
  0x58, 0xd6, 0x00, 0xff, 0x75, 0x08, 0xe8, 0x11, 0xff, 0xff, 0xff, 0x83,
  0xc4, 0x04, 0xff, 0x75, 0x08, 0xe8, 0x72, 0xf9, 0xff, 0xff, 0x83, 0xc4,
  0x04, 0x68, 0xf7, 0x00, 0x00, 0x00, 0xe8, 0xd1, 0xee, 0xff, 0xff, 0x83,
  0xc4, 0x04, 0x6a, 0x00, 0x6a, 0x02, 0x6a, 0x03, 0xe8, 0x47, 0xef, 0xff,
  0xff, 0x83, 0xc4, 0x0c, 0x8b, 0x45, 0x08, 0x83, 0x20, 0x00, 0x8b, 0x45,
  0x08, 0x83, 0x60, 0x04, 0x00, 0x8b, 0x45, 0x08, 0x83, 0x60, 0x08, 0x00,
  0x8b, 0x45, 0x08, 0x83, 0x60, 0x0c, 0x00, 0xe9, 0xd1, 0x00, 0x00, 0x00,
  0x8b, 0x45, 0xfc, 0x83, 0x38, 0x2a, 0x75, 0x41, 0xa1, 0xac, 0x58, 0xd6,
  0x00, 0x89, 0x45, 0xf8, 0xff, 0x05, 0xac, 0x58, 0xd6, 0x00, 0xff, 0x75,
  0x08, 0xe8, 0xaa, 0xfe, 0xff, 0xff, 0x83, 0xc4, 0x04, 0xff, 0x75, 0x08,
  0xe8, 0x0b, 0xf9, 0xff, 0xff, 0x83, 0xc4, 0x04, 0x8b, 0x45, 0x08, 0xc7,
  0x40, 0x08, 0x01, 0x00, 0x00, 0x00, 0x8b, 0x45, 0x08, 0x83, 0x60, 0x0c,
  0x00, 0x8b, 0x45, 0x08, 0x83, 0x60, 0x04, 0x00, 0xe9, 0x88, 0x00, 0x00,
  0x00, 0x8b, 0x45, 0xfc, 0x83, 0x38, 0x26, 0x75, 0x75, 0xa1, 0xac, 0x58,
  0xd6, 0x00, 0x89, 0x45, 0xf4, 0xff, 0x05, 0xac, 0x58, 0xd6, 0x00, 0x8d,
  0x55, 0xf8, 0x52, 0xe8, 0x18, 0xf6, 0xff, 0xff, 0x83, 0xc4, 0x04, 0x83,
  0xf8, 0x00, 0x74, 0x1a, 0x8b, 0x45, 0x08, 0x83, 0x60, 0x08, 0x00, 0x8b,
  0x45, 0x08, 0x83, 0x60, 0x0c, 0x00, 0x8b, 0x45, 0x08, 0xc7, 0x40, 0x04,
  0x01, 0x00, 0x00, 0x00, 0xeb, 0x47, 0x8b, 0x45, 0xfc, 0x8b, 0x40, 0x08,
  0xa3, 0xa8, 0x58, 0xd6, 0x00, 0x68, 0xb8, 0x00, 0x00, 0x00, 0xe8, 0x01,
  0xee, 0xff, 0xff, 0x83, 0xc4, 0x04, 0x6a, 0x00, 0xe8, 0x27, 0xee, 0xff,
  0xff, 0x83, 0xc4, 0x04, 0x8b, 0x45, 0x08, 0x83, 0x60, 0x08, 0x00, 0x8b,
  0x45, 0x08, 0x83, 0x60, 0x0c, 0x00, 0x8b, 0x45, 0x08, 0xc7, 0x40, 0x04,
  0x01, 0x00, 0x00, 0x00, 0xeb, 0x0b, 0xff, 0x75, 0x08, 0xe8, 0xaa, 0xfc,
  0xff, 0xff, 0x83, 0xc4, 0x04, 0xc9, 0xc3, 0x90, 0xc8, 0x18, 0x00, 0x00,
  0xff, 0x75, 0x08, 0xe8, 0xe8, 0xfd, 0xff, 0xff, 0x83, 0xc4, 0x04, 0xe8,
  0x2c, 0xf2, 0xff, 0xff, 0x8b, 0x00, 0x89, 0x45, 0xfc, 0x83, 0x7d, 0xfc,
  0x2a, 0x74, 0x10, 0x83, 0x7d, 0xfc, 0x2f, 0x74, 0x0a, 0x83, 0x7d, 0xfc,
  0x25, 0x0f, 0x85, 0xf3, 0x00, 0x00, 0x00, 0xa1, 0xac, 0x58, 0xd6, 0x00,
  0x89, 0x45, 0xe8, 0xff, 0x05, 0xac, 0x58, 0xd6, 0x00, 0xff, 0x75, 0x08,
  0xe8, 0x1b, 0xf8, 0xff, 0xff, 0x83, 0xc4, 0x04, 0x6a, 0x50, 0xe8, 0x7d,
  0xed, 0xff, 0xff, 0x83, 0xc4, 0x04, 0x8d, 0x45, 0xec, 0x50, 0xe8, 0x99,
  0xfd, 0xff, 0xff, 0x83, 0xc4, 0x04, 0x8d, 0x45, 0xec, 0x50, 0xe8, 0xf9,
  0xf7, 0xff, 0xff, 0x83, 0xc4, 0x04, 0x68, 0x89, 0x00, 0x00, 0x00, 0xe8,
  0x58, 0xed, 0xff, 0xff, 0x83, 0xc4, 0x04, 0x6a, 0x01, 0x6a, 0x00, 0x6a,
  0x03, 0xe8, 0xce, 0xed, 0xff, 0xff, 0x83, 0xc4, 0x0c, 0x6a, 0x58, 0xe8,
  0x40, 0xed, 0xff, 0xff, 0x83, 0xc4, 0x04, 0x83, 0x7d, 0xfc, 0x2a, 0x75,
  0x27, 0x6a, 0x0f, 0xe8, 0x30, 0xed, 0xff, 0xff, 0x83, 0xc4, 0x04, 0x68,
  0xaf, 0x00, 0x00, 0x00, 0xe8, 0x23, 0xed, 0xff, 0xff, 0x83, 0xc4, 0x04,
  0x6a, 0x01, 0x6a, 0x00, 0x6a, 0x03, 0xe8, 0x99, 0xed, 0xff, 0xff, 0x83,
  0xc4, 0x0c, 0xeb, 0x49, 0x68, 0x99, 0x00, 0x00, 0x00, 0xe8, 0x06, 0xed,
  0xff, 0xff, 0x83, 0xc4, 0x04, 0x68, 0xf7, 0x00, 0x00, 0x00, 0xe8, 0xf9,
  0xec, 0xff, 0xff, 0x83, 0xc4, 0x04, 0x6a, 0x01, 0x6a, 0x07, 0x6a, 0x03,
  0xe8, 0x6f, 0xed, 0xff, 0xff, 0x83, 0xc4, 0x0c, 0x83, 0x7d, 0xfc, 0x25,
  0x75, 0x1b, 0x68, 0x8b, 0x00, 0x00, 0x00, 0xe8, 0xd8, 0xec, 0xff, 0xff,
  0x83, 0xc4, 0x04, 0x6a, 0x02, 0x6a, 0x00, 0x6a, 0x03, 0xe8, 0x4e, 0xed,
  0xff, 0xff, 0x83, 0xc4, 0x0c, 0x8b, 0x45, 0x08, 0x83, 0x20, 0x00, 0x8b,
  0x45, 0x08, 0x83, 0x60, 0x04, 0x00, 0x8b, 0x45, 0x08, 0x83, 0x60, 0x08,
  0x00, 0x8b, 0x45, 0x08, 0x83, 0x60, 0x0c, 0x00, 0xeb, 0x02, 0xeb, 0x05,
  0xe9, 0xe6, 0xfe, 0xff, 0xff, 0xc9, 0xc3, 0x90, 0xc8, 0x18, 0x00, 0x00,
  0xff, 0x75, 0x08, 0xe8, 0xc8, 0xfe, 0xff, 0xff, 0x83, 0xc4, 0x04, 0xe8,
  0x00, 0xf1, 0xff, 0xff, 0x8b, 0x00, 0x89, 0x45, 0xfc, 0x83, 0x7d, 0xfc,
  0x2b, 0x74, 0x0a, 0x83, 0x7d, 0xfc, 0x2d, 0x0f, 0x85, 0xb5, 0x00, 0x00,
  0x00, 0xa1, 0xac, 0x58, 0xd6, 0x00, 0x89, 0x45, 0xe8, 0xff, 0x05, 0xac,
  0x58, 0xd6, 0x00, 0xff, 0x75, 0x08, 0xe8, 0xf5, 0xf6, 0xff, 0xff, 0x83,
  0xc4, 0x04, 0x6a, 0x50, 0xe8, 0x57, 0xec, 0xff, 0xff, 0x83, 0xc4, 0x04,
  0x8d, 0x45, 0xec, 0x50, 0xe8, 0x7f, 0xfe, 0xff, 0xff, 0x83, 0xc4, 0x04,
  0x8d, 0x45, 0xec, 0x50, 0xe8, 0xd3, 0xf6, 0xff, 0xff, 0x83, 0xc4, 0x04,
  0x68, 0x89, 0x00, 0x00, 0x00, 0xe8, 0x32, 0xec, 0xff, 0xff, 0x83, 0xc4,
  0x04, 0x6a, 0x01, 0x6a, 0x00, 0x6a, 0x03, 0xe8, 0xa8, 0xec, 0xff, 0xff,
  0x83, 0xc4, 0x0c, 0x6a, 0x58, 0xe8, 0x1a, 0xec, 0xff, 0xff, 0x83, 0xc4,
  0x04, 0x83, 0x7d, 0xfc, 0x2b, 0x75, 0x1a, 0x6a, 0x01, 0xe8, 0x0a, 0xec,
  0xff, 0xff, 0x83, 0xc4, 0x04, 0x6a, 0x00, 0x6a, 0x01, 0x6a, 0x03, 0xe8,
  0x80, 0xec, 0xff, 0xff, 0x83, 0xc4, 0x0c, 0xeb, 0x18, 0x6a, 0x29, 0xe8,
  0xf0, 0xeb, 0xff, 0xff, 0x83, 0xc4, 0x04, 0x6a, 0x00, 0x6a, 0x01, 0x6a,
  0x03, 0xe8, 0x66, 0xec, 0xff, 0xff, 0x83, 0xc4, 0x0c, 0x8b, 0x45, 0x08,
  0x83, 0x20, 0x00, 0x8b, 0x45, 0x08, 0x83, 0x60, 0x04, 0x00, 0x8b, 0x45,
  0x08, 0x83, 0x60, 0x08, 0x00, 0x8b, 0x45, 0x08, 0x83, 0x60, 0x0c, 0x00,
  0xeb, 0x02, 0xeb, 0x05, 0xe9, 0x2a, 0xff, 0xff, 0xff, 0xc9, 0xc3, 0x90,
  0xc8, 0x18, 0x00, 0x00, 0xff, 0x75, 0x08, 0xe8, 0x0c, 0xff, 0xff, 0xff,
  0x83, 0xc4, 0x04, 0xe8, 0x18, 0xf0, 0xff, 0xff, 0x8b, 0x00, 0x89, 0x45,
  0xfc, 0x81, 0x7d, 0xfc, 0x0e, 0x01, 0x00, 0x00, 0x74, 0x0d, 0x81, 0x7d,
  0xfc, 0x0f, 0x01, 0x00, 0x00, 0x0f, 0x85, 0xbe, 0x00, 0x00, 0x00, 0xa1,
  0xac, 0x58, 0xd6, 0x00, 0x89, 0x45, 0xe8, 0xff, 0x05, 0xac, 0x58, 0xd6,
  0x00, 0xff, 0x75, 0x08, 0xe8, 0x07, 0xf6, 0xff, 0xff, 0x83, 0xc4, 0x04,
  0x6a, 0x50, 0xe8, 0x69, 0xeb, 0xff, 0xff, 0x83, 0xc4, 0x04, 0x8d, 0x45,
  0xec, 0x50, 0xe8, 0xbd, 0xfe, 0xff, 0xff, 0x83, 0xc4, 0x04, 0x8d, 0x45,
  0xec, 0x50, 0xe8, 0xe5, 0xf5, 0xff, 0xff, 0x83, 0xc4, 0x04, 0x68, 0x89,
  0x00, 0x00, 0x00, 0xe8, 0x44, 0xeb, 0xff, 0xff, 0x83, 0xc4, 0x04, 0x6a,
  0x01, 0x6a, 0x00, 0x6a, 0x03, 0xe8, 0xba, 0xeb, 0xff, 0xff, 0x83, 0xc4,
  0x0c, 0x6a, 0x58, 0xe8, 0x2c, 0xeb, 0xff, 0xff, 0x83, 0xc4, 0x04, 0x81,
  0x7d, 0xfc, 0x0e, 0x01, 0x00, 0x00, 0x75, 0x1d, 0x68, 0xd3, 0x00, 0x00,
  0x00, 0xe8, 0x16, 0xeb, 0xff, 0xff, 0x83, 0xc4, 0x04, 0x6a, 0x00, 0x6a,
  0x04, 0x6a, 0x03, 0xe8, 0x8c, 0xeb, 0xff, 0xff, 0x83, 0xc4, 0x0c, 0xeb,
  0x1b, 0x68, 0xd3, 0x00, 0x00, 0x00, 0xe8, 0xf9, 0xea, 0xff, 0xff, 0x83,
  0xc4, 0x04, 0x6a, 0x00, 0x6a, 0x07, 0x6a, 0x03, 0xe8, 0x6f, 0xeb, 0xff,
  0xff, 0x83, 0xc4, 0x0c, 0x8b, 0x45, 0x08, 0x83, 0x20, 0x00, 0x8b, 0x45,
  0x08, 0x83, 0x60, 0x04, 0x00, 0x8b, 0x45, 0x08, 0x83, 0x60, 0x08, 0x00,
  0x8b, 0x45, 0x08, 0x83, 0x60, 0x0c, 0x00, 0xeb, 0x02, 0xeb, 0x05, 0xe9,
  0x1b, 0xff, 0xff, 0xff, 0xc9, 0xc3, 0x66, 0x90, 0xc8, 0x1c, 0x00, 0x00,
  0xff, 0x75, 0x08, 0xe8, 0xfc, 0xfe, 0xff, 0xff, 0x83, 0xc4, 0x04, 0xe8,
  0x20, 0xef, 0xff, 0xff, 0x8b, 0x00, 0x89, 0x45, 0xfc, 0xc7, 0x45, 0xf8,
  0xff, 0xff, 0xff, 0xff, 0x83, 0x7d, 0xfc, 0x3c, 0x75, 0x09, 0xc7, 0x45,
  0xf8, 0x9c, 0x00, 0x00, 0x00, 0xeb, 0x31, 0x83, 0x7d, 0xfc, 0x3e, 0x75,
  0x09, 0xc7, 0x45, 0xf8, 0x9f, 0x00, 0x00, 0x00, 0xeb, 0x22, 0x81, 0x7d,
  0xfc, 0x10, 0x01, 0x00, 0x00, 0x75, 0x09, 0xc7, 0x45, 0xf8, 0x9e, 0x00,
  0x00, 0x00, 0xeb, 0x10, 0x81, 0x7d, 0xfc, 0x11, 0x01, 0x00, 0x00, 0x75,
  0x07, 0xc7, 0x45, 0xf8, 0x9d, 0x00, 0x00, 0x00, 0x83, 0x7d, 0xf8, 0x00,
  0x7d, 0x05, 0xe9, 0xa3, 0x00, 0x00, 0x00, 0xa1, 0xac, 0x58, 0xd6, 0x00,
  0x89, 0x45, 0xe4, 0xff, 0x05, 0xac, 0x58, 0xd6, 0x00, 0xff, 0x75, 0x08,
  0xe8, 0xd3, 0xf4, 0xff, 0xff, 0x83, 0xc4, 0x04, 0x6a, 0x50, 0xe8, 0x35,
  0xea, 0xff, 0xff, 0x83, 0xc4, 0x04, 0x8d, 0x45, 0xe8, 0x50, 0xe8, 0x71,
  0xfe, 0xff, 0xff, 0x83, 0xc4, 0x04, 0x8d, 0x45, 0xe8, 0x50, 0xe8, 0xb1,
  0xf4, 0xff, 0xff, 0x83, 0xc4, 0x04, 0x68, 0x89, 0x00, 0x00, 0x00, 0xe8,
  0x10, 0xea, 0xff, 0xff, 0x83, 0xc4, 0x04, 0x6a, 0x01, 0x6a, 0x00, 0x6a,
  0x03, 0xe8, 0x86, 0xea, 0xff, 0xff, 0x83, 0xc4, 0x0c, 0x6a, 0x58, 0xe8,
  0xf8, 0xe9, 0xff, 0xff, 0x83, 0xc4, 0x04, 0x6a, 0x39, 0xe8, 0xee, 0xe9,
  0xff, 0xff, 0x83, 0xc4, 0x04, 0x6a, 0x00, 0x6a, 0x01, 0x6a, 0x03, 0xe8,
  0x64, 0xea, 0xff, 0xff, 0x83, 0xc4, 0x0c, 0xff, 0x75, 0xf8, 0xe8, 0x39,
  0xeb, 0xff, 0xff, 0x83, 0xc4, 0x04, 0x8b, 0x45, 0x08, 0x83, 0x20, 0x00,
  0x8b, 0x45, 0x08, 0x83, 0x60, 0x04, 0x00, 0x8b, 0x45, 0x08, 0x83, 0x60,
  0x08, 0x00, 0x8b, 0x45, 0x08, 0x83, 0x60, 0x0c, 0x00, 0xe9, 0x01, 0xff,
  0xff, 0xff, 0xc9, 0xc3, 0xc8, 0x1c, 0x00, 0x00, 0xff, 0x75, 0x08, 0xe8,
  0xe4, 0xfe, 0xff, 0xff, 0x83, 0xc4, 0x04, 0xe8, 0x10, 0xee, 0xff, 0xff,
  0x8b, 0x00, 0x89, 0x45, 0xfc, 0x81, 0x7d, 0xfc, 0x12, 0x01, 0x00, 0x00,
  0x75, 0x09, 0xc7, 0x45, 0xf8, 0x94, 0x00, 0x00, 0x00, 0xeb, 0x17, 0x81,
  0x7d, 0xfc, 0x13, 0x01, 0x00, 0x00, 0x75, 0x09, 0xc7, 0x45, 0xf8, 0x95,
  0x00, 0x00, 0x00, 0xeb, 0x05, 0xe9, 0xa3, 0x00, 0x00, 0x00, 0xa1, 0xac,
  0x58, 0xd6, 0x00, 0x89, 0x45, 0xe4, 0xff, 0x05, 0xac, 0x58, 0xd6, 0x00,
  0xff, 0x75, 0x08, 0xe8, 0xec, 0xf3, 0xff, 0xff, 0x83, 0xc4, 0x04, 0x6a,
  0x50, 0xe8, 0x4e, 0xe9, 0xff, 0xff, 0x83, 0xc4, 0x04, 0x8d, 0x45, 0xe8,
  0x50, 0xe8, 0x82, 0xfe, 0xff, 0xff, 0x83, 0xc4, 0x04, 0x8d, 0x45, 0xe8,
  0x50, 0xe8, 0xca, 0xf3, 0xff, 0xff, 0x83, 0xc4, 0x04, 0x68, 0x89, 0x00,
  0x00, 0x00, 0xe8, 0x29, 0xe9, 0xff, 0xff, 0x83, 0xc4, 0x04, 0x6a, 0x01,
  0x6a, 0x00, 0x6a, 0x03, 0xe8, 0x9f, 0xe9, 0xff, 0xff, 0x83, 0xc4, 0x0c,
  0x6a, 0x58, 0xe8, 0x11, 0xe9, 0xff, 0xff, 0x83, 0xc4, 0x04, 0x6a, 0x39,
  0xe8, 0x07, 0xe9, 0xff, 0xff, 0x83, 0xc4, 0x04, 0x6a, 0x00, 0x6a, 0x01,
  0x6a, 0x03, 0xe8, 0x7d, 0xe9, 0xff, 0xff, 0x83, 0xc4, 0x0c, 0xff, 0x75,
  0xf8, 0xe8, 0x52, 0xea, 0xff, 0xff, 0x83, 0xc4, 0x04, 0x8b, 0x45, 0x08,
  0x83, 0x20, 0x00, 0x8b, 0x45, 0x08, 0x83, 0x60, 0x04, 0x00, 0x8b, 0x45,
  0x08, 0x83, 0x60, 0x08, 0x00, 0x8b, 0x45, 0x08, 0x83, 0x60, 0x0c, 0x00,
  0xe9, 0x2a, 0xff, 0xff, 0xff, 0xc9, 0xc3, 0x90, 0xc8, 0x14, 0x00, 0x00,
  0xff, 0x75, 0x08, 0xe8, 0x0c, 0xff, 0xff, 0xff, 0x83, 0xc4, 0x04, 0x6a,
  0x26, 0xe8, 0x46, 0xed, 0xff, 0xff, 0x83, 0xc4, 0x04, 0x83, 0xf8, 0x00,
  0x0f, 0x84, 0x98, 0x00, 0x00, 0x00, 0xa1, 0xac, 0x58, 0xd6, 0x00, 0x89,
  0x45, 0xec, 0xff, 0x05, 0xac, 0x58, 0xd6, 0x00, 0xff, 0x75, 0x08, 0xe8,
  0x24, 0xf3, 0xff, 0xff, 0x83, 0xc4, 0x04, 0x6a, 0x50, 0xe8, 0x86, 0xe8,
  0xff, 0xff, 0x83, 0xc4, 0x04, 0x8d, 0x45, 0xf0, 0x50, 0xe8, 0xca, 0xfe,
  0xff, 0xff, 0x83, 0xc4, 0x04, 0x8d, 0x45, 0xf0, 0x50, 0xe8, 0x02, 0xf3,
  0xff, 0xff, 0x83, 0xc4, 0x04, 0x68, 0x89, 0x00, 0x00, 0x00, 0xe8, 0x61,
  0xe8, 0xff, 0xff, 0x83, 0xc4, 0x04, 0x6a, 0x01, 0x6a, 0x00, 0x6a, 0x03,
  0xe8, 0xd7, 0xe8, 0xff, 0xff, 0x83, 0xc4, 0x0c, 0x6a, 0x58, 0xe8, 0x49,
  0xe8, 0xff, 0xff, 0x83, 0xc4, 0x04, 0x6a, 0x21, 0xe8, 0x3f, 0xe8, 0xff,
  0xff, 0x83, 0xc4, 0x04, 0x6a, 0x00, 0x6a, 0x01, 0x6a, 0x03, 0xe8, 0xb5,
  0xe8, 0xff, 0xff, 0x83, 0xc4, 0x0c, 0x8b, 0x45, 0x08, 0x83, 0x20, 0x00,
  0x8b, 0x45, 0x08, 0x83, 0x60, 0x04, 0x00, 0x8b, 0x45, 0x08, 0x83, 0x60,
  0x08, 0x00, 0x8b, 0x45, 0x08, 0x83, 0x60, 0x0c, 0x00, 0xe9, 0x55, 0xff,
  0xff, 0xff, 0xc9, 0xc3, 0xc8, 0x14, 0x00, 0x00, 0xff, 0x75, 0x08, 0xe8,
  0x38, 0xff, 0xff, 0xff, 0x83, 0xc4, 0x04, 0x6a, 0x5e, 0xe8, 0x8a, 0xec,
  0xff, 0xff, 0x83, 0xc4, 0x04, 0x83, 0xf8, 0x00, 0x0f, 0x84, 0x98, 0x00,
  0x00, 0x00, 0xa1, 0xac, 0x58, 0xd6, 0x00, 0x89, 0x45, 0xec, 0xff, 0x05,
  0xac, 0x58, 0xd6, 0x00, 0xff, 0x75, 0x08, 0xe8, 0x68, 0xf2, 0xff, 0xff,
  0x83, 0xc4, 0x04, 0x6a, 0x50, 0xe8, 0xca, 0xe7, 0xff, 0xff, 0x83, 0xc4,
  0x04, 0x8d, 0x45, 0xf0, 0x50, 0xe8, 0xf6, 0xfe, 0xff, 0xff, 0x83, 0xc4,
  0x04, 0x8d, 0x45, 0xf0, 0x50, 0xe8, 0x46, 0xf2, 0xff, 0xff, 0x83, 0xc4,
  0x04, 0x68, 0x89, 0x00, 0x00, 0x00, 0xe8, 0xa5, 0xe7, 0xff, 0xff, 0x83,
  0xc4, 0x04, 0x6a, 0x01, 0x6a, 0x00, 0x6a, 0x03, 0xe8, 0x1b, 0xe8, 0xff,
  0xff, 0x83, 0xc4, 0x0c, 0x6a, 0x58, 0xe8, 0x8d, 0xe7, 0xff, 0xff, 0x83,
  0xc4, 0x04, 0x6a, 0x31, 0xe8, 0x83, 0xe7, 0xff, 0xff, 0x83, 0xc4, 0x04,
  0x6a, 0x00, 0x6a, 0x01, 0x6a, 0x03, 0xe8, 0xf9, 0xe7, 0xff, 0xff, 0x83,
  0xc4, 0x0c, 0x8b, 0x45, 0x08, 0x83, 0x20, 0x00, 0x8b, 0x45, 0x08, 0x83,
  0x60, 0x04, 0x00, 0x8b, 0x45, 0x08, 0x83, 0x60, 0x08, 0x00, 0x8b, 0x45,
  0x08, 0x83, 0x60, 0x0c, 0x00, 0xe9, 0x55, 0xff, 0xff, 0xff, 0xc9, 0xc3,
  0xc8, 0x14, 0x00, 0x00, 0xff, 0x75, 0x08, 0xe8, 0x38, 0xff, 0xff, 0xff,
  0x83, 0xc4, 0x04, 0x6a, 0x7c, 0xe8, 0xce, 0xeb, 0xff, 0xff, 0x83, 0xc4,
  0x04, 0x83, 0xf8, 0x00, 0x0f, 0x84, 0x98, 0x00, 0x00, 0x00, 0xa1, 0xac,
  0x58, 0xd6, 0x00, 0x89, 0x45, 0xec, 0xff, 0x05, 0xac, 0x58, 0xd6, 0x00,
  0xff, 0x75, 0x08, 0xe8, 0xac, 0xf1, 0xff, 0xff, 0x83, 0xc4, 0x04, 0x6a,
  0x50, 0xe8, 0x0e, 0xe7, 0xff, 0xff, 0x83, 0xc4, 0x04, 0x8d, 0x45, 0xf0,
  0x50, 0xe8, 0xf6, 0xfe, 0xff, 0xff, 0x83, 0xc4, 0x04, 0x8d, 0x45, 0xf0,
  0x50, 0xe8, 0x8a, 0xf1, 0xff, 0xff, 0x83, 0xc4, 0x04, 0x68, 0x89, 0x00,
  0x00, 0x00, 0xe8, 0xe9, 0xe6, 0xff, 0xff, 0x83, 0xc4, 0x04, 0x6a, 0x01,
  0x6a, 0x00, 0x6a, 0x03, 0xe8, 0x5f, 0xe7, 0xff, 0xff, 0x83, 0xc4, 0x0c,
  0x6a, 0x58, 0xe8, 0xd1, 0xe6, 0xff, 0xff, 0x83, 0xc4, 0x04, 0x6a, 0x09,
  0xe8, 0xc7, 0xe6, 0xff, 0xff, 0x83, 0xc4, 0x04, 0x6a, 0x00, 0x6a, 0x01,
  0x6a, 0x03, 0xe8, 0x3d, 0xe7, 0xff, 0xff, 0x83, 0xc4, 0x0c, 0x8b, 0x45,
  0x08, 0x83, 0x20, 0x00, 0x8b, 0x45, 0x08, 0x83, 0x60, 0x04, 0x00, 0x8b,
  0x45, 0x08, 0x83, 0x60, 0x08, 0x00, 0x8b, 0x45, 0x08, 0x83, 0x60, 0x0c,
  0x00, 0xe9, 0x55, 0xff, 0xff, 0xff, 0xc9, 0xc3, 0xc8, 0x18, 0x00, 0x00,
  0xff, 0x75, 0x08, 0xe8, 0x38, 0xff, 0xff, 0xff, 0x83, 0xc4, 0x04, 0x68,
  0x14, 0x01, 0x00, 0x00, 0xe8, 0x0f, 0xeb, 0xff, 0xff, 0x83, 0xc4, 0x04,
  0x83, 0xf8, 0x00, 0x0f, 0x84, 0xb0, 0x00, 0x00, 0x00, 0xe8, 0x1e, 0xe8,
  0xff, 0xff, 0x89, 0x45, 0xec, 0xa1, 0xac, 0x58, 0xd6, 0x00, 0x89, 0x45,
  0xe8, 0xff, 0x05, 0xac, 0x58, 0xd6, 0x00, 0xff, 0x75, 0x08, 0xe8, 0xe5,
  0xf0, 0xff, 0xff, 0x83, 0xc4, 0x04, 0xe8, 0x81, 0xe7, 0xff, 0xff, 0xff,
  0x75, 0xec, 0x68, 0x84, 0x00, 0x00, 0x00, 0xe8, 0xe0, 0xe9, 0xff, 0xff,
  0x83, 0xc4, 0x08, 0x8d, 0x45, 0xf0, 0x50, 0xe8, 0xe0, 0xfe, 0xff, 0xff,
  0x83, 0xc4, 0x04, 0x8d, 0x45, 0xf0, 0x50, 0xe8, 0xb8, 0xf0, 0xff, 0xff,
  0x83, 0xc4, 0x04, 0xe8, 0x54, 0xe7, 0xff, 0xff, 0xff, 0x75, 0xec, 0x68,
  0x84, 0x00, 0x00, 0x00, 0xe8, 0xb3, 0xe9, 0xff, 0xff, 0x83, 0xc4, 0x08,
  0x68, 0xb8, 0x00, 0x00, 0x00, 0xe8, 0x02, 0xe6, 0xff, 0xff, 0x83, 0xc4,
  0x04, 0x6a, 0x01, 0xe8, 0x28, 0xe6, 0xff, 0xff, 0x83, 0xc4, 0x04, 0xff,
  0x75, 0xec, 0xe8, 0x71, 0xe9, 0xff, 0xff, 0x83, 0xc4, 0x04, 0xff, 0x75,
  0xec, 0xe8, 0xee, 0xe7, 0xff, 0xff, 0x83, 0xc4, 0x04, 0x8b, 0x45, 0x08,
  0x83, 0x20, 0x00, 0x8b, 0x45, 0x08, 0x83, 0x60, 0x04, 0x00, 0x8b, 0x45,
  0x08, 0x83, 0x60, 0x08, 0x00, 0x8b, 0x45, 0x08, 0x83, 0x60, 0x0c, 0x00,
  0xe9, 0x3a, 0xff, 0xff, 0xff, 0xc9, 0xc3, 0x90, 0xc8, 0x1c, 0x00, 0x00,
  0xff, 0x75, 0x08, 0xe8, 0x1c, 0xff, 0xff, 0xff, 0x83, 0xc4, 0x04, 0x68,
  0x15, 0x01, 0x00, 0x00, 0xe8, 0x37, 0xea, 0xff, 0xff, 0x83, 0xc4, 0x04,
  0x83, 0xf8, 0x00, 0x0f, 0x84, 0xda, 0x00, 0x00, 0x00, 0xe8, 0x46, 0xe7,
  0xff, 0xff, 0x89, 0x45, 0xec, 0xe8, 0x3e, 0xe7, 0xff, 0xff, 0x89, 0x45,
  0xe8, 0xa1, 0xac, 0x58, 0xd6, 0x00, 0x89, 0x45, 0xe4, 0xff, 0x05, 0xac,
  0x58, 0xd6, 0x00, 0xff, 0x75, 0x08, 0xe8, 0x05, 0xf0, 0xff, 0xff, 0x83,
  0xc4, 0x04, 0xe8, 0xa1, 0xe6, 0xff, 0xff, 0xff, 0x75, 0xec, 0x68, 0x85,
  0x00, 0x00, 0x00, 0xe8, 0x00, 0xe9, 0xff, 0xff, 0x83, 0xc4, 0x08, 0x8d,
  0x45, 0xf0, 0x50, 0xe8, 0xbc, 0xfe, 0xff, 0xff, 0x83, 0xc4, 0x04, 0x8d,
  0x45, 0xf0, 0x50, 0xe8, 0xd8, 0xef, 0xff, 0xff, 0x83, 0xc4, 0x04, 0xe8,
  0x74, 0xe6, 0xff, 0xff, 0xff, 0x75, 0xec, 0x68, 0x85, 0x00, 0x00, 0x00,
  0xe8, 0xd3, 0xe8, 0xff, 0xff, 0x83, 0xc4, 0x08, 0x68, 0xb8, 0x00, 0x00,
  0x00, 0xe8, 0x22, 0xe5, 0xff, 0xff, 0x83, 0xc4, 0x04, 0x6a, 0x00, 0xe8,
  0x48, 0xe5, 0xff, 0xff, 0x83, 0xc4, 0x04, 0xff, 0x75, 0xe8, 0xe8, 0x91,
  0xe8, 0xff, 0xff, 0x83, 0xc4, 0x04, 0xff, 0x75, 0xec, 0xe8, 0x0e, 0xe7,
  0xff, 0xff, 0x83, 0xc4, 0x04, 0x68, 0xb8, 0x00, 0x00, 0x00, 0xe8, 0xf5,
  0xe4, 0xff, 0xff, 0x83, 0xc4, 0x04, 0x6a, 0x01, 0xe8, 0x1b, 0xe5, 0xff,
  0xff, 0x83, 0xc4, 0x04, 0xff, 0x75, 0xe8, 0xe8, 0xec, 0xe6, 0xff, 0xff,
  0x83, 0xc4, 0x04, 0x8b, 0x45, 0x08, 0x83, 0x20, 0x00, 0x8b, 0x45, 0x08,
  0x83, 0x60, 0x04, 0x00, 0x8b, 0x45, 0x08, 0x83, 0x60, 0x08, 0x00, 0x8b,
  0x45, 0x08, 0x83, 0x60, 0x0c, 0x00, 0xe9, 0x10, 0xff, 0xff, 0xff, 0xc9,
  0xc3, 0x8d, 0x76, 0x00, 0xc8, 0x3c, 0x00, 0x00, 0x89, 0x5d, 0xc8, 0x89,
  0x75, 0xc4, 0x89, 0xfb, 0xa1, 0xac, 0x58, 0xd6, 0x00, 0x89, 0x45, 0xe8,
  0xa1, 0x0c, 0x38, 0xd3, 0x00, 0x89, 0x45, 0xe4, 0xa1, 0x18, 0x38, 0xd6,
  0x00, 0x89, 0x45, 0xe0, 0x8d, 0x55, 0xfc, 0x52, 0xe8, 0x6b, 0xec, 0xff,
  0xff, 0x83, 0xc4, 0x04, 0x83, 0xf8, 0x00, 0x74, 0x7e, 0x6a, 0x3d, 0xe8,
  0x10, 0xe9, 0xff, 0xff, 0x83, 0xc4, 0x04, 0x83, 0xf8, 0x00, 0x74, 0x57,
  0xa1, 0xac, 0x58, 0xd6, 0x00, 0x89, 0x45, 0xdc, 0xff, 0x05, 0xac, 0x58,
  0xd6, 0x00, 0x6a, 0x50, 0xe8, 0x5f, 0xe4, 0xff, 0xff, 0x83, 0xc4, 0x04,
  0x8d, 0x45, 0xcc, 0x50, 0xe8, 0x7f, 0x00, 0x00, 0x00, 0x83, 0xc4, 0x04,
  0x6a, 0x5a, 0xe8, 0x49, 0xe4, 0xff, 0xff, 0x83, 0xc4, 0x04, 0xff, 0x75,
  0xfc, 0xe8, 0x32, 0xe5, 0xff, 0xff, 0x83, 0xc4, 0x04, 0x8b, 0x55, 0x08,
  0x8d, 0x75, 0xec, 0x8d, 0x3a, 0xa5, 0xa5, 0xa5, 0xa5, 0x89, 0xf2, 0x8b,
  0x45, 0x08, 0x83, 0x60, 0x08, 0x00, 0x8b, 0x45, 0x08, 0x83, 0x60, 0x0c,
  0x00, 0xeb, 0x3e, 0x8b, 0x45, 0xe4, 0xa3, 0x0c, 0x38, 0xd3, 0x00, 0x8b,
  0x45, 0xe0, 0xa3, 0x18, 0x38, 0xd6, 0x00, 0x8b, 0x45, 0xe8, 0xa3, 0xac,
  0x58, 0xd6, 0x00, 0x8d, 0x45, 0xec, 0x50, 0xe8, 0x40, 0xfe, 0xff, 0xff,
  0x83, 0xc4, 0x04, 0x8d, 0x45, 0xec, 0x50, 0xe8, 0x84, 0xee, 0xff, 0xff,
  0x83, 0xc4, 0x04, 0x8b, 0x55, 0x08, 0x8d, 0x75, 0xec, 0x8d, 0x3a, 0xa5,
  0xa5, 0xa5, 0xa5, 0x89, 0xf2, 0x89, 0xdf, 0x8b, 0x5d, 0xc8, 0x8b, 0x75,
  0xc4, 0xc9, 0xc3, 0x90, 0x55, 0x89, 0xe5, 0xff, 0x75, 0x08, 0xe8, 0x11,
  0xff, 0xff, 0xff, 0x83, 0xc4, 0x04, 0xc9, 0xc3, 0x55, 0x89, 0xe5, 0x68,
  0x89, 0x00, 0x00, 0x00, 0xe8, 0xb7, 0xe3, 0xff, 0xff, 0x83, 0xc4, 0x04,
  0x6a, 0x04, 0x6a, 0x05, 0x6a, 0x03, 0xe8, 0x2d, 0xe4, 0xff, 0xff, 0x83,
  0xc4, 0x0c, 0x6a, 0x5d, 0xe8, 0x9f, 0xe3, 0xff, 0xff, 0x83, 0xc4, 0x04,
  0x68, 0xc3, 0x00, 0x00, 0x00, 0xe8, 0x92, 0xe3, 0xff, 0xff, 0x83, 0xc4,
  0x04, 0xc9, 0xc3, 0x90, 0xc8, 0x30, 0x00, 0x00, 0xe8, 0xf7, 0xe7, 0xff,
  0xff, 0x89, 0x45, 0xfc, 0x8b, 0x45, 0xfc, 0x83, 0x38, 0x7b, 0x75, 0x45,
  0xa1, 0xac, 0x58, 0xd6, 0x00, 0x89, 0x45, 0xf8, 0xff, 0x05, 0xac, 0x58,
  0xd6, 0x00, 0x6a, 0x7d, 0xe8, 0xf7, 0xe7, 0xff, 0xff, 0x83, 0xc4, 0x04,
  0x83, 0xf8, 0x00, 0x75, 0x19, 0x68, 0x16, 0x01, 0x00, 0x00, 0xe8, 0xe5,
  0xe7, 0xff, 0xff, 0x83, 0xc4, 0x04, 0x83, 0xf8, 0x00, 0x75, 0x07, 0xe8,
  0xb8, 0xff, 0xff, 0xff, 0xeb, 0xd8, 0x6a, 0x7d, 0xe8, 0x8b, 0xe8, 0xff,
  0xff, 0x83, 0xc4, 0x04, 0xe9, 0x9f, 0x06, 0x00, 0x00, 0x8b, 0x45, 0xfc,
  0x81, 0x38, 0x04, 0x01, 0x00, 0x00, 0x75, 0x3d, 0xa1, 0xac, 0x58, 0xd6,
  0x00, 0x89, 0x45, 0xf8, 0xff, 0x05, 0xac, 0x58, 0xd6, 0x00, 0x6a, 0x3b,
  0xe8, 0xa7, 0xe7, 0xff, 0xff, 0x83, 0xc4, 0x04, 0x83, 0xf8, 0x00, 0x75,
  0x0c, 0x8d, 0x45, 0xe8, 0x50, 0xe8, 0x2e, 0xff, 0xff, 0xff, 0x83, 0xc4,
  0x04, 0x6a, 0x3b, 0xe8, 0x48, 0xe8, 0xff, 0xff, 0x83, 0xc4, 0x04, 0xe8,
  0x2c, 0xff, 0xff, 0xff, 0xe9, 0x57, 0x06, 0x00, 0x00, 0x8b, 0x45, 0xfc,
  0x81, 0x38, 0x05, 0x01, 0x00, 0x00, 0x0f, 0x85, 0xa2, 0x00, 0x00, 0x00,
  0xa1, 0xac, 0x58, 0xd6, 0x00, 0x89, 0x45, 0xf0, 0xff, 0x05, 0xac, 0x58,
  0xd6, 0x00, 0x6a, 0x28, 0xe8, 0x17, 0xe8, 0xff, 0xff, 0x83, 0xc4, 0x04,
  0x8d, 0x45, 0xe0, 0x50, 0xe8, 0xe7, 0xfe, 0xff, 0xff, 0x83, 0xc4, 0x04,
  0x6a, 0x29, 0xe8, 0x01, 0xe8, 0xff, 0xff, 0x83, 0xc4, 0x04, 0xe8, 0xe1,
  0xe3, 0xff, 0xff, 0xe8, 0x58, 0xe4, 0xff, 0xff, 0x89, 0x45, 0xf8, 0xe8,
  0x50, 0xe4, 0xff, 0xff, 0x89, 0x45, 0xf4, 0xff, 0x75, 0xf8, 0x68, 0x84,
  0x00, 0x00, 0x00, 0xe8, 0x30, 0xe6, 0xff, 0xff, 0x83, 0xc4, 0x08, 0xe8,
  0xf8, 0xfe, 0xff, 0xff, 0x68, 0x06, 0x01, 0x00, 0x00, 0xe8, 0x92, 0xe7,
  0xff, 0xff, 0x83, 0xc4, 0x04, 0x83, 0xf8, 0x00, 0x74, 0x28, 0xff, 0x75,
  0xf4, 0xe8, 0xee, 0xe5, 0xff, 0xff, 0x83, 0xc4, 0x04, 0xff, 0x75, 0xf8,
  0xe8, 0x6b, 0xe4, 0xff, 0xff, 0x83, 0xc4, 0x04, 0xe8, 0xcb, 0xfe, 0xff,
  0xff, 0xff, 0x75, 0xf4, 0xe8, 0x5b, 0xe4, 0xff, 0xff, 0x83, 0xc4, 0x04,
  0xeb, 0x0b, 0xff, 0x75, 0xf8, 0xe8, 0x4e, 0xe4, 0xff, 0xff, 0x83, 0xc4,
  0x04, 0xe9, 0xa6, 0x05, 0x00, 0x00, 0x8b, 0x45, 0xfc, 0x81, 0x38, 0x07,
  0x01, 0x00, 0x00, 0x0f, 0x85, 0xce, 0x00, 0x00, 0x00, 0xa1, 0xac, 0x58,
  0xd6, 0x00, 0x89, 0x45, 0xf0, 0xff, 0x05, 0xac, 0x58, 0xd6, 0x00, 0xe8,
  0xcc, 0xe3, 0xff, 0xff, 0x89, 0x45, 0xf8, 0xe8, 0xc4, 0xe3, 0xff, 0xff,
  0x89, 0x45, 0xf4, 0x83, 0x3d, 0xa4, 0x58, 0xd6, 0x00, 0x10, 0x7d, 0x30,
  0xba, 0x24, 0x58, 0xd6, 0x00, 0x8b, 0x0d, 0xa4, 0x58, 0xd6, 0x00, 0x8b,
  0x45, 0xf4, 0x89, 0x04, 0x8a, 0xba, 0x64, 0x58, 0xd6, 0x00, 0x8b, 0x0d,
  0xa4, 0x58, 0xd6, 0x00, 0x8b, 0x45, 0xf8, 0x89, 0x04, 0x8a, 0xa1, 0xa4,
  0x58, 0xd6, 0x00, 0x89, 0x45, 0xec, 0xff, 0x05, 0xa4, 0x58, 0xd6, 0x00,
  0xff, 0x75, 0xf8, 0xe8, 0xd8, 0xe3, 0xff, 0xff, 0x83, 0xc4, 0x04, 0x6a,
  0x28, 0xe8, 0x12, 0xe7, 0xff, 0xff, 0x83, 0xc4, 0x04, 0x8d, 0x45, 0xe0,
  0x50, 0xe8, 0xe2, 0xfd, 0xff, 0xff, 0x83, 0xc4, 0x04, 0x6a, 0x29, 0xe8,
  0xfc, 0xe6, 0xff, 0xff, 0x83, 0xc4, 0x04, 0xe8, 0xdc, 0xe2, 0xff, 0xff,
  0xff, 0x75, 0xf4, 0x68, 0x84, 0x00, 0x00, 0x00, 0xe8, 0x3b, 0xe5, 0xff,
  0xff, 0x83, 0xc4, 0x08, 0xe8, 0x03, 0xfe, 0xff, 0xff, 0xff, 0x75, 0xf8,
  0xe8, 0x0b, 0xe5, 0xff, 0xff, 0x83, 0xc4, 0x04, 0xff, 0x75, 0xf4, 0xe8,
  0x88, 0xe3, 0xff, 0xff, 0x83, 0xc4, 0x04, 0x83, 0x3d, 0xa4, 0x58, 0xd6,
  0x00, 0x00, 0x7e, 0x0e, 0xa1, 0xa4, 0x58, 0xd6, 0x00, 0x89, 0x45, 0xec,
  0xff, 0x0d, 0xa4, 0x58, 0xd6, 0x00, 0xe9, 0xc9, 0x04, 0x00, 0x00, 0x8b,
  0x45, 0xfc, 0x81, 0x38, 0x08, 0x01, 0x00, 0x00, 0x0f, 0x85, 0x77, 0x01,
  0x00, 0x00, 0xc7, 0x45, 0xf0, 0xff, 0xff, 0xff, 0xff, 0xc7, 0x45, 0xec,
  0xff, 0xff, 0xff, 0xff, 0xa1, 0xac, 0x58, 0xd6, 0x00, 0x89, 0x45, 0xe8,
  0xff, 0x05, 0xac, 0x58, 0xd6, 0x00, 0x6a, 0x28, 0xe8, 0x7b, 0xe6, 0xff,
  0xff, 0x83, 0xc4, 0x04, 0x6a, 0x3b, 0xe8, 0xb5, 0xe5, 0xff, 0xff, 0x83,
  0xc4, 0x04, 0x83, 0xf8, 0x00, 0x75, 0x0c, 0x8d, 0x45, 0xd8, 0x50, 0xe8,
  0x3c, 0xfd, 0xff, 0xff, 0x83, 0xc4, 0x04, 0x6a, 0x3b, 0xe8, 0x56, 0xe6,
  0xff, 0xff, 0x83, 0xc4, 0x04, 0xe8, 0xb2, 0xe2, 0xff, 0xff, 0x89, 0x45,
  0xf8, 0xe8, 0xaa, 0xe2, 0xff, 0xff, 0x89, 0x45, 0xf4, 0x83, 0x3d, 0xa4,
  0x58, 0xd6, 0x00, 0x10, 0x7d, 0x30, 0xba, 0x24, 0x58, 0xd6, 0x00, 0x8b,
  0x0d, 0xa4, 0x58, 0xd6, 0x00, 0x8b, 0x45, 0xf4, 0x89, 0x04, 0x8a, 0xba,
  0x64, 0x58, 0xd6, 0x00, 0x8b, 0x0d, 0xa4, 0x58, 0xd6, 0x00, 0x8b, 0x45,
  0xf8, 0x89, 0x04, 0x8a, 0xa1, 0xa4, 0x58, 0xd6, 0x00, 0x89, 0x45, 0xe4,
  0xff, 0x05, 0xa4, 0x58, 0xd6, 0x00, 0xff, 0x75, 0xf8, 0xe8, 0xbe, 0xe2,
  0xff, 0xff, 0x83, 0xc4, 0x04, 0x6a, 0x3b, 0xe8, 0x3c, 0xe5, 0xff, 0xff,
  0x83, 0xc4, 0x04, 0x83, 0xf8, 0x00, 0x75, 0x21, 0x8d, 0x45, 0xd8, 0x50,
  0xe8, 0xc3, 0xfc, 0xff, 0xff, 0x83, 0xc4, 0x04, 0xe8, 0xc7, 0xe1, 0xff,
  0xff, 0xff, 0x75, 0xf4, 0x68, 0x84, 0x00, 0x00, 0x00, 0xe8, 0x26, 0xe4,
  0xff, 0xff, 0x83, 0xc4, 0x08, 0x6a, 0x3b, 0xe8, 0xc8, 0xe5, 0xff, 0xff,
  0x83, 0xc4, 0x04, 0x6a, 0x29, 0xe8, 0x02, 0xe5, 0xff, 0xff, 0x83, 0xc4,
  0x04, 0x83, 0xf8, 0x00, 0x75, 0x48, 0xe8, 0x15, 0xe2, 0xff, 0xff, 0x89,
  0x45, 0xec, 0xe8, 0x0d, 0xe2, 0xff, 0xff, 0x89, 0x45, 0xf0, 0xff, 0x75,
  0xec, 0xe8, 0xd2, 0xe3, 0xff, 0xff, 0x83, 0xc4, 0x04, 0xff, 0x75, 0xf0,
  0xe8, 0x4f, 0xe2, 0xff, 0xff, 0x83, 0xc4, 0x04, 0x8d, 0x45, 0xd8, 0x50,
  0xe8, 0x63, 0xfc, 0xff, 0xff, 0x83, 0xc4, 0x04, 0xff, 0x75, 0xf8, 0xe8,
  0xb0, 0xe3, 0xff, 0xff, 0x83, 0xc4, 0x04, 0xff, 0x75, 0xec, 0xe8, 0x2d,
  0xe2, 0xff, 0xff, 0x83, 0xc4, 0x04, 0x6a, 0x29, 0xe8, 0x67, 0xe5, 0xff,
  0xff, 0x83, 0xc4, 0x04, 0xe8, 0x83, 0xfc, 0xff, 0xff, 0x83, 0x7d, 0xf0,
  0x00, 0x7c, 0x0b, 0xff, 0x75, 0xf0, 0xe8, 0x85, 0xe3, 0xff, 0xff, 0x83,
  0xc4, 0x04, 0xff, 0x75, 0xf4, 0xe8, 0x02, 0xe2, 0xff, 0xff, 0x83, 0xc4,
  0x04, 0x83, 0x3d, 0xa4, 0x58, 0xd6, 0x00, 0x00, 0x7e, 0x0e, 0xa1, 0xa4,
  0x58, 0xd6, 0x00, 0x89, 0x45, 0xe4, 0xff, 0x0d, 0xa4, 0x58, 0xd6, 0x00,
  0xe9, 0x43, 0x03, 0x00, 0x00, 0x8b, 0x45, 0xfc, 0x81, 0x38, 0x09, 0x01,
  0x00, 0x00, 0x75, 0x3c, 0xa1, 0xac, 0x58, 0xd6, 0x00, 0x89, 0x45, 0xf8,
  0xff, 0x05, 0xac, 0x58, 0xd6, 0x00, 0x6a, 0x3b, 0xe8, 0x07, 0xe5, 0xff,
  0xff, 0x83, 0xc4, 0x04, 0x83, 0x3d, 0xa4, 0x58, 0xd6, 0x00, 0x00, 0x7e,
  0x16, 0xba, 0x24, 0x58, 0xd6, 0x00, 0xa1, 0xa4, 0x58, 0xd6, 0x00, 0x48,
  0xff, 0x34, 0x82, 0xe8, 0x1c, 0xe3, 0xff, 0xff, 0x83, 0xc4, 0x04, 0xe9,
  0xfc, 0x02, 0x00, 0x00, 0x8b, 0x45, 0xfc, 0x81, 0x38, 0x0a, 0x01, 0x00,
  0x00, 0x75, 0x3c, 0xa1, 0xac, 0x58, 0xd6, 0x00, 0x89, 0x45, 0xf8, 0xff,
  0x05, 0xac, 0x58, 0xd6, 0x00, 0x6a, 0x3b, 0xe8, 0xc0, 0xe4, 0xff, 0xff,
  0x83, 0xc4, 0x04, 0x83, 0x3d, 0xa4, 0x58, 0xd6, 0x00, 0x00, 0x7e, 0x16,
  0xba, 0x64, 0x58, 0xd6, 0x00, 0xa1, 0xa4, 0x58, 0xd6, 0x00, 0x48, 0xff,
  0x34, 0x82, 0xe8, 0xd5, 0xe2, 0xff, 0xff, 0x83, 0xc4, 0x04, 0xe9, 0xb5,
  0x02, 0x00, 0x00, 0x8b, 0x45, 0xfc, 0x81, 0x38, 0x0b, 0x01, 0x00, 0x00,
  0x0f, 0x84, 0xc7, 0x00, 0x00, 0x00, 0x8b, 0x45, 0xfc, 0x81, 0x38, 0x0c,
  0x01, 0x00, 0x00, 0x0f, 0x84, 0xb8, 0x00, 0x00, 0x00, 0x8b, 0x45, 0xfc,
  0x81, 0x38, 0x0d, 0x01, 0x00, 0x00, 0x0f, 0x84, 0xa9, 0x00, 0x00, 0x00,
  0x8b, 0x45, 0xfc, 0x81, 0x38, 0x00, 0x01, 0x00, 0x00, 0x0f, 0x85, 0x63,
  0x02, 0x00, 0x00, 0x68, 0x32, 0x76, 0xb0, 0x00, 0xba, 0x04, 0xb0, 0xc4,
  0x00, 0x8b, 0x45, 0xfc, 0x03, 0x50, 0x04, 0x52, 0xe8, 0x7b, 0x21, 0x00,
  0x00, 0x83, 0xc4, 0x08, 0x83, 0xf8, 0x00, 0x74, 0x7c, 0x68, 0x2b, 0x76,
  0xb0, 0x00, 0xba, 0x04, 0xb0, 0xc4, 0x00, 0x8b, 0x45, 0xfc, 0x03, 0x50,
  0x04, 0x52, 0xe8, 0x5d, 0x21, 0x00, 0x00, 0x83, 0xc4, 0x08, 0x83, 0xf8,
  0x00, 0x74, 0x5e, 0x68, 0x22, 0x76, 0xb0, 0x00, 0xba, 0x04, 0xb0, 0xc4,
  0x00, 0x8b, 0x45, 0xfc, 0x03, 0x50, 0x04, 0x52, 0xe8, 0x3f, 0x21, 0x00,
  0x00, 0x83, 0xc4, 0x08, 0x83, 0xf8, 0x00, 0x74, 0x40, 0x68, 0x19, 0x76,
  0xb0, 0x00, 0xba, 0x04, 0xb0, 0xc4, 0x00, 0x8b, 0x45, 0xfc, 0x03, 0x50,
  0x04, 0x52, 0xe8, 0x21, 0x21, 0x00, 0x00, 0x83, 0xc4, 0x08, 0x83, 0xf8,
  0x00, 0x74, 0x22, 0x68, 0x10, 0x76, 0xb0, 0x00, 0xba, 0x04, 0xb0, 0xc4,
  0x00, 0x8b, 0x45, 0xfc, 0x03, 0x50, 0x04, 0x52, 0xe8, 0x03, 0x21, 0x00,
  0x00, 0x83, 0xc4, 0x08, 0x83, 0xf8, 0x00, 0x0f, 0x85, 0xc9, 0x01, 0x00,
  0x00, 0x8d, 0x55, 0xf8, 0x52, 0xe8, 0xf6, 0xe4, 0xff, 0xff, 0x83, 0xc4,
  0x04, 0x89, 0x45, 0xf4, 0x68, 0x00, 0x01, 0x00, 0x00, 0xe8, 0xee, 0xe2,
  0xff, 0xff, 0x83, 0xc4, 0x04, 0x83, 0xf8, 0x00, 0x75, 0x05, 0xe9, 0x97,
  0x01, 0x00, 0x00, 0xe8, 0xbc, 0xe2, 0xff, 0xff, 0xba, 0x04, 0xb0, 0xc4,
  0x00, 0x03, 0x50, 0x04, 0x89, 0x55, 0xf0, 0xff, 0x75, 0xf0, 0xe8, 0x71,
  0xdd, 0xff, 0xff, 0x83, 0xc4, 0x04, 0x89, 0x45, 0xec, 0x83, 0x65, 0xe8,
  0x00, 0x83, 0x65, 0xe4, 0x00, 0x8b, 0x45, 0xec, 0xc7, 0x40, 0x20, 0x03,
  0x00, 0x00, 0x00, 0x8b, 0x55, 0xec, 0x8b, 0x45, 0xf4, 0x89, 0x42, 0x24,
  0x8b, 0x55, 0xec, 0x8b, 0x45, 0xf8, 0x89, 0x42, 0x28, 0xa1, 0xac, 0x58,
  0xd6, 0x00, 0x89, 0x45, 0xe0, 0xff, 0x05, 0xac, 0x58, 0xd6, 0x00, 0x6a,
  0x5b, 0xe8, 0x8a, 0xe2, 0xff, 0xff, 0x83, 0xc4, 0x04, 0x83, 0xf8, 0x00,
  0x74, 0x4a, 0xa1, 0xac, 0x58, 0xd6, 0x00, 0x89, 0x45, 0xdc, 0xff, 0x05,
  0xac, 0x58, 0xd6, 0x00, 0xc7, 0x45, 0xe8, 0x01, 0x00, 0x00, 0x00, 0x68,
  0x01, 0x01, 0x00, 0x00, 0xe8, 0x63, 0xe2, 0xff, 0xff, 0x83, 0xc4, 0x04,
  0x83, 0xf8, 0x00, 0x74, 0x19, 0xe8, 0x36, 0xe2, 0xff, 0xff, 0x8b, 0x40,
  0x04, 0x89, 0x45, 0xe4, 0xa1, 0xac, 0x58, 0xd6, 0x00, 0x89, 0x45, 0xd8,
  0xff, 0x05, 0xac, 0x58, 0xd6, 0x00, 0x6a, 0x5d, 0xe8, 0xf7, 0xe2, 0xff,
  0xff, 0x83, 0xc4, 0x04, 0x8b, 0x55, 0xec, 0x8b, 0x45, 0xe8, 0x89, 0x42,
  0x2c, 0x8b, 0x55, 0xec, 0x8b, 0x45, 0xe4, 0x89, 0x42, 0x30, 0xff, 0x75,
  0xe4, 0xff, 0x75, 0xe8, 0xff, 0x75, 0xf8, 0xff, 0x75, 0xf4, 0xe8, 0xe5,
  0xe4, 0xff, 0xff, 0x83, 0xc4, 0x10, 0x8b, 0x55, 0xec, 0x89, 0x42, 0x34,
  0x8b, 0x45, 0xec, 0x8b, 0x40, 0x34, 0x89, 0x45, 0xdc, 0x83, 0x7d, 0xdc,
  0x04, 0x7d, 0x07, 0xc7, 0x45, 0xdc, 0x04, 0x00, 0x00, 0x00, 0x8b, 0x45,
  0xdc, 0x29, 0x05, 0xb0, 0x58, 0xd6, 0x00, 0x8b, 0x55, 0xec, 0xa1, 0xb0,
  0x58, 0xd6, 0x00, 0x89, 0x42, 0x3c, 0x6a, 0x3d, 0xe8, 0x5f, 0xe2, 0xff,
  0xff, 0x83, 0xc4, 0x04, 0x83, 0xf8, 0x00, 0x74, 0x73, 0x68, 0x8d, 0x00,
  0x00, 0x00, 0xe8, 0x35, 0xdd, 0xff, 0xff, 0x83, 0xc4, 0x04, 0x6a, 0x05,
  0x6a, 0x00, 0x6a, 0x02, 0xe8, 0xab, 0xdd, 0xff, 0xff, 0x83, 0xc4, 0x0c,
  0x8b, 0x45, 0xec, 0xff, 0x70, 0x3c, 0xe8, 0x49, 0xdd, 0xff, 0xff, 0x83,
  0xc4, 0x04, 0x6a, 0x50, 0xe8, 0x0f, 0xdd, 0xff, 0xff, 0x83, 0xc4, 0x04,
  0x8d, 0x45, 0xd0, 0x50, 0xe8, 0x2f, 0xf9, 0xff, 0xff, 0x83, 0xc4, 0x04,
  0x6a, 0x5a, 0xe8, 0xf9, 0xdc, 0xff, 0xff, 0x83, 0xc4, 0x04, 0x83, 0x7d,
  0xf4, 0x01, 0x75, 0x15, 0x83, 0x7d, 0xf8, 0x00, 0x75, 0x0f, 0x83, 0x7d,
  0xe8, 0x00, 0x75, 0x09, 0xc7, 0x45, 0xdc, 0x01, 0x00, 0x00, 0x00, 0xeb,
  0x04, 0x83, 0x65, 0xdc, 0x00, 0xff, 0x75, 0xdc, 0xe8, 0xc3, 0xdd, 0xff,
  0xff, 0x83, 0xc4, 0x04, 0x6a, 0x2c, 0xe8, 0xdd, 0xe1, 0xff, 0xff, 0x83,
  0xc4, 0x04, 0x83, 0xf8, 0x00, 0x75, 0x02, 0xeb, 0x05, 0xe9, 0x52, 0xfe,
  0xff, 0xff, 0x6a, 0x3b, 0xe8, 0xff, 0xe1, 0xff, 0xff, 0x83, 0xc4, 0x04,
  0xeb, 0x16, 0x8d, 0x45, 0xec, 0x50, 0xe8, 0xcd, 0xf8, 0xff, 0xff, 0x83,
  0xc4, 0x04, 0x6a, 0x3b, 0xe8, 0xe7, 0xe1, 0xff, 0xff, 0x83, 0xc4, 0x04,
  0xc9, 0xc3, 0x66, 0x90, 0xc8, 0x38, 0x00, 0x00, 0x89, 0x5d, 0xc8, 0xff,
  0x75, 0x08, 0xe8, 0xbd, 0xdb, 0xff, 0xff, 0x83, 0xc4, 0x04, 0x89, 0x45,
  0xfc, 0x8b, 0x45, 0xfc, 0xc7, 0x40, 0x20, 0x02, 0x00, 0x00, 0x00, 0x8b,
  0x55, 0xfc, 0x8b, 0x45, 0x0c, 0x89, 0x42, 0x24, 0x8b, 0x55, 0xfc, 0x8b,
  0x45, 0x10, 0x89, 0x42, 0x28, 0x8b, 0x55, 0xfc, 0x8b, 0x45, 0x14, 0x89,
  0x42, 0x2c, 0x8b, 0x55, 0xfc, 0x8b, 0x45, 0x18, 0x89, 0x42, 0x30, 0xff,
  0x75, 0x18, 0xff, 0x75, 0x14, 0xff, 0x75, 0x10, 0xff, 0x75, 0x0c, 0xe8,
  0xa0, 0xe3, 0xff, 0xff, 0x83, 0xc4, 0x10, 0x8b, 0x55, 0xfc, 0x89, 0x42,
  0x34, 0x8b, 0x45, 0xfc, 0xc7, 0x40, 0x38, 0x01, 0x00, 0x00, 0x00, 0x6a,
  0x3d, 0xe8, 0xb6, 0xe0, 0xff, 0xff, 0x83, 0xc4, 0x04, 0x83, 0xf8, 0x00,
  0x0f, 0x84, 0xb9, 0x06, 0x00, 0x00, 0xa1, 0xac, 0x58, 0xd6, 0x00, 0x89,
  0x45, 0xf8, 0xff, 0x05, 0xac, 0x58, 0xd6, 0x00, 0x8b, 0x55, 0xfc, 0xa1,
  0x14, 0x38, 0xd3, 0x00, 0x89, 0x42, 0x3c, 0x83, 0x7d, 0x10, 0x00, 0x0f,
  0x84, 0x8b, 0x02, 0x00, 0x00, 0x68, 0x02, 0x01, 0x00, 0x00, 0xe8, 0x7d,
  0xe0, 0xff, 0xff, 0x83, 0xc4, 0x04, 0x83, 0xf8, 0x00, 0x0f, 0x84, 0xa9,
  0x01, 0x00, 0x00, 0x68, 0xf2, 0x75, 0xb0, 0x00, 0xe8, 0x0f, 0xdb, 0xff,
  0xff, 0x83, 0xc4, 0x04, 0x89, 0x45, 0xf4, 0x8b, 0x45, 0xf4, 0xc7, 0x40,
  0x20, 0x05, 0x00, 0x00, 0x00, 0x8b, 0x55, 0xf4, 0xa1, 0x10, 0x38, 0xd3,
  0x00, 0x89, 0x42, 0x3c, 0xe8, 0x27, 0xe0, 0xff, 0xff, 0xba, 0x04, 0xb0,
  0xc4, 0x00, 0x03, 0x50, 0x04, 0x89, 0x55, 0xf0, 0x8b, 0x45, 0xf0, 0x0f,
  0xbe, 0x00, 0x83, 0xf8, 0x00, 0x74, 0x3f, 0x81, 0x3d, 0x10, 0x38, 0xd3,
  0x00, 0x00, 0x00, 0x02, 0x00, 0x7d, 0x28, 0xa1, 0x10, 0x38, 0xd3, 0x00,
  0x89, 0x45, 0xec, 0xff, 0x05, 0x10, 0x38, 0xd3, 0x00, 0x8b, 0x45, 0xf0,
  0x89, 0x45, 0xe8, 0xff, 0x45, 0xf0, 0x8b, 0x45, 0xe8, 0x8a, 0x00, 0xba,
  0x0c, 0x38, 0xcf, 0x00, 0x03, 0x55, 0xec, 0x88, 0x02, 0xeb, 0x09, 0x8b,
  0x45, 0xf0, 0x89, 0x45, 0xe4, 0xff, 0x45, 0xf0, 0xeb, 0xb6, 0x81, 0x3d,
  0x10, 0x38, 0xd3, 0x00, 0x00, 0x00, 0x02, 0x00, 0x7d, 0x19, 0xa1, 0x10,
  0x38, 0xd3, 0x00, 0x89, 0x45, 0xec, 0xff, 0x05, 0x10, 0x38, 0xd3, 0x00,
  0xb8, 0x0c, 0x38, 0xcf, 0x00, 0x03, 0x45, 0xec, 0xc6, 0x00, 0x00, 0xa1,
  0x10, 0x38, 0xd3, 0x00, 0x83, 0xe0, 0x03, 0x74, 0x1b, 0xa1, 0x10, 0x38,
  0xd3, 0x00, 0x89, 0x45, 0xe8, 0xff, 0x05, 0x10, 0x38, 0xd3, 0x00, 0xb8,
  0x0c, 0x38, 0xcf, 0x00, 0x03, 0x45, 0xe8, 0xc6, 0x00, 0x00, 0xeb, 0xdb,
  0x81, 0x3d, 0x18, 0x38, 0xd6, 0x00, 0x00, 0x40, 0x00, 0x00, 0x7d, 0x5d,
  0xb8, 0x18, 0x38, 0xd3, 0x00, 0x8b, 0x15, 0x18, 0x38, 0xd6, 0x00, 0x6b,
  0xd2, 0x0c, 0x01, 0xd0, 0x8b, 0x15, 0x14, 0x38, 0xd3, 0x00, 0x89, 0x10,
  0xb9, 0x1c, 0x38, 0xd3, 0x00, 0xa1, 0x18, 0x38, 0xd6, 0x00, 0x6b, 0xc0,
  0x0c, 0x01, 0xc1, 0x8b, 0x45, 0xf4, 0x2d, 0x08, 0xb0, 0xc6, 0x00, 0xbb,
  0x44, 0x00, 0x00, 0x00, 0x99, 0xf7, 0xfb, 0x89, 0x01, 0xb8, 0x20, 0x38,
  0xd3, 0x00, 0x8b, 0x15, 0x18, 0x38, 0xd6, 0x00, 0x6b, 0xd2, 0x0c, 0x01,
  0xd0, 0xc7, 0x00, 0x02, 0x00, 0x00, 0x00, 0xa1, 0x18, 0x38, 0xd6, 0x00,
  0x89, 0x45, 0xf0, 0xff, 0x05, 0x18, 0x38, 0xd6, 0x00, 0xa1, 0x14, 0x38,
  0xd3, 0x00, 0x89, 0x45, 0xf0, 0xff, 0x05, 0x14, 0x38, 0xd3, 0x00, 0xb8,
  0x0c, 0x38, 0xd1, 0x00, 0x03, 0x45, 0xf0, 0xc6, 0x00, 0x00, 0xa1, 0x14,
  0x38, 0xd3, 0x00, 0x89, 0x45, 0xec, 0xff, 0x05, 0x14, 0x38, 0xd3, 0x00,
  0xb8, 0x0c, 0x38, 0xd1, 0x00, 0x03, 0x45, 0xec, 0xc6, 0x00, 0x00, 0xa1,
  0x14, 0x38, 0xd3, 0x00, 0x89, 0x45, 0xe8, 0xff, 0x05, 0x14, 0x38, 0xd3,
  0x00, 0xb8, 0x0c, 0x38, 0xd1, 0x00, 0x03, 0x45, 0xe8, 0xc6, 0x00, 0x00,
  0xa1, 0x14, 0x38, 0xd3, 0x00, 0x89, 0x45, 0xe4, 0xff, 0x05, 0x14, 0x38,
  0xd3, 0x00, 0xb8, 0x0c, 0x38, 0xd1, 0x00, 0x03, 0x45, 0xe4, 0xc6, 0x00,
  0x00, 0xa1, 0xac, 0x58, 0xd6, 0x00, 0x89, 0x45, 0xe0, 0xff, 0x05, 0xac,
  0x58, 0xd6, 0x00, 0xe9, 0xa2, 0x00, 0x00, 0x00, 0xe8, 0xa3, 0xde, 0xff,
  0xff, 0x8b, 0x40, 0x04, 0x89, 0x45, 0xf4, 0xa1, 0xac, 0x58, 0xd6, 0x00,
  0x89, 0x45, 0xf0, 0xff, 0x05, 0xac, 0x58, 0xd6, 0x00, 0xa1, 0x14, 0x38,
  0xd3, 0x00, 0x89, 0x45, 0xec, 0xff, 0x05, 0x14, 0x38, 0xd3, 0x00, 0x8b,
  0x45, 0xf4, 0x25, 0xff, 0x00, 0x00, 0x00, 0xba, 0x0c, 0x38, 0xd1, 0x00,
  0x03, 0x55, 0xec, 0x88, 0x02, 0xa1, 0x14, 0x38, 0xd3, 0x00, 0x89, 0x45,
  0xe8, 0xff, 0x05, 0x14, 0x38, 0xd3, 0x00, 0x8b, 0x45, 0xf4, 0xc1, 0xf8,
  0x08, 0x25, 0xff, 0x00, 0x00, 0x00, 0xba, 0x0c, 0x38, 0xd1, 0x00, 0x03,
  0x55, 0xe8, 0x88, 0x02, 0xa1, 0x14, 0x38, 0xd3, 0x00, 0x89, 0x45, 0xe4,
  0xff, 0x05, 0x14, 0x38, 0xd3, 0x00, 0x8b, 0x45, 0xf4, 0xc1, 0xf8, 0x10,
  0x25, 0xff, 0x00, 0x00, 0x00, 0xba, 0x0c, 0x38, 0xd1, 0x00, 0x03, 0x55,
  0xe4, 0x88, 0x02, 0xa1, 0x14, 0x38, 0xd3, 0x00, 0x89, 0x45, 0xe0, 0xff,
  0x05, 0x14, 0x38, 0xd3, 0x00, 0x8b, 0x45, 0xf4, 0xc1, 0xf8, 0x18, 0x25,
  0xff, 0x00, 0x00, 0x00, 0xba, 0x0c, 0x38, 0xd1, 0x00, 0x03, 0x55, 0xe0,
  0x88, 0x02, 0xa1, 0x14, 0x38, 0xd3, 0x00, 0x83, 0xe0, 0x03, 0x74, 0x1b,
  0xa1, 0x14, 0x38, 0xd3, 0x00, 0x89, 0x45, 0xf4, 0xff, 0x05, 0x14, 0x38,
  0xd3, 0x00, 0xb8, 0x0c, 0x38, 0xd1, 0x00, 0x03, 0x45, 0xf4, 0xc6, 0x00,
  0x00, 0xeb, 0xdb, 0xe9, 0x15, 0x04, 0x00, 0x00, 0x68, 0x02, 0x01, 0x00,
  0x00, 0xe8, 0xf2, 0xdd, 0xff, 0xff, 0x83, 0xc4, 0x04, 0x83, 0xf8, 0x00,
  0x0f, 0x84, 0xf4, 0x00, 0x00, 0x00, 0xe8, 0xc1, 0xdd, 0xff, 0xff, 0xba,
  0x04, 0xb0, 0xc4, 0x00, 0x03, 0x50, 0x04, 0x89, 0x55, 0xf4, 0x83, 0x65,
  0xf0, 0x00, 0x8b, 0x45, 0xfc, 0x8b, 0x40, 0x34, 0x89, 0x45, 0xec, 0x83,
  0x7d, 0xec, 0x00, 0x7f, 0x0f, 0xff, 0x75, 0xf4, 0xe8, 0xbb, 0x1c, 0x00,
  0x00, 0x83, 0xc4, 0x04, 0x40, 0x89, 0x45, 0xec, 0x8b, 0x45, 0xf4, 0x0f,
  0xbe, 0x00, 0x83, 0xf8, 0x00, 0x74, 0x3a, 0x8b, 0x45, 0xec, 0x48, 0x39,
  0x45, 0xf0, 0x7d, 0x31, 0xa1, 0x14, 0x38, 0xd3, 0x00, 0x89, 0x45, 0xe8,
  0xff, 0x05, 0x14, 0x38, 0xd3, 0x00, 0x8b, 0x45, 0xf4, 0x89, 0x45, 0xe4,
  0xff, 0x45, 0xf4, 0x8b, 0x45, 0xe4, 0x8a, 0x00, 0xba, 0x0c, 0x38, 0xd1,
  0x00, 0x03, 0x55, 0xe8, 0x88, 0x02, 0x8b, 0x45, 0xf0, 0x89, 0x45, 0xe0,
  0xff, 0x45, 0xf0, 0xeb, 0xbb, 0xa1, 0x14, 0x38, 0xd3, 0x00, 0x89, 0x45,
  0xe8, 0xff, 0x05, 0x14, 0x38, 0xd3, 0x00, 0xb8, 0x0c, 0x38, 0xd1, 0x00,
  0x03, 0x45, 0xe8, 0xc6, 0x00, 0x00, 0xa1, 0xac, 0x58, 0xd6, 0x00, 0x89,
  0x45, 0xe4, 0xff, 0x05, 0xac, 0x58, 0xd6, 0x00, 0x8b, 0x45, 0xec, 0x39,
  0x45, 0xf0, 0x7d, 0x24, 0xa1, 0x14, 0x38, 0xd3, 0x00, 0x89, 0x45, 0xe0,
  0xff, 0x05, 0x14, 0x38, 0xd3, 0x00, 0xb8, 0x0c, 0x38, 0xd1, 0x00, 0x03,
  0x45, 0xe0, 0xc6, 0x00, 0x00, 0x8b, 0x45, 0xf0, 0x89, 0x45, 0xdc, 0xff,
  0x45, 0xf0, 0xeb, 0xd4, 0xa1, 0x14, 0x38, 0xd3, 0x00, 0x83, 0xe0, 0x03,
  0x74, 0x1b, 0xa1, 0x14, 0x38, 0xd3, 0x00, 0x89, 0x45, 0xe0, 0xff, 0x05,
  0x14, 0x38, 0xd3, 0x00, 0xb8, 0x0c, 0x38, 0xd1, 0x00, 0x03, 0x45, 0xe0,
  0xc6, 0x00, 0x00, 0xeb, 0xdb, 0xe9, 0x0b, 0x03, 0x00, 0x00, 0x6a, 0x7b,
  0xe8, 0xeb, 0xdc, 0xff, 0xff, 0x83, 0xc4, 0x04, 0x83, 0xf8, 0x00, 0x0f,
  0x84, 0xb7, 0x01, 0x00, 0x00, 0x83, 0x65, 0xf4, 0x00, 0x8b, 0x45, 0xfc,
  0x8b, 0x40, 0x34, 0x89, 0x45, 0xf0, 0x83, 0x7d, 0x0c, 0x01, 0x75, 0x09,
  0xc7, 0x45, 0xe8, 0x01, 0x00, 0x00, 0x00, 0xeb, 0x07, 0xc7, 0x45, 0xe8,
  0x04, 0x00, 0x00, 0x00, 0x8b, 0x45, 0xe8, 0x89, 0x45, 0xec, 0xa1, 0xac,
  0x58, 0xd6, 0x00, 0x89, 0x45, 0xe4, 0xff, 0x05, 0xac, 0x58, 0xd6, 0x00,
  0x6a, 0x7d, 0xe8, 0xa1, 0xdc, 0xff, 0xff, 0x83, 0xc4, 0x04, 0x83, 0xf8,
  0x00, 0x0f, 0x85, 0x0d, 0x01, 0x00, 0x00, 0xe8, 0x70, 0xdc, 0xff, 0xff,
  0x8b, 0x40, 0x04, 0x89, 0x45, 0xe0, 0x68, 0x03, 0x01, 0x00, 0x00, 0xe8,
  0x80, 0xdc, 0xff, 0xff, 0x83, 0xc4, 0x04, 0x83, 0xf8, 0x00, 0x74, 0x0b,
  0xe8, 0x53, 0xdc, 0xff, 0xff, 0x8b, 0x40, 0x04, 0x89, 0x45, 0xe0, 0xa1,
  0xac, 0x58, 0xd6, 0x00, 0x89, 0x45, 0xdc, 0xff, 0x05, 0xac, 0x58, 0xd6,
  0x00, 0x83, 0x7d, 0xec, 0x01, 0x75, 0x2e, 0xa1, 0x14, 0x38, 0xd3, 0x00,
  0x89, 0x45, 0xd8, 0xff, 0x05, 0x14, 0x38, 0xd3, 0x00, 0x8b, 0x45, 0xe0,
  0x25, 0xff, 0x00, 0x00, 0x00, 0xba, 0x0c, 0x38, 0xd1, 0x00, 0x03, 0x55,
  0xd8, 0x88, 0x02, 0x8b, 0x45, 0xf4, 0x89, 0x45, 0xd4, 0xff, 0x45, 0xf4,
  0xe9, 0x8d, 0x00, 0x00, 0x00, 0xa1, 0x14, 0x38, 0xd3, 0x00, 0x89, 0x45,
  0xd8, 0xff, 0x05, 0x14, 0x38, 0xd3, 0x00, 0x8b, 0x45, 0xe0, 0x25, 0xff,
  0x00, 0x00, 0x00, 0xba, 0x0c, 0x38, 0xd1, 0x00, 0x03, 0x55, 0xd8, 0x88,
  0x02, 0xa1, 0x14, 0x38, 0xd3, 0x00, 0x89, 0x45, 0xd4, 0xff, 0x05, 0x14,
  0x38, 0xd3, 0x00, 0x8b, 0x45, 0xe0, 0xc1, 0xf8, 0x08, 0x25, 0xff, 0x00,
  0x00, 0x00, 0xba, 0x0c, 0x38, 0xd1, 0x00, 0x03, 0x55, 0xd4, 0x88, 0x02,
  0xa1, 0x14, 0x38, 0xd3, 0x00, 0x89, 0x45, 0xd0, 0xff, 0x05, 0x14, 0x38,
  0xd3, 0x00, 0x8b, 0x45, 0xe0, 0xc1, 0xf8, 0x10, 0x25, 0xff, 0x00, 0x00,
  0x00, 0xba, 0x0c, 0x38, 0xd1, 0x00, 0x03, 0x55, 0xd0, 0x88, 0x02, 0xa1,
  0x14, 0x38, 0xd3, 0x00, 0x89, 0x45, 0xcc, 0xff, 0x05, 0x14, 0x38, 0xd3,
  0x00, 0x8b, 0x45, 0xe0, 0xc1, 0xf8, 0x18, 0x25, 0xff, 0x00, 0x00, 0x00,
  0xba, 0x0c, 0x38, 0xd1, 0x00, 0x03, 0x55, 0xcc, 0x88, 0x02, 0x83, 0x45,
  0xf4, 0x04, 0x6a, 0x2c, 0xe8, 0x1b, 0xdc, 0xff, 0xff, 0x83, 0xc4, 0x04,
  0x83, 0xf8, 0x00, 0x75, 0x02, 0xeb, 0x05, 0xe9, 0xe0, 0xfe, 0xff, 0xff,
  0x6a, 0x7d, 0xe8, 0x3d, 0xdc, 0xff, 0xff, 0x83, 0xc4, 0x04, 0x8b, 0x45,
  0xf0, 0x39, 0x45, 0xf4, 0x7d, 0x24, 0xa1, 0x14, 0x38, 0xd3, 0x00, 0x89,
  0x45, 0xe0, 0xff, 0x05, 0x14, 0x38, 0xd3, 0x00, 0xb8, 0x0c, 0x38, 0xd1,
  0x00, 0x03, 0x45, 0xe0, 0xc6, 0x00, 0x00, 0x8b, 0x45, 0xf4, 0x89, 0x45,
  0xdc, 0xff, 0x45, 0xf4, 0xeb, 0xd4, 0xa1, 0x14, 0x38, 0xd3, 0x00, 0x83,
  0xe0, 0x03, 0x74, 0x1b, 0xa1, 0x14, 0x38, 0xd3, 0x00, 0x89, 0x45, 0xe0,
  0xff, 0x05, 0x14, 0x38, 0xd3, 0x00, 0xb8, 0x0c, 0x38, 0xd1, 0x00, 0x03,
  0x45, 0xe0, 0xc6, 0x00, 0x00, 0xeb, 0xdb, 0xe9, 0x41, 0x01, 0x00, 0x00,
  0xe8, 0x03, 0xdb, 0xff, 0xff, 0x8b, 0x40, 0x04, 0x89, 0x45, 0xf4, 0x68,
  0x03, 0x01, 0x00, 0x00, 0xe8, 0x13, 0xdb, 0xff, 0xff, 0x83, 0xc4, 0x04,
  0x83, 0xf8, 0x00, 0x74, 0x0b, 0xe8, 0xe6, 0xda, 0xff, 0xff, 0x8b, 0x40,
  0x04, 0x89, 0x45, 0xf4, 0xa1, 0xac, 0x58, 0xd6, 0x00, 0x89, 0x45, 0xf0,
  0xff, 0x05, 0xac, 0x58, 0xd6, 0x00, 0x83, 0x7d, 0x0c, 0x01, 0x75, 0x70,
  0xa1, 0x14, 0x38, 0xd3, 0x00, 0x89, 0x45, 0xec, 0xff, 0x05, 0x14, 0x38,
  0xd3, 0x00, 0x8b, 0x45, 0xf4, 0x25, 0xff, 0x00, 0x00, 0x00, 0xba, 0x0c,
  0x38, 0xd1, 0x00, 0x03, 0x55, 0xec, 0x88, 0x02, 0xa1, 0x14, 0x38, 0xd3,
  0x00, 0x89, 0x45, 0xe8, 0xff, 0x05, 0x14, 0x38, 0xd3, 0x00, 0xb8, 0x0c,
  0x38, 0xd1, 0x00, 0x03, 0x45, 0xe8, 0xc6, 0x00, 0x00, 0xa1, 0x14, 0x38,
  0xd3, 0x00, 0x89, 0x45, 0xe4, 0xff, 0x05, 0x14, 0x38, 0xd3, 0x00, 0xb8,
  0x0c, 0x38, 0xd1, 0x00, 0x03, 0x45, 0xe4, 0xc6, 0x00, 0x00, 0xa1, 0x14,
  0x38, 0xd3, 0x00, 0x89, 0x45, 0xe0, 0xff, 0x05, 0x14, 0x38, 0xd3, 0x00,
  0xb8, 0x0c, 0x38, 0xd1, 0x00, 0x03, 0x45, 0xe0, 0xc6, 0x00, 0x00, 0xe9,
  0x89, 0x00, 0x00, 0x00, 0xa1, 0x14, 0x38, 0xd3, 0x00, 0x89, 0x45, 0xec,
  0xff, 0x05, 0x14, 0x38, 0xd3, 0x00, 0x8b, 0x45, 0xf4, 0x25, 0xff, 0x00,
  0x00, 0x00, 0xba, 0x0c, 0x38, 0xd1, 0x00, 0x03, 0x55, 0xec, 0x88, 0x02,
  0xa1, 0x14, 0x38, 0xd3, 0x00, 0x89, 0x45, 0xe8, 0xff, 0x05, 0x14, 0x38,
  0xd3, 0x00, 0x8b, 0x45, 0xf4, 0xc1, 0xf8, 0x08, 0x25, 0xff, 0x00, 0x00,
  0x00, 0xba, 0x0c, 0x38, 0xd1, 0x00, 0x03, 0x55, 0xe8, 0x88, 0x02, 0xa1,
  0x14, 0x38, 0xd3, 0x00, 0x89, 0x45, 0xe4, 0xff, 0x05, 0x14, 0x38, 0xd3,
  0x00, 0x8b, 0x45, 0xf4, 0xc1, 0xf8, 0x10, 0x25, 0xff, 0x00, 0x00, 0x00,
  0xba, 0x0c, 0x38, 0xd1, 0x00, 0x03, 0x55, 0xe4, 0x88, 0x02, 0xa1, 0x14,
  0x38, 0xd3, 0x00, 0x89, 0x45, 0xe0, 0xff, 0x05, 0x14, 0x38, 0xd3, 0x00,
  0x8b, 0x45, 0xf4, 0xc1, 0xf8, 0x18, 0x25, 0xff, 0x00, 0x00, 0x00, 0xba,
  0x0c, 0x38, 0xd1, 0x00, 0x03, 0x55, 0xe0, 0x88, 0x02, 0xeb, 0x0a, 0x8b,
  0x45, 0xfc, 0xc7, 0x40, 0x3c, 0xff, 0xff, 0xff, 0xff, 0x8b, 0x5d, 0xc8,
  0xc9, 0xc3, 0x66, 0x90, 0xc8, 0x28, 0x00, 0x00, 0xe8, 0xb7, 0xd9, 0xff,
  0xff, 0x89, 0x45, 0xf4, 0x8b, 0x45, 0xf4, 0x81, 0x38, 0x16, 0x01, 0x00,
  0x00, 0x75, 0x05, 0xe9, 0x19, 0x01, 0x00, 0x00, 0x8d, 0x55, 0xfc, 0x52,
  0xe8, 0xb3, 0xdb, 0xff, 0xff, 0x83, 0xc4, 0x04, 0x89, 0x45, 0xf8, 0x68,
  0x00, 0x01, 0x00, 0x00, 0xe8, 0xab, 0xd9, 0xff, 0xff, 0x83, 0xc4, 0x04,
  0x83, 0xf8, 0x00, 0x75, 0x1e, 0x8b, 0x45, 0xf4, 0x8b, 0x40, 0x08, 0xa3,
  0xa8, 0x58, 0xd6, 0x00, 0xa1, 0xac, 0x58, 0xd6, 0x00, 0x89, 0x45, 0xf0,
  0xff, 0x05, 0xac, 0x58, 0xd6, 0x00, 0xe9, 0xd5, 0x00, 0x00, 0x00, 0xe8,
  0x60, 0xd9, 0xff, 0xff, 0xba, 0x04, 0xb0, 0xc4, 0x00, 0x03, 0x50, 0x04,
  0x89, 0x55, 0xf0, 0xff, 0x75, 0xf0, 0xe8, 0xb9, 0xd3, 0xff, 0xff, 0x83,
  0xc4, 0x04, 0x89, 0x45, 0xec, 0xa1, 0xac, 0x58, 0xd6, 0x00, 0x89, 0x45,
  0xe8, 0xff, 0x05, 0xac, 0x58, 0xd6, 0x00, 0x6a, 0x28, 0xe8, 0x52, 0xd9,
  0xff, 0xff, 0x83, 0xc4, 0x04, 0x83, 0xf8, 0x00, 0x74, 0x18, 0xa1, 0xac,
  0x58, 0xd6, 0x00, 0x89, 0x45, 0xe4, 0xff, 0x0d, 0xac, 0x58, 0xd6, 0x00,
  0xe8, 0x8f, 0x00, 0x00, 0x00, 0xe9, 0x82, 0x00, 0x00, 0x00, 0x83, 0x65,
  0xe4, 0x00, 0x83, 0x65, 0xe0, 0x00, 0x6a, 0x5b, 0xe8, 0x23, 0xd9, 0xff,
  0xff, 0x83, 0xc4, 0x04, 0x83, 0xf8, 0x00, 0x74, 0x4a, 0xa1, 0xac, 0x58,
  0xd6, 0x00, 0x89, 0x45, 0xdc, 0xff, 0x05, 0xac, 0x58, 0xd6, 0x00, 0xc7,
  0x45, 0xe4, 0x01, 0x00, 0x00, 0x00, 0x68, 0x01, 0x01, 0x00, 0x00, 0xe8,
  0xfc, 0xd8, 0xff, 0xff, 0x83, 0xc4, 0x04, 0x83, 0xf8, 0x00, 0x74, 0x19,
  0xe8, 0xcf, 0xd8, 0xff, 0xff, 0x8b, 0x40, 0x04, 0x89, 0x45, 0xe0, 0xa1,
  0xac, 0x58, 0xd6, 0x00, 0x89, 0x45, 0xd8, 0xff, 0x05, 0xac, 0x58, 0xd6,
  0x00, 0x6a, 0x5d, 0xe8, 0x90, 0xd9, 0xff, 0xff, 0x83, 0xc4, 0x04, 0xff,
  0x75, 0xe0, 0xff, 0x75, 0xe4, 0xff, 0x75, 0xfc, 0xff, 0x75, 0xf8, 0xff,
  0x75, 0xf0, 0xe8, 0x99, 0xf7, 0xff, 0xff, 0x83, 0xc4, 0x14, 0x6a, 0x3b,
  0xe8, 0x6f, 0xd9, 0xff, 0xff, 0x83, 0xc4, 0x04, 0xe9, 0xcf, 0xfe, 0xff,
  0xff, 0xc9, 0xc3, 0x90, 0xc8, 0x3c, 0x00, 0x00, 0x8d, 0x55, 0xfc, 0x52,
  0xe8, 0x93, 0xda, 0xff, 0xff, 0x83, 0xc4, 0x04, 0x89, 0x45, 0xf8, 0x83,
  0x65, 0xec, 0x00, 0x83, 0x65, 0xe4, 0x00, 0x68, 0x00, 0x01, 0x00, 0x00,
  0xe8, 0x83, 0xd8, 0xff, 0xff, 0x83, 0xc4, 0x04, 0x83, 0xf8, 0x00, 0x75,
  0x20, 0xe8, 0x56, 0xd8, 0xff, 0xff, 0x8b, 0x40, 0x08, 0xa3, 0xa8, 0x58,
  0xd6, 0x00, 0xa1, 0xac, 0x58, 0xd6, 0x00, 0x89, 0x45, 0xe0, 0xff, 0x05,
  0xac, 0x58, 0xd6, 0x00, 0xe9, 0xe7, 0x02, 0x00, 0x00, 0xe8, 0x36, 0xd8,
  0xff, 0xff, 0xba, 0x04, 0xb0, 0xc4, 0x00, 0x03, 0x50, 0x04, 0x89, 0x55,
  0xf4, 0xa1, 0xac, 0x58, 0xd6, 0x00, 0x89, 0x45, 0xe0, 0xff, 0x05, 0xac,
  0x58, 0xd6, 0x00, 0xff, 0x75, 0xf4, 0xe8, 0x81, 0xd2, 0xff, 0xff, 0x83,
  0xc4, 0x04, 0x89, 0x45, 0xf0, 0x83, 0x7d, 0xf0, 0x00, 0x75, 0x0e, 0xff,
  0x75, 0xf4, 0xe8, 0xc9, 0xd2, 0xff, 0xff, 0x83, 0xc4, 0x04, 0x89, 0x45,
  0xf0, 0x8b, 0x45, 0xf0, 0x83, 0x78, 0x20, 0x04, 0x74, 0x23, 0x8b, 0x45,
  0xf0, 0xc7, 0x40, 0x20, 0x01, 0x00, 0x00, 0x00, 0x8b, 0x55, 0xf0, 0x8b,
  0x45, 0xf8, 0x89, 0x42, 0x24, 0x8b, 0x55, 0xf0, 0x8b, 0x45, 0xfc, 0x89,
  0x42, 0x28, 0x8b, 0x45, 0xf0, 0x83, 0x60, 0x38, 0x00, 0x83, 0x7d, 0xf8,
  0x02, 0x75, 0x09, 0xc7, 0x45, 0xdc, 0x01, 0x00, 0x00, 0x00, 0xeb, 0x04,
  0x83, 0x65, 0xdc, 0x00, 0x8b, 0x45, 0xdc, 0x89, 0x45, 0xe4, 0x6a, 0x28,
  0xe8, 0x8b, 0xd8, 0xff, 0xff, 0x83, 0xc4, 0x04, 0x6a, 0x29, 0xe8, 0xc5,
  0xd7, 0xff, 0xff, 0x83, 0xc4, 0x04, 0x83, 0xf8, 0x00, 0x0f, 0x85, 0xf0,
  0x00, 0x00, 0x00, 0x6a, 0x29, 0x68, 0x0d, 0x01, 0x00, 0x00, 0xe8, 0xd9,
  0xd7, 0xff, 0xff, 0x83, 0xc4, 0x08, 0x83, 0xf8, 0x00, 0x74, 0x13, 0xa1,
  0xac, 0x58, 0xd6, 0x00, 0x89, 0x45, 0xd0, 0xff, 0x05, 0xac, 0x58, 0xd6,
  0x00, 0xe9, 0xc9, 0x00, 0x00, 0x00, 0x8d, 0x55, 0xd8, 0x52, 0xe8, 0x81,
  0xd9, 0xff, 0xff, 0x83, 0xc4, 0x04, 0x89, 0x45, 0xd4, 0x68, 0x00, 0x01,
  0x00, 0x00, 0xe8, 0x79, 0xd7, 0xff, 0xff, 0x83, 0xc4, 0x04, 0x83, 0xf8,
  0x00, 0x75, 0x20, 0xe8, 0x4c, 0xd7, 0xff, 0xff, 0x8b, 0x40, 0x08, 0xa3,
  0xa8, 0x58, 0xd6, 0x00, 0xa1, 0xac, 0x58, 0xd6, 0x00, 0x89, 0x45, 0xd0,
  0xff, 0x05, 0xac, 0x58, 0xd6, 0x00, 0xe9, 0x88, 0x00, 0x00, 0x00, 0xe8,
  0x2c, 0xd7, 0xff, 0xff, 0xba, 0x04, 0xb0, 0xc4, 0x00, 0x03, 0x50, 0x04,
  0x89, 0x55, 0xd0, 0xff, 0x75, 0xd0, 0xe8, 0xe1, 0xd1, 0xff, 0xff, 0x83,
  0xc4, 0x04, 0x89, 0x45, 0xcc, 0x8b, 0x45, 0xcc, 0xc7, 0x40, 0x20, 0x03,
  0x00, 0x00, 0x00, 0x8b, 0x55, 0xcc, 0x8b, 0x45, 0xd4, 0x89, 0x42, 0x24,
  0x8b, 0x55, 0xcc, 0x8b, 0x45, 0xd8, 0x89, 0x42, 0x28, 0x8b, 0x45, 0xcc,
  0xc7, 0x40, 0x34, 0x04, 0x00, 0x00, 0x00, 0x8b, 0x55, 0xcc, 0x8b, 0x45,
  0xec, 0xc1, 0xe0, 0x02, 0x83, 0xc0, 0x08, 0x89, 0x42, 0x3c, 0x8b, 0x45,
  0xec, 0x89, 0x45, 0xc8, 0xff, 0x45, 0xec, 0xa1, 0xac, 0x58, 0xd6, 0x00,
  0x89, 0x45, 0xc4, 0xff, 0x05, 0xac, 0x58, 0xd6, 0x00, 0x6a, 0x2c, 0xe8,
  0x64, 0xd7, 0xff, 0xff, 0x83, 0xc4, 0x04, 0x83, 0xf8, 0x00, 0x75, 0x02,
  0xeb, 0x0d, 0x83, 0x7d, 0xec, 0x10, 0x7c, 0x02, 0xeb, 0x05, 0xe9, 0x10,
  0xff, 0xff, 0xff, 0x6a, 0x29, 0xe8, 0x7e, 0xd7, 0xff, 0xff, 0x83, 0xc4,
  0x04, 0x6a, 0x3b, 0xe8, 0xb8, 0xd6, 0xff, 0xff, 0x83, 0xc4, 0x04, 0x83,
  0xf8, 0x00, 0x74, 0x2c, 0x8b, 0x45, 0xf0, 0x83, 0x60, 0x38, 0x00, 0x8b,
  0x55, 0xf0, 0x8b, 0x45, 0xf8, 0x89, 0x42, 0x24, 0x8b, 0x55, 0xf0, 0x8b,
  0x45, 0xfc, 0x89, 0x42, 0x28, 0xa1, 0xac, 0x58, 0xd6, 0x00, 0x89, 0x45,
  0xd8, 0xff, 0x05, 0xac, 0x58, 0xd6, 0x00, 0xe9, 0x10, 0x01, 0x00, 0x00,
  0x6a, 0x7b, 0xe8, 0x39, 0xd7, 0xff, 0xff, 0x83, 0xc4, 0x04, 0xa1, 0x0c,
  0x38, 0xd3, 0x00, 0x89, 0x45, 0xe8, 0x6a, 0x55, 0xe8, 0xd7, 0xd1, 0xff,
  0xff, 0x83, 0xc4, 0x04, 0x68, 0x89, 0x00, 0x00, 0x00, 0xe8, 0xca, 0xd1,
  0xff, 0xff, 0x83, 0xc4, 0x04, 0x6a, 0x05, 0x6a, 0x04, 0x6a, 0x03, 0xe8,
  0x40, 0xd2, 0xff, 0xff, 0x83, 0xc4, 0x0c, 0x68, 0x81, 0x00, 0x00, 0x00,
  0xe8, 0xaf, 0xd1, 0xff, 0xff, 0x83, 0xc4, 0x04, 0x6a, 0x04, 0x6a, 0x05,
  0x6a, 0x03, 0xe8, 0x25, 0xd2, 0xff, 0xff, 0x83, 0xc4, 0x0c, 0x6a, 0x00,
  0xe8, 0xc7, 0xd1, 0xff, 0xff, 0x83, 0xc4, 0x04, 0xa1, 0x0c, 0x38, 0xd3,
  0x00, 0x83, 0xe8, 0x04, 0xa3, 0xb4, 0x58, 0xd6, 0x00, 0x83, 0x25, 0xb0,
  0x58, 0xd6, 0x00, 0x00, 0x6a, 0x7d, 0xe8, 0x0d, 0xd6, 0xff, 0xff, 0x83,
  0xc4, 0x04, 0x83, 0xf8, 0x00, 0x75, 0x19, 0x68, 0x16, 0x01, 0x00, 0x00,
  0xe8, 0xfb, 0xd5, 0xff, 0xff, 0x83, 0xc4, 0x04, 0x83, 0xf8, 0x00, 0x75,
  0x07, 0xe8, 0xce, 0xed, 0xff, 0xff, 0xeb, 0xd8, 0x6a, 0x7d, 0xe8, 0xa1,
  0xd6, 0xff, 0xff, 0x83, 0xc4, 0x04, 0xa1, 0xb0, 0x58, 0xd6, 0x00, 0xf7,
  0xd8, 0x89, 0x45, 0xd8, 0x83, 0x65, 0xd4, 0x00, 0x83, 0x7d, 0xd4, 0x04,
  0x7d, 0x42, 0xa1, 0xb4, 0x58, 0xd6, 0x00, 0x03, 0x45, 0xd4, 0x89, 0x45,
  0xcc, 0x83, 0x7d, 0xcc, 0x00, 0x7c, 0x26, 0xa1, 0x0c, 0x38, 0xd3, 0x00,
  0x39, 0x45, 0xcc, 0x7d, 0x1c, 0x8b, 0x45, 0xd4, 0xc1, 0xe0, 0x03, 0x88,
  0xc1, 0x8b, 0x45, 0xd8, 0xd3, 0xe8, 0x25, 0xff, 0x00, 0x00, 0x00, 0xba,
  0x0c, 0x38, 0xc7, 0x00, 0x03, 0x55, 0xcc, 0x88, 0x02, 0x8b, 0x45, 0xd4,
  0x89, 0x45, 0xd0, 0xff, 0x45, 0xd4, 0xeb, 0xb8, 0xe8, 0x2f, 0xed, 0xff,
  0xff, 0x8b, 0x55, 0xf0, 0x8b, 0x45, 0xe8, 0x89, 0x42, 0x40, 0x8b, 0x45,
  0xf0, 0xc7, 0x40, 0x38, 0x01, 0x00, 0x00, 0x00, 0xc9, 0xc3, 0x66, 0x90,
  0xc8, 0x10, 0x00, 0x00, 0x68, 0xeb, 0x75, 0xb0, 0x00, 0xe8, 0x0a, 0xd0,
  0xff, 0xff, 0x83, 0xc4, 0x04, 0x89, 0x45, 0xfc, 0x68, 0xe3, 0x75, 0xb0,
  0x00, 0xe8, 0xfa, 0xcf, 0xff, 0xff, 0x83, 0xc4, 0x04, 0x89, 0x45, 0xf8,
  0x68, 0xdb, 0x75, 0xb0, 0x00, 0xe8, 0xea, 0xcf, 0xff, 0xff, 0x83, 0xc4,
  0x04, 0x89, 0x45, 0xf4, 0x8b, 0x45, 0xfc, 0xc7, 0x40, 0x20, 0x04, 0x00,
  0x00, 0x00, 0x8b, 0x55, 0xfc, 0xa1, 0x0c, 0x38, 0xd3, 0x00, 0x89, 0x42,
  0x3c, 0x68, 0xe8, 0x00, 0x00, 0x00, 0xe8, 0x89, 0xd0, 0xff, 0xff, 0x83,
  0xc4, 0x04, 0x68, 0xd6, 0x75, 0xb0, 0x00, 0xe8, 0xb8, 0xcf, 0xff, 0xff,
  0x83, 0xc4, 0x04, 0x89, 0x45, 0xf0, 0x6a, 0x01, 0x8b, 0x45, 0xf0, 0x2d,
  0x08, 0xb0, 0xc6, 0x00, 0xb9, 0x44, 0x00, 0x00, 0x00, 0x99, 0xf7, 0xf9,
  0x50, 0xe8, 0x2a, 0xd4, 0xff, 0xff, 0x83, 0xc4, 0x08, 0x68, 0x89, 0x00,
  0x00, 0x00, 0xe8, 0x51, 0xd0, 0xff, 0xff, 0x83, 0xc4, 0x04, 0x6a, 0x03,
  0x6a, 0x00, 0x6a, 0x03, 0xe8, 0xc7, 0xd0, 0xff, 0xff, 0x83, 0xc4, 0x0c,
  0x68, 0xb8, 0x00, 0x00, 0x00, 0xe8, 0x36, 0xd0, 0xff, 0xff, 0x83, 0xc4,
  0x04, 0x6a, 0x01, 0xe8, 0x5c, 0xd0, 0xff, 0xff, 0x83, 0xc4, 0x04, 0x68,
  0xcd, 0x00, 0x00, 0x00, 0xe8, 0x1f, 0xd0, 0xff, 0xff, 0x83, 0xc4, 0x04,
  0x68, 0x80, 0x00, 0x00, 0x00, 0xe8, 0x12, 0xd0, 0xff, 0xff, 0x83, 0xc4,
  0x04, 0x68, 0xf4, 0x00, 0x00, 0x00, 0xe8, 0x05, 0xd0, 0xff, 0xff, 0x83,
  0xc4, 0x04, 0x8b, 0x45, 0xf8, 0xc7, 0x40, 0x20, 0x04, 0x00, 0x00, 0x00,
  0x8b, 0x55, 0xf8, 0xa1, 0x0c, 0x38, 0xd3, 0x00, 0x89, 0x42, 0x3c, 0x68,
  0x8b, 0x00, 0x00, 0x00, 0xe8, 0xe3, 0xcf, 0xff, 0xff, 0x83, 0xc4, 0x04,
  0x6a, 0x04, 0x6a, 0x00, 0x6a, 0x01, 0xe8, 0x59, 0xd0, 0xff, 0xff, 0x83,
  0xc4, 0x0c, 0x6a, 0x24, 0xe8, 0xcb, 0xcf, 0xff, 0xff, 0x83, 0xc4, 0x04,
  0x6a, 0x10, 0xe8, 0xc1, 0xcf, 0xff, 0xff, 0x83, 0xc4, 0x04, 0x68, 0x8b,
  0x00, 0x00, 0x00, 0xe8, 0xb4, 0xcf, 0xff, 0xff, 0x83, 0xc4, 0x04, 0x6a,
  0x04, 0x6a, 0x03, 0x6a, 0x01, 0xe8, 0x2a, 0xd0, 0xff, 0xff, 0x83, 0xc4,
  0x0c, 0x6a, 0x24, 0xe8, 0x9c, 0xcf, 0xff, 0xff, 0x83, 0xc4, 0x04, 0x6a,
  0x0c, 0xe8, 0x92, 0xcf, 0xff, 0xff, 0x83, 0xc4, 0x04, 0x68, 0x8b, 0x00,
  0x00, 0x00, 0xe8, 0x85, 0xcf, 0xff, 0xff, 0x83, 0xc4, 0x04, 0x6a, 0x04,
  0x6a, 0x01, 0x6a, 0x01, 0xe8, 0xfb, 0xcf, 0xff, 0xff, 0x83, 0xc4, 0x0c,
  0x6a, 0x24, 0xe8, 0x6d, 0xcf, 0xff, 0xff, 0x83, 0xc4, 0x04, 0x6a, 0x08,
  0xe8, 0x63, 0xcf, 0xff, 0xff, 0x83, 0xc4, 0x04, 0x68, 0x8b, 0x00, 0x00,
  0x00, 0xe8, 0x56, 0xcf, 0xff, 0xff, 0x83, 0xc4, 0x04, 0x6a, 0x04, 0x6a,
  0x02, 0x6a, 0x01, 0xe8, 0xcc, 0xcf, 0xff, 0xff, 0x83, 0xc4, 0x0c, 0x6a,
  0x24, 0xe8, 0x3e, 0xcf, 0xff, 0xff, 0x83, 0xc4, 0x04, 0x6a, 0x04, 0xe8,
  0x34, 0xcf, 0xff, 0xff, 0x83, 0xc4, 0x04, 0x68, 0xcd, 0x00, 0x00, 0x00,
  0xe8, 0x27, 0xcf, 0xff, 0xff, 0x83, 0xc4, 0x04, 0x68, 0x80, 0x00, 0x00,
  0x00, 0xe8, 0x1a, 0xcf, 0xff, 0xff, 0x83, 0xc4, 0x04, 0x68, 0xc2, 0x00,
  0x00, 0x00, 0xe8, 0x0d, 0xcf, 0xff, 0xff, 0x83, 0xc4, 0x04, 0x6a, 0x10,
  0xe8, 0x03, 0xcf, 0xff, 0xff, 0x83, 0xc4, 0x04, 0x6a, 0x00, 0xe8, 0xf9,
  0xce, 0xff, 0xff, 0x83, 0xc4, 0x04, 0x8b, 0x45, 0xf4, 0xc7, 0x40, 0x20,
  0x04, 0x00, 0x00, 0x00, 0x8b, 0x55, 0xf4, 0xa1, 0x0c, 0x38, 0xd3, 0x00,
  0x89, 0x42, 0x3c, 0x68, 0x8b, 0x00, 0x00, 0x00, 0xe8, 0xd7, 0xce, 0xff,
  0xff, 0x83, 0xc4, 0x04, 0x6a, 0x04, 0x6a, 0x00, 0x6a, 0x01, 0xe8, 0x4d,
  0xcf, 0xff, 0xff, 0x83, 0xc4, 0x0c, 0x6a, 0x24, 0xe8, 0xbf, 0xce, 0xff,
  0xff, 0x83, 0xc4, 0x04, 0x6a, 0x08, 0xe8, 0xb5, 0xce, 0xff, 0xff, 0x83,
  0xc4, 0x04, 0x68, 0x8b, 0x00, 0x00, 0x00, 0xe8, 0xa8, 0xce, 0xff, 0xff,
  0x83, 0xc4, 0x04, 0x6a, 0x04, 0x6a, 0x03, 0x6a, 0x01, 0xe8, 0x1e, 0xcf,
  0xff, 0xff, 0x83, 0xc4, 0x0c, 0x6a, 0x24, 0xe8, 0x90, 0xce, 0xff, 0xff,
  0x83, 0xc4, 0x04, 0x6a, 0x04, 0xe8, 0x86, 0xce, 0xff, 0xff, 0x83, 0xc4,
  0x04, 0x68, 0xcd, 0x00, 0x00, 0x00, 0xe8, 0x79, 0xce, 0xff, 0xff, 0x83,
  0xc4, 0x04, 0x68, 0x80, 0x00, 0x00, 0x00, 0xe8, 0x6c, 0xce, 0xff, 0xff,
  0x83, 0xc4, 0x04, 0x68, 0xc2, 0x00, 0x00, 0x00, 0xe8, 0x5f, 0xce, 0xff,
  0xff, 0x83, 0xc4, 0x04, 0x6a, 0x08, 0xe8, 0x55, 0xce, 0xff, 0xff, 0x83,
  0xc4, 0x04, 0x6a, 0x00, 0xe8, 0x4b, 0xce, 0xff, 0xff, 0x83, 0xc4, 0x04,
  0xc9, 0xc3, 0x66, 0x90, 0x55, 0x89, 0xe5, 0x6a, 0x04, 0x68, 0x00, 0x70,
  0xb0, 0x00, 0xff, 0x75, 0x0c, 0xff, 0x75, 0x08, 0xe8, 0x4b, 0x17, 0x00,
  0x00, 0x83, 0xc4, 0x10, 0xc9, 0xc3, 0x66, 0x90, 0xc8, 0x3c, 0x00, 0x00,
  0xc7, 0x45, 0xfc, 0x00, 0x00, 0xa0, 0x00, 0xa1, 0x0c, 0x38, 0xd3, 0x00,
  0x83, 0xc0, 0x0f, 0x83, 0xe0, 0xf0, 0x89, 0x45, 0xf8, 0x8b, 0x45, 0xfc,
  0x03, 0x45, 0xf8, 0x89, 0x45, 0xf4, 0xa1, 0x10, 0x38, 0xd3, 0x00, 0x83,
  0xc0, 0x0f, 0x83, 0xe0, 0xf0, 0x89, 0x45, 0xf0, 0x8b, 0x45, 0xf4, 0x03,
  0x45, 0xf0, 0x89, 0x45, 0xec, 0xa1, 0x14, 0x38, 0xd3, 0x00, 0x83, 0xc0,
  0x0f, 0x83, 0xe0, 0xf0, 0x89, 0x45, 0xe8, 0x8b, 0x45, 0xec, 0x03, 0x45,
  0xe8, 0x89, 0x45, 0xe4, 0x83, 0x65, 0xe0, 0x00, 0x83, 0x65, 0xdc, 0x00,
  0xa1, 0x08, 0x38, 0xc7, 0x00, 0x39, 0x45, 0xdc, 0x0f, 0x8d, 0x62, 0x01,
  0x00, 0x00, 0xb8, 0x08, 0xb0, 0xc6, 0x00, 0x8b, 0x55, 0xdc, 0x6b, 0xd2,
  0x44, 0x01, 0xd0, 0x89, 0x45, 0xd4, 0x8b, 0x45, 0xd4, 0x83, 0x78, 0x20,
  0x01, 0x75, 0x14, 0x8b, 0x45, 0xfc, 0x8b, 0x55, 0xd4, 0x03, 0x42, 0x40,
  0x8b, 0x55, 0xd4, 0x89, 0x42, 0x3c, 0xe9, 0x27, 0x01, 0x00, 0x00, 0x8b,
  0x45, 0xd4, 0x83, 0x78, 0x20, 0x04, 0x75, 0x14, 0x8b, 0x45, 0xfc, 0x8b,
  0x55, 0xd4, 0x03, 0x42, 0x3c, 0x8b, 0x55, 0xd4, 0x89, 0x42, 0x3c, 0xe9,
  0x0a, 0x01, 0x00, 0x00, 0x8b, 0x45, 0xd4, 0x83, 0x78, 0x20, 0x05, 0x75,
  0x14, 0x8b, 0x45, 0xf4, 0x8b, 0x55, 0xd4, 0x03, 0x42, 0x3c, 0x8b, 0x55,
  0xd4, 0x89, 0x42, 0x3c, 0xe9, 0xed, 0x00, 0x00, 0x00, 0x8b, 0x45, 0xd4,
  0x83, 0x78, 0x20, 0x02, 0x75, 0x4d, 0x8b, 0x45, 0xd4, 0x83, 0x78, 0x3c,
  0xff, 0x75, 0x30, 0x8b, 0x45, 0xd4, 0x8b, 0x40, 0x34, 0x89, 0x45, 0xd0,
  0x83, 0x7d, 0xd0, 0x04, 0x7d, 0x07, 0xc7, 0x45, 0xd0, 0x04, 0x00, 0x00,
  0x00, 0x8b, 0x55, 0xd4, 0x8b, 0x45, 0xe4, 0x03, 0x45, 0xe0, 0x89, 0x42,
  0x3c, 0x8b, 0x45, 0xd0, 0x83, 0xc0, 0x03, 0x83, 0xe0, 0xfc, 0x01, 0x45,
  0xe0, 0xeb, 0x0f, 0x8b, 0x45, 0xec, 0x8b, 0x55, 0xd4, 0x03, 0x42, 0x3c,
  0x8b, 0x55, 0xd4, 0x89, 0x42, 0x3c, 0xe9, 0x97, 0x00, 0x00, 0x00, 0x8b,
  0x45, 0xd4, 0x83, 0x78, 0x20, 0x00, 0x0f, 0x85, 0x8a, 0x00, 0x00, 0x00,
  0x83, 0x65, 0xd0, 0x00, 0xa1, 0x08, 0x38, 0xc7, 0x00, 0x39, 0x45, 0xd0,
  0x7d, 0x67, 0x8b, 0x45, 0xdc, 0x39, 0x45, 0xd0, 0x74, 0x54, 0xb8, 0x28,
  0xb0, 0xc6, 0x00, 0x8b, 0x55, 0xd0, 0x6b, 0xd2, 0x44, 0x01, 0xd0, 0x83,
  0x38, 0x01, 0x75, 0x42, 0xff, 0x75, 0xd4, 0xba, 0x08, 0xb0, 0xc6, 0x00,
  0x8b, 0x45, 0xd0, 0x6b, 0xc0, 0x44, 0x01, 0xc2, 0x52, 0xe8, 0x3e, 0x0f,
  0x00, 0x00, 0x83, 0xc4, 0x08, 0x83, 0xf8, 0x00, 0x75, 0x24, 0xba, 0x48,
  0xb0, 0xc6, 0x00, 0x8b, 0x45, 0xd0, 0x6b, 0xc0, 0x44, 0x01, 0xc2, 0x8b,
  0x45, 0xfc, 0x03, 0x02, 0x8b, 0x55, 0xd4, 0x89, 0x42, 0x3c, 0x8b, 0x45,
  0xd4, 0xc7, 0x40, 0x20, 0x01, 0x00, 0x00, 0x00, 0xeb, 0x0b, 0x8b, 0x45,
  0xd0, 0x89, 0x45, 0xcc, 0xff, 0x45, 0xd0, 0xeb, 0x8f, 0x8b, 0x45, 0xd4,
  0x83, 0x78, 0x20, 0x00, 0x75, 0x0c, 0xc7, 0x45, 0xc4, 0xff, 0xff, 0xff,
  0xff, 0xe9, 0x79, 0x01, 0x00, 0x00, 0x8b, 0x45, 0xdc, 0x89, 0x45, 0xd8,
  0xff, 0x45, 0xdc, 0xe9, 0x90, 0xfe, 0xff, 0xff, 0x83, 0x65, 0xdc, 0x00,
  0xa1, 0x18, 0x38, 0xd6, 0x00, 0x39, 0x45, 0xdc, 0x0f, 0x8d, 0x53, 0x01,
  0x00, 0x00, 0xb8, 0x18, 0x38, 0xd3, 0x00, 0x8b, 0x55, 0xdc, 0x6b, 0xd2,
  0x0c, 0x01, 0xd0, 0x89, 0x45, 0xd0, 0x8b, 0x45, 0xd0, 0x83, 0x78, 0x04,
  0x00, 0x7c, 0x0d, 0x8b, 0x55, 0xd0, 0xa1, 0x08, 0x38, 0xc7, 0x00, 0x39,
  0x42, 0x04, 0x7c, 0x0c, 0xc7, 0x45, 0xc4, 0xff, 0xff, 0xff, 0xff, 0xe9,
  0x27, 0x01, 0x00, 0x00, 0x8b, 0x45, 0xd0, 0x8b, 0x50, 0x04, 0x6b, 0xd2,
  0x44, 0xb8, 0x44, 0xb0, 0xc6, 0x00, 0x01, 0xd0, 0x8b, 0x00, 0x89, 0x45,
  0xcc, 0x8b, 0x45, 0xd0, 0x83, 0x78, 0x08, 0x02, 0x75, 0x6e, 0x8b, 0x45,
  0xd0, 0x8b, 0x00, 0x89, 0x45, 0xc8, 0x8b, 0x45, 0xc8, 0x83, 0xc0, 0x03,
  0x8b, 0x15, 0x14, 0x38, 0xd3, 0x00, 0x39, 0xd0, 0x7d, 0x51, 0x8b, 0x45,
  0xcc, 0x25, 0xff, 0x00, 0x00, 0x00, 0xba, 0x0c, 0x38, 0xd1, 0x00, 0x03,
  0x55, 0xc8, 0x88, 0x02, 0x8b, 0x45, 0xcc, 0xc1, 0xe8, 0x08, 0x25, 0xff,
  0x00, 0x00, 0x00, 0xba, 0x0d, 0x38, 0xd1, 0x00, 0x03, 0x55, 0xc8, 0x88,
  0x02, 0x8b, 0x45, 0xcc, 0xc1, 0xe8, 0x10, 0x25, 0xff, 0x00, 0x00, 0x00,
  0xba, 0x0e, 0x38, 0xd1, 0x00, 0x03, 0x55, 0xc8, 0x88, 0x02, 0x8b, 0x45,
  0xcc, 0xc1, 0xe8, 0x18, 0x25, 0xff, 0x00, 0x00, 0x00, 0xba, 0x0f, 0x38,
  0xd1, 0x00, 0x03, 0x55, 0xc8, 0x88, 0x02, 0xe9, 0x87, 0x00, 0x00, 0x00,
  0x8b, 0x45, 0xd0, 0x8b, 0x00, 0x89, 0x45, 0xc8, 0x8b, 0x45, 0xc8, 0x83,
  0xc0, 0x03, 0x8b, 0x15, 0x0c, 0x38, 0xd3, 0x00, 0x39, 0xd0, 0x7c, 0x09,
  0xc7, 0x45, 0xc4, 0xff, 0xff, 0xff, 0xff, 0xeb, 0x7a, 0x8b, 0x45, 0xd0,
  0x83, 0x78, 0x08, 0x00, 0x74, 0x0c, 0x8b, 0x45, 0xfc, 0x03, 0x45, 0xc8,
  0x83, 0xc0, 0x04, 0x29, 0x45, 0xcc, 0x8b, 0x45, 0xcc, 0x25, 0xff, 0x00,
  0x00, 0x00, 0xba, 0x0c, 0x38, 0xc7, 0x00, 0x03, 0x55, 0xc8, 0x88, 0x02,
  0x8b, 0x45, 0xcc, 0xc1, 0xe8, 0x08, 0x25, 0xff, 0x00, 0x00, 0x00, 0xba,
  0x0d, 0x38, 0xc7, 0x00, 0x03, 0x55, 0xc8, 0x88, 0x02, 0x8b, 0x45, 0xcc,
  0xc1, 0xe8, 0x10, 0x25, 0xff, 0x00, 0x00, 0x00, 0xba, 0x0e, 0x38, 0xc7,
  0x00, 0x03, 0x55, 0xc8, 0x88, 0x02, 0x8b, 0x45, 0xcc, 0xc1, 0xe8, 0x18,
  0x25, 0xff, 0x00, 0x00, 0x00, 0xba, 0x0f, 0x38, 0xc7, 0x00, 0x03, 0x55,
  0xc8, 0x88, 0x02, 0x8b, 0x45, 0xdc, 0x89, 0x45, 0xd4, 0xff, 0x45, 0xdc,
  0xe9, 0x9f, 0xfe, 0xff, 0xff, 0x83, 0x65, 0xc4, 0x00, 0xeb, 0x00, 0x8b,
  0x45, 0xc4, 0xc9, 0xc3, 0xc8, 0x58, 0x00, 0x00, 0xc7, 0x45, 0xfc, 0x00,
  0x00, 0xa0, 0x00, 0xa1, 0x0c, 0x38, 0xd3, 0x00, 0x83, 0xc0, 0x0f, 0x83,
  0xe0, 0xf0, 0x89, 0x45, 0xf8, 0xa1, 0x10, 0x38, 0xd3, 0x00, 0x83, 0xc0,
  0x0f, 0x83, 0xe0, 0xf0, 0x89, 0x45, 0xf4, 0xa1, 0x14, 0x38, 0xd3, 0x00,
  0x83, 0xc0, 0x0f, 0x83, 0xe0, 0xf0, 0x89, 0x45, 0xf0, 0x83, 0x65, 0xec,
  0x00, 0xc7, 0x45, 0xe8, 0x00, 0x10, 0x00, 0x00, 0xc7, 0x45, 0xcc, 0xb3,
  0x75, 0xb0, 0x00, 0xc7, 0x45, 0xc8, 0x23, 0x00, 0x00, 0x00, 0x8b, 0x45,
  0xf8, 0x05, 0x00, 0x00, 0xa0, 0x00, 0x03, 0x45, 0xf4, 0x03, 0x45, 0xf0,
  0x89, 0x45, 0xc0, 0x83, 0x65, 0xbc, 0x00, 0x83, 0x65, 0xd0, 0x00, 0xa1,
  0x08, 0x38, 0xc7, 0x00, 0x39, 0x45, 0xd0, 0x7d, 0x5b, 0xb8, 0x08, 0xb0,
  0xc6, 0x00, 0x8b, 0x55, 0xd0, 0x6b, 0xd2, 0x44, 0x01, 0xd0, 0x89, 0x45,
  0xb4, 0x8b, 0x45, 0xb4, 0x83, 0x78, 0x20, 0x02, 0x75, 0x37, 0x8b, 0x45,
  0xb4, 0x83, 0x78, 0x3c, 0xff, 0x75, 0x2e, 0x8b, 0x45, 0xb4, 0x8b, 0x40,
  0x34, 0x89, 0x45, 0xb0, 0x83, 0x7d, 0xb0, 0x04, 0x7d, 0x07, 0xc7, 0x45,
  0xb0, 0x04, 0x00, 0x00, 0x00, 0x8b, 0x55, 0xb4, 0x8b, 0x45, 0xc0, 0x03,
  0x45, 0xbc, 0x89, 0x42, 0x3c, 0x8b, 0x45, 0xb0, 0x83, 0xc0, 0x03, 0x83,
  0xe0, 0xfc, 0x01, 0x45, 0xbc, 0x8b, 0x45, 0xd0, 0x89, 0x45, 0xb8, 0xff,
  0x45, 0xd0, 0xeb, 0x9b, 0x8b, 0x45, 0xbc, 0x89, 0x45, 0xec, 0x8b, 0x45,
  0xe8, 0x03, 0x45, 0xf8, 0x89, 0x45, 0xe4, 0x8b, 0x45, 0xe4, 0x03, 0x45,
  0xf4, 0x89, 0x45, 0xe0, 0x8b, 0x45, 0xe0, 0x03, 0x45, 0xf0, 0x89, 0x45,
  0xdc, 0x8b, 0x45, 0xc8, 0x89, 0x45, 0xc0, 0x8b, 0x45, 0xc0, 0x83, 0xe0,
  0x03, 0x74, 0x0c, 0x8b, 0x45, 0xc0, 0x83, 0xc0, 0x04, 0x83, 0xe0, 0xfc,
  0x89, 0x45, 0xc0, 0x8b, 0x45, 0xdc, 0x03, 0x45, 0xc0, 0x89, 0x45, 0xd8,
  0x8b, 0x45, 0xd8, 0x05, 0xf0, 0x00, 0x00, 0x00, 0x89, 0x45, 0xd4, 0x81,
  0x7d, 0xd4, 0x00, 0x00, 0x0c, 0x00, 0x76, 0x0c, 0xc7, 0x45, 0xa8, 0xff,
  0xff, 0xff, 0xff, 0xe9, 0x16, 0x04, 0x00, 0x00, 0xff, 0x75, 0xd4, 0x6a,
  0x00, 0x68, 0xb8, 0x58, 0xd6, 0x00, 0xe8, 0x75, 0x0d, 0x00, 0x00, 0x83,
  0xc4, 0x0c, 0xc7, 0x45, 0xc0, 0xb8, 0x58, 0xd6, 0x00, 0x8b, 0x45, 0xc0,
  0xc6, 0x00, 0x7f, 0x8b, 0x45, 0xc0, 0xc6, 0x40, 0x01, 0x45, 0x8b, 0x45,
  0xc0, 0xc6, 0x40, 0x02, 0x4c, 0x8b, 0x45, 0xc0, 0xc6, 0x40, 0x03, 0x46,
  0x8b, 0x45, 0xc0, 0xc6, 0x40, 0x04, 0x01, 0x8b, 0x45, 0xc0, 0xc6, 0x40,
  0x05, 0x01, 0x8b, 0x45, 0xc0, 0xc6, 0x40, 0x06, 0x01, 0x8b, 0x45, 0xc0,
  0xc6, 0x40, 0x07, 0x00, 0x8b, 0x45, 0xc0, 0x66, 0xc7, 0x40, 0x10, 0x02,
  0x00, 0x8b, 0x45, 0xc0, 0x66, 0xc7, 0x40, 0x12, 0x03, 0x00, 0x8b, 0x45,
  0xc0, 0xc7, 0x40, 0x14, 0x01, 0x00, 0x00, 0x00, 0x8b, 0x55, 0xc0, 0x8b,
  0x45, 0xfc, 0x89, 0x42, 0x18, 0x8b, 0x45, 0xc0, 0xc7, 0x40, 0x1c, 0x34,
  0x00, 0x00, 0x00, 0x8b, 0x55, 0xc0, 0x8b, 0x45, 0xd8, 0x89, 0x42, 0x20,
  0x8b, 0x45, 0xc0, 0x83, 0x60, 0x24, 0x00, 0x8b, 0x45, 0xc0, 0x66, 0xc7,
  0x40, 0x28, 0x34, 0x00, 0x8b, 0x45, 0xc0, 0x66, 0xc7, 0x40, 0x2a, 0x20,
  0x00, 0x8b, 0x45, 0xc0, 0x66, 0xc7, 0x40, 0x2c, 0x02, 0x00, 0x8b, 0x45,
  0xc0, 0x66, 0xc7, 0x40, 0x2e, 0x28, 0x00, 0x8b, 0x45, 0xc0, 0x66, 0xc7,
  0x40, 0x30, 0x06, 0x00, 0x8b, 0x45, 0xc0, 0x66, 0xc7, 0x40, 0x32, 0x01,
  0x00, 0xc7, 0x45, 0xc0, 0xec, 0x58, 0xd6, 0x00, 0x8b, 0x45, 0xc0, 0x83,
  0xc0, 0x20, 0x89, 0x45, 0xbc, 0x8b, 0x45, 0xc0, 0xc7, 0x00, 0x01, 0x00,
  0x00, 0x00, 0x8b, 0x55, 0xc0, 0x8b, 0x45, 0xe8, 0x89, 0x42, 0x04, 0x8b,
  0x55, 0xc0, 0x8b, 0x45, 0xfc, 0x89, 0x42, 0x08, 0x8b, 0x55, 0xc0, 0x8b,
  0x45, 0xfc, 0x89, 0x42, 0x0c, 0x8b, 0x55, 0xc0, 0x8b, 0x45, 0xf8, 0x03,
  0x45, 0xf4, 0x89, 0x42, 0x10, 0x8b, 0x55, 0xc0, 0x8b, 0x45, 0xf8, 0x03,
  0x45, 0xf4, 0x89, 0x42, 0x14, 0x8b, 0x45, 0xc0, 0xc7, 0x40, 0x18, 0x05,
  0x00, 0x00, 0x00, 0x8b, 0x45, 0xc0, 0xc7, 0x40, 0x1c, 0x00, 0x10, 0x00,
  0x00, 0x8b, 0x45, 0xbc, 0xc7, 0x00, 0x01, 0x00, 0x00, 0x00, 0x8b, 0x55,
  0xbc, 0x8b, 0x45, 0xe0, 0x89, 0x42, 0x04, 0x8b, 0x55, 0xbc, 0x8b, 0x45,
  0xfc, 0x03, 0x45, 0xf8, 0x03, 0x45, 0xf4, 0x89, 0x42, 0x08, 0x8b, 0x45,
  0xbc, 0x8b, 0x40, 0x08, 0x8b, 0x55, 0xbc, 0x89, 0x42, 0x0c, 0x8b, 0x55,
  0xbc, 0x8b, 0x45, 0xf0, 0x89, 0x42, 0x10, 0x8b, 0x55, 0xbc, 0x8b, 0x45,
  0xf0, 0x03, 0x45, 0xec, 0x89, 0x42, 0x14, 0x8b, 0x45, 0xbc, 0xc7, 0x40,
  0x18, 0x06, 0x00, 0x00, 0x00, 0x8b, 0x45, 0xbc, 0xc7, 0x40, 0x1c, 0x00,
  0x10, 0x00, 0x00, 0xb8, 0xb8, 0x58, 0xd6, 0x00, 0x03, 0x45, 0xd8, 0x89,
  0x45, 0xc0, 0x8b, 0x45, 0xcc, 0x89, 0x45, 0xbc, 0xc7, 0x45, 0xb8, 0x0b,
  0x00, 0x00, 0x00, 0xc7, 0x45, 0xb4, 0x11, 0x00, 0x00, 0x00, 0xc7, 0x45,
  0xb0, 0x19, 0x00, 0x00, 0x00, 0xc7, 0x45, 0xac, 0x1f, 0x00, 0x00, 0x00,
  0x8b, 0x45, 0xc0, 0x83, 0x60, 0x04, 0x00, 0x8b, 0x45, 0xc0, 0xc7, 0x40,
  0x28, 0x01, 0x00, 0x00, 0x00, 0x8b, 0x45, 0xc0, 0xc7, 0x40, 0x2c, 0x03,
  0x00, 0x00, 0x00, 0x8b, 0x55, 0xc0, 0x8b, 0x45, 0xdc, 0x89, 0x42, 0x38,
  0x8b, 0x55, 0xc0, 0x8b, 0x45, 0xc8, 0x89, 0x42, 0x3c, 0x8b, 0x45, 0xc0,
  0xc7, 0x40, 0x48, 0x01, 0x00, 0x00, 0x00, 0x8b, 0x55, 0xc0, 0x8b, 0x45,
  0xb8, 0x89, 0x42, 0x50, 0x8b, 0x45, 0xc0, 0xc7, 0x40, 0x54, 0x01, 0x00,
  0x00, 0x00, 0x8b, 0x45, 0xc0, 0xc7, 0x40, 0x58, 0x06, 0x00, 0x00, 0x00,
  0x8b, 0x55, 0xc0, 0x8b, 0x45, 0xfc, 0x89, 0x42, 0x5c, 0x8b, 0x55, 0xc0,
  0x8b, 0x45, 0xe8, 0x89, 0x42, 0x60, 0x8b, 0x55, 0xc0, 0x8b, 0x45, 0xf8,
  0x89, 0x42, 0x64, 0x8b, 0x45, 0xc0, 0xc7, 0x40, 0x70, 0x10, 0x00, 0x00,
  0x00, 0x8b, 0x55, 0xc0, 0x8b, 0x45, 0xb4, 0x89, 0x42, 0x78, 0x8b, 0x45,
  0xc0, 0xc7, 0x40, 0x7c, 0x01, 0x00, 0x00, 0x00, 0x8b, 0x45, 0xc0, 0xc7,
  0x80, 0x80, 0x00, 0x00, 0x00, 0x02, 0x00, 0x00, 0x00, 0x8b, 0x55, 0xc0,
  0x8b, 0x45, 0xfc, 0x03, 0x45, 0xf8, 0x89, 0x82, 0x84, 0x00, 0x00, 0x00,
  0x8b, 0x55, 0xc0, 0x8b, 0x45, 0xe4, 0x89, 0x82, 0x88, 0x00, 0x00, 0x00,
  0x8b, 0x55, 0xc0, 0x8b, 0x45, 0xf4, 0x89, 0x82, 0x8c, 0x00, 0x00, 0x00,
  0x8b, 0x45, 0xc0, 0xc7, 0x80, 0x98, 0x00, 0x00, 0x00, 0x10, 0x00, 0x00,
  0x00, 0x8b, 0x55, 0xc0, 0x8b, 0x45, 0xb0, 0x89, 0x82, 0xa0, 0x00, 0x00,
  0x00, 0x8b, 0x45, 0xc0, 0xc7, 0x80, 0xa4, 0x00, 0x00, 0x00, 0x01, 0x00,
  0x00, 0x00, 0x8b, 0x45, 0xc0, 0xc7, 0x80, 0xa8, 0x00, 0x00, 0x00, 0x03,
  0x00, 0x00, 0x00, 0x8b, 0x55, 0xc0, 0x8b, 0x45, 0xfc, 0x03, 0x45, 0xf8,
  0x03, 0x45, 0xf4, 0x89, 0x82, 0xac, 0x00, 0x00, 0x00, 0x8b, 0x55, 0xc0,
  0x8b, 0x45, 0xe0, 0x89, 0x82, 0xb0, 0x00, 0x00, 0x00, 0x8b, 0x55, 0xc0,
  0x8b, 0x45, 0xf0, 0x89, 0x82, 0xb4, 0x00, 0x00, 0x00, 0x8b, 0x45, 0xc0,
  0xc7, 0x80, 0xc0, 0x00, 0x00, 0x00, 0x10, 0x00, 0x00, 0x00, 0x8b, 0x55,
  0xc0, 0x8b, 0x45, 0xac, 0x89, 0x82, 0xc8, 0x00, 0x00, 0x00, 0x8b, 0x45,
  0xc0, 0xc7, 0x80, 0xcc, 0x00, 0x00, 0x00, 0x08, 0x00, 0x00, 0x00, 0x8b,
  0x45, 0xc0, 0xc7, 0x80, 0xd0, 0x00, 0x00, 0x00, 0x03, 0x00, 0x00, 0x00,
  0x8b, 0x55, 0xc0, 0x8b, 0x45, 0xfc, 0x03, 0x45, 0xf8, 0x03, 0x45, 0xf4,
  0x03, 0x45, 0xf0, 0x89, 0x82, 0xd4, 0x00, 0x00, 0x00, 0x8b, 0x55, 0xc0,
  0x8b, 0x45, 0xe0, 0x03, 0x45, 0xf0, 0x89, 0x82, 0xd8, 0x00, 0x00, 0x00,
  0x8b, 0x55, 0xc0, 0x8b, 0x45, 0xec, 0x89, 0x82, 0xdc, 0x00, 0x00, 0x00,
  0x8b, 0x45, 0xc0, 0xc7, 0x80, 0xe8, 0x00, 0x00, 0x00, 0x10, 0x00, 0x00,
  0x00, 0xff, 0x75, 0xc8, 0xff, 0x75, 0xbc, 0xb8, 0xb8, 0x58, 0xd6, 0x00,
  0x03, 0x45, 0xdc, 0x50, 0xe8, 0x77, 0x0a, 0x00, 0x00, 0x83, 0xc4, 0x0c,
  0xff, 0x35, 0x0c, 0x38, 0xd3, 0x00, 0x68, 0x0c, 0x38, 0xc7, 0x00, 0xb8,
  0xb8, 0x58, 0xd6, 0x00, 0x03, 0x45, 0xe8, 0x50, 0xe8, 0x5b, 0x0a, 0x00,
  0x00, 0x83, 0xc4, 0x0c, 0xff, 0x35, 0x10, 0x38, 0xd3, 0x00, 0x68, 0x0c,
  0x38, 0xcf, 0x00, 0xb8, 0xb8, 0x58, 0xd6, 0x00, 0x03, 0x45, 0xe4, 0x50,
  0xe8, 0x3f, 0x0a, 0x00, 0x00, 0x83, 0xc4, 0x0c, 0xff, 0x35, 0x14, 0x38,
  0xd3, 0x00, 0x68, 0x0c, 0x38, 0xd1, 0x00, 0xb8, 0xb8, 0x58, 0xd6, 0x00,
  0x03, 0x45, 0xe0, 0x50, 0xe8, 0x23, 0x0a, 0x00, 0x00, 0x83, 0xc4, 0x0c,
  0x6a, 0x00, 0x68, 0x02, 0x11, 0x00, 0x00, 0x8b, 0x55, 0x08, 0x52, 0x6a,
  0x05, 0xe8, 0xc6, 0xba, 0xff, 0xff, 0x83, 0xc4, 0x10, 0x89, 0x45, 0xc4,
  0x83, 0x7d, 0xc4, 0x00, 0x7d, 0x09, 0xc7, 0x45, 0xa8, 0xff, 0xff, 0xff,
  0xff, 0xeb, 0x4f, 0xff, 0x75, 0xd4, 0x68, 0xb8, 0x58, 0xd6, 0x00, 0xff,
  0x75, 0xc4, 0x6a, 0x04, 0xe8, 0x9f, 0xba, 0xff, 0xff, 0x83, 0xc4, 0x10,
  0x8b, 0x55, 0xd4, 0x39, 0xd0, 0x74, 0x1a, 0x6a, 0x00, 0x6a, 0x00, 0xff,
  0x75, 0xc4, 0x6a, 0x06, 0xe8, 0x87, 0xba, 0xff, 0xff, 0x83, 0xc4, 0x10,
  0xc7, 0x45, 0xa8, 0xff, 0xff, 0xff, 0xff, 0xeb, 0x19, 0x6a, 0x00, 0x6a,
  0x00, 0xff, 0x75, 0xc4, 0x6a, 0x06, 0xe8, 0x6d, 0xba, 0xff, 0xff, 0x83,
  0xc4, 0x10, 0x8b, 0x45, 0xd4, 0x89, 0x45, 0xa8, 0xeb, 0x00, 0x8b, 0x45,
  0xa8, 0xc9, 0xc3, 0x90, 0xc8, 0x08, 0x00, 0x00, 0x89, 0x5d, 0xf8, 0xe8,
  0x18, 0xba, 0xff, 0xff, 0x69, 0xc0, 0xb1, 0x79, 0x37, 0x9e, 0x89, 0xc3,
  0xe8, 0x27, 0xba, 0xff, 0xff, 0x69, 0xc0, 0x37, 0x9e, 0x00, 0x00, 0x31,
  0xc3, 0x81, 0xf3, 0xfc, 0x45, 0xb0, 0x00, 0x81, 0xf3, 0xb9, 0x79, 0x37,
  0x9e, 0x89, 0x5d, 0xfc, 0xeb, 0x00, 0x8b, 0x45, 0xfc, 0x8b, 0x5d, 0xf8,
  0xc9, 0xc3, 0x66, 0x90, 0xc8, 0x10, 0x00, 0x00, 0xe8, 0xbb, 0xff, 0xff,
  0xff, 0x89, 0x45, 0xfc, 0xe8, 0xb3, 0xff, 0xff, 0xff, 0x89, 0x45, 0xf8,
  0x83, 0x65, 0xf4, 0x00, 0x83, 0x7d, 0xf4, 0x08, 0x7d, 0x60, 0xb8, 0x1c,
  0x00, 0x00, 0x00, 0x8b, 0x55, 0xf4, 0xc1, 0xe2, 0x02, 0x29, 0xd0, 0x88,
  0xc1, 0x8b, 0x45, 0xfc, 0xd3, 0xe8, 0x83, 0xe0, 0x0f, 0xba, 0x31, 0x73,
  0xb0, 0x00, 0x01, 0xc2, 0x8a, 0x02, 0x8b, 0x55, 0x08, 0x03, 0x55, 0xf4,
  0x88, 0x02, 0xb8, 0x1c, 0x00, 0x00, 0x00, 0x8b, 0x55, 0xf4, 0xc1, 0xe2,
  0x02, 0x29, 0xd0, 0x88, 0xc1, 0x8b, 0x45, 0xf8, 0xd3, 0xe8, 0x83, 0xe0,
  0x0f, 0xba, 0x31, 0x73, 0xb0, 0x00, 0x01, 0xc2, 0x8a, 0x02, 0x8b, 0x55,
  0x08, 0x8b, 0x4d, 0xf4, 0x83, 0xc1, 0x08, 0x01, 0xca, 0x88, 0x02, 0x8b,
  0x45, 0xf4, 0x89, 0x45, 0xf0, 0xff, 0x45, 0xf4, 0xeb, 0x9a, 0x8b, 0x45,
  0x08, 0xc6, 0x40, 0x10, 0x00, 0xc9, 0xc3, 0x90, 0xc8, 0x20, 0x08, 0x00,
  0x6a, 0x00, 0x6a, 0x01, 0x68, 0xa6, 0x75, 0xb0, 0x00, 0x6a, 0x05, 0xe8,
  0x84, 0xb9, 0xff, 0xff, 0x83, 0xc4, 0x10, 0x89, 0x45, 0xfc, 0x83, 0xa5,
  0xf8, 0xf7, 0xff, 0xff, 0x00, 0x83, 0xa5, 0xf4, 0xf7, 0xff, 0xff, 0x00,
  0x83, 0x7d, 0xfc, 0x00, 0x7d, 0x13, 0xc6, 0x05, 0xb8, 0x58, 0xe2, 0x00,
  0x00, 0x83, 0x25, 0xb8, 0x60, 0xe2, 0x00, 0x00, 0xe9, 0x89, 0x01, 0x00,
  0x00, 0x68, 0xff, 0x07, 0x00, 0x00, 0x8d, 0x95, 0xfc, 0xf7, 0xff, 0xff,
  0x52, 0xff, 0x75, 0xfc, 0x6a, 0x03, 0xe8, 0x41, 0xb9, 0xff, 0xff, 0x83,
  0xc4, 0x10, 0x89, 0x85, 0xf8, 0xf7, 0xff, 0xff, 0x6a, 0x00, 0x6a, 0x00,
  0xff, 0x75, 0xfc, 0x6a, 0x06, 0xe8, 0x2a, 0xb9, 0xff, 0xff, 0x83, 0xc4,
  0x10, 0x8d, 0x85, 0xfc, 0xf7, 0xff, 0xff, 0x03, 0x85, 0xf8, 0xf7, 0xff,
  0xff, 0xc6, 0x00, 0x00, 0x83, 0x25, 0xb8, 0x60, 0xe2, 0x00, 0x00, 0x8d,
  0x85, 0xfc, 0xf7, 0xff, 0xff, 0x03, 0x85, 0xf4, 0xf7, 0xff, 0xff, 0x0f,
  0xbe, 0x00, 0x83, 0xf8, 0x00, 0x0f, 0x84, 0x2b, 0x01, 0x00, 0x00, 0x83,
  0x3d, 0xb8, 0x60, 0xe2, 0x00, 0x20, 0x0f, 0x8d, 0x1e, 0x01, 0x00, 0x00,
  0x8d, 0x85, 0xfc, 0xf7, 0xff, 0xff, 0x03, 0x85, 0xf4, 0xf7, 0xff, 0xff,
  0x0f, 0xbe, 0x00, 0x83, 0xf8, 0x20, 0x74, 0x14, 0x8d, 0x85, 0xfc, 0xf7,
  0xff, 0xff, 0x03, 0x85, 0xf4, 0xf7, 0xff, 0xff, 0x0f, 0xbe, 0x00, 0x83,
  0xf8, 0x09, 0x75, 0x14, 0x8b, 0x85, 0xf4, 0xf7, 0xff, 0xff, 0x89, 0x85,
  0xf0, 0xf7, 0xff, 0xff, 0xff, 0x85, 0xf4, 0xf7, 0xff, 0xff, 0xeb, 0xc4,
  0x8d, 0x85, 0xfc, 0xf7, 0xff, 0xff, 0x03, 0x85, 0xf4, 0xf7, 0xff, 0xff,
  0x0f, 0xbe, 0x00, 0x83, 0xf8, 0x00, 0x75, 0x05, 0xe9, 0xc9, 0x00, 0x00,
  0x00, 0x83, 0xa5, 0xec, 0xf7, 0xff, 0xff, 0x00, 0x8d, 0x85, 0xfc, 0xf7,
  0xff, 0xff, 0x03, 0x85, 0xf4, 0xf7, 0xff, 0xff, 0x0f, 0xbe, 0x00, 0x83,
  0xf8, 0x00, 0x74, 0x7f, 0x8d, 0x85, 0xfc, 0xf7, 0xff, 0xff, 0x03, 0x85,
  0xf4, 0xf7, 0xff, 0xff, 0x0f, 0xbe, 0x00, 0x83, 0xf8, 0x20, 0x74, 0x6b,
  0x8d, 0x85, 0xfc, 0xf7, 0xff, 0xff, 0x03, 0x85, 0xf4, 0xf7, 0xff, 0xff,
  0x0f, 0xbe, 0x00, 0x83, 0xf8, 0x09, 0x74, 0x57, 0x83, 0xbd, 0xec, 0xf7,
  0xff, 0xff, 0x3f, 0x7d, 0x4e, 0x8b, 0x85, 0xec, 0xf7, 0xff, 0xff, 0x89,
  0x85, 0xe8, 0xf7, 0xff, 0xff, 0xff, 0x85, 0xec, 0xf7, 0xff, 0xff, 0x8b,
  0x85, 0xf4, 0xf7, 0xff, 0xff, 0x89, 0x85, 0xe4, 0xf7, 0xff, 0xff, 0xff,
  0x85, 0xf4, 0xf7, 0xff, 0xff, 0xba, 0xb8, 0x58, 0xe2, 0x00, 0xa1, 0xb8,
  0x60, 0xe2, 0x00, 0xc1, 0xe0, 0x06, 0x01, 0xc2, 0x03, 0x95, 0xe8, 0xf7,
  0xff, 0xff, 0x8d, 0x85, 0xfc, 0xf7, 0xff, 0xff, 0x03, 0x85, 0xe4, 0xf7,
  0xff, 0xff, 0x8a, 0x00, 0x88, 0x02, 0xe9, 0x6d, 0xff, 0xff, 0xff, 0xb8,
  0xb8, 0x58, 0xe2, 0x00, 0x8b, 0x15, 0xb8, 0x60, 0xe2, 0x00, 0xc1, 0xe2,
  0x06, 0x01, 0xd0, 0x03, 0x85, 0xec, 0xf7, 0xff, 0xff, 0xc6, 0x00, 0x00,
  0xa1, 0xb8, 0x60, 0xe2, 0x00, 0x89, 0x85, 0xe0, 0xf7, 0xff, 0xff, 0xff,
  0x05, 0xb8, 0x60, 0xe2, 0x00, 0xe9, 0xbd, 0xfe, 0xff, 0xff, 0xc9, 0xc3,
  0xc8, 0x14, 0x00, 0x00, 0xc6, 0x45, 0xf5, 0x30, 0xc6, 0x45, 0xf6, 0x78,
  0x83, 0x65, 0xf0, 0x00, 0x83, 0x7d, 0xf0, 0x08, 0x7d, 0x38, 0xb8, 0x1c,
  0x00, 0x00, 0x00, 0x8b, 0x55, 0xf0, 0xc1, 0xe2, 0x02, 0x29, 0xd0, 0x88,
  0xc1, 0x8b, 0x45, 0x08, 0xd3, 0xe8, 0x83, 0xe0, 0x0f, 0xba, 0x42, 0x73,
  0xb0, 0x00, 0x01, 0xc2, 0x8a, 0x02, 0x8d, 0x55, 0xf5, 0x8b, 0x4d, 0xf0,
  0x83, 0xc1, 0x02, 0x01, 0xca, 0x88, 0x02, 0x8b, 0x45, 0xf0, 0x89, 0x45,
  0xec, 0xff, 0x45, 0xf0, 0xeb, 0xc2, 0xc6, 0x45, 0xff, 0x00, 0x8d, 0x45,
  0xf5, 0x50, 0x68, 0xa3, 0x75, 0xb0, 0x00, 0xe8, 0x3c, 0x0b, 0x00, 0x00,
  0x83, 0xc4, 0x08, 0xc9, 0xc3, 0x8d, 0x76, 0x00, 0x55, 0x89, 0xe5, 0x68,
  0x7c, 0x75, 0xb0, 0x00, 0x68, 0x8a, 0x75, 0xb0, 0x00, 0x68, 0x96, 0x75,
  0xb0, 0x00, 0xe8, 0x1d, 0x0b, 0x00, 0x00, 0x83, 0xc4, 0x0c, 0x68, 0x48,
  0x75, 0xb0, 0x00, 0xe8, 0x10, 0x0b, 0x00, 0x00, 0x83, 0xc4, 0x04, 0x68,
  0x20, 0x75, 0xb0, 0x00, 0xe8, 0x03, 0x0b, 0x00, 0x00, 0x83, 0xc4, 0x04,
  0x68, 0x00, 0x00, 0xa0, 0x00, 0xe8, 0x5a, 0xff, 0xff, 0xff, 0x83, 0xc4,
  0x04, 0x68, 0x1e, 0x75, 0xb0, 0x00, 0xe8, 0xe9, 0x0a, 0x00, 0x00, 0x83,
  0xc4, 0x04, 0x68, 0xff, 0x74, 0xb0, 0x00, 0xe8, 0xdc, 0x0a, 0x00, 0x00,
  0x83, 0xc4, 0x04, 0xc9, 0xc3, 0x8d, 0x76, 0x00, 0x55, 0x89, 0xe5, 0x68,
  0xe2, 0x74, 0xb0, 0x00, 0xe8, 0xc7, 0x0a, 0x00, 0x00, 0x83, 0xc4, 0x04,
  0x68, 0xb9, 0x74, 0xb0, 0x00, 0xe8, 0xba, 0x0a, 0x00, 0x00, 0x83, 0xc4,
  0x04, 0x68, 0x82, 0x74, 0xb0, 0x00, 0xe8, 0xad, 0x0a, 0x00, 0x00, 0x83,
  0xc4, 0x04, 0x68, 0x64, 0x74, 0xb0, 0x00, 0xe8, 0xa0, 0x0a, 0x00, 0x00,
  0x83, 0xc4, 0x04, 0xc9, 0xc3, 0x8d, 0x76, 0x00, 0xc8, 0x44, 0x00, 0x00,
  0xe8, 0x27, 0xfd, 0xff, 0xff, 0x83, 0x65, 0xfc, 0x00, 0xc7, 0x45, 0xf8,
  0x5e, 0x74, 0xb0, 0x00, 0x83, 0x65, 0xf4, 0x00, 0xc7, 0x45, 0xf0, 0x01,
  0x00, 0x00, 0x00, 0xa1, 0xb8, 0x60, 0xe2, 0x00, 0x39, 0x45, 0xf0, 0x0f,
  0x8d, 0x5c, 0x01, 0x00, 0x00, 0xb8, 0xb8, 0x58, 0xe2, 0x00, 0x8b, 0x55,
  0xf0, 0xc1, 0xe2, 0x06, 0x01, 0xd0, 0x0f, 0xbe, 0x00, 0x83, 0xf8, 0x2d,
  0x0f, 0x85, 0x25, 0x01, 0x00, 0x00, 0xb8, 0xb9, 0x58, 0xe2, 0x00, 0x8b,
  0x55, 0xf0, 0xc1, 0xe2, 0x06, 0x01, 0xd0, 0x0f, 0xbe, 0x00, 0x83, 0xf8,
  0x00, 0x0f, 0x84, 0x0c, 0x01, 0x00, 0x00, 0x68, 0x5b, 0x74, 0xb0, 0x00,
  0xba, 0xb8, 0x58, 0xe2, 0x00, 0x8b, 0x45, 0xf0, 0xc1, 0xe0, 0x06, 0x01,
  0xc2, 0x52, 0xe8, 0x1d, 0x04, 0x00, 0x00, 0x83, 0xc4, 0x08, 0x83, 0xf8,
  0x00, 0x74, 0x20, 0x68, 0x51, 0x74, 0xb0, 0x00, 0xba, 0xb8, 0x58, 0xe2,
  0x00, 0x8b, 0x45, 0xf0, 0xc1, 0xe0, 0x06, 0x01, 0xc2, 0x52, 0xe8, 0xfd,
  0x03, 0x00, 0x00, 0x83, 0xc4, 0x08, 0x83, 0xf8, 0x00, 0x75, 0x0c, 0xc7,
  0x45, 0xf4, 0x01, 0x00, 0x00, 0x00, 0xe9, 0xbe, 0x00, 0x00, 0x00, 0x68,
  0x4e, 0x74, 0xb0, 0x00, 0xba, 0xb8, 0x58, 0xe2, 0x00, 0x8b, 0x45, 0xf0,
  0xc1, 0xe0, 0x06, 0x01, 0xc2, 0x52, 0xe8, 0xd1, 0x03, 0x00, 0x00, 0x83,
  0xc4, 0x08, 0x83, 0xf8, 0x00, 0x75, 0x24, 0x8b, 0x45, 0xf0, 0x40, 0x8b,
  0x15, 0xb8, 0x60, 0xe2, 0x00, 0x39, 0xd0, 0x7d, 0x16, 0xb8, 0xb8, 0x58,
  0xe2, 0x00, 0x8b, 0x55, 0xf0, 0x42, 0x89, 0x55, 0xf0, 0xc1, 0xe2, 0x06,
  0x01, 0xd0, 0x89, 0x45, 0xf8, 0xeb, 0x7a, 0x68, 0x4b, 0x74, 0xb0, 0x00,
  0xba, 0xb8, 0x58, 0xe2, 0x00, 0x8b, 0x45, 0xf0, 0xc1, 0xe0, 0x06, 0x01,
  0xc2, 0x52, 0xe8, 0x8d, 0x03, 0x00, 0x00, 0x83, 0xc4, 0x08, 0x83, 0xf8,
  0x00, 0x74, 0x20, 0x68, 0x44, 0x74, 0xb0, 0x00, 0xba, 0xb8, 0x58, 0xe2,
  0x00, 0x8b, 0x45, 0xf0, 0xc1, 0xe0, 0x06, 0x01, 0xc2, 0x52, 0xe8, 0x6d,
  0x03, 0x00, 0x00, 0x83, 0xc4, 0x08, 0x83, 0xf8, 0x00, 0x75, 0x0e, 0xe8,
  0x90, 0xfe, 0xff, 0xff, 0x83, 0x65, 0xbc, 0x00, 0xe9, 0x52, 0x03, 0x00,
  0x00, 0xb8, 0xb8, 0x58, 0xe2, 0x00, 0x8b, 0x55, 0xf0, 0xc1, 0xe2, 0x06,
  0x01, 0xd0, 0x50, 0x68, 0x2a, 0x74, 0xb0, 0x00, 0xe8, 0x43, 0x09, 0x00,
  0x00, 0x83, 0xc4, 0x08, 0xe8, 0x67, 0xfe, 0xff, 0xff, 0xc7, 0x45, 0xbc,
  0x01, 0x00, 0x00, 0x00, 0xe9, 0x26, 0x03, 0x00, 0x00, 0xeb, 0x10, 0xb8,
  0xb8, 0x58, 0xe2, 0x00, 0x8b, 0x55, 0xf0, 0xc1, 0xe2, 0x06, 0x01, 0xd0,
  0x89, 0x45, 0xfc, 0x8b, 0x45, 0xf0, 0x89, 0x45, 0xd4, 0xff, 0x45, 0xf0,
  0xe9, 0x96, 0xfe, 0xff, 0xff, 0x83, 0x7d, 0xf4, 0x00, 0x74, 0x05, 0xe8,
  0xd0, 0xfd, 0xff, 0xff, 0x83, 0x7d, 0xfc, 0x00, 0x75, 0x29, 0x83, 0x7d,
  0xf4, 0x00, 0x75, 0x05, 0xe8, 0x1f, 0xfe, 0xff, 0xff, 0x83, 0x7d, 0xf4,
  0x00, 0x74, 0x06, 0x83, 0x65, 0xd0, 0x00, 0xeb, 0x07, 0xc7, 0x45, 0xd0,
  0x01, 0x00, 0x00, 0x00, 0x8b, 0x45, 0xd0, 0x89, 0x45, 0xbc, 0xe9, 0xcc,
  0x02, 0x00, 0x00, 0x6a, 0x00, 0x6a, 0x01, 0x8b, 0x55, 0xfc, 0x52, 0x6a,
  0x05, 0xe8, 0xf6, 0xb4, 0xff, 0xff, 0x83, 0xc4, 0x10, 0x89, 0x45, 0xd0,
  0x83, 0x7d, 0xd0, 0x00, 0x7d, 0x1c, 0xff, 0x75, 0xfc, 0x68, 0x13, 0x74,
  0xb0, 0x00, 0xe8, 0xad, 0x08, 0x00, 0x00, 0x83, 0xc4, 0x08, 0xc7, 0x45,
  0xbc, 0x01, 0x00, 0x00, 0x00, 0xe9, 0x95, 0x02, 0x00, 0x00, 0x68, 0xff,
  0xff, 0x07, 0x00, 0x68, 0x00, 0x90, 0xb0, 0x00, 0xff, 0x75, 0xd0, 0x6a,
  0x03, 0xe8, 0xba, 0xb4, 0xff, 0xff, 0x83, 0xc4, 0x10, 0x89, 0x45, 0xd8,
  0x6a, 0x00, 0x6a, 0x00, 0xff, 0x75, 0xd0, 0x6a, 0x06, 0xe8, 0xa6, 0xb4,
  0xff, 0xff, 0x83, 0xc4, 0x10, 0x83, 0x7d, 0xd8, 0x00, 0x7f, 0x19, 0x68,
  0xfb, 0x73, 0xb0, 0x00, 0xe8, 0x63, 0x08, 0x00, 0x00, 0x83, 0xc4, 0x04,
  0xc7, 0x45, 0xbc, 0x01, 0x00, 0x00, 0x00, 0xe9, 0x4b, 0x02, 0x00, 0x00,
  0xb8, 0x00, 0x90, 0xb0, 0x00, 0x03, 0x45, 0xd8, 0xc6, 0x00, 0x00, 0x8d,
  0x45, 0xdf, 0x50, 0xe8, 0x50, 0xfa, 0xff, 0xff, 0x83, 0xc4, 0x04, 0x83,
  0x25, 0x08, 0x38, 0xc7, 0x00, 0x00, 0x83, 0x25, 0x0c, 0x38, 0xd3, 0x00,
  0x00, 0x83, 0x25, 0x10, 0x38, 0xd3, 0x00, 0x00, 0x83, 0x25, 0x14, 0x38,
  0xd3, 0x00, 0x00, 0x83, 0x25, 0x18, 0x38, 0xd6, 0x00, 0x00, 0x83, 0x25,
  0x1c, 0x48, 0xd6, 0x00, 0x00, 0x83, 0x25, 0x20, 0x58, 0xd6, 0x00, 0x00,
  0x83, 0x25, 0xa4, 0x58, 0xd6, 0x00, 0x00, 0x83, 0x25, 0xa8, 0x58, 0xd6,
  0x00, 0x00, 0x83, 0x65, 0xd0, 0x00, 0x83, 0x7d, 0xd0, 0x09, 0x7d, 0x77,
  0xc7, 0x45, 0xc8, 0xf2, 0x73, 0xb0, 0x00, 0x83, 0x7d, 0xd0, 0x08, 0x7d,
  0x2e, 0x81, 0x3d, 0x10, 0x38, 0xd3, 0x00, 0x00, 0x00, 0x02, 0x00, 0x7d,
  0x20, 0xa1, 0x10, 0x38, 0xd3, 0x00, 0x89, 0x45, 0xc4, 0xff, 0x05, 0x10,
  0x38, 0xd3, 0x00, 0x8b, 0x45, 0xc8, 0x03, 0x45, 0xd0, 0x8a, 0x00, 0xba,
  0x0c, 0x38, 0xcf, 0x00, 0x03, 0x55, 0xc4, 0x88, 0x02, 0xeb, 0x31, 0x81,
  0x3d, 0x10, 0x38, 0xd3, 0x00, 0x00, 0x00, 0x02, 0x00, 0x7d, 0x25, 0xa1,
  0x10, 0x38, 0xd3, 0x00, 0x89, 0x45, 0xc4, 0xff, 0x05, 0x10, 0x38, 0xd3,
  0x00, 0x8d, 0x45, 0xdf, 0x8b, 0x55, 0xd0, 0x83, 0xea, 0x08, 0x01, 0xd0,
  0x8a, 0x00, 0xba, 0x0c, 0x38, 0xcf, 0x00, 0x03, 0x55, 0xc4, 0x88, 0x02,
  0x8b, 0x45, 0xd0, 0x89, 0x45, 0xcc, 0xff, 0x45, 0xd0, 0xeb, 0x83, 0x83,
  0x65, 0xd0, 0x00, 0x83, 0x7d, 0xd0, 0x08, 0x7d, 0x3c, 0x81, 0x3d, 0x10,
  0x38, 0xd3, 0x00, 0x00, 0x00, 0x02, 0x00, 0x7d, 0x25, 0xa1, 0x10, 0x38,
  0xd3, 0x00, 0x89, 0x45, 0xc4, 0xff, 0x05, 0x10, 0x38, 0xd3, 0x00, 0x8d,
  0x45, 0xdf, 0x8b, 0x55, 0xd0, 0x83, 0xc2, 0x08, 0x01, 0xd0, 0x8a, 0x00,
  0xba, 0x0c, 0x38, 0xcf, 0x00, 0x03, 0x55, 0xc4, 0x88, 0x02, 0x8b, 0x45,
  0xd0, 0x89, 0x45, 0xc8, 0xff, 0x45, 0xd0, 0xeb, 0xbe, 0xa1, 0x10, 0x38,
  0xd3, 0x00, 0x83, 0xe0, 0x03, 0x74, 0x1b, 0xa1, 0x10, 0x38, 0xd3, 0x00,
  0x89, 0x45, 0xc0, 0xff, 0x05, 0x10, 0x38, 0xd3, 0x00, 0xb8, 0x0c, 0x38,
  0xcf, 0x00, 0x03, 0x45, 0xc0, 0xc6, 0x00, 0x00, 0xeb, 0xdb, 0xe8, 0xa9,
  0xed, 0xff, 0xff, 0x68, 0x00, 0x20, 0x00, 0x00, 0x68, 0x00, 0x90, 0xb8,
  0x00, 0xe8, 0x32, 0xf0, 0xff, 0xff, 0x83, 0xc4, 0x08, 0x68, 0x00, 0x90,
  0xb8, 0x00, 0xe8, 0x25, 0xb4, 0xff, 0xff, 0x83, 0xc4, 0x04, 0x83, 0x25,
  0xac, 0x58, 0xd6, 0x00, 0x00, 0xe8, 0x0e, 0xe9, 0xff, 0xff, 0x83, 0x3d,
  0xa8, 0x58, 0xd6, 0x00, 0x00, 0x74, 0x1f, 0xff, 0x35, 0xa8, 0x58, 0xd6,
  0x00, 0x68, 0xcc, 0x73, 0xb0, 0x00, 0xe8, 0xc9, 0x06, 0x00, 0x00, 0x83,
  0xc4, 0x08, 0xc7, 0x45, 0xbc, 0x01, 0x00, 0x00, 0x00, 0xe9, 0xb1, 0x00,
  0x00, 0x00, 0x68, 0x00, 0x90, 0xb0, 0x00, 0xe8, 0xe4, 0xb3, 0xff, 0xff,
  0x83, 0xc4, 0x04, 0x83, 0x25, 0xac, 0x58, 0xd6, 0x00, 0x00, 0xe8, 0xcd,
  0xe8, 0xff, 0xff, 0x83, 0x3d, 0xa8, 0x58, 0xd6, 0x00, 0x00, 0x74, 0x1f,
  0xff, 0x35, 0xa8, 0x58, 0xd6, 0x00, 0xff, 0x75, 0xfc, 0x68, 0xb3, 0x73,
  0xb0, 0x00, 0xe8, 0x85, 0x06, 0x00, 0x00, 0x83, 0xc4, 0x0c, 0xc7, 0x45,
  0xbc, 0x01, 0x00, 0x00, 0x00, 0xeb, 0x70, 0xe8, 0xc4, 0xef, 0xff, 0xff,
  0x83, 0xf8, 0x00, 0x74, 0x19, 0xff, 0x75, 0xfc, 0x68, 0x94, 0x73, 0xb0,
  0x00, 0xe8, 0x62, 0x06, 0x00, 0x00, 0x83, 0xc4, 0x08, 0xc7, 0x45, 0xbc,
  0x01, 0x00, 0x00, 0x00, 0xeb, 0x4d, 0xff, 0x75, 0xf8, 0xe8, 0xd6, 0xf2,
  0xff, 0xff, 0x83, 0xc4, 0x04, 0x89, 0x45, 0xd8, 0x83, 0x7d, 0xd8, 0x00,
  0x7d, 0x19, 0xff, 0x75, 0xf8, 0x68, 0x7c, 0x73, 0xb0, 0x00, 0xe8, 0x35,
  0x06, 0x00, 0x00, 0x83, 0xc4, 0x08, 0xc7, 0x45, 0xbc, 0x01, 0x00, 0x00,
  0x00, 0xeb, 0x20, 0x8d, 0x45, 0xdf, 0x50, 0xff, 0x75, 0xd8, 0xff, 0x75,
  0xf8, 0xff, 0x75, 0xfc, 0x68, 0x53, 0x73, 0xb0, 0x00, 0xe8, 0x12, 0x06,
  0x00, 0x00, 0x83, 0xc4, 0x14, 0x83, 0x65, 0xbc, 0x00, 0xeb, 0x00, 0x8b,
  0x45, 0xbc, 0xc9, 0xc3, 0xc8, 0x0c, 0x00, 0x00, 0x8b, 0x45, 0x08, 0x0f,
  0xbe, 0x00, 0x83, 0xf8, 0x00, 0x74, 0x24, 0x8b, 0x45, 0x08, 0x0f, 0xbe,
  0x10, 0x8b, 0x45, 0x0c, 0x0f, 0xbe, 0x00, 0x39, 0xc2, 0x75, 0x14, 0x8b,
  0x45, 0x08, 0x89, 0x45, 0xfc, 0xff, 0x45, 0x08, 0x8b, 0x45, 0x0c, 0x89,
  0x45, 0xf8, 0xff, 0x45, 0x0c, 0xeb, 0xd1, 0x8b, 0x45, 0x08, 0x0f, 0xb6,
  0x00, 0x8b, 0x55, 0x0c, 0x0f, 0xb6, 0x12, 0x29, 0xd0, 0x89, 0x45, 0xf4,
  0xeb, 0x00, 0x8b, 0x45, 0xf4, 0xc9, 0xc3, 0x90, 0xc8, 0x10, 0x00, 0x00,
  0x83, 0x7d, 0x10, 0x00, 0x74, 0x4b, 0x8b, 0x45, 0x08, 0x0f, 0xbe, 0x10,
  0x8b, 0x45, 0x0c, 0x0f, 0xbe, 0x00, 0x39, 0xc2, 0x75, 0x0b, 0x8b, 0x45,
  0x08, 0x0f, 0xbe, 0x00, 0x83, 0xf8, 0x00, 0x75, 0x13, 0x8b, 0x45, 0x08,
  0x0f, 0xb6, 0x00, 0x8b, 0x55, 0x0c, 0x0f, 0xb6, 0x12, 0x29, 0xd0, 0x89,
  0x45, 0xf0, 0xeb, 0x23, 0x8b, 0x45, 0x08, 0x89, 0x45, 0xfc, 0xff, 0x45,
  0x08, 0x8b, 0x45, 0x0c, 0x89, 0x45, 0xf8, 0xff, 0x45, 0x0c, 0x8b, 0x45,
  0x10, 0x89, 0x45, 0xf4, 0xff, 0x4d, 0x10, 0xeb, 0xaf, 0x83, 0x65, 0xf0,
  0x00, 0xeb, 0x00, 0x8b, 0x45, 0xf0, 0xc9, 0xc3, 0xc8, 0x0c, 0x00, 0x00,
  0x83, 0x65, 0xfc, 0x00, 0x8b, 0x45, 0x10, 0x39, 0x45, 0xfc, 0x73, 0x29,
  0x8b, 0x45, 0x0c, 0x03, 0x45, 0xfc, 0x0f, 0xbe, 0x00, 0x83, 0xf8, 0x00,
  0x74, 0x1b, 0x8b, 0x45, 0x0c, 0x03, 0x45, 0xfc, 0x8a, 0x00, 0x8b, 0x55,
  0x08, 0x03, 0x55, 0xfc, 0x88, 0x02, 0x8b, 0x45, 0xfc, 0x89, 0x45, 0xf8,
  0xff, 0x45, 0xfc, 0xeb, 0xcf, 0x8b, 0x45, 0x10, 0x39, 0x45, 0xfc, 0x73,
  0x14, 0x8b, 0x45, 0x08, 0x03, 0x45, 0xfc, 0xc6, 0x00, 0x00, 0x8b, 0x45,
  0xfc, 0x89, 0x45, 0xf8, 0xff, 0x45, 0xfc, 0xeb, 0xe4, 0x8b, 0x45, 0x08,
  0x89, 0x45, 0xf4, 0xeb, 0x00, 0x8b, 0x45, 0xf4, 0xc9, 0xc3, 0x66, 0x90,
  0xc8, 0x0c, 0x00, 0x00, 0x83, 0x65, 0xfc, 0x00, 0x8b, 0x45, 0x08, 0x03,
  0x45, 0xfc, 0x0f, 0xbe, 0x00, 0x83, 0xf8, 0x00, 0x74, 0x0b, 0x8b, 0x45,
  0xfc, 0x89, 0x45, 0xf8, 0xff, 0x45, 0xfc, 0xeb, 0xe7, 0x8b, 0x45, 0xfc,
  0x89, 0x45, 0xf4, 0xeb, 0x00, 0x8b, 0x45, 0xf4, 0xc9, 0xc3, 0x66, 0x90,
  0xc8, 0x10, 0x00, 0x00, 0x8b, 0x45, 0x08, 0x89, 0x45, 0xfc, 0x83, 0x65,
  0xf8, 0x00, 0x8b, 0x45, 0x10, 0x39, 0x45, 0xf8, 0x73, 0x16, 0x8b, 0x45,
  0x0c, 0x8b, 0x55, 0xfc, 0x03, 0x55, 0xf8, 0x88, 0x02, 0x8b, 0x45, 0xf8,
  0x89, 0x45, 0xf4, 0xff, 0x45, 0xf8, 0xeb, 0xe2, 0x8b, 0x45, 0x08, 0x89,
  0x45, 0xf0, 0xeb, 0x00, 0x8b, 0x45, 0xf0, 0xc9, 0xc3, 0x8d, 0x76, 0x00,
  0xc8, 0x14, 0x00, 0x00, 0x8b, 0x45, 0x08, 0x89, 0x45, 0xfc, 0x8b, 0x45,
  0x0c, 0x89, 0x45, 0xf8, 0x83, 0x65, 0xf4, 0x00, 0x8b, 0x45, 0x10, 0x39,
  0x45, 0xf4, 0x73, 0x1b, 0x8b, 0x45, 0xf8, 0x03, 0x45, 0xf4, 0x8a, 0x00,
  0x8b, 0x55, 0xfc, 0x03, 0x55, 0xf4, 0x88, 0x02, 0x8b, 0x45, 0xf4, 0x89,
  0x45, 0xf0, 0xff, 0x45, 0xf4, 0xeb, 0xdd, 0x8b, 0x45, 0x08, 0x89, 0x45,
  0xec, 0xeb, 0x00, 0x8b, 0x45, 0xec, 0xc9, 0xc3, 0xc8, 0x10, 0x00, 0x00,
  0x83, 0x65, 0xfc, 0x00, 0x8b, 0x45, 0x0c, 0x0f, 0xbe, 0x00, 0x83, 0xf8,
  0x72, 0x75, 0x09, 0xc7, 0x45, 0xfc, 0x01, 0x00, 0x00, 0x00, 0xeb, 0x26,
  0x8b, 0x45, 0x0c, 0x0f, 0xbe, 0x00, 0x83, 0xf8, 0x77, 0x75, 0x09, 0xc7,
  0x45, 0xfc, 0x02, 0x11, 0x00, 0x00, 0xeb, 0x12, 0x8b, 0x45, 0x0c, 0x0f,
  0xbe, 0x00, 0x83, 0xf8, 0x61, 0x75, 0x07, 0xc7, 0x45, 0xfc, 0x02, 0x21,
  0x00, 0x00, 0x8b, 0x45, 0x0c, 0x0f, 0xbe, 0x40, 0x01, 0x83, 0xf8, 0x2b,
  0x75, 0x0c, 0x8b, 0x45, 0xfc, 0x83, 0xe0, 0xfc, 0x83, 0xc8, 0x04, 0x89,
  0x45, 0xfc, 0x68, 0xa4, 0x01, 0x00, 0x00, 0xff, 0x75, 0xfc, 0xff, 0x75,
  0x08, 0xe8, 0x6e, 0x18, 0x00, 0x00, 0x83, 0xc4, 0x0c, 0x89, 0x45, 0xf8,
  0x83, 0x7d, 0xf8, 0x00, 0x7d, 0x06, 0x83, 0x65, 0xf0, 0x00, 0xeb, 0x60,
  0x6a, 0x1c, 0xe8, 0x69, 0x10, 0x00, 0x00, 0x83, 0xc4, 0x04, 0x89, 0x45,
  0xf4, 0x83, 0x7d, 0xf4, 0x00, 0x75, 0x11, 0xff, 0x75, 0xf8, 0xe8, 0x01,
  0x18, 0x00, 0x00, 0x83, 0xc4, 0x04, 0x83, 0x65, 0xf0, 0x00, 0xeb, 0x3c,
  0x8b, 0x55, 0xf4, 0x8b, 0x45, 0xf8, 0x89, 0x02, 0x8b, 0x55, 0xf4, 0x8b,
  0x45, 0xfc, 0x89, 0x42, 0x04, 0x8b, 0x45, 0xf4, 0x83, 0x60, 0x08, 0x00,
  0x8b, 0x45, 0xf4, 0x83, 0x60, 0x0c, 0x00, 0x8b, 0x45, 0xf4, 0x83, 0x60,
  0x10, 0x00, 0x8b, 0x45, 0xf4, 0x83, 0x60, 0x14, 0x00, 0x8b, 0x45, 0xf4,
  0x83, 0x60, 0x18, 0x00, 0x8b, 0x45, 0xf4, 0x89, 0x45, 0xf0, 0xeb, 0x00,
  0x8b, 0x45, 0xf0, 0xc9, 0xc3, 0x8d, 0x76, 0x00, 0xc8, 0x08, 0x00, 0x00,
  0x83, 0x7d, 0x08, 0x00, 0x75, 0x09, 0xc7, 0x45, 0xf8, 0xff, 0xff, 0xff,
  0xff, 0xeb, 0x63, 0xff, 0x75, 0x08, 0xe8, 0x61, 0x00, 0x00, 0x00, 0x83,
  0xc4, 0x04, 0x8b, 0x45, 0x08, 0x83, 0x78, 0x08, 0x00, 0x74, 0x0e, 0x8b,
  0x45, 0x08, 0xff, 0x70, 0x08, 0xe8, 0x0e, 0x12, 0x00, 0x00, 0x83, 0xc4,
  0x04, 0x8b, 0x55, 0x08, 0xff, 0x32, 0xe8, 0x75, 0x17, 0x00, 0x00, 0x83,
  0xc4, 0x04, 0x89, 0x45, 0xfc, 0xa1, 0x58, 0x80, 0xb0, 0x00, 0x39, 0x45,
  0x08, 0x74, 0x1f, 0xa1, 0x5c, 0x80, 0xb0, 0x00, 0x39, 0x45, 0x08, 0x74,
  0x15, 0xa1, 0x60, 0x80, 0xb0, 0x00, 0x39, 0x45, 0x08, 0x74, 0x0b, 0xff,
  0x75, 0x08, 0xe8, 0xd5, 0x11, 0x00, 0x00, 0x83, 0xc4, 0x04, 0x8b, 0x45,
  0xfc, 0x89, 0x45, 0xf8, 0xeb, 0x00, 0x8b, 0x45, 0xf8, 0xc9, 0xc3, 0x90,
  0xc8, 0x08, 0x00, 0x00, 0x83, 0x7d, 0x08, 0x00, 0x74, 0x12, 0x8b, 0x45,
  0x08, 0x83, 0x78, 0x08, 0x00, 0x74, 0x09, 0x8b, 0x45, 0x08, 0x83, 0x78,
  0x10, 0x00, 0x75, 0x06, 0x83, 0x65, 0xf8, 0x00, 0xeb, 0x42, 0x8b, 0x55,
  0x08, 0xff, 0x72, 0x10, 0x8b, 0x55, 0x08, 0xff, 0x72, 0x08, 0x8b, 0x55,
  0x08, 0xff, 0x32, 0xe8, 0xd8, 0x16, 0x00, 0x00, 0x83, 0xc4, 0x0c, 0x89,
  0x45, 0xfc, 0x83, 0x7d, 0xfc, 0x00, 0x7d, 0x13, 0x8b, 0x45, 0x08, 0xc7,
  0x40, 0x18, 0x01, 0x00, 0x00, 0x00, 0xc7, 0x45, 0xf8, 0xff, 0xff, 0xff,
  0xff, 0xeb, 0x0d, 0x8b, 0x45, 0x08, 0x83, 0x60, 0x10, 0x00, 0x83, 0x65,
  0xf8, 0x00, 0xeb, 0x00, 0x8b, 0x45, 0xf8, 0xc9, 0xc3, 0x8d, 0x76, 0x00,
  0xc8, 0x0c, 0x00, 0x00, 0x83, 0x7d, 0x14, 0x00, 0x74, 0x06, 0x83, 0x7d,
  0x08, 0x00, 0x75, 0x06, 0x83, 0x65, 0xf4, 0x00, 0xeb, 0x55, 0x8b, 0x45,
  0x0c, 0x0f, 0xaf, 0x45, 0x10, 0x89, 0x45, 0xfc, 0xff, 0x75, 0xfc, 0xff,
  0x75, 0x08, 0x8b, 0x55, 0x14, 0xff, 0x32, 0xe8, 0x24, 0x16, 0x00, 0x00,
  0x83, 0xc4, 0x0c, 0x89, 0x45, 0xf8, 0x83, 0x7d, 0xf8, 0x00, 0x7f, 0x22,
  0x83, 0x7d, 0xf8, 0x00, 0x75, 0x0c, 0x8b, 0x45, 0x14, 0xc7, 0x40, 0x14,
  0x01, 0x00, 0x00, 0x00, 0xeb, 0x0a, 0x8b, 0x45, 0x14, 0xc7, 0x40, 0x18,
  0x01, 0x00, 0x00, 0x00, 0x83, 0x65, 0xf4, 0x00, 0xeb, 0x0d, 0x8b, 0x45,
  0xf8, 0x31, 0xd2, 0xf7, 0x75, 0x0c, 0x89, 0x45, 0xf4, 0xeb, 0x00, 0x8b,
  0x45, 0xf4, 0xc9, 0xc3, 0xc8, 0x0c, 0x00, 0x00, 0x83, 0x7d, 0x14, 0x00,
  0x74, 0x06, 0x83, 0x7d, 0x08, 0x00, 0x75, 0x06, 0x83, 0x65, 0xf4, 0x00,
  0xeb, 0x43, 0x8b, 0x45, 0x0c, 0x0f, 0xaf, 0x45, 0x10, 0x89, 0x45, 0xfc,
  0xff, 0x75, 0xfc, 0xff, 0x75, 0x08, 0x8b, 0x55, 0x14, 0xff, 0x32, 0xe8,
  0x04, 0x16, 0x00, 0x00, 0x83, 0xc4, 0x0c, 0x89, 0x45, 0xf8, 0x83, 0x7d,
  0xf8, 0x00, 0x7d, 0x10, 0x8b, 0x45, 0x14, 0xc7, 0x40, 0x18, 0x01, 0x00,
  0x00, 0x00, 0x83, 0x65, 0xf4, 0x00, 0xeb, 0x0d, 0x8b, 0x45, 0xf8, 0x31,
  0xd2, 0xf7, 0x75, 0x0c, 0x89, 0x45, 0xf4, 0xeb, 0x00, 0x8b, 0x45, 0xf4,
  0xc9, 0xc3, 0x66, 0x90, 0xc8, 0x08, 0x00, 0x00, 0xff, 0x75, 0x08, 0x6a,
  0x01, 0x6a, 0x01, 0x8d, 0x55, 0xff, 0x52, 0xe8, 0x1c, 0xff, 0xff, 0xff,
  0x83, 0xc4, 0x10, 0x83, 0xf8, 0x01, 0x74, 0x09, 0xc7, 0x45, 0xf8, 0xff,
  0xff, 0xff, 0xff, 0xeb, 0x09, 0x0f, 0xb6, 0x45, 0xff, 0x89, 0x45, 0xf8,
  0xeb, 0x00, 0x8b, 0x45, 0xf8, 0xc9, 0xc3, 0x90, 0xc8, 0x08, 0x00, 0x00,
  0x8b, 0x45, 0x08, 0x88, 0x45, 0xff, 0xff, 0x75, 0x0c, 0x6a, 0x01, 0x6a,
  0x01, 0x8d, 0x55, 0xff, 0x52, 0xe8, 0x52, 0xff, 0xff, 0xff, 0x83, 0xc4,
  0x10, 0x83, 0xf8, 0x01, 0x74, 0x09, 0xc7, 0x45, 0xf8, 0xff, 0xff, 0xff,
  0xff, 0xeb, 0x08, 0x8b, 0x45, 0x08, 0x89, 0x45, 0xf8, 0xeb, 0x00, 0x8b,
  0x45, 0xf8, 0xc9, 0xc3, 0xc8, 0x10, 0x00, 0x00, 0x83, 0x7d, 0x08, 0x00,
  0x74, 0x0c, 0x83, 0x7d, 0x0c, 0x00, 0x7e, 0x06, 0x83, 0x7d, 0x10, 0x00,
  0x75, 0x06, 0x83, 0x65, 0xf0, 0x00, 0xeb, 0x5e, 0x83, 0x65, 0xfc, 0x00,
  0x8b, 0x45, 0x0c, 0x48, 0x39, 0x45, 0xfc, 0x7d, 0x40, 0xff, 0x75, 0x10,
  0xe8, 0x63, 0xff, 0xff, 0xff, 0x83, 0xc4, 0x04, 0x89, 0x45, 0xf8, 0x83,
  0x7d, 0xf8, 0x00, 0x7d, 0x0e, 0x83, 0x7d, 0xfc, 0x00, 0x75, 0x06, 0x83,
  0x65, 0xf0, 0x00, 0xeb, 0x31, 0xeb, 0x1e, 0x8b, 0x45, 0xfc, 0x89, 0x45,
  0xf4, 0xff, 0x45, 0xfc, 0x8b, 0x45, 0xf8, 0x8b, 0x55, 0x08, 0x03, 0x55,
  0xf4, 0x88, 0x02, 0x83, 0x7d, 0xf8, 0x0a, 0x75, 0x02, 0xeb, 0x02, 0xeb,
  0xb7, 0x8b, 0x45, 0x08, 0x03, 0x45, 0xfc, 0xc6, 0x00, 0x00, 0x8b, 0x45,
  0x08, 0x89, 0x45, 0xf0, 0xeb, 0x00, 0x8b, 0x45, 0xf0, 0xc9, 0xc3, 0x90,
  0xc8, 0x08, 0x00, 0x00, 0xff, 0x75, 0x08, 0xe8, 0x00, 0x07, 0x00, 0x00,
  0x83, 0xc4, 0x04, 0x89, 0x45, 0xfc, 0xff, 0x75, 0x0c, 0xff, 0x75, 0xfc,
  0x6a, 0x01, 0xff, 0x75, 0x08, 0xe8, 0x92, 0xfe, 0xff, 0xff, 0x83, 0xc4,
  0x10, 0x8b, 0x55, 0xfc, 0x39, 0xd0, 0x74, 0x09, 0xc7, 0x45, 0xf8, 0xff,
  0xff, 0xff, 0xff, 0xeb, 0x06, 0x83, 0x65, 0xf8, 0x00, 0xeb, 0x00, 0x8b,
  0x45, 0xf8, 0xc9, 0xc3, 0xc8, 0x04, 0x00, 0x00, 0xff, 0x35, 0x58, 0x80,
  0xb0, 0x00, 0xe8, 0xc5, 0xfe, 0xff, 0xff, 0x83, 0xc4, 0x04, 0x89, 0x45,
  0xfc, 0xeb, 0x00, 0x8b, 0x45, 0xfc, 0xc9, 0xc3, 0xc8, 0x04, 0x00, 0x00,
  0xff, 0x35, 0x5c, 0x80, 0xb0, 0x00, 0xff, 0x75, 0x08, 0xe8, 0xda, 0xfe,
  0xff, 0xff, 0x83, 0xc4, 0x08, 0x89, 0x45, 0xfc, 0xeb, 0x00, 0x8b, 0x45,
  0xfc, 0xc9, 0xc3, 0x90, 0xc8, 0x04, 0x00, 0x00, 0xff, 0x35, 0x5c, 0x80,
  0xb0, 0x00, 0xff, 0x75, 0x08, 0xe8, 0x72, 0xff, 0xff, 0xff, 0x83, 0xc4,
  0x08, 0x83, 0xf8, 0x00, 0x7d, 0x09, 0xc7, 0x45, 0xfc, 0xff, 0xff, 0xff,
  0xff, 0xeb, 0x15, 0xff, 0x35, 0x5c, 0x80, 0xb0, 0x00, 0x6a, 0x0a, 0xe8,
  0x9c, 0xfe, 0xff, 0xff, 0x83, 0xc4, 0x08, 0x89, 0x45, 0xfc, 0xeb, 0x00,
  0x8b, 0x45, 0xfc, 0xc9, 0xc3, 0x8d, 0x76, 0x00, 0xc8, 0x0c, 0x00, 0x00,
  0x8d, 0x45, 0x0c, 0x89, 0x45, 0xfc, 0xff, 0x75, 0xfc, 0xff, 0x75, 0x08,
  0xff, 0x35, 0x5c, 0x80, 0xb0, 0x00, 0xe8, 0xd1, 0x02, 0x00, 0x00, 0x83,
  0xc4, 0x0c, 0x89, 0x45, 0xf8, 0x83, 0x65, 0xfc, 0x00, 0x8b, 0x45, 0xf8,
  0x89, 0x45, 0xf4, 0xeb, 0x00, 0x8b, 0x45, 0xf4, 0xc9, 0xc3, 0x66, 0x90,
  0xc8, 0x0c, 0x00, 0x00, 0x8d, 0x45, 0x10, 0x89, 0x45, 0xfc, 0xff, 0x75,
  0xfc, 0xff, 0x75, 0x0c, 0xff, 0x75, 0x08, 0xe8, 0xa0, 0x02, 0x00, 0x00,
  0x83, 0xc4, 0x0c, 0x89, 0x45, 0xf8, 0x83, 0x65, 0xfc, 0x00, 0x8b, 0x45,
  0xf8, 0x89, 0x45, 0xf4, 0xeb, 0x00, 0x8b, 0x45, 0xf4, 0xc9, 0xc3, 0x90,
  0xc8, 0x0c, 0x00, 0x00, 0x8d, 0x45, 0x10, 0x89, 0x45, 0xfc, 0xff, 0x75,
  0xfc, 0xff, 0x75, 0x0c, 0xff, 0x75, 0x08, 0xe8, 0xd0, 0x02, 0x00, 0x00,
  0x83, 0xc4, 0x0c, 0x89, 0x45, 0xf8, 0x83, 0x65, 0xfc, 0x00, 0x8b, 0x45,
  0xf8, 0x89, 0x45, 0xf4, 0xeb, 0x00, 0x8b, 0x45, 0xf4, 0xc9, 0xc3, 0x90,
  0xc8, 0x0c, 0x00, 0x00, 0x8d, 0x45, 0x14, 0x89, 0x45, 0xfc, 0xff, 0x75,
  0xfc, 0xff, 0x75, 0x10, 0xff, 0x75, 0x0c, 0xff, 0x75, 0x08, 0xe8, 0x19,
  0x00, 0x00, 0x00, 0x83, 0xc4, 0x10, 0x89, 0x45, 0xf8, 0x83, 0x65, 0xfc,
  0x00, 0x8b, 0x45, 0xf8, 0x89, 0x45, 0xf4, 0xeb, 0x00, 0x8b, 0x45, 0xf4,
  0xc9, 0xc3, 0x66, 0x90, 0xc8, 0x3c, 0x00, 0x00, 0x83, 0x7d, 0x08, 0x00,
  0x74, 0x06, 0x83, 0x7d, 0x0c, 0x00, 0x75, 0x09, 0x83, 0x65, 0xc4, 0x00,
  0xe9, 0x03, 0x02, 0x00, 0x00, 0x83, 0x65, 0xfc, 0x00, 0x8b, 0x45, 0x10,
  0x0f, 0xbe, 0x00, 0x83, 0xf8, 0x00, 0x0f, 0x84, 0xdf, 0x01, 0x00, 0x00,
  0x8b, 0x45, 0x0c, 0x48, 0x39, 0x45, 0xfc, 0x0f, 0x83, 0xd2, 0x01, 0x00,
  0x00, 0x8b, 0x45, 0x10, 0x0f, 0xbe, 0x00, 0x83, 0xf8, 0x25, 0x0f, 0x85,
  0x9f, 0x01, 0x00, 0x00, 0x8b, 0x45, 0x10, 0x89, 0x45, 0xf8, 0xff, 0x45,
  0x10, 0x8b, 0x45, 0x10, 0x0f, 0xbe, 0x00, 0x83, 0xf8, 0x64, 0x0f, 0x85,
  0xbf, 0x00, 0x00, 0x00, 0x8b, 0x45, 0x14, 0x83, 0xc0, 0x04, 0x89, 0x45,
  0x14, 0x8b, 0x40, 0xfc, 0x89, 0x45, 0xf4, 0x83, 0x65, 0xd0, 0x00, 0x83,
  0x7d, 0xf4, 0x00, 0x7d, 0x23, 0x8b, 0x45, 0x0c, 0x48, 0x39, 0x45, 0xfc,
  0x73, 0x12, 0x8b, 0x45, 0xfc, 0x89, 0x45, 0xcc, 0xff, 0x45, 0xfc, 0x8b,
  0x45, 0x08, 0x03, 0x45, 0xcc, 0xc6, 0x00, 0x2d, 0x8b, 0x45, 0xf4, 0xf7,
  0xd8, 0x89, 0x45, 0xf4, 0x8b, 0x45, 0xd0, 0x89, 0x45, 0xcc, 0xff, 0x45,
  0xd0, 0x8b, 0x45, 0xf4, 0xb9, 0x0a, 0x00, 0x00, 0x00, 0x99, 0xf7, 0xf9,
  0x83, 0xc2, 0x30, 0x88, 0xd0, 0x8d, 0x55, 0xd4, 0x03, 0x55, 0xcc, 0x88,
  0x02, 0x8b, 0x45, 0xf4, 0xb9, 0x0a, 0x00, 0x00, 0x00, 0x99, 0xf7, 0xf9,
  0x89, 0x45, 0xf4, 0x83, 0x7d, 0xf4, 0x00, 0x7e, 0x0f, 0x83, 0x7d, 0xd0,
  0x1f, 0x7d, 0x09, 0xc7, 0x45, 0xcc, 0x01, 0x00, 0x00, 0x00, 0xeb, 0x04,
  0x83, 0x65, 0xcc, 0x00, 0x83, 0x7d, 0xcc, 0x00, 0x75, 0xb2, 0x83, 0x7d,
  0xd0, 0x00, 0x7e, 0x2a, 0x8b, 0x45, 0x0c, 0x48, 0x39, 0x45, 0xfc, 0x73,
  0x21, 0x8b, 0x45, 0xfc, 0x89, 0x45, 0xc8, 0xff, 0x45, 0xfc, 0x8d, 0x45,
  0xd4, 0x8b, 0x55, 0xd0, 0x4a, 0x89, 0x55, 0xd0, 0x01, 0xd0, 0x8a, 0x00,
  0x8b, 0x55, 0x08, 0x03, 0x55, 0xc8, 0x88, 0x02, 0xeb, 0xd0, 0xe9, 0xbd,
  0x00, 0x00, 0x00, 0x8b, 0x45, 0x10, 0x0f, 0xbe, 0x00, 0x83, 0xf8, 0x73,
  0x75, 0x53, 0x8b, 0x45, 0x14, 0x83, 0xc0, 0x04, 0x89, 0x45, 0x14, 0x8b,
  0x40, 0xfc, 0x89, 0x45, 0xf4, 0x83, 0x7d, 0xf4, 0x00, 0x75, 0x07, 0xc7,
  0x45, 0xf4, 0xae, 0x76, 0xb0, 0x00, 0x8b, 0x45, 0xf4, 0x0f, 0xbe, 0x00,
  0x83, 0xf8, 0x00, 0x74, 0x2a, 0x8b, 0x45, 0x0c, 0x48, 0x39, 0x45, 0xfc,
  0x73, 0x21, 0x8b, 0x45, 0xfc, 0x89, 0x45, 0xf0, 0xff, 0x45, 0xfc, 0x8b,
  0x45, 0xf4, 0x89, 0x45, 0xec, 0xff, 0x45, 0xf4, 0x8b, 0x45, 0xec, 0x8a,
  0x00, 0x8b, 0x55, 0x08, 0x03, 0x55, 0xf0, 0x88, 0x02, 0xeb, 0xcb, 0xeb,
  0x5f, 0x8b, 0x45, 0x10, 0x0f, 0xbe, 0x00, 0x83, 0xf8, 0x63, 0x75, 0x2e,
  0x8b, 0x45, 0x14, 0x83, 0xc0, 0x04, 0x89, 0x45, 0x14, 0x8b, 0x40, 0xfc,
  0x89, 0x45, 0xf4, 0x8b, 0x45, 0x0c, 0x48, 0x39, 0x45, 0xfc, 0x73, 0x14,
  0x8b, 0x45, 0xfc, 0x89, 0x45, 0xf0, 0xff, 0x45, 0xfc, 0x8b, 0x45, 0xf4,
  0x8b, 0x55, 0x08, 0x03, 0x55, 0xf0, 0x88, 0x02, 0xeb, 0x26, 0x8b, 0x45,
  0x10, 0x0f, 0xbe, 0x00, 0x83, 0xf8, 0x25, 0x75, 0x1b, 0x8b, 0x45, 0x0c,
  0x48, 0x39, 0x45, 0xfc, 0x73, 0x12, 0x8b, 0x45, 0xfc, 0x89, 0x45, 0xf4,
  0xff, 0x45, 0xfc, 0x8b, 0x45, 0x08, 0x03, 0x45, 0xf4, 0xc6, 0x00, 0x25,
  0x8b, 0x45, 0x10, 0x89, 0x45, 0xf4, 0xff, 0x45, 0x10, 0xeb, 0x1f, 0x8b,
  0x45, 0xfc, 0x89, 0x45, 0xf8, 0xff, 0x45, 0xfc, 0x8b, 0x45, 0x10, 0x89,
  0x45, 0xf4, 0xff, 0x45, 0x10, 0x8b, 0x45, 0xf4, 0x8a, 0x00, 0x8b, 0x55,
  0x08, 0x03, 0x55, 0xf8, 0x88, 0x02, 0xe9, 0x12, 0xfe, 0xff, 0xff, 0x8b,
  0x45, 0x08, 0x03, 0x45, 0xfc, 0xc6, 0x00, 0x00, 0x8b, 0x45, 0xfc, 0x89,
  0x45, 0xc4, 0xeb, 0x00, 0x8b, 0x45, 0xc4, 0xc9, 0xc3, 0x8d, 0x76, 0x00,
  0xc8, 0x08, 0x04, 0x00, 0xff, 0x75, 0x10, 0xff, 0x75, 0x0c, 0x68, 0x00,
  0x04, 0x00, 0x00, 0x8d, 0x95, 0x00, 0xfc, 0xff, 0xff, 0x52, 0xe8, 0xc1,
  0xfd, 0xff, 0xff, 0x83, 0xc4, 0x10, 0x89, 0x85, 0xfc, 0xfb, 0xff, 0xff,
  0x83, 0xbd, 0xfc, 0xfb, 0xff, 0xff, 0x00, 0x7e, 0x1a, 0xff, 0x75, 0x08,
  0xff, 0xb5, 0xfc, 0xfb, 0xff, 0xff, 0x6a, 0x01, 0x8d, 0x85, 0x00, 0xfc,
  0xff, 0xff, 0x50, 0xe8, 0xc8, 0xfa, 0xff, 0xff, 0x83, 0xc4, 0x10, 0x8b,
  0x85, 0xfc, 0xfb, 0xff, 0xff, 0x89, 0x85, 0xf8, 0xfb, 0xff, 0xff, 0xeb,
  0x00, 0x8b, 0x85, 0xf8, 0xfb, 0xff, 0xff, 0xc9, 0xc3, 0x8d, 0x76, 0x00,
  0xc8, 0x04, 0x00, 0x00, 0xff, 0x75, 0x10, 0xff, 0x75, 0x0c, 0x68, 0x00,
  0x10, 0x00, 0x00, 0xff, 0x75, 0x08, 0xe8, 0x65, 0xfd, 0xff, 0xff, 0x83,
  0xc4, 0x10, 0x89, 0x45, 0xfc, 0xeb, 0x00, 0x8b, 0x45, 0xfc, 0xc9, 0xc3,
  0xc8, 0x08, 0x00, 0x00, 0x83, 0x7d, 0x08, 0x00, 0x75, 0x09, 0xc7, 0x45,
  0xf8, 0xff, 0xff, 0xff, 0xff, 0xeb, 0x32, 0xff, 0x75, 0x10, 0xff, 0x75,
  0x0c, 0x8b, 0x55, 0x08, 0xff, 0x32, 0xe8, 0x49, 0x11, 0x00, 0x00, 0x83,
  0xc4, 0x0c, 0x89, 0x45, 0xfc, 0x83, 0x7d, 0xfc, 0x00, 0x7d, 0x09, 0xc7,
  0x45, 0xf8, 0xff, 0xff, 0xff, 0xff, 0xeb, 0x0d, 0x8b, 0x45, 0x08, 0x83,
  0x60, 0x14, 0x00, 0x83, 0x65, 0xf8, 0x00, 0xeb, 0x00, 0x8b, 0x45, 0xf8,
  0xc9, 0xc3, 0x66, 0x90, 0xc8, 0x04, 0x00, 0x00, 0x83, 0x7d, 0x08, 0x00,
  0x75, 0x09, 0xc7, 0x45, 0xfc, 0xff, 0xff, 0xff, 0xff, 0xeb, 0x16, 0x6a,
  0x01, 0x6a, 0x00, 0x8b, 0x55, 0x08, 0xff, 0x32, 0xe8, 0xff, 0x10, 0x00,
  0x00, 0x83, 0xc4, 0x0c, 0x89, 0x45, 0xfc, 0xeb, 0x00, 0x8b, 0x45, 0xfc,
  0xc9, 0xc3, 0x66, 0x90, 0x55, 0x89, 0xe5, 0x6a, 0x00, 0x6a, 0x00, 0xff,
  0x75, 0x08, 0xe8, 0x75, 0xff, 0xff, 0xff, 0x83, 0xc4, 0x0c, 0x8b, 0x45,
  0x08, 0x83, 0x60, 0x14, 0x00, 0xc9, 0xc3, 0x90, 0xc8, 0x08, 0x00, 0x00,
  0x83, 0x7d, 0x08, 0x00, 0x74, 0x0b, 0x8b, 0x45, 0x08, 0x8b, 0x40, 0x14,
  0x89, 0x45, 0xfc, 0xeb, 0x04, 0x83, 0x65, 0xfc, 0x00, 0x8b, 0x45, 0xfc,
  0x89, 0x45, 0xf8, 0xeb, 0x00, 0x8b, 0x45, 0xf8, 0xc9, 0xc3, 0x66, 0x90,
  0xc8, 0x08, 0x00, 0x00, 0x83, 0x7d, 0x08, 0x00, 0x74, 0x0b, 0x8b, 0x45,
  0x08, 0x8b, 0x40, 0x18, 0x89, 0x45, 0xfc, 0xeb, 0x04, 0x83, 0x65, 0xfc,
  0x00, 0x8b, 0x45, 0xfc, 0x89, 0x45, 0xf8, 0xeb, 0x00, 0x8b, 0x45, 0xf8,
  0xc9, 0xc3, 0x66, 0x90, 0x55, 0x89, 0xe5, 0x83, 0x7d, 0x08, 0x00, 0x74,
  0x0e, 0x8b, 0x45, 0x08, 0x83, 0x60, 0x14, 0x00, 0x8b, 0x45, 0x08, 0x83,
  0x60, 0x18, 0x00, 0xc9, 0xc3, 0x8d, 0x76, 0x00, 0xc8, 0x04, 0x00, 0x00,
  0xff, 0x75, 0x08, 0xe8, 0x48, 0x12, 0x00, 0x00, 0x83, 0xc4, 0x04, 0x89,
  0x45, 0xfc, 0xeb, 0x00, 0x8b, 0x45, 0xfc, 0xc9, 0xc3, 0x8d, 0x76, 0x00,
  0xc8, 0x04, 0x00, 0x00, 0xc7, 0x45, 0xfc, 0xff, 0xff, 0xff, 0xff, 0xeb,
  0x00, 0x8b, 0x45, 0xfc, 0xc9, 0xc3, 0x66, 0x90, 0xc8, 0x14, 0x00, 0x00,
  0x8b, 0x45, 0x08, 0x89, 0x45, 0xfc, 0x8b, 0x45, 0x0c, 0x89, 0x45, 0xf8,
  0x83, 0x65, 0xf4, 0x00, 0x8b, 0x45, 0x10, 0x39, 0x45, 0xf4, 0x73, 0x1b,
  0x8b, 0x45, 0xf8, 0x03, 0x45, 0xf4, 0x8a, 0x00, 0x8b, 0x55, 0xfc, 0x03,
  0x55, 0xf4, 0x88, 0x02, 0x8b, 0x45, 0xf4, 0x89, 0x45, 0xf0, 0xff, 0x45,
  0xf4, 0xeb, 0xdd, 0x8b, 0x45, 0x08, 0x89, 0x45, 0xec, 0xeb, 0x00, 0x8b,
  0x45, 0xec, 0xc9, 0xc3, 0xc8, 0x14, 0x00, 0x00, 0x8b, 0x45, 0x08, 0x89,
  0x45, 0xfc, 0x8b, 0x45, 0x0c, 0x89, 0x45, 0xf8, 0x8b, 0x45, 0xf8, 0x39,
  0x45, 0xfc, 0x73, 0x29, 0x83, 0x65, 0xf4, 0x00, 0x8b, 0x45, 0x10, 0x39,
  0x45, 0xf4, 0x73, 0x1b, 0x8b, 0x45, 0xf8, 0x03, 0x45, 0xf4, 0x8a, 0x00,
  0x8b, 0x55, 0xfc, 0x03, 0x55, 0xf4, 0x88, 0x02, 0x8b, 0x45, 0xf4, 0x89,
  0x45, 0xf0, 0xff, 0x45, 0xf4, 0xeb, 0xdd, 0xeb, 0x2d, 0x8b, 0x45, 0x10,
  0x89, 0x45, 0xf4, 0x83, 0x7d, 0xf4, 0x00, 0x74, 0x21, 0x8b, 0x45, 0xf8,
  0x8b, 0x55, 0xf4, 0x4a, 0x01, 0xd0, 0x8a, 0x00, 0x8b, 0x55, 0xfc, 0x8b,
  0x4d, 0xf4, 0x49, 0x01, 0xca, 0x88, 0x02, 0x8b, 0x45, 0xf4, 0x89, 0x45,
  0xf0, 0xff, 0x4d, 0xf4, 0xeb, 0xd9, 0x8b, 0x45, 0x08, 0x89, 0x45, 0xec,
  0xeb, 0x00, 0x8b, 0x45, 0xec, 0xc9, 0xc3, 0x90, 0xc8, 0x10, 0x00, 0x00,
  0x8b, 0x45, 0x08, 0x89, 0x45, 0xfc, 0x83, 0x65, 0xf8, 0x00, 0x8b, 0x45,
  0x10, 0x39, 0x45, 0xf8, 0x73, 0x16, 0x8b, 0x45, 0x0c, 0x8b, 0x55, 0xfc,
  0x03, 0x55, 0xf8, 0x88, 0x02, 0x8b, 0x45, 0xf8, 0x89, 0x45, 0xf4, 0xff,
  0x45, 0xf8, 0xeb, 0xe2, 0x8b, 0x45, 0x08, 0x89, 0x45, 0xf0, 0xeb, 0x00,
  0x8b, 0x45, 0xf0, 0xc9, 0xc3, 0x8d, 0x76, 0x00, 0xc8, 0x14, 0x00, 0x00,
  0x8b, 0x45, 0x08, 0x89, 0x45, 0xfc, 0x8b, 0x45, 0x0c, 0x89, 0x45, 0xf8,
  0x83, 0x65, 0xf4, 0x00, 0x8b, 0x45, 0x10, 0x39, 0x45, 0xf4, 0x73, 0x3a,
  0x8b, 0x45, 0xfc, 0x03, 0x45, 0xf4, 0x0f, 0xb6, 0x10, 0x8b, 0x45, 0xf8,
  0x03, 0x45, 0xf4, 0x0f, 0xb6, 0x00, 0x39, 0xc2, 0x74, 0x19, 0x8b, 0x45,
  0xfc, 0x03, 0x45, 0xf4, 0x0f, 0xb6, 0x00, 0x8b, 0x55, 0xf8, 0x03, 0x55,
  0xf4, 0x0f, 0xb6, 0x12, 0x29, 0xd0, 0x89, 0x45, 0xec, 0xeb, 0x11, 0x8b,
  0x45, 0xf4, 0x89, 0x45, 0xf0, 0xff, 0x45, 0xf4, 0xeb, 0xbe, 0x83, 0x65,
  0xec, 0x00, 0xeb, 0x00, 0x8b, 0x45, 0xec, 0xc9, 0xc3, 0x8d, 0x76, 0x00,
  0xc8, 0x10, 0x00, 0x00, 0x8b, 0x45, 0x08, 0x89, 0x45, 0xfc, 0x83, 0x65,
  0xf8, 0x00, 0x8b, 0x45, 0x10, 0x39, 0x45, 0xf8, 0x73, 0x29, 0x8b, 0x45,
  0x0c, 0x0f, 0xb6, 0xd0, 0x8b, 0x45, 0xfc, 0x03, 0x45, 0xf8, 0x0f, 0xb6,
  0x00, 0x39, 0xd0, 0x75, 0x0b, 0x8b, 0x45, 0xfc, 0x03, 0x45, 0xf8, 0x89,
  0x45, 0xf0, 0xeb, 0x11, 0x8b, 0x45, 0xf8, 0x89, 0x45, 0xf4, 0xff, 0x45,
  0xf8, 0xeb, 0xcf, 0x83, 0x65, 0xf0, 0x00, 0xeb, 0x00, 0x8b, 0x45, 0xf0,
  0xc9, 0xc3, 0x66, 0x90, 0xc8, 0x10, 0x00, 0x00, 0x83, 0x65, 0xfc, 0x00,
  0x8b, 0x45, 0x08, 0x89, 0x45, 0xf8, 0xff, 0x45, 0x08, 0x8b, 0x45, 0xf8,
  0x0f, 0xbe, 0x00, 0x83, 0xf8, 0x00, 0x74, 0x0b, 0x8b, 0x45, 0xfc, 0x89,
  0x45, 0xf4, 0xff, 0x45, 0xfc, 0xeb, 0xe1, 0x8b, 0x45, 0xfc, 0x89, 0x45,
  0xf0, 0xeb, 0x00, 0x8b, 0x45, 0xf0, 0xc9, 0xc3, 0xc8, 0x10, 0x00, 0x00,
  0x8b, 0x45, 0x08, 0x89, 0x45, 0xfc, 0x8b, 0x45, 0xfc, 0x89, 0x45, 0xf8,
  0xff, 0x45, 0xfc, 0x8b, 0x45, 0x0c, 0x89, 0x45, 0xf4, 0xff, 0x45, 0x0c,
  0x8b, 0x45, 0xf4, 0x8a, 0x00, 0x8b, 0x55, 0xf8, 0x88, 0x02, 0x0f, 0xbe,
  0xc0, 0x83, 0xf8, 0x00, 0x74, 0x02, 0xeb, 0xda, 0x8b, 0x45, 0x08, 0x89,
  0x45, 0xf0, 0xeb, 0x00, 0x8b, 0x45, 0xf0, 0xc9, 0xc3, 0x8d, 0x76, 0x00,
  0xc8, 0x10, 0x00, 0x00, 0x83, 0x65, 0xfc, 0x00, 0x8b, 0x45, 0x10, 0x39,
  0x45, 0xfc, 0x73, 0x29, 0x8b, 0x45, 0x0c, 0x03, 0x45, 0xfc, 0x0f, 0xbe,
  0x00, 0x83, 0xf8, 0x00, 0x74, 0x1b, 0x8b, 0x45, 0x0c, 0x03, 0x45, 0xfc,
  0x8a, 0x00, 0x8b, 0x55, 0x08, 0x03, 0x55, 0xfc, 0x88, 0x02, 0x8b, 0x45,
  0xfc, 0x89, 0x45, 0xf8, 0xff, 0x45, 0xfc, 0xeb, 0xcf, 0x8b, 0x45, 0x10,
  0x39, 0x45, 0xfc, 0x73, 0x14, 0x8b, 0x45, 0x08, 0x03, 0x45, 0xfc, 0xc6,
  0x00, 0x00, 0x8b, 0x45, 0xfc, 0x89, 0x45, 0xf4, 0xff, 0x45, 0xfc, 0xeb,
  0xe4, 0x8b, 0x45, 0x08, 0x89, 0x45, 0xf0, 0xeb, 0x00, 0x8b, 0x45, 0xf0,
  0xc9, 0xc3, 0x66, 0x90, 0xc8, 0x14, 0x00, 0x00, 0x8b, 0x45, 0x08, 0x89,
  0x45, 0xfc, 0x8b, 0x45, 0xfc, 0x0f, 0xbe, 0x00, 0x83, 0xf8, 0x00, 0x74,
  0x0b, 0x8b, 0x45, 0xfc, 0x89, 0x45, 0xf8, 0xff, 0x45, 0xfc, 0xeb, 0xea,
  0x8b, 0x45, 0xfc, 0x89, 0x45, 0xf4, 0xff, 0x45, 0xfc, 0x8b, 0x45, 0x0c,
  0x89, 0x45, 0xf0, 0xff, 0x45, 0x0c, 0x8b, 0x45, 0xf0, 0x8a, 0x00, 0x8b,
  0x55, 0xf4, 0x88, 0x02, 0x0f, 0xbe, 0xc0, 0x83, 0xf8, 0x00, 0x74, 0x02,
  0xeb, 0xda, 0x8b, 0x45, 0x08, 0x89, 0x45, 0xec, 0xeb, 0x00, 0x8b, 0x45,
  0xec, 0xc9, 0xc3, 0x90, 0xc8, 0x18, 0x00, 0x00, 0x8b, 0x45, 0x08, 0x89,
  0x45, 0xfc, 0x8b, 0x45, 0xfc, 0x0f, 0xbe, 0x00, 0x83, 0xf8, 0x00, 0x74,
  0x0b, 0x8b, 0x45, 0xfc, 0x89, 0x45, 0xf8, 0xff, 0x45, 0xfc, 0xeb, 0xea,
  0x83, 0x65, 0xf4, 0x00, 0x8b, 0x45, 0x10, 0x39, 0x45, 0xf4, 0x73, 0x2f,
  0x8b, 0x45, 0x0c, 0x03, 0x45, 0xf4, 0x0f, 0xbe, 0x00, 0x83, 0xf8, 0x00,
  0x74, 0x21, 0x8b, 0x45, 0xfc, 0x89, 0x45, 0xec, 0xff, 0x45, 0xfc, 0x8b,
  0x45, 0x0c, 0x03, 0x45, 0xf4, 0x8a, 0x00, 0x8b, 0x55, 0xec, 0x88, 0x02,
  0x8b, 0x45, 0xf4, 0x89, 0x45, 0xf0, 0xff, 0x45, 0xf4, 0xeb, 0xc9, 0x8b,
  0x45, 0xfc, 0xc6, 0x00, 0x00, 0x8b, 0x45, 0x08, 0x89, 0x45, 0xe8, 0xeb,
  0x00, 0x8b, 0x45, 0xe8, 0xc9, 0xc3, 0x66, 0x90, 0xc8, 0x0c, 0x00, 0x00,
  0x8b, 0x45, 0x08, 0x0f, 0xbe, 0x00, 0x83, 0xf8, 0x00, 0x74, 0x24, 0x8b,
  0x45, 0x08, 0x0f, 0xbe, 0x10, 0x8b, 0x45, 0x0c, 0x0f, 0xbe, 0x00, 0x39,
  0xc2, 0x75, 0x14, 0x8b, 0x45, 0x08, 0x89, 0x45, 0xfc, 0xff, 0x45, 0x08,
  0x8b, 0x45, 0x0c, 0x89, 0x45, 0xf8, 0xff, 0x45, 0x0c, 0xeb, 0xd1, 0x8b,
  0x45, 0x08, 0x0f, 0xb6, 0x00, 0x8b, 0x55, 0x0c, 0x0f, 0xb6, 0x12, 0x29,
  0xd0, 0x89, 0x45, 0xf4, 0xeb, 0x00, 0x8b, 0x45, 0xf4, 0xc9, 0xc3, 0x90,
  0xc8, 0x0c, 0x00, 0x00, 0x83, 0x65, 0xfc, 0x00, 0x8b, 0x45, 0x10, 0x39,
  0x45, 0xfc, 0x73, 0x4e, 0x8b, 0x45, 0x08, 0x03, 0x45, 0xfc, 0x0f, 0xbe,
  0x10, 0x8b, 0x45, 0x0c, 0x03, 0x45, 0xfc, 0x0f, 0xbe, 0x00, 0x39, 0xc2,
  0x74, 0x19, 0x8b, 0x45, 0x08, 0x03, 0x45, 0xfc, 0x0f, 0xb6, 0x00, 0x8b,
  0x55, 0x0c, 0x03, 0x55, 0xfc, 0x0f, 0xb6, 0x12, 0x29, 0xd0, 0x89, 0x45,
  0xf4, 0xeb, 0x25, 0x8b, 0x45, 0x08, 0x03, 0x45, 0xfc, 0x0f, 0xbe, 0x00,
  0x83, 0xf8, 0x00, 0x75, 0x06, 0x83, 0x65, 0xf4, 0x00, 0xeb, 0x11, 0x8b,
  0x45, 0xfc, 0x89, 0x45, 0xf8, 0xff, 0x45, 0xfc, 0xeb, 0xaa, 0x83, 0x65,
  0xf4, 0x00, 0xeb, 0x00, 0x8b, 0x45, 0xf4, 0xc9, 0xc3, 0x8d, 0x76, 0x00,
  0xc8, 0x04, 0x00, 0x00, 0xff, 0x75, 0x0c, 0xff, 0x75, 0x08, 0xe8, 0x39,
  0xff, 0xff, 0xff, 0x83, 0xc4, 0x08, 0x89, 0x45, 0xfc, 0xeb, 0x00, 0x8b,
  0x45, 0xfc, 0xc9, 0xc3, 0xc8, 0x08, 0x00, 0x00, 0xff, 0x75, 0x0c, 0xe8,
  0x84, 0xfd, 0xff, 0xff, 0x83, 0xc4, 0x04, 0x89, 0x45, 0xfc, 0x83, 0x7d,
  0x10, 0x00, 0x74, 0x1f, 0x8b, 0x45, 0x10, 0x48, 0x50, 0xff, 0x75, 0x0c,
  0xff, 0x75, 0x08, 0xe8, 0xdc, 0xfd, 0xff, 0xff, 0x83, 0xc4, 0x0c, 0x8b,
  0x45, 0x08, 0x8b, 0x55, 0x10, 0x4a, 0x01, 0xd0, 0xc6, 0x00, 0x00, 0x8b,
  0x45, 0xfc, 0x89, 0x45, 0xf8, 0xeb, 0x00, 0x8b, 0x45, 0xf8, 0xc9, 0xc3,
  0xc8, 0x08, 0x00, 0x00, 0x8b, 0x45, 0x08, 0x0f, 0xbe, 0x00, 0x83, 0xf8,
  0x00, 0x74, 0x23, 0x8b, 0x45, 0x0c, 0x0f, 0xbe, 0xc0, 0x8b, 0x55, 0x08,
  0x0f, 0xbe, 0x12, 0x39, 0xc2, 0x75, 0x08, 0x8b, 0x45, 0x08, 0x89, 0x45,
  0xf8, 0xeb, 0x25, 0x8b, 0x45, 0x08, 0x89, 0x45, 0xfc, 0xff, 0x45, 0x08,
  0xeb, 0xd2, 0x83, 0x7d, 0x0c, 0x00, 0x75, 0x08, 0x8b, 0x45, 0x08, 0x89,
  0x45, 0xfc, 0xeb, 0x04, 0x83, 0x65, 0xfc, 0x00, 0x8b, 0x45, 0xfc, 0x89,
  0x45, 0xf8, 0xeb, 0x00, 0x8b, 0x45, 0xf8, 0xc9, 0xc3, 0x8d, 0x76, 0x00,
  0xc8, 0x0c, 0x00, 0x00, 0x83, 0x65, 0xfc, 0x00, 0x8b, 0x45, 0x08, 0x0f,
  0xbe, 0x00, 0x83, 0xf8, 0x00, 0x74, 0x21, 0x8b, 0x45, 0x0c, 0x0f, 0xbe,
  0xc0, 0x8b, 0x55, 0x08, 0x0f, 0xbe, 0x12, 0x39, 0xc2, 0x75, 0x06, 0x8b,
  0x45, 0x08, 0x89, 0x45, 0xfc, 0x8b, 0x45, 0x08, 0x89, 0x45, 0xf8, 0xff,
  0x45, 0x08, 0xeb, 0xd4, 0x8b, 0x45, 0xfc, 0x89, 0x45, 0xf4, 0xeb, 0x00,
  0x8b, 0x45, 0xf4, 0xc9, 0xc3, 0x8d, 0x76, 0x00, 0xc8, 0x14, 0x00, 0x00,
  0x83, 0x65, 0xfc, 0x00, 0x8b, 0x45, 0x08, 0x0f, 0xbe, 0x00, 0x83, 0xf8,
  0x00, 0x74, 0x48, 0x8b, 0x45, 0x0c, 0x89, 0x45, 0xf8, 0x8b, 0x45, 0xf8,
  0x0f, 0xbe, 0x00, 0x83, 0xf8, 0x00, 0x74, 0x23, 0x8b, 0x45, 0x08, 0x0f,
  0xbe, 0x10, 0x8b, 0x45, 0xf8, 0x0f, 0xbe, 0x00, 0x39, 0xc2, 0x75, 0x08,
  0x8b, 0x45, 0xfc, 0x89, 0x45, 0xec, 0xeb, 0x27, 0x8b, 0x45, 0xf8, 0x89,
  0x45, 0xf4, 0xff, 0x45, 0xf8, 0xeb, 0xd2, 0x8b, 0x45, 0x08, 0x89, 0x45,
  0xf4, 0xff, 0x45, 0x08, 0x8b, 0x45, 0xfc, 0x89, 0x45, 0xf0, 0xff, 0x45,
  0xfc, 0xeb, 0xad, 0x8b, 0x45, 0xfc, 0x89, 0x45, 0xec, 0xeb, 0x00, 0x8b,
  0x45, 0xec, 0xc9, 0xc3, 0xc8, 0x18, 0x00, 0x00, 0x83, 0x65, 0xfc, 0x00,
  0x8b, 0x45, 0x08, 0x0f, 0xbe, 0x00, 0x83, 0xf8, 0x00, 0x74, 0x55, 0x8b,
  0x45, 0x0c, 0x89, 0x45, 0xf8, 0x83, 0x65, 0xf4, 0x00, 0x8b, 0x45, 0xf8,
  0x0f, 0xbe, 0x00, 0x83, 0xf8, 0x00, 0x74, 0x24, 0x8b, 0x45, 0x08, 0x0f,
  0xbe, 0x10, 0x8b, 0x45, 0xf8, 0x0f, 0xbe, 0x00, 0x39, 0xc2, 0x75, 0x09,
  0xc7, 0x45, 0xf4, 0x01, 0x00, 0x00, 0x00, 0xeb, 0x0b, 0x8b, 0x45, 0xf8,
  0x89, 0x45, 0xf0, 0xff, 0x45, 0xf8, 0xeb, 0xd1, 0x83, 0x7d, 0xf4, 0x00,
  0x75, 0x02, 0xeb, 0x14, 0x8b, 0x45, 0x08, 0x89, 0x45, 0xf0, 0xff, 0x45,
  0x08, 0x8b, 0x45, 0xfc, 0x89, 0x45, 0xec, 0xff, 0x45, 0xfc, 0xeb, 0xa0,
  0x8b, 0x45, 0xfc, 0x89, 0x45, 0xe8, 0xeb, 0x00, 0x8b, 0x45, 0xe8, 0xc9,
  0xc3, 0x8d, 0x76, 0x00, 0xc8, 0x0c, 0x00, 0x00, 0x8b, 0x45, 0x08, 0x0f,
  0xbe, 0x00, 0x83, 0xf8, 0x00, 0x74, 0x3f, 0x8b, 0x45, 0x0c, 0x89, 0x45,
  0xfc, 0x8b, 0x45, 0xfc, 0x0f, 0xbe, 0x00, 0x83, 0xf8, 0x00, 0x74, 0x23,
  0x8b, 0x45, 0x08, 0x0f, 0xbe, 0x10, 0x8b, 0x45, 0xfc, 0x0f, 0xbe, 0x00,
  0x39, 0xc2, 0x75, 0x08, 0x8b, 0x45, 0x08, 0x89, 0x45, 0xf4, 0xeb, 0x1c,
  0x8b, 0x45, 0xfc, 0x89, 0x45, 0xf8, 0xff, 0x45, 0xfc, 0xeb, 0xd2, 0x8b,
  0x45, 0x08, 0x89, 0x45, 0xf8, 0xff, 0x45, 0x08, 0xeb, 0xb6, 0x83, 0x65,
  0xf4, 0x00, 0xeb, 0x00, 0x8b, 0x45, 0xf4, 0xc9, 0xc3, 0x8d, 0x76, 0x00,
  0xc8, 0x0c, 0x00, 0x00, 0x8b, 0x45, 0x0c, 0x0f, 0xbe, 0x00, 0x83, 0xf8,
  0x00, 0x75, 0x08, 0x8b, 0x45, 0x08, 0x89, 0x45, 0xf4, 0xeb, 0x48, 0xff,
  0x75, 0x0c, 0xe8, 0x59, 0xfb, 0xff, 0xff, 0x83, 0xc4, 0x04, 0x89, 0x45,
  0xfc, 0x8b, 0x45, 0x08, 0x0f, 0xbe, 0x00, 0x83, 0xf8, 0x00, 0x74, 0x29,
  0xff, 0x75, 0xfc, 0xff, 0x75, 0x0c, 0xff, 0x75, 0x08, 0xe8, 0x22, 0xfd,
  0xff, 0xff, 0x83, 0xc4, 0x0c, 0x83, 0xf8, 0x00, 0x75, 0x08, 0x8b, 0x45,
  0x08, 0x89, 0x45, 0xf4, 0xeb, 0x11, 0x8b, 0x45, 0x08, 0x89, 0x45, 0xf8,
  0xff, 0x45, 0x08, 0xeb, 0xcc, 0x83, 0x65, 0xf4, 0x00, 0xeb, 0x00, 0x8b,
  0x45, 0xf4, 0xc9, 0xc3, 0xc8, 0x0c, 0x00, 0x00, 0x83, 0x7d, 0x08, 0x00,
  0x74, 0x08, 0x8b, 0x45, 0x08, 0xa3, 0x64, 0x80, 0xb0, 0x00, 0x83, 0x3d,
  0x64, 0x80, 0xb0, 0x00, 0x00, 0x75, 0x09, 0x83, 0x65, 0xf4, 0x00, 0xe9,
  0x84, 0x00, 0x00, 0x00, 0xff, 0x75, 0x0c, 0xff, 0x35, 0x64, 0x80, 0xb0,
  0x00, 0xe8, 0x96, 0xfe, 0xff, 0xff, 0x83, 0xc4, 0x08, 0x01, 0x05, 0x64,
  0x80, 0xb0, 0x00, 0xa1, 0x64, 0x80, 0xb0, 0x00, 0x0f, 0xbe, 0x00, 0x83,
  0xf8, 0x00, 0x75, 0x0d, 0x83, 0x25, 0x64, 0x80, 0xb0, 0x00, 0x00, 0x83,
  0x65, 0xf4, 0x00, 0xeb, 0x53, 0xa1, 0x64, 0x80, 0xb0, 0x00, 0x89, 0x45,
  0xfc, 0xff, 0x75, 0x0c, 0xff, 0x35, 0x64, 0x80, 0xb0, 0x00, 0xe8, 0xf5,
  0xfd, 0xff, 0xff, 0x83, 0xc4, 0x08, 0x01, 0x05, 0x64, 0x80, 0xb0, 0x00,
  0xa1, 0x64, 0x80, 0xb0, 0x00, 0x0f, 0xbe, 0x00, 0x83, 0xf8, 0x00, 0x74,
  0x18, 0xa1, 0x64, 0x80, 0xb0, 0x00, 0xc6, 0x00, 0x00, 0xa1, 0x64, 0x80,
  0xb0, 0x00, 0x89, 0x45, 0xf8, 0xff, 0x05, 0x64, 0x80, 0xb0, 0x00, 0xeb,
  0x07, 0x83, 0x25, 0x64, 0x80, 0xb0, 0x00, 0x00, 0x8b, 0x45, 0xfc, 0x89,
  0x45, 0xf4, 0xeb, 0x00, 0x8b, 0x45, 0xf4, 0xc9, 0xc3, 0x8d, 0x76, 0x00,
  0xc8, 0x08, 0x00, 0x00, 0x8b, 0x45, 0x08, 0x89, 0x45, 0xfc, 0xeb, 0x6c,
  0xc7, 0x45, 0xf8, 0x64, 0x77, 0xb0, 0x00, 0xe9, 0x9e, 0x00, 0x00, 0x00,
  0xc7, 0x45, 0xf8, 0x4c, 0x77, 0xb0, 0x00, 0xe9, 0x92, 0x00, 0x00, 0x00,
  0xc7, 0x45, 0xf8, 0x32, 0x77, 0xb0, 0x00, 0xe9, 0x86, 0x00, 0x00, 0x00,
  0xc7, 0x45, 0xf8, 0x22, 0x77, 0xb0, 0x00, 0xeb, 0x7d, 0xc7, 0x45, 0xf8,
  0x0a, 0x77, 0xb0, 0x00, 0xeb, 0x74, 0xc7, 0x45, 0xf8, 0x00, 0x77, 0xb0,
  0x00, 0xeb, 0x6b, 0xc7, 0x45, 0xf8, 0xf2, 0x76, 0xb0, 0x00, 0xeb, 0x62,
  0xc7, 0x45, 0xf8, 0xe0, 0x76, 0xb0, 0x00, 0xeb, 0x59, 0xc7, 0x45, 0xf8,
  0xd4, 0x76, 0xb0, 0x00, 0xeb, 0x50, 0xc7, 0x45, 0xf8, 0xc3, 0x76, 0xb0,
  0x00, 0xeb, 0x47, 0xc7, 0x45, 0xf8, 0xb5, 0x76, 0xb0, 0x00, 0xeb, 0x3e,
  0x83, 0x7d, 0xfc, 0x00, 0x74, 0x8e, 0x83, 0x7d, 0xfc, 0x01, 0x74, 0x94,
  0x83, 0x7d, 0xfc, 0x02, 0x74, 0x9a, 0x83, 0x7d, 0xfc, 0x03, 0x74, 0xa0,
  0x83, 0x7d, 0xfc, 0x04, 0x74, 0xa3, 0x83, 0x7d, 0xfc, 0x05, 0x74, 0xa6,
  0x83, 0x7d, 0xfc, 0x0c, 0x74, 0xa9, 0x83, 0x7d, 0xfc, 0x0d, 0x74, 0xac,
  0x83, 0x7d, 0xfc, 0x11, 0x74, 0xaf, 0x83, 0x7d, 0xfc, 0x16, 0x74, 0xb2,
  0xeb, 0xb9, 0x8b, 0x45, 0xf8, 0xc9, 0xc3, 0x90, 0xc8, 0x0c, 0x00, 0x00,
  0x83, 0x7d, 0x08, 0x00, 0x75, 0x09, 0x83, 0x65, 0xf4, 0x00, 0xe9, 0x51,
  0x01, 0x00, 0x00, 0x8b, 0x45, 0x08, 0x83, 0xc0, 0x07, 0x83, 0xe0, 0xf8,
  0x89, 0x45, 0x08, 0x83, 0x3d, 0x6c, 0x80, 0xb0, 0x00, 0x00, 0x75, 0x70,
  0xa1, 0x68, 0x80, 0xb0, 0x00, 0x83, 0xc0, 0x0c, 0x03, 0x45, 0x08, 0x3d,
  0x00, 0x00, 0x10, 0x00, 0x76, 0x13, 0xc7, 0x05, 0x74, 0x80, 0xb0, 0x00,
  0x0c, 0x00, 0x00, 0x00, 0x83, 0x65, 0xf4, 0x00, 0xe9, 0x17, 0x01, 0x00,
  0x00, 0xb8, 0xbc, 0x60, 0xe2, 0x00, 0x03, 0x05, 0x68, 0x80, 0xb0, 0x00,
  0x89, 0x45, 0xfc, 0x8b, 0x55, 0xfc, 0x8b, 0x45, 0x08, 0x89, 0x02, 0x8b,
  0x45, 0xfc, 0x83, 0x60, 0x04, 0x00, 0x8b, 0x45, 0xfc, 0x83, 0x60, 0x08,
  0x00, 0x8b, 0x45, 0xfc, 0xa3, 0x6c, 0x80, 0xb0, 0x00, 0x8b, 0x45, 0x08,
  0x83, 0xc0, 0x0c, 0x03, 0x05, 0x68, 0x80, 0xb0, 0x00, 0xa3, 0x68, 0x80,
  0xb0, 0x00, 0x8b, 0x45, 0xfc, 0x83, 0xc0, 0x0c, 0x89, 0x45, 0xf4, 0xe9,
  0xcc, 0x00, 0x00, 0x00, 0xa1, 0x6c, 0x80, 0xb0, 0x00, 0x89, 0x45, 0xfc,
  0x83, 0x7d, 0xfc, 0x00, 0x0f, 0x84, 0xaa, 0x00, 0x00, 0x00, 0x8b, 0x45,
  0xfc, 0x83, 0x78, 0x04, 0x00, 0x74, 0x1f, 0x8b, 0x55, 0xfc, 0x8b, 0x45,
  0x08, 0x39, 0x02, 0x72, 0x15, 0x8b, 0x45, 0xfc, 0x83, 0x60, 0x04, 0x00,
  0x8b, 0x45, 0xfc, 0x83, 0xc0, 0x0c, 0x89, 0x45, 0xf4, 0xe9, 0x92, 0x00,
  0x00, 0x00, 0x8b, 0x45, 0xfc, 0x83, 0x78, 0x08, 0x00, 0x75, 0x6b, 0xa1,
  0x68, 0x80, 0xb0, 0x00, 0x83, 0xc0, 0x0c, 0x03, 0x45, 0x08, 0x3d, 0x00,
  0x00, 0x10, 0x00, 0x76, 0x10, 0xc7, 0x05, 0x74, 0x80, 0xb0, 0x00, 0x0c,
  0x00, 0x00, 0x00, 0x83, 0x65, 0xf4, 0x00, 0xeb, 0x67, 0xb8, 0xbc, 0x60,
  0xe2, 0x00, 0x03, 0x05, 0x68, 0x80, 0xb0, 0x00, 0x89, 0x45, 0xf8, 0x8b,
  0x55, 0xf8, 0x8b, 0x45, 0x08, 0x89, 0x02, 0x8b, 0x45, 0xf8, 0x83, 0x60,
  0x04, 0x00, 0x8b, 0x45, 0xf8, 0x83, 0x60, 0x08, 0x00, 0x8b, 0x55, 0xfc,
  0x8b, 0x45, 0xf8, 0x89, 0x42, 0x08, 0x8b, 0x45, 0x08, 0x83, 0xc0, 0x0c,
  0x03, 0x05, 0x68, 0x80, 0xb0, 0x00, 0xa3, 0x68, 0x80, 0xb0, 0x00, 0x8b,
  0x45, 0xf8, 0x83, 0xc0, 0x0c, 0x89, 0x45, 0xf4, 0xeb, 0x1e, 0x8b, 0x45,
  0xfc, 0x8b, 0x40, 0x08, 0x89, 0x45, 0xfc, 0xe9, 0x4c, 0xff, 0xff, 0xff,
  0xc7, 0x05, 0x74, 0x80, 0xb0, 0x00, 0x0c, 0x00, 0x00, 0x00, 0x83, 0x65,
  0xf4, 0x00, 0xeb, 0x00, 0x8b, 0x45, 0xf4, 0xc9, 0xc3, 0x8d, 0x76, 0x00,
  0xc8, 0x0c, 0x00, 0x00, 0x8b, 0x45, 0x08, 0x0f, 0xaf, 0x45, 0x0c, 0x89,
  0x45, 0xfc, 0xff, 0x75, 0xfc, 0xe8, 0x7e, 0xfe, 0xff, 0xff, 0x83, 0xc4,
  0x04, 0x89, 0x45, 0xf8, 0x83, 0x7d, 0xf8, 0x00, 0x74, 0x10, 0xff, 0x75,
  0xfc, 0x6a, 0x00, 0xff, 0x75, 0xf8, 0xe8, 0x21, 0xf7, 0xff, 0xff, 0x83,
  0xc4, 0x0c, 0x8b, 0x45, 0xf8, 0x89, 0x45, 0xf4, 0xeb, 0x00, 0x8b, 0x45,
  0xf4, 0xc9, 0xc3, 0x90, 0xc8, 0x0c, 0x00, 0x00, 0x83, 0x7d, 0x08, 0x00,
  0x75, 0x10, 0xff, 0x75, 0x0c, 0xe8, 0x42, 0xfe, 0xff, 0xff, 0x83, 0xc4,
  0x04, 0x89, 0x45, 0xf4, 0xeb, 0x6c, 0x83, 0x7d, 0x0c, 0x00, 0x75, 0x11,
  0xff, 0x75, 0x08, 0xe8, 0x64, 0x00, 0x00, 0x00, 0x83, 0xc4, 0x04, 0x83,
  0x65, 0xf4, 0x00, 0xeb, 0x55, 0x8b, 0x45, 0x08, 0x83, 0xe8, 0x0c, 0x89,
  0x45, 0xfc, 0x8b, 0x55, 0xfc, 0x8b, 0x45, 0x0c, 0x39, 0x02, 0x72, 0x08,
  0x8b, 0x45, 0x08, 0x89, 0x45, 0xf4, 0xeb, 0x3a, 0xff, 0x75, 0x0c, 0xe8,
  0x00, 0xfe, 0xff, 0xff, 0x83, 0xc4, 0x04, 0x89, 0x45, 0xf8, 0x83, 0x7d,
  0xf8, 0x00, 0x74, 0x1e, 0x8b, 0x45, 0xfc, 0xff, 0x30, 0xff, 0x75, 0x08,
  0xff, 0x75, 0xf8, 0xe8, 0xe0, 0xf5, 0xff, 0xff, 0x83, 0xc4, 0x0c, 0xff,
  0x75, 0x08, 0xe8, 0x11, 0x00, 0x00, 0x00, 0x83, 0xc4, 0x04, 0x8b, 0x45,
  0xf8, 0x89, 0x45, 0xf4, 0xeb, 0x00, 0x8b, 0x45, 0xf4, 0xc9, 0xc3, 0x90,
  0xc8, 0x04, 0x00, 0x00, 0x83, 0x7d, 0x08, 0x00, 0x75, 0x02, 0xeb, 0x13,
  0x8b, 0x45, 0x08, 0x83, 0xe8, 0x0c, 0x89, 0x45, 0xfc, 0x8b, 0x45, 0xfc,
  0xc7, 0x40, 0x04, 0x01, 0x00, 0x00, 0x00, 0xc9, 0xc3, 0x8d, 0x76, 0x00,
  0x55, 0x89, 0xe5, 0xff, 0x75, 0x08, 0xe8, 0x5d, 0x06, 0x00, 0x00, 0x83,
  0xc4, 0x04, 0xc9, 0xc3, 0x55, 0x89, 0xe5, 0x6a, 0x01, 0xe8, 0xe6, 0xff,
  0xff, 0xff, 0x83, 0xc4, 0x04, 0xc9, 0xc3, 0x90, 0xc8, 0x04, 0x00, 0x00,
  0x83, 0x65, 0xfc, 0x00, 0xeb, 0x00, 0x8b, 0x45, 0xfc, 0xc9, 0xc3, 0x90,
  0xc8, 0x04, 0x00, 0x00, 0xc7, 0x45, 0xfc, 0xff, 0xff, 0xff, 0xff, 0xeb,
  0x00, 0x8b, 0x45, 0xfc, 0xc9, 0xc3, 0x66, 0x90, 0xc8, 0x18, 0x00, 0x00,
  0x83, 0x65, 0xfc, 0x00, 0xc7, 0x45, 0xf8, 0x01, 0x00, 0x00, 0x00, 0x8b,
  0x45, 0x08, 0x0f, 0xbe, 0x00, 0x83, 0xf8, 0x20, 0x75, 0x0b, 0x8b, 0x45,
  0x08, 0x89, 0x45, 0xf4, 0xff, 0x45, 0x08, 0xeb, 0xea, 0x8b, 0x45, 0x08,
  0x0f, 0xbe, 0x00, 0x83, 0xf8, 0x2d, 0x75, 0x12, 0xc7, 0x45, 0xf8, 0xff,
  0xff, 0xff, 0xff, 0x8b, 0x45, 0x08, 0x89, 0x45, 0xf0, 0xff, 0x45, 0x08,
  0xeb, 0x14, 0x8b, 0x45, 0x08, 0x0f, 0xbe, 0x00, 0x83, 0xf8, 0x2b, 0x75,
  0x09, 0x8b, 0x45, 0x08, 0x89, 0x45, 0xf0, 0xff, 0x45, 0x08, 0x8b, 0x45,
  0x08, 0x0f, 0xbe, 0x00, 0x83, 0xf8, 0x30, 0x7c, 0x2b, 0x8b, 0x45, 0x08,
  0x0f, 0xbe, 0x00, 0x83, 0xf8, 0x39, 0x7f, 0x20, 0x8b, 0x45, 0x08, 0x89,
  0x45, 0xec, 0xff, 0x45, 0x08, 0x8b, 0x45, 0xec, 0x0f, 0xbe, 0x10, 0x83,
  0xea, 0x30, 0x8b, 0x45, 0xfc, 0x6b, 0xc0, 0x0a, 0x8d, 0x04, 0x10, 0x89,
  0x45, 0xfc, 0xeb, 0xca, 0x8b, 0x45, 0xfc, 0x0f, 0xaf, 0x45, 0xf8, 0x89,
  0x45, 0xe8, 0xeb, 0x00, 0x8b, 0x45, 0xe8, 0xc9, 0xc3, 0x8d, 0x76, 0x00,
  0xc8, 0x04, 0x00, 0x00, 0xff, 0x75, 0x08, 0xe8, 0x54, 0xff, 0xff, 0xff,
  0x83, 0xc4, 0x04, 0x89, 0x45, 0xfc, 0xeb, 0x00, 0x8b, 0x45, 0xfc, 0xc9,
  0xc3, 0x8d, 0x76, 0x00, 0xc8, 0x08, 0x00, 0x00, 0xdd, 0x05, 0x6c, 0x77,
  0xb0, 0x00, 0xdd, 0x5d, 0xf8, 0xeb, 0x00, 0xdd, 0x45, 0xf8, 0xc9, 0xc3,
  0xc8, 0x1c, 0x00, 0x00, 0x83, 0x65, 0xfc, 0x00, 0xc7, 0x45, 0xf8, 0x01,
  0x00, 0x00, 0x00, 0x8b, 0x45, 0x08, 0x0f, 0xbe, 0x00, 0x83, 0xf8, 0x20,
  0x75, 0x0b, 0x8b, 0x45, 0x08, 0x89, 0x45, 0xf4, 0xff, 0x45, 0x08, 0xeb,
  0xea, 0x8b, 0x45, 0x08, 0x0f, 0xbe, 0x00, 0x83, 0xf8, 0x2d, 0x75, 0x12,
  0xc7, 0x45, 0xf8, 0xff, 0xff, 0xff, 0xff, 0x8b, 0x45, 0x08, 0x89, 0x45,
  0xf0, 0xff, 0x45, 0x08, 0xeb, 0x14, 0x8b, 0x45, 0x08, 0x0f, 0xbe, 0x00,
  0x83, 0xf8, 0x2b, 0x75, 0x09, 0x8b, 0x45, 0x08, 0x89, 0x45, 0xf0, 0xff,
  0x45, 0x08, 0x83, 0x7d, 0x10, 0x10, 0x75, 0x1b, 0x8b, 0x45, 0x08, 0x0f,
  0xbe, 0x00, 0x83, 0xf8, 0x30, 0x75, 0x10, 0x8b, 0x45, 0x08, 0x0f, 0xbe,
  0x40, 0x01, 0x83, 0xf8, 0x78, 0x75, 0x04, 0x83, 0x45, 0x08, 0x02, 0x8b,
  0x45, 0x08, 0x0f, 0xbe, 0x00, 0x83, 0xf8, 0x00, 0x0f, 0x84, 0x93, 0x00,
  0x00, 0x00, 0x8b, 0x45, 0x08, 0x0f, 0xbe, 0x00, 0x83, 0xf8, 0x30, 0x7c,
  0x19, 0x8b, 0x45, 0x08, 0x0f, 0xbe, 0x00, 0x83, 0xf8, 0x39, 0x7f, 0x0e,
  0x8b, 0x45, 0x08, 0x0f, 0xbe, 0x00, 0x83, 0xe8, 0x30, 0x89, 0x45, 0xec,
  0xeb, 0x4a, 0x8b, 0x45, 0x08, 0x0f, 0xbe, 0x00, 0x83, 0xf8, 0x61, 0x7c,
  0x19, 0x8b, 0x45, 0x08, 0x0f, 0xbe, 0x00, 0x83, 0xf8, 0x66, 0x7f, 0x0e,
  0x8b, 0x45, 0x08, 0x0f, 0xbe, 0x00, 0x83, 0xe8, 0x57, 0x89, 0x45, 0xec,
  0xeb, 0x26, 0x8b, 0x45, 0x08, 0x0f, 0xbe, 0x00, 0x83, 0xf8, 0x41, 0x7c,
  0x19, 0x8b, 0x45, 0x08, 0x0f, 0xbe, 0x00, 0x83, 0xf8, 0x46, 0x7f, 0x0e,
  0x8b, 0x45, 0x08, 0x0f, 0xbe, 0x00, 0x83, 0xe8, 0x37, 0x89, 0x45, 0xec,
  0xeb, 0x02, 0xeb, 0x25, 0x8b, 0x45, 0x10, 0x39, 0x45, 0xec, 0x7c, 0x02,
  0xeb, 0x1b, 0x8b, 0x45, 0xfc, 0x0f, 0xaf, 0x45, 0x10, 0x03, 0x45, 0xec,
  0x89, 0x45, 0xfc, 0x8b, 0x45, 0x08, 0x89, 0x45, 0xe8, 0xff, 0x45, 0x08,
  0xe9, 0x5e, 0xff, 0xff, 0xff, 0x83, 0x7d, 0x0c, 0x00, 0x74, 0x08, 0x8b,
  0x55, 0x0c, 0x8b, 0x45, 0x08, 0x89, 0x02, 0x8b, 0x45, 0xfc, 0x0f, 0xaf,
  0x45, 0xf8, 0x89, 0x45, 0xe4, 0xeb, 0x00, 0x8b, 0x45, 0xe4, 0xc9, 0xc3,
  0xc8, 0x04, 0x00, 0x00, 0xff, 0x75, 0x10, 0xff, 0x75, 0x0c, 0xff, 0x75,
  0x08, 0xe8, 0xb6, 0xfe, 0xff, 0xff, 0x83, 0xc4, 0x0c, 0x89, 0x45, 0xfc,
  0xeb, 0x00, 0x8b, 0x45, 0xfc, 0xc9, 0xc3, 0x90, 0xc8, 0x08, 0x00, 0x00,
  0xdd, 0x05, 0x74, 0x77, 0xb0, 0x00, 0xdd, 0x5d, 0xf8, 0xeb, 0x00, 0xdd,
  0x45, 0xf8, 0xc9, 0xc3, 0xc8, 0x04, 0x00, 0x00, 0xa1, 0x70, 0x80, 0xb0,
  0x00, 0x69, 0xc0, 0x6d, 0x4e, 0xc6, 0x41, 0x05, 0x39, 0x30, 0x00, 0x00,
  0xa3, 0x70, 0x80, 0xb0, 0x00, 0xa1, 0x70, 0x80, 0xb0, 0x00, 0xc1, 0xe8,
  0x10, 0x25, 0xff, 0x7f, 0x00, 0x00, 0x89, 0x45, 0xfc, 0xeb, 0x00, 0x8b,
  0x45, 0xfc, 0xc9, 0xc3, 0x55, 0x89, 0xe5, 0x8b, 0x45, 0x08, 0xa3, 0x70,
  0x80, 0xb0, 0x00, 0xc9, 0xc3, 0x8d, 0x76, 0x00, 0xc8, 0x04, 0x00, 0x00,
  0x83, 0x65, 0xfc, 0x00, 0xeb, 0x00, 0x8b, 0x45, 0xfc, 0xc9, 0xc3, 0x90,
  0xc8, 0x04, 0x00, 0x00, 0xc7, 0x45, 0xfc, 0xff, 0xff, 0xff, 0xff, 0xeb,
  0x00, 0x8b, 0x45, 0xfc, 0xc9, 0xc3, 0x66, 0x90, 0xc8, 0x04, 0x00, 0x00,
  0xc7, 0x45, 0xfc, 0xff, 0xff, 0xff, 0xff, 0xeb, 0x00, 0x8b, 0x45, 0xfc,
  0xc9, 0xc3, 0x66, 0x90, 0xc8, 0x18, 0x00, 0x00, 0x83, 0x65, 0xfc, 0x00,
  0x8b, 0x45, 0x10, 0x89, 0x45, 0xf8, 0x8b, 0x45, 0xf8, 0x39, 0x45, 0xfc,
  0x73, 0x56, 0x8b, 0x55, 0xfc, 0x8b, 0x45, 0xf8, 0x2b, 0x45, 0xfc, 0xd1,
  0xe8, 0x8d, 0x04, 0x02, 0x89, 0x45, 0xf4, 0x8b, 0x45, 0x0c, 0x8b, 0x55,
  0xf4, 0x0f, 0xaf, 0x55, 0x14, 0x01, 0xd0, 0x89, 0x45, 0xf0, 0xff, 0x75,
  0xf0, 0xff, 0x75, 0x08, 0x8b, 0x45, 0x18, 0xff, 0xd0, 0x83, 0xc4, 0x08,
  0x89, 0x45, 0xec, 0x83, 0x7d, 0xec, 0x00, 0x75, 0x08, 0x8b, 0x45, 0xf0,
  0x89, 0x45, 0xe8, 0xeb, 0x1d, 0x83, 0x7d, 0xec, 0x00, 0x7d, 0x08, 0x8b,
  0x45, 0xf4, 0x89, 0x45, 0xf8, 0xeb, 0x07, 0x8b, 0x45, 0xf4, 0x40, 0x89,
  0x45, 0xfc, 0xeb, 0xa2, 0x83, 0x65, 0xe8, 0x00, 0xeb, 0x00, 0x8b, 0x45,
  0xe8, 0xc9, 0xc3, 0x90, 0xc8, 0x14, 0x01, 0x00, 0x83, 0x7d, 0x0c, 0x01,
  0x77, 0x05, 0xe9, 0x06, 0x01, 0x00, 0x00, 0x8b, 0x45, 0x08, 0x89, 0x45,
  0xfc, 0xc7, 0x45, 0xf8, 0x01, 0x00, 0x00, 0x00, 0x8b, 0x45, 0x0c, 0x48,
  0x89, 0x45, 0xf4, 0x8b, 0x45, 0xf4, 0x39, 0x45, 0xf8, 0x0f, 0x87, 0xe6,
  0x00, 0x00, 0x00, 0x8b, 0x45, 0xf4, 0x39, 0x45, 0xf8, 0x77, 0x28, 0xff,
  0x75, 0xfc, 0x8b, 0x55, 0x08, 0x8b, 0x45, 0xf8, 0x0f, 0xaf, 0x45, 0x10,
  0x01, 0xc2, 0x52, 0x8b, 0x45, 0x14, 0xff, 0xd0, 0x83, 0xc4, 0x08, 0x83,
  0xf8, 0x00, 0x7d, 0x0b, 0x8b, 0x45, 0xf8, 0x89, 0x45, 0xf0, 0xff, 0x45,
  0xf8, 0xeb, 0xd0, 0x83, 0x7d, 0xf4, 0x00, 0x74, 0x28, 0xff, 0x75, 0xfc,
  0x8b, 0x55, 0x08, 0x8b, 0x45, 0xf4, 0x0f, 0xaf, 0x45, 0x10, 0x01, 0xc2,
  0x52, 0x8b, 0x45, 0x14, 0xff, 0xd0, 0x83, 0xc4, 0x08, 0x83, 0xf8, 0x00,
  0x7e, 0x0b, 0x8b, 0x45, 0xf4, 0x89, 0x45, 0xec, 0xff, 0x4d, 0xf4, 0xeb,
  0xd2, 0x8b, 0x45, 0xf4, 0x39, 0x45, 0xf8, 0x73, 0x63, 0xff, 0x75, 0x10,
  0x8b, 0x45, 0x08, 0x8b, 0x55, 0xf8, 0x0f, 0xaf, 0x55, 0x10, 0x01, 0xd0,
  0x50, 0x8d, 0x85, 0xec, 0xfe, 0xff, 0xff, 0x50, 0xe8, 0x7f, 0xf1, 0xff,
  0xff, 0x83, 0xc4, 0x0c, 0xff, 0x75, 0x10, 0x8b, 0x45, 0x08, 0x8b, 0x55,
  0xf4, 0x0f, 0xaf, 0x55, 0x10, 0x01, 0xd0, 0x50, 0x8b, 0x45, 0x08, 0x8b,
  0x55, 0xf8, 0x0f, 0xaf, 0x55, 0x10, 0x01, 0xd0, 0x50, 0xe8, 0x5a, 0xf1,
  0xff, 0xff, 0x83, 0xc4, 0x0c, 0xff, 0x75, 0x10, 0x8d, 0x85, 0xec, 0xfe,
  0xff, 0xff, 0x50, 0x8b, 0x45, 0x08, 0x8b, 0x55, 0xf4, 0x0f, 0xaf, 0x55,
  0x10, 0x01, 0xd0, 0x50, 0xe8, 0x3b, 0xf1, 0xff, 0xff, 0x83, 0xc4, 0x0c,
  0x8b, 0x45, 0xf8, 0x89, 0x45, 0xe8, 0xff, 0x45, 0xf8, 0x83, 0x7d, 0xf4,
  0x00, 0x74, 0x09, 0x8b, 0x45, 0xf4, 0x89, 0x45, 0xe4, 0xff, 0x4d, 0xf4,
  0xe9, 0x0e, 0xff, 0xff, 0xff, 0xc9, 0xc3, 0x90, 0xc8, 0x08, 0x00, 0x00,
  0x83, 0x7d, 0x08, 0x00, 0x7d, 0x0a, 0x8b, 0x45, 0x08, 0xf7, 0xd8, 0x89,
  0x45, 0xfc, 0xeb, 0x06, 0x8b, 0x45, 0x08, 0x89, 0x45, 0xfc, 0x8b, 0x45,
  0xfc, 0x89, 0x45, 0xf8, 0xeb, 0x00, 0x8b, 0x45, 0xf8, 0xc9, 0xc3, 0x90,
  0xc8, 0x08, 0x00, 0x00, 0x83, 0x7d, 0x08, 0x00, 0x7d, 0x0a, 0x8b, 0x45,
  0x08, 0xf7, 0xd8, 0x89, 0x45, 0xfc, 0xeb, 0x06, 0x8b, 0x45, 0x08, 0x89,
  0x45, 0xfc, 0x8b, 0x45, 0xfc, 0x89, 0x45, 0xf8, 0xeb, 0x00, 0x8b, 0x45,
  0xf8, 0xc9, 0xc3, 0x90, 0xc8, 0x04, 0x00, 0x00, 0xff, 0x75, 0x10, 0x8b,
  0x55, 0x0c, 0x52, 0xff, 0x75, 0x08, 0x68, 0x09, 0x00, 0x00, 0x4d, 0xe8,
  0x10, 0x00, 0x00, 0x00, 0x83, 0xc4, 0x10, 0x89, 0x45, 0xfc, 0xeb, 0x00,
  0x8b, 0x45, 0xfc, 0xc9, 0xc3, 0x8d, 0x76, 0x00, 0xc8, 0x0c, 0x00, 0x00,
  0x89, 0x5d, 0xf4, 0x8b, 0x55, 0x14, 0x8b, 0x4d, 0x10, 0x8b, 0x5d, 0x0c,
  0x8b, 0x45, 0x08, 0xcd, 0x4d, 0x89, 0x45, 0xfc, 0x8b, 0x45, 0xfc, 0x89,
  0x45, 0xf8, 0xeb, 0x00, 0x8b, 0x45, 0xf8, 0x8b, 0x5d, 0xf4, 0xc9, 0xc3,
  0xc8, 0x04, 0x00, 0x00, 0xff, 0x75, 0x10, 0x8b, 0x55, 0x0c, 0x52, 0xff,
  0x75, 0x08, 0x68, 0x0a, 0x00, 0x00, 0x4d, 0xe8, 0xc0, 0xff, 0xff, 0xff,
  0x83, 0xc4, 0x10, 0x89, 0x45, 0xfc, 0xeb, 0x00, 0x8b, 0x45, 0xfc, 0xc9,
  0xc3, 0x8d, 0x76, 0x00, 0xc8, 0x04, 0x00, 0x00, 0xff, 0x75, 0x08, 0x68,
  0x0c, 0x00, 0x00, 0x4d, 0xe8, 0x0f, 0x00, 0x00, 0x00, 0x83, 0xc4, 0x08,
  0x89, 0x45, 0xfc, 0xeb, 0x00, 0x8b, 0x45, 0xfc, 0xc9, 0xc3, 0x66, 0x90,
  0xc8, 0x08, 0x00, 0x00, 0x89, 0xda, 0x8b, 0x5d, 0x0c, 0x8b, 0x45, 0x08,
  0xcd, 0x4d, 0x89, 0x45, 0xfc, 0x8b, 0x45, 0xfc, 0x89, 0x45, 0xf8, 0xeb,
  0x00, 0x8b, 0x45, 0xf8, 0x89, 0xd3, 0xc9, 0xc3, 0xc8, 0x04, 0x00, 0x00,
  0xff, 0x75, 0x0c, 0x8b, 0x55, 0x08, 0x52, 0x68, 0x0b, 0x00, 0x00, 0x4d,
  0xe8, 0x0f, 0x00, 0x00, 0x00, 0x83, 0xc4, 0x0c, 0x89, 0x45, 0xfc, 0xeb,
  0x00, 0x8b, 0x45, 0xfc, 0xc9, 0xc3, 0x66, 0x90, 0xc8, 0x08, 0x00, 0x00,
  0x89, 0xda, 0x8b, 0x4d, 0x10, 0x8b, 0x5d, 0x0c, 0x8b, 0x45, 0x08, 0xcd,
  0x4d, 0x89, 0x45, 0xfc, 0x8b, 0x45, 0xfc, 0x89, 0x45, 0xf8, 0xeb, 0x00,
  0x8b, 0x45, 0xf8, 0x89, 0xd3, 0xc9, 0xc3, 0x90, 0xc8, 0x04, 0x00, 0x00,
  0xc7, 0x05, 0x74, 0x80, 0xb0, 0x00, 0x26, 0x00, 0x00, 0x00, 0xc7, 0x45,
  0xfc, 0xff, 0xff, 0xff, 0xff, 0xeb, 0x00, 0x8b, 0x45, 0xfc, 0xc9, 0xc3,
  0xc8, 0x04, 0x00, 0x00, 0xc7, 0x05, 0x74, 0x80, 0xb0, 0x00, 0x26, 0x00,
  0x00, 0x00, 0xc7, 0x45, 0xfc, 0xff, 0xff, 0xff, 0xff, 0xeb, 0x00, 0x8b,
  0x45, 0xfc, 0xc9, 0xc3, 0xc8, 0x04, 0x00, 0x00, 0xc7, 0x05, 0x74, 0x80,
  0xb0, 0x00, 0x26, 0x00, 0x00, 0x00, 0xc7, 0x45, 0xfc, 0xff, 0xff, 0xff,
  0xff, 0xeb, 0x00, 0x8b, 0x45, 0xfc, 0xc9, 0xc3, 0xc8, 0x04, 0x00, 0x00,
  0x6a, 0x00, 0xff, 0x75, 0x0c, 0xff, 0x75, 0x08, 0xe8, 0xd3, 0xff, 0xff,
  0xff, 0x83, 0xc4, 0x0c, 0x89, 0x45, 0xfc, 0xeb, 0x00, 0x8b, 0x45, 0xfc,
  0xc9, 0xc3, 0x66, 0x90, 0xc8, 0x04, 0x00, 0x00, 0xff, 0x75, 0x0c, 0xff,
  0x75, 0x08, 0xe8, 0xd1, 0xff, 0xff, 0xff, 0x83, 0xc4, 0x08, 0x89, 0x45,
  0xfc, 0xeb, 0x00, 0x8b, 0x45, 0xfc, 0xc9, 0xc3, 0x55, 0x89, 0xe5, 0xff,
  0x75, 0x08, 0x68, 0x01, 0x00, 0x00, 0x4d, 0xe8, 0xf8, 0xfe, 0xff, 0xff,
  0x83, 0xc4, 0x08, 0xeb, 0xfe, 0xc9, 0xc3, 0x90, 0xc8, 0x04, 0x00, 0x00,
  0x6a, 0x00, 0x68, 0x04, 0x00, 0x00, 0x4d, 0xe8, 0xe0, 0xfe, 0xff, 0xff,
  0x83, 0xc4, 0x08, 0x89, 0x45, 0xfc, 0xeb, 0x00, 0x8b, 0x45, 0xfc, 0xc9,
  0xc3, 0x8d, 0x76, 0x00, 0xc8, 0x04, 0x00, 0x00, 0x6a, 0x00, 0x68, 0x06,
  0x00, 0x00, 0x4d, 0xe8, 0xc0, 0xfe, 0xff, 0xff, 0x83, 0xc4, 0x08, 0x89,
  0x45, 0xfc, 0xeb, 0x00, 0x8b, 0x45, 0xfc, 0xc9, 0xc3, 0x8d, 0x76, 0x00,
  0xc8, 0x04, 0x00, 0x00, 0x6a, 0x00, 0x68, 0x20, 0x00, 0x00, 0x4d, 0xe8,
  0xa0, 0xfe, 0xff, 0xff, 0x83, 0xc4, 0x08, 0x89, 0x45, 0xfc, 0xeb, 0x00,
  0x8b, 0x45, 0xfc, 0xc9, 0xc3, 0x8d, 0x76, 0x00, 0xc8, 0x04, 0x00, 0x00,
  0x6a, 0x00, 0x68, 0x21, 0x00, 0x00, 0x4d, 0xe8, 0x80, 0xfe, 0xff, 0xff,
  0x83, 0xc4, 0x08, 0x89, 0x45, 0xfc, 0xeb, 0x00, 0x8b, 0x45, 0xfc, 0xc9,
  0xc3, 0x8d, 0x76, 0x00, 0xc8, 0x04, 0x00, 0x00, 0x6a, 0x00, 0x68, 0x22,
  0x00, 0x00, 0x4d, 0xe8, 0x60, 0xfe, 0xff, 0xff, 0x83, 0xc4, 0x08, 0x89,
  0x45, 0xfc, 0xeb, 0x00, 0x8b, 0x45, 0xfc, 0xc9, 0xc3, 0x8d, 0x76, 0x00,
  0xc8, 0x04, 0x00, 0x00, 0x6a, 0x00, 0x68, 0x23, 0x00, 0x00, 0x4d, 0xe8,
  0x40, 0xfe, 0xff, 0xff, 0x83, 0xc4, 0x08, 0x89, 0x45, 0xfc, 0xeb, 0x00,
  0x8b, 0x45, 0xfc, 0xc9, 0xc3, 0x8d, 0x76, 0x00, 0xc8, 0x04, 0x00, 0x00,
  0xff, 0x75, 0x08, 0x68, 0x24, 0x00, 0x00, 0x4d, 0xe8, 0x1f, 0xfe, 0xff,
  0xff, 0x83, 0xc4, 0x08, 0x89, 0x45, 0xfc, 0xeb, 0x00, 0x8b, 0x45, 0xfc,
  0xc9, 0xc3, 0x66, 0x90, 0xc8, 0x04, 0x00, 0x00, 0xff, 0x75, 0x08, 0x68,
  0x25, 0x00, 0x00, 0x4d, 0xe8, 0xff, 0xfd, 0xff, 0xff, 0x83, 0xc4, 0x08,
  0x89, 0x45, 0xfc, 0xeb, 0x00, 0x8b, 0x45, 0xfc, 0xc9, 0xc3, 0x66, 0x90,
  0xc8, 0x04, 0x00, 0x00, 0xff, 0x75, 0x0c, 0x8b, 0x55, 0x08, 0x52, 0x68,
  0x10, 0x00, 0x00, 0x4d, 0xe8, 0x1f, 0xfe, 0xff, 0xff, 0x83, 0xc4, 0x0c,
  0x89, 0x45, 0xfc, 0xeb, 0x00, 0x8b, 0x45, 0xfc, 0xc9, 0xc3, 0x66, 0x90,
  0xc8, 0x04, 0x00, 0x00, 0x8b, 0x55, 0x08, 0x52, 0x68, 0x11, 0x00, 0x00,
  0x4d, 0xe8, 0xba, 0xfd, 0xff, 0xff, 0x83, 0xc4, 0x08, 0x89, 0x45, 0xfc,
  0xeb, 0x00, 0x8b, 0x45, 0xfc, 0xc9, 0xc3, 0x90, 0xc8, 0x04, 0x00, 0x00,
  0x8b, 0x55, 0x08, 0x52, 0x68, 0x15, 0x00, 0x00, 0x4d, 0xe8, 0x9a, 0xfd,
  0xff, 0xff, 0x83, 0xc4, 0x08, 0x89, 0x45, 0xfc, 0xeb, 0x00, 0x8b, 0x45,
  0xfc, 0xc9, 0xc3, 0x90, 0xc8, 0x04, 0x00, 0x00, 0x8b, 0x55, 0x08, 0x52,
  0x68, 0x13, 0x00, 0x00, 0x4d, 0xe8, 0x7a, 0xfd, 0xff, 0xff, 0x83, 0xc4,
  0x08, 0x89, 0x45, 0xfc, 0xeb, 0x00, 0x8b, 0x45, 0xfc, 0xc9, 0xc3, 0x90,
  0xc8, 0x04, 0x00, 0x00, 0xc7, 0x05, 0x74, 0x80, 0xb0, 0x00, 0x26, 0x00,
  0x00, 0x00, 0xc7, 0x45, 0xfc, 0xff, 0xff, 0xff, 0xff, 0xeb, 0x00, 0x8b,
  0x45, 0xfc, 0xc9, 0xc3, 0xc8, 0x04, 0x00, 0x00, 0xc7, 0x05, 0x74, 0x80,
  0xb0, 0x00, 0x26, 0x00, 0x00, 0x00, 0xc7, 0x45, 0xfc, 0xff, 0xff, 0xff,
  0xff, 0xeb, 0x00, 0x8b, 0x45, 0xfc, 0xc9, 0xc3, 0xc8, 0x04, 0x00, 0x00,
  0xc7, 0x05, 0x74, 0x80, 0xb0, 0x00, 0x26, 0x00, 0x00, 0x00, 0xc7, 0x45,
  0xfc, 0xff, 0xff, 0xff, 0xff, 0xeb, 0x00, 0x8b, 0x45, 0xfc, 0xc9, 0xc3,
  0xc8, 0x04, 0x00, 0x00, 0x8b, 0x55, 0x08, 0x52, 0x68, 0x28, 0x00, 0x00,
  0x4d, 0xe8, 0x06, 0xfd, 0xff, 0xff, 0x83, 0xc4, 0x08, 0x89, 0x45, 0xfc,
  0xeb, 0x00, 0x8b, 0x45, 0xfc, 0xc9, 0xc3, 0x90, 0xc8, 0x04, 0x00, 0x00,
  0xc7, 0x05, 0x74, 0x80, 0xb0, 0x00, 0x26, 0x00, 0x00, 0x00, 0xc7, 0x45,
  0xfc, 0xff, 0xff, 0xff, 0xff, 0xeb, 0x00, 0x8b, 0x45, 0xfc, 0xc9, 0xc3,
  0xc8, 0x04, 0x00, 0x00, 0xff, 0x75, 0x0c, 0xff, 0x75, 0x08, 0x68, 0x2a,
  0x00, 0x00, 0x4d, 0xe8, 0x0c, 0xfd, 0xff, 0xff, 0x83, 0xc4, 0x0c, 0x89,
  0x45, 0xfc, 0xeb, 0x00, 0x8b, 0x45, 0xfc, 0xc9, 0xc3, 0x8d, 0x76, 0x00,
  0xc8, 0x0c, 0x00, 0x00, 0x83, 0x65, 0xfc, 0x00, 0x8b, 0x45, 0x08, 0x69,
  0xc0, 0x40, 0x42, 0x0f, 0x00, 0x39, 0x45, 0xfc, 0x73, 0x0c, 0x90, 0x8b,
  0x45, 0xfc, 0x89, 0x45, 0xf8, 0xff, 0x45, 0xfc, 0xeb, 0xe6, 0x83, 0x65,
  0xf4, 0x00, 0xeb, 0x00, 0x8b, 0x45, 0xf4, 0xc9, 0xc3, 0x8d, 0x76, 0x00,
  0xc8, 0x0c, 0x00, 0x00, 0x83, 0x65, 0xfc, 0x00, 0x8b, 0x45, 0x08, 0x39,
  0x45, 0xfc, 0x73, 0x0c, 0x90, 0x8b, 0x45, 0xfc, 0x89, 0x45, 0xf8, 0xff,
  0x45, 0xfc, 0xeb, 0xec, 0x83, 0x65, 0xf4, 0x00, 0xeb, 0x00, 0x8b, 0x45,
  0xf4, 0xc9, 0xc3, 0x00, 0x00, 0x00, 0x00, 0x00, 0x00, 0x00, 0x00, 0x00,
  0x00, 0x00, 0x00, 0x00, 0x00, 0x00, 0x00, 0x00, 0x00, 0x00, 0x00, 0x00,
  0x00, 0x00, 0x00, 0x00, 0x00, 0x00, 0x00, 0x00, 0x00, 0x00, 0x00, 0x00,
  0x00, 0x00, 0x00, 0x00, 0x00, 0x00, 0x00, 0x00, 0x00, 0x00, 0x00, 0x00,
  0x00, 0x00, 0x00, 0x00, 0x00, 0x00, 0x00, 0x00, 0x00, 0x00, 0x00, 0x00,
  0x00, 0x00, 0x00, 0x00, 0x00, 0x00, 0x00, 0x00, 0x00, 0x00, 0x00, 0x00,
  0x00, 0x00, 0x00, 0x00, 0x00, 0x00, 0x00, 0x00, 0x00, 0x00, 0x00, 0x00,
  0x00, 0x00, 0x00, 0x00, 0x00, 0x00, 0x00, 0x00, 0x00, 0x00, 0x00, 0x00,
  0x00, 0x00, 0x00, 0x00, 0x00, 0x00, 0x00, 0x00, 0x00, 0x00, 0x00, 0x00,
  0x00, 0x00, 0x00, 0x00, 0x00, 0x00, 0x00, 0x00, 0x00, 0x00, 0x00, 0x00,
  0x00, 0x00, 0x00, 0x00, 0x00, 0x00, 0x00, 0x00, 0x00, 0x00, 0x00, 0x00,
  0x00, 0x00, 0x00, 0x00, 0x00, 0x00, 0x00, 0x00, 0x00, 0x00, 0x00, 0x00,
  0x00, 0x00, 0x00, 0x00, 0x00, 0x00, 0x00, 0x00, 0x00, 0x00, 0x00, 0x00,
  0x00, 0x00, 0x00, 0x00, 0x00, 0x00, 0x00, 0x00, 0x00, 0x00, 0x00, 0x00,
  0x00, 0x00, 0x00, 0x00, 0x00, 0x00, 0x00, 0x00, 0x00, 0x00, 0x00, 0x00,
  0x00, 0x00, 0x00, 0x00, 0x00, 0x00, 0x00, 0x00, 0x00, 0x00, 0x00, 0x00,
  0x00, 0x00, 0x00, 0x00, 0x00, 0x00, 0x00, 0x00, 0x00, 0x00, 0x00, 0x00,
  0x00, 0x00, 0x00, 0x00, 0x00, 0x00, 0x00, 0x00, 0x00, 0x00, 0x00, 0x00,
  0x00, 0x00, 0x00, 0x00, 0x00, 0x00, 0x00, 0x00, 0x00, 0x00, 0x00, 0x00,
  0x00, 0x00, 0x00, 0x00, 0x00, 0x00, 0x00, 0x00, 0x00, 0x00, 0x00, 0x00,
  0x00, 0x00, 0x00, 0x00, 0x00, 0x00, 0x00, 0x00, 0x00, 0x00, 0x00, 0x00,
  0x00, 0x00, 0x00, 0x00, 0x00, 0x00, 0x00, 0x00, 0x00, 0x00, 0x00, 0x00,
  0x00, 0x00, 0x00, 0x00, 0x00, 0x00, 0x00, 0x00, 0x00, 0x00, 0x00, 0x00,
  0x00, 0x00, 0x00, 0x00, 0x00, 0x00, 0x00, 0x00, 0x00, 0x00, 0x00, 0x00,
  0x00, 0x00, 0x00, 0x00, 0x00, 0x00, 0x00, 0x00, 0x00, 0x00, 0x00, 0x00,
  0x00, 0x00, 0x00, 0x00, 0x00, 0x00, 0x00, 0x00, 0x00, 0x00, 0x00, 0x00,
  0x00, 0x00, 0x00, 0x00, 0x00, 0x00, 0x00, 0x00, 0x00, 0x00, 0x00, 0x00,
  0x00, 0x00, 0x00, 0x00, 0x00, 0x00, 0x00, 0x00, 0x00, 0x00, 0x00, 0x00,
  0x00, 0x00, 0x00, 0x00, 0x00, 0x00, 0x00, 0x00, 0x00, 0x00, 0x00, 0x00,
  0x00, 0x00, 0x00, 0x00, 0x00, 0x00, 0x00, 0x00, 0x00, 0x00, 0x00, 0x00,
  0x00, 0x00, 0x00, 0x00, 0x00, 0x00, 0x00, 0x00, 0x00, 0x00, 0x00, 0x00,
  0x00, 0x00, 0x00, 0x00, 0x00, 0x00, 0x00, 0x00, 0x00, 0x00, 0x00, 0x00,
  0x00, 0x00, 0x00, 0x00, 0x00, 0x00, 0x00, 0x00, 0x00, 0x00, 0x00, 0x00,
  0x00, 0x00, 0x00, 0x00, 0x00, 0x00, 0x00, 0x00, 0x00, 0x00, 0x00, 0x00,
  0x00, 0x00, 0x00, 0x00, 0x00, 0x00, 0x00, 0x00, 0x00, 0x00, 0x00, 0x00,
  0x00, 0x00, 0x00, 0x00, 0x00, 0x00, 0x00, 0x00, 0x00, 0x00, 0x00, 0x00,
  0x00, 0x00, 0x00, 0x00, 0x00, 0x00, 0x00, 0x00, 0x00, 0x00, 0x00, 0x00,
  0x00, 0x00, 0x00, 0x00, 0x00, 0x00, 0x00, 0x00, 0x00, 0x00, 0x00, 0x00,
  0x00, 0x00, 0x00, 0x00, 0x00, 0x00, 0x00, 0x00, 0x00, 0x00, 0x00, 0x00,
  0x00, 0x00, 0x00, 0x00, 0x00, 0x00, 0x00, 0x00, 0x00, 0x00, 0x00, 0x00,
  0x00, 0x00, 0x00, 0x00, 0x00, 0x00, 0x00, 0x00, 0x00, 0x00, 0x00, 0x00,
  0x00, 0x00, 0x00, 0x00, 0x00, 0x00, 0x00, 0x00, 0x00, 0x00, 0x00, 0x00,
  0x00, 0x00, 0x00, 0x00, 0x00, 0x00, 0x00, 0x00, 0x00, 0x00, 0x00, 0x00,
  0x00, 0x00, 0x00, 0x00, 0x00, 0x00, 0x00, 0x00, 0x00, 0x00, 0x00, 0x00,
  0x00, 0x00, 0x00, 0x00, 0x00, 0x00, 0x00, 0x00, 0x00, 0x00, 0x00, 0x00,
  0x00, 0x00, 0x00, 0x00, 0x00, 0x00, 0x00, 0x00, 0x00, 0x00, 0x00, 0x00,
  0x00, 0x00, 0x00, 0x00, 0x00, 0x00, 0x00, 0x00, 0x00, 0x00, 0x00, 0x00,
  0x00, 0x00, 0x00, 0x00, 0x00, 0x00, 0x00, 0x00, 0x00, 0x00, 0x00, 0x00,
  0x00, 0x00, 0x00, 0x00, 0x00, 0x00, 0x00, 0x00, 0x00, 0x00, 0x00, 0x00,
  0x00, 0x00, 0x00, 0x00, 0x00, 0x00, 0x00, 0x00, 0x00, 0x00, 0x00, 0x00,
  0x00, 0x00, 0x00, 0x00, 0x00, 0x00, 0x00, 0x00, 0x00, 0x00, 0x00, 0x00,
  0x00, 0x00, 0x00, 0x00, 0x00, 0x00, 0x00, 0x00, 0x00, 0x00, 0x00, 0x00,
  0x00, 0x00, 0x00, 0x00, 0x00, 0x00, 0x00, 0x00, 0x00, 0x00, 0x00, 0x00,
  0x00, 0x00, 0x00, 0x00, 0x00, 0x00, 0x00, 0x00, 0x00, 0x00, 0x00, 0x00,
  0x00, 0x00, 0x00, 0x00, 0x00, 0x00, 0x00, 0x00, 0x00, 0x00, 0x00, 0x00,
  0x00, 0x00, 0x00, 0x00, 0x00, 0x00, 0x00, 0x00, 0x00, 0x00, 0x00, 0x00,
  0x00, 0x00, 0x00, 0x00, 0x00, 0x00, 0x00, 0x00, 0x00, 0x00, 0x00, 0x00,
  0x00, 0x00, 0x00, 0x00, 0x00, 0x00, 0x00, 0x00, 0x00, 0x00, 0x00, 0x00,
  0x00, 0x00, 0x00, 0x00, 0x00, 0x00, 0x00, 0x00, 0x00, 0x00, 0x00, 0x00,
  0x00, 0x00, 0x00, 0x00, 0x00, 0x00, 0x00, 0x00, 0x00, 0x00, 0x00, 0x00,
  0x00, 0x00, 0x00, 0x00, 0x00, 0x00, 0x00, 0x00, 0x00, 0x00, 0x00, 0x00,
  0x00, 0x00, 0x00, 0x00, 0x00, 0x00, 0x00, 0x00, 0x00, 0x00, 0x00, 0x00,
  0x00, 0x00, 0x00, 0x00, 0x00, 0x00, 0x00, 0x00, 0x00, 0x00, 0x00, 0x00,
  0x00, 0x00, 0x00, 0x00, 0x00, 0x00, 0x00, 0x00, 0x00, 0x00, 0x00, 0x00,
  0x00, 0x00, 0x00, 0x00, 0x00, 0x00, 0x00, 0x00, 0x00, 0x00, 0x00, 0x00,
  0x00, 0x00, 0x00, 0x00, 0x00, 0x00, 0x00, 0x00, 0x00, 0x00, 0x00, 0x00,
  0x00, 0x00, 0x00, 0x00, 0x00, 0x00, 0x00, 0x00, 0x00, 0x00, 0x00, 0x00,
  0x00, 0x00, 0x00, 0x00, 0x00, 0x00, 0x00, 0x00, 0x00, 0x00, 0x00, 0x00,
  0x00, 0x00, 0x00, 0x00, 0x00, 0x00, 0x00, 0x00, 0x00, 0x00, 0x00, 0x00,
  0x00, 0x00, 0x00, 0x00, 0x00, 0x00, 0x00, 0x00, 0x00, 0x00, 0x00, 0x00,
  0x00, 0x00, 0x00, 0x00, 0x00, 0x00, 0x00, 0x00, 0x00, 0x00, 0x00, 0x00,
  0x00, 0x00, 0x00, 0x00, 0x00, 0x00, 0x00, 0x00, 0x00, 0x00, 0x00, 0x00,
  0x00, 0x00, 0x00, 0x00, 0x00, 0x00, 0x00, 0x00, 0x00, 0x00, 0x00, 0x00,
  0x00, 0x00, 0x00, 0x00, 0x00, 0x00, 0x00, 0x00, 0x00, 0x00, 0x00, 0x00,
  0x00, 0x00, 0x00, 0x00, 0x00, 0x00, 0x00, 0x00, 0x00, 0x00, 0x00, 0x00,
  0x00, 0x00, 0x00, 0x00, 0x00, 0x00, 0x00, 0x00, 0x00, 0x00, 0x00, 0x00,
  0x00, 0x00, 0x00, 0x00, 0x00, 0x00, 0x00, 0x00, 0x00, 0x00, 0x00, 0x00,
  0x00, 0x00, 0x00, 0x00, 0x00, 0x00, 0x00, 0x00, 0x00, 0x00, 0x00, 0x00,
  0x00, 0x00, 0x00, 0x00, 0x00, 0x00, 0x00, 0x00, 0x00, 0x00, 0x00, 0x00,
  0x00, 0x00, 0x00, 0x00, 0x00, 0x00, 0x00, 0x00, 0x00, 0x00, 0x00, 0x00,
  0x00, 0x00, 0x00, 0x00, 0x00, 0x00, 0x00, 0x00, 0x65, 0x78, 0x74, 0x65,
  0x72, 0x6e, 0x20, 0x69, 0x6e, 0x74, 0x20, 0x5f, 0x72, 0x74, 0x73, 0x79,
  0x73, 0x33, 0x28, 0x69, 0x6e, 0x74, 0x20, 0x61, 0x2c, 0x20, 0x69, 0x6e,
  0x74, 0x20, 0x62, 0x2c, 0x20, 0x69, 0x6e, 0x74, 0x20, 0x63, 0x2c, 0x20,
  0x69, 0x6e, 0x74, 0x20, 0x64, 0x29, 0x3b, 0x0a, 0x73, 0x74, 0x61, 0x74,
  0x69, 0x63, 0x20, 0x69, 0x6e, 0x74, 0x20, 0x5f, 0x77, 0x72, 0x28, 0x69,
  0x6e, 0x74, 0x20, 0x66, 0x64, 0x2c, 0x20, 0x63, 0x68, 0x61, 0x72, 0x20,
  0x2a, 0x62, 0x75, 0x66, 0x2c, 0x20, 0x69, 0x6e, 0x74, 0x20, 0x6e, 0x29,
  0x20, 0x7b, 0x20, 0x72, 0x65, 0x74, 0x75, 0x72, 0x6e, 0x20, 0x5f, 0x72,
  0x74, 0x73, 0x79, 0x73, 0x33, 0x28, 0x25, 0x64, 0x2c, 0x20, 0x66, 0x64,
  0x2c, 0x20, 0x62, 0x75, 0x66, 0x2c, 0x20, 0x6e, 0x29, 0x3b, 0x20, 0x7d,
  0x0a, 0x73, 0x74, 0x61, 0x74, 0x69, 0x63, 0x20, 0x69, 0x6e, 0x74, 0x20,
  0x5f, 0x77, 0x72, 0x63, 0x68, 0x28, 0x69, 0x6e, 0x74, 0x20, 0x63, 0x29,
  0x20, 0x7b, 0x20, 0x63, 0x68, 0x61, 0x72, 0x20, 0x62, 0x5b, 0x32, 0x5d,
  0x3b, 0x20, 0x62, 0x5b, 0x30, 0x5d, 0x20, 0x3d, 0x20, 0x63, 0x3b, 0x20,
  0x72, 0x65, 0x74, 0x75, 0x72, 0x6e, 0x20, 0x5f, 0x77, 0x72, 0x28, 0x31,
  0x2c, 0x20, 0x62, 0x2c, 0x20, 0x31, 0x29, 0x3b, 0x20, 0x7d, 0x0a, 0x69,
  0x6e, 0x74, 0x20, 0x70, 0x75, 0x74, 0x63, 0x68, 0x61, 0x72, 0x28, 0x69,
  0x6e, 0x74, 0x20, 0x63, 0x29, 0x20, 0x7b, 0x20, 0x72, 0x65, 0x74, 0x75,
  0x72, 0x6e, 0x20, 0x5f, 0x77, 0x72, 0x63, 0x68, 0x28, 0x63, 0x29, 0x3b,
  0x20, 0x7d, 0x0a, 0x69, 0x6e, 0x74, 0x20, 0x70, 0x75, 0x74, 0x73, 0x74,
  0x72, 0x28, 0x63, 0x68, 0x61, 0x72, 0x20, 0x2a, 0x73, 0x29, 0x20, 0x7b,
  0x20, 0x77, 0x68, 0x69, 0x6c, 0x65, 0x20, 0x28, 0x2a, 0x73, 0x29, 0x20,
  0x7b, 0x20, 0x5f, 0x77, 0x72, 0x63, 0x68, 0x28, 0x2a, 0x73, 0x29, 0x3b,
  0x20, 0x73, 0x20, 0x3d, 0x20, 0x73, 0x20, 0x2b, 0x20, 0x31, 0x3b, 0x20,
  0x7d, 0x20, 0x72, 0x65, 0x74, 0x75, 0x72, 0x6e, 0x20, 0x30, 0x3b, 0x20,
  0x7d, 0x0a, 0x69, 0x6e, 0x74, 0x20, 0x70, 0x75, 0x74, 0x73, 0x28, 0x63,
  0x68, 0x61, 0x72, 0x20, 0x2a, 0x73, 0x29, 0x20, 0x7b, 0x20, 0x70, 0x75,
  0x74, 0x73, 0x74, 0x72, 0x28, 0x73, 0x29, 0x3b, 0x20, 0x72, 0x65, 0x74,
  0x75, 0x72, 0x6e, 0x20, 0x5f, 0x77, 0x72, 0x63, 0x68, 0x28, 0x31, 0x30,
  0x29, 0x3b, 0x20, 0x7d, 0x0a, 0x69, 0x6e, 0x74, 0x20, 0x70, 0x75, 0x74,
  0x64, 0x65, 0x63, 0x28, 0x69, 0x6e, 0x74, 0x20, 0x76, 0x29, 0x20, 0x7b,
  0x20, 0x63, 0x68, 0x61, 0x72, 0x20, 0x64, 0x5b, 0x31, 0x36, 0x5d, 0x3b,
  0x20, 0x69, 0x6e, 0x74, 0x20, 0x69, 0x3b, 0x20, 0x69, 0x6e, 0x74, 0x20,
  0x6e, 0x65, 0x67, 0x3b, 0x0a, 0x69, 0x20, 0x3d, 0x20, 0x30, 0x3b, 0x20,
  0x6e, 0x65, 0x67, 0x20, 0x3d, 0x20, 0x30, 0x3b, 0x0a, 0x69, 0x66, 0x20,
  0x28, 0x76, 0x20, 0x3c, 0x20, 0x30, 0x29, 0x20, 0x7b, 0x20, 0x6e, 0x65,
  0x67, 0x20, 0x3d, 0x20, 0x31, 0x3b, 0x20, 0x76, 0x20, 0x3d, 0x20, 0x30,
  0x20, 0x2d, 0x20, 0x76, 0x3b, 0x20, 0x7d, 0x0a, 0x77, 0x68, 0x69, 0x6c,
  0x65, 0x20, 0x28, 0x76, 0x20, 0x3e, 0x20, 0x30, 0x29, 0x20, 0x7b, 0x20,
  0x64, 0x5b, 0x69, 0x5d, 0x20, 0x3d, 0x20, 0x34, 0x38, 0x20, 0x2b, 0x20,
  0x76, 0x20, 0x25, 0x25, 0x20, 0x31, 0x30, 0x3b, 0x20, 0x69, 0x20, 0x3d,
  0x20, 0x69, 0x20, 0x2b, 0x20, 0x31, 0x3b, 0x20, 0x76, 0x20, 0x3d, 0x20,
  0x76, 0x20, 0x2f, 0x20, 0x31, 0x30, 0x3b, 0x20, 0x7d, 0x0a, 0x69, 0x66,
  0x20, 0x28, 0x69, 0x20, 0x3d, 0x3d, 0x20, 0x30, 0x29, 0x20, 0x7b, 0x20,
  0x64, 0x5b, 0x69, 0x5d, 0x20, 0x3d, 0x20, 0x34, 0x38, 0x3b, 0x20, 0x69,
  0x20, 0x3d, 0x20, 0x69, 0x20, 0x2b, 0x20, 0x31, 0x3b, 0x20, 0x7d, 0x0a,
  0x69, 0x66, 0x20, 0x28, 0x6e, 0x65, 0x67, 0x29, 0x20, 0x7b, 0x20, 0x5f,
  0x77, 0x72, 0x63, 0x68, 0x28, 0x27, 0x2d, 0x27, 0x29, 0x3b, 0x20, 0x7d,
  0x0a, 0x77, 0x68, 0x69, 0x6c, 0x65, 0x20, 0x28, 0x69, 0x20, 0x3e, 0x20,
  0x30, 0x29, 0x20, 0x7b, 0x20, 0x69, 0x20, 0x3d, 0x20, 0x69, 0x20, 0x2d,
  0x20, 0x31, 0x3b, 0x20, 0x5f, 0x77, 0x72, 0x63, 0x68, 0x28, 0x64, 0x5b,
  0x69, 0x5d, 0x29, 0x3b, 0x20, 0x7d, 0x0a, 0x72, 0x65, 0x74, 0x75, 0x72,
  0x6e, 0x20, 0x30, 0x3b, 0x20, 0x7d, 0x0a, 0x69, 0x6e, 0x74, 0x20, 0x70,
  0x75, 0x74, 0x68, 0x65, 0x78, 0x28, 0x69, 0x6e, 0x74, 0x20, 0x76, 0x29,
  0x20, 0x7b, 0x20, 0x69, 0x6e, 0x74, 0x20, 0x69, 0x3b, 0x20, 0x69, 0x6e,
  0x74, 0x20, 0x68, 0x3b, 0x20, 0x69, 0x6e, 0x74, 0x20, 0x63, 0x3b, 0x0a,
  0x66, 0x6f, 0x72, 0x20, 0x28, 0x69, 0x20, 0x3d, 0x20, 0x30, 0x3b, 0x20,
  0x69, 0x20, 0x3c, 0x20, 0x38, 0x3b, 0x20, 0x69, 0x20, 0x3d, 0x20, 0x69,
  0x20, 0x2b, 0x20, 0x31, 0x29, 0x20, 0x7b, 0x20, 0x68, 0x20, 0x3d, 0x20,
  0x28, 0x76, 0x20, 0x3e, 0x3e, 0x20, 0x28, 0x32, 0x38, 0x20, 0x2d, 0x20,
  0x69, 0x20, 0x2a, 0x20, 0x34, 0x29, 0x29, 0x20, 0x26, 0x20, 0x31, 0x35,
  0x3b, 0x20, 0x69, 0x66, 0x20, 0x28, 0x68, 0x20, 0x3c, 0x20, 0x31, 0x30,
  0x29, 0x20, 0x7b, 0x20, 0x63, 0x20, 0x3d, 0x20, 0x34, 0x38, 0x20, 0x2b,
  0x20, 0x68, 0x3b, 0x20, 0x7d, 0x20, 0x65, 0x6c, 0x73, 0x65, 0x20, 0x7b,
  0x20, 0x63, 0x20, 0x3d, 0x20, 0x39, 0x37, 0x20, 0x2b, 0x20, 0x68, 0x20,
  0x2d, 0x20, 0x31, 0x30, 0x3b, 0x20, 0x7d, 0x20, 0x5f, 0x77, 0x72, 0x63,
  0x68, 0x28, 0x63, 0x29, 0x3b, 0x20, 0x7d, 0x0a, 0x72, 0x65, 0x74, 0x75,
  0x72, 0x6e, 0x20, 0x30, 0x3b, 0x20, 0x7d, 0x0a, 0x00, 0x30, 0x31, 0x32,
  0x33, 0x34, 0x35, 0x36, 0x37, 0x38, 0x39, 0x61, 0x62, 0x63, 0x64, 0x65,
  0x66, 0x00, 0x30, 0x31, 0x32, 0x33, 0x34, 0x35, 0x36, 0x37, 0x38, 0x39,
  0x61, 0x62, 0x63, 0x64, 0x65, 0x66, 0x00, 0x70, 0x63, 0x63, 0x3a, 0x20,
  0x25, 0x73, 0x20, 0x2d, 0x3e, 0x20, 0x25, 0x73, 0x20, 0x28, 0x25, 0x64,
  0x20, 0x62, 0x79, 0x74, 0x65, 0x73, 0x2c, 0x20, 0x62, 0x75, 0x69, 0x6c,
  0x64, 0x20, 0x73, 0x61, 0x6c, 0x74, 0x20, 0x25, 0x73, 0x29, 0x0a, 0x00,
  0x70, 0x63, 0x63, 0x3a, 0x20, 0x63, 0x61, 0x6e, 0x6e, 0x6f, 0x74, 0x20,
  0x77, 0x72, 0x69, 0x74, 0x65, 0x20, 0x27, 0x25, 0x73, 0x27, 0x0a, 0x00,
  0x70, 0x63, 0x63, 0x3a, 0x20, 0x75, 0x6e, 0x64, 0x65, 0x66, 0x69, 0x6e,
  0x65, 0x64, 0x20, 0x73, 0x79, 0x6d, 0x62, 0x6f, 0x6c, 0x20, 0x69, 0x6e,
  0x20, 0x27, 0x25, 0x73, 0x27, 0x0a, 0x00, 0x70, 0x63, 0x63, 0x3a, 0x20,
  0x25, 0x73, 0x3a, 0x25, 0x64, 0x3a, 0x20, 0x70, 0x61, 0x72, 0x73, 0x65,
  0x20, 0x65, 0x72, 0x72, 0x6f, 0x72, 0x0a, 0x00, 0x70, 0x63, 0x63, 0x3a,
  0x20, 0x72, 0x75, 0x6e, 0x74, 0x69, 0x6d, 0x65, 0x20, 0x63, 0x6f, 0x6d,
  0x70, 0x69, 0x6c, 0x65, 0x20, 0x65, 0x72, 0x72, 0x6f, 0x72, 0x20, 0x28,
  0x6c, 0x69, 0x6e, 0x65, 0x20, 0x25, 0x64, 0x29, 0x0a, 0x00, 0x50, 0x43,
  0x43, 0x53, 0x41, 0x4c, 0x54, 0x3a, 0x00, 0x70, 0x63, 0x63, 0x3a, 0x20,
  0x65, 0x6d, 0x70, 0x74, 0x79, 0x20, 0x73, 0x6f, 0x75, 0x72, 0x63, 0x65,
  0x20, 0x66, 0x69, 0x6c, 0x65, 0x0a, 0x00, 0x70, 0x63, 0x63, 0x3a, 0x20,
  0x63, 0x61, 0x6e, 0x6e, 0x6f, 0x74, 0x20, 0x6f, 0x70, 0x65, 0x6e, 0x20,
  0x27, 0x25, 0x73, 0x27, 0x0a, 0x00, 0x70, 0x63, 0x63, 0x3a, 0x20, 0x75,
  0x6e, 0x6b, 0x6e, 0x6f, 0x77, 0x6e, 0x20, 0x6f, 0x70, 0x74, 0x69, 0x6f,
  0x6e, 0x20, 0x27, 0x25, 0x73, 0x27, 0x0a, 0x00, 0x2d, 0x2d, 0x68, 0x65,
  0x6c, 0x70, 0x00, 0x2d, 0x68, 0x00, 0x2d, 0x6f, 0x00, 0x2d, 0x2d, 0x76,
  0x65, 0x72, 0x73, 0x69, 0x6f, 0x6e, 0x00, 0x2d, 0x76, 0x00, 0x61, 0x2e,
  0x6f, 0x75, 0x74, 0x00, 0x20, 0x20, 0x2d, 0x68, 0x20, 0x20, 0x20, 0x20,
  0x20, 0x20, 0x20, 0x20, 0x20, 0x20, 0x73, 0x68, 0x6f, 0x77, 0x20, 0x74,
  0x68, 0x69, 0x73, 0x20, 0x68, 0x65, 0x6c, 0x70, 0x0a, 0x00, 0x20, 0x20,
  0x2d, 0x6f, 0x20, 0x3c, 0x66, 0x69, 0x6c, 0x65, 0x3e, 0x20, 0x20, 0x20,
  0x77, 0x72, 0x69, 0x74, 0x65, 0x20, 0x6f, 0x75, 0x74, 0x70, 0x75, 0x74,
  0x20, 0x74, 0x6f, 0x20, 0x3c, 0x66, 0x69, 0x6c, 0x65, 0x3e, 0x20, 0x28,
  0x64, 0x65, 0x66, 0x61, 0x75, 0x6c, 0x74, 0x3a, 0x20, 0x61, 0x2e, 0x6f,
  0x75, 0x74, 0x29, 0x0a, 0x00, 0x20, 0x20, 0x2d, 0x76, 0x20, 0x20, 0x20,
  0x20, 0x20, 0x20, 0x20, 0x20, 0x20, 0x20, 0x70, 0x72, 0x69, 0x6e, 0x74,
  0x20, 0x76, 0x65, 0x72, 0x73, 0x69, 0x6f, 0x6e, 0x20, 0x69, 0x6e, 0x66,
  0x6f, 0x72, 0x6d, 0x61, 0x74, 0x69, 0x6f, 0x6e, 0x0a, 0x00, 0x75, 0x73,
  0x61, 0x67, 0x65, 0x3a, 0x20, 0x70, 0x63, 0x63, 0x20, 0x5b, 0x6f, 0x70,
  0x74, 0x69, 0x6f, 0x6e, 0x73, 0x5d, 0x20, 0x66, 0x69, 0x6c, 0x65, 0x2e,
  0x63, 0x0a, 0x00, 0x43, 0x6f, 0x70, 0x79, 0x72, 0x69, 0x67, 0x68, 0x74,
  0x20, 0x28, 0x63, 0x29, 0x20, 0x32, 0x30, 0x32, 0x36, 0x20, 0x59, 0x61,
  0x6b, 0x75, 0x20, 0x4d, 0x61, 0x6b, 0x6b, 0x69, 0x0a, 0x00, 0x0a, 0x00,
  0x20, 0x20, 0x6f, 0x75, 0x74, 0x70, 0x75, 0x74, 0x3a, 0x20, 0x20, 0x73,
  0x74, 0x61, 0x74, 0x69, 0x63, 0x20, 0x45, 0x4c, 0x46, 0x33, 0x32, 0x20,
  0x65, 0x78, 0x65, 0x63, 0x75, 0x74, 0x61, 0x62, 0x6c, 0x65, 0x73, 0x20,
  0x61, 0x74, 0x20, 0x00, 0x20, 0x20, 0x62, 0x61, 0x63, 0x6b, 0x65, 0x6e,
  0x64, 0x3a, 0x20, 0x4d, 0x34, 0x4b, 0x4b, 0x31, 0x20, 0x73, 0x65, 0x6c,
  0x66, 0x2d, 0x68, 0x6f, 0x73, 0x74, 0x65, 0x64, 0x20, 0x43, 0x20, 0x63,
  0x6f, 0x6d, 0x70, 0x69, 0x6c, 0x65, 0x72, 0x20, 0x28, 0x43, 0x20, 0x73,
  0x75, 0x62, 0x73, 0x65, 0x74, 0x29, 0x0a, 0x00, 0x69, 0x33, 0x38, 0x36,
  0x2d, 0x70, 0x63, 0x2d, 0x6d, 0x34, 0x6b, 0x6b, 0x31, 0x00, 0x31, 0x2e,
  0x32, 0x2e, 0x30, 0x2e, 0x44, 0x45, 0x56, 0x45, 0x4c, 0x00, 0x70, 0x63,
  0x63, 0x20, 0x25, 0x73, 0x20, 0x28, 0x25, 0x73, 0x29, 0x0a, 0x00, 0x25,
  0x73, 0x00, 0x2f, 0x74, 0x6d, 0x70, 0x2f, 0x70, 0x63, 0x63, 0x2e, 0x63,
  0x6d, 0x64, 0x00, 0x2e, 0x73, 0x68, 0x73, 0x74, 0x72, 0x74, 0x61, 0x62,
  0x00, 0x2e, 0x74, 0x65, 0x78, 0x74, 0x00, 0x2e, 0x72, 0x6f, 0x64, 0x61,
  0x74, 0x61, 0x00, 0x2e, 0x64, 0x61, 0x74, 0x61, 0x00, 0x2e, 0x62, 0x73,
  0x73, 0x00, 0x6d, 0x61, 0x69, 0x6e, 0x00, 0x5f, 0x72, 0x74, 0x73, 0x79,
  0x73, 0x31, 0x00, 0x5f, 0x72, 0x74, 0x73, 0x79, 0x73, 0x33, 0x00, 0x5f,
  0x73, 0x74, 0x61, 0x72, 0x74, 0x00, 0x01, 0x73, 0x74, 0x72, 0x00, 0x65,
  0x78, 0x74, 0x65, 0x72, 0x6e, 0x00, 0x73, 0x69, 0x67, 0x6e, 0x65, 0x64,
  0x00, 0x73, 0x68, 0x6f, 0x72, 0x74, 0x00, 0x6c, 0x6f, 0x6e, 0x67, 0x00,
  0x76, 0x6f, 0x6c, 0x61, 0x74, 0x69, 0x6c, 0x65, 0x00, 0x72, 0x65, 0x67,
  0x69, 0x73, 0x74, 0x65, 0x72, 0x00, 0x75, 0x6e, 0x73, 0x69, 0x67, 0x6e,
  0x65, 0x64, 0x00, 0x73, 0x74, 0x61, 0x74, 0x69, 0x63, 0x00, 0x63, 0x6f,
  0x6e, 0x73, 0x74, 0x00, 0x28, 0x29, 0x7b, 0x7d, 0x5b, 0x5d, 0x3b, 0x2c,
  0x3d, 0x2b, 0x2d, 0x2a, 0x2f, 0x25, 0x26, 0x7c, 0x5e, 0x21, 0x7e, 0x3c,
  0x3e, 0x3f, 0x00, 0x2b, 0x2d, 0x2a, 0x2f, 0x25, 0x26, 0x7c, 0x5e, 0x00,
  0x3e, 0x3e, 0x3d, 0x00, 0x3c, 0x3c, 0x3d, 0x00, 0x21, 0x3d, 0x00, 0x3d,
  0x3d, 0x00, 0x3e, 0x3d, 0x00, 0x3c, 0x3d, 0x00, 0x3e, 0x3e, 0x00, 0x3c,
  0x3c, 0x00, 0x7c, 0x7c, 0x00, 0x26, 0x26, 0x00, 0x76, 0x6f, 0x69, 0x64,
  0x00, 0x63, 0x68, 0x61, 0x72, 0x00, 0x69, 0x6e, 0x74, 0x00, 0x63, 0x6f,
  0x6e, 0x74, 0x69, 0x6e, 0x75, 0x65, 0x00, 0x62, 0x72, 0x65, 0x61, 0x6b,
  0x00, 0x66, 0x6f, 0x72, 0x00, 0x77, 0x68, 0x69, 0x6c, 0x65, 0x00, 0x65,
  0x6c, 0x73, 0x65, 0x00, 0x69, 0x66, 0x00, 0x72, 0x65, 0x74, 0x75, 0x72,
  0x6e, 0x00, 0x28, 0x6e, 0x75, 0x6c, 0x6c, 0x29, 0x00, 0x55, 0x6e, 0x6b,
  0x6e, 0x6f, 0x77, 0x6e, 0x20, 0x65, 0x72, 0x72, 0x6f, 0x72, 0x00, 0x49,
  0x6e, 0x76, 0x61, 0x6c, 0x69, 0x64, 0x20, 0x61, 0x72, 0x67, 0x75, 0x6d,
  0x65, 0x6e, 0x74, 0x00, 0x46, 0x69, 0x6c, 0x65, 0x20, 0x65, 0x78, 0x69,
  0x73, 0x74, 0x73, 0x00, 0x50, 0x65, 0x72, 0x6d, 0x69, 0x73, 0x73, 0x69,
  0x6f, 0x6e, 0x20, 0x64, 0x65, 0x6e, 0x69, 0x65, 0x64, 0x00, 0x4f, 0x75,
  0x74, 0x20, 0x6f, 0x66, 0x20, 0x6d, 0x65, 0x6d, 0x6f, 0x72, 0x79, 0x00,
  0x49, 0x2f, 0x4f, 0x20, 0x65, 0x72, 0x72, 0x6f, 0x72, 0x00, 0x49, 0x6e,
  0x74, 0x65, 0x72, 0x72, 0x75, 0x70, 0x74, 0x65, 0x64, 0x20, 0x73, 0x79,
  0x73, 0x74, 0x65, 0x6d, 0x20, 0x63, 0x61, 0x6c, 0x6c, 0x00, 0x4e, 0x6f,
  0x20, 0x73, 0x75, 0x63, 0x68, 0x20, 0x70, 0x72, 0x6f, 0x63, 0x65, 0x73,
  0x73, 0x00, 0x4e, 0x6f, 0x20, 0x73, 0x75, 0x63, 0x68, 0x20, 0x66, 0x69,
  0x6c, 0x65, 0x20, 0x6f, 0x72, 0x20, 0x64, 0x69, 0x72, 0x65, 0x63, 0x74,
  0x6f, 0x72, 0x79, 0x00, 0x4f, 0x70, 0x65, 0x72, 0x61, 0x74, 0x69, 0x6f,
  0x6e, 0x20, 0x6e, 0x6f, 0x74, 0x20, 0x70, 0x65, 0x72, 0x6d, 0x69, 0x74,
  0x74, 0x65, 0x64, 0x00, 0x53, 0x75, 0x63, 0x63, 0x65, 0x73, 0x73, 0x00,
  0x00, 0x00, 0x00, 0x00, 0x00, 0x00, 0x00, 0x00, 0x00, 0x00, 0x00, 0x00,
  0x00, 0x00, 0x00, 0x00, 0x00, 0x00, 0x00, 0x00, 0x00, 0x00, 0x00, 0x00,
  0x00, 0x00, 0x00, 0x00, 0x00, 0x00, 0x00, 0x00, 0x00, 0x00, 0x00, 0x00,
  0x00, 0x00, 0x00, 0x00, 0x00, 0x00, 0x00, 0x00, 0x00, 0x00, 0x00, 0x00,
  0x00, 0x00, 0x00, 0x00, 0x00, 0x00, 0x00, 0x00, 0x00, 0x00, 0x00, 0x00,
  0x00, 0x00, 0x00, 0x00, 0x00, 0x00, 0x00, 0x00, 0x00, 0x00, 0x00, 0x00,
  0x00, 0x00, 0x00, 0x00, 0x00, 0x00, 0x00, 0x00, 0x00, 0x00, 0x00, 0x00,
  0x00, 0x00, 0x00, 0x00, 0x00, 0x00, 0x00, 0x00, 0x00, 0x00, 0x00, 0x00,
  0x00, 0x00, 0x00, 0x00, 0x00, 0x00, 0x00, 0x00, 0x00, 0x00, 0x00, 0x00,
  0x00, 0x00, 0x00, 0x00, 0x00, 0x00, 0x00, 0x00, 0x00, 0x00, 0x00, 0x00,
  0x00, 0x00, 0x00, 0x00, 0x00, 0x00, 0x00, 0x00, 0x00, 0x00, 0x00, 0x00,
  0x00, 0x00, 0x00, 0x00, 0x00, 0x00, 0x00, 0x00, 0x00, 0x00, 0x00, 0x00,
  0x00, 0x00, 0x00, 0x00, 0x00, 0x00, 0x00, 0x00, 0x00, 0x00, 0x00, 0x00,
  0x00, 0x00, 0x00, 0x00, 0x00, 0x00, 0x00, 0x00, 0x00, 0x00, 0x00, 0x00,
  0x00, 0x00, 0x00, 0x00, 0x00, 0x00, 0x00, 0x00, 0x00, 0x00, 0x00, 0x00,
  0x00, 0x00, 0x00, 0x00, 0x00, 0x00, 0x00, 0x00, 0x00, 0x00, 0x00, 0x00,
  0x00, 0x00, 0x00, 0x00, 0x00, 0x00, 0x00, 0x00, 0x00, 0x00, 0x00, 0x00,
  0x00, 0x00, 0x00, 0x00, 0x00, 0x00, 0x00, 0x00, 0x00, 0x00, 0x00, 0x00,
  0x00, 0x00, 0x00, 0x00, 0x00, 0x00, 0x00, 0x00, 0x00, 0x00, 0x00, 0x00,
  0x00, 0x00, 0x00, 0x00, 0x00, 0x00, 0x00, 0x00, 0x00, 0x00, 0x00, 0x00,
  0x00, 0x00, 0x00, 0x00, 0x00, 0x00, 0x00, 0x00, 0x00, 0x00, 0x00, 0x00,
  0x00, 0x00, 0x00, 0x00, 0x00, 0x00, 0x00, 0x00, 0x00, 0x00, 0x00, 0x00,
  0x00, 0x00, 0x00, 0x00, 0x00, 0x00, 0x00, 0x00, 0x00, 0x00, 0x00, 0x00,
  0x00, 0x00, 0x00, 0x00, 0x00, 0x00, 0x00, 0x00, 0x00, 0x00, 0x00, 0x00,
  0x00, 0x00, 0x00, 0x00, 0x00, 0x00, 0x00, 0x00, 0x00, 0x00, 0x00, 0x00,
  0x00, 0x00, 0x00, 0x00, 0x00, 0x00, 0x00, 0x00, 0x00, 0x00, 0x00, 0x00,
  0x00, 0x00, 0x00, 0x00, 0x00, 0x00, 0x00, 0x00, 0x00, 0x00, 0x00, 0x00,
  0x00, 0x00, 0x00, 0x00, 0x00, 0x00, 0x00, 0x00, 0x00, 0x00, 0x00, 0x00,
  0x00, 0x00, 0x00, 0x00, 0x00, 0x00, 0x00, 0x00, 0x00, 0x00, 0x00, 0x00,
  0x00, 0x00, 0x00, 0x00, 0x00, 0x00, 0x00, 0x00, 0x00, 0x00, 0x00, 0x00,
  0x00, 0x00, 0x00, 0x00, 0x00, 0x00, 0x00, 0x00, 0x00, 0x00, 0x00, 0x00,
  0x00, 0x00, 0x00, 0x00, 0x00, 0x00, 0x00, 0x00, 0x00, 0x00, 0x00, 0x00,
  0x00, 0x00, 0x00, 0x00, 0x00, 0x00, 0x00, 0x00, 0x00, 0x00, 0x00, 0x00,
  0x00, 0x00, 0x00, 0x00, 0x00, 0x00, 0x00, 0x00, 0x00, 0x00, 0x00, 0x00,
  0x00, 0x00, 0x00, 0x00, 0x00, 0x00, 0x00, 0x00, 0x00, 0x00, 0x00, 0x00,
  0x00, 0x00, 0x00, 0x00, 0x00, 0x00, 0x00, 0x00, 0x00, 0x00, 0x00, 0x00,
  0x00, 0x00, 0x00, 0x00, 0x00, 0x00, 0x00, 0x00, 0x00, 0x00, 0x00, 0x00,
  0x00, 0x00, 0x00, 0x00, 0x00, 0x00, 0x00, 0x00, 0x00, 0x00, 0x00, 0x00,
  0x00, 0x00, 0x00, 0x00, 0x00, 0x00, 0x00, 0x00, 0x00, 0x00, 0x00, 0x00,
  0x00, 0x00, 0x00, 0x00, 0x00, 0x00, 0x00, 0x00, 0x00, 0x00, 0x00, 0x00,
  0x00, 0x00, 0x00, 0x00, 0x00, 0x00, 0x00, 0x00, 0x00, 0x00, 0x00, 0x00,
  0x00, 0x00, 0x00, 0x00, 0x00, 0x00, 0x00, 0x00, 0x00, 0x00, 0x00, 0x00,
  0x00, 0x00, 0x00, 0x00, 0x00, 0x00, 0x00, 0x00, 0x00, 0x00, 0x00, 0x00,
  0x00, 0x00, 0x00, 0x00, 0x00, 0x00, 0x00, 0x00, 0x00, 0x00, 0x00, 0x00,
  0x00, 0x00, 0x00, 0x00, 0x00, 0x00, 0x00, 0x00, 0x00, 0x00, 0x00, 0x00,
  0x00, 0x00, 0x00, 0x00, 0x00, 0x00, 0x00, 0x00, 0x00, 0x00, 0x00, 0x00,
  0x00, 0x00, 0x00, 0x00, 0x00, 0x00, 0x00, 0x00, 0x00, 0x00, 0x00, 0x00,
  0x00, 0x00, 0x00, 0x00, 0x00, 0x00, 0x00, 0x00, 0x00, 0x00, 0x00, 0x00,
  0x00, 0x00, 0x00, 0x00, 0x00, 0x00, 0x00, 0x00, 0x00, 0x00, 0x00, 0x00,
  0x00, 0x00, 0x00, 0x00, 0x00, 0x00, 0x00, 0x00, 0x00, 0x00, 0x00, 0x00,
  0x00, 0x00, 0x00, 0x00, 0x00, 0x00, 0x00, 0x00, 0x00, 0x00, 0x00, 0x00,
  0x00, 0x00, 0x00, 0x00, 0x00, 0x00, 0x00, 0x00, 0x00, 0x00, 0x00, 0x00,
  0x00, 0x00, 0x00, 0x00, 0x00, 0x00, 0x00, 0x00, 0x00, 0x00, 0x00, 0x00,
  0x00, 0x00, 0x00, 0x00, 0x00, 0x00, 0x00, 0x00, 0x00, 0x00, 0x00, 0x00,
  0x00, 0x00, 0x00, 0x00, 0x00, 0x00, 0x00, 0x00, 0x00, 0x00, 0x00, 0x00,
  0x00, 0x00, 0x00, 0x00, 0x00, 0x00, 0x00, 0x00, 0x00, 0x00, 0x00, 0x00,
  0x00, 0x00, 0x00, 0x00, 0x00, 0x00, 0x00, 0x00, 0x00, 0x00, 0x00, 0x00,
  0x00, 0x00, 0x00, 0x00, 0x00, 0x00, 0x00, 0x00, 0x00, 0x00, 0x00, 0x00,
  0x00, 0x00, 0x00, 0x00, 0x00, 0x00, 0x00, 0x00, 0x00, 0x00, 0x00, 0x00,
  0x00, 0x00, 0x00, 0x00, 0x00, 0x00, 0x00, 0x00, 0x00, 0x00, 0x00, 0x00,
  0x00, 0x00, 0x00, 0x00, 0x00, 0x00, 0x00, 0x00, 0x00, 0x00, 0x00, 0x00,
  0x00, 0x00, 0x00, 0x00, 0x00, 0x00, 0x00, 0x00, 0x00, 0x00, 0x00, 0x00,
  0x00, 0x00, 0x00, 0x00, 0x00, 0x00, 0x00, 0x00, 0x00, 0x00, 0x00, 0x00,
  0x00, 0x00, 0x00, 0x00, 0x00, 0x00, 0x00, 0x00, 0x00, 0x00, 0x00, 0x00,
  0x00, 0x00, 0x00, 0x00, 0x00, 0x00, 0x00, 0x00, 0x00, 0x00, 0x00, 0x00,
  0x00, 0x00, 0x00, 0x00, 0x00, 0x00, 0x00, 0x00, 0x00, 0x00, 0x00, 0x00,
  0x00, 0x00, 0x00, 0x00, 0x00, 0x00, 0x00, 0x00, 0x00, 0x00, 0x00, 0x00,
  0x00, 0x00, 0x00, 0x00, 0x00, 0x00, 0x00, 0x00, 0x00, 0x00, 0x00, 0x00,
  0x00, 0x00, 0x00, 0x00, 0x00, 0x00, 0x00, 0x00, 0x00, 0x00, 0x00, 0x00,
  0x00, 0x00, 0x00, 0x00, 0x00, 0x00, 0x00, 0x00, 0x00, 0x00, 0x00, 0x00,
  0x00, 0x00, 0x00, 0x00, 0x00, 0x00, 0x00, 0x00, 0x00, 0x00, 0x00, 0x00,
  0x00, 0x00, 0x00, 0x00, 0x00, 0x00, 0x00, 0x00, 0x00, 0x00, 0x00, 0x00,
  0x00, 0x00, 0x00, 0x00, 0x00, 0x00, 0x00, 0x00, 0x00, 0x00, 0x00, 0x00,
  0x00, 0x00, 0x00, 0x00, 0x00, 0x00, 0x00, 0x00, 0x00, 0x00, 0x00, 0x00,
  0x00, 0x00, 0x00, 0x00, 0x00, 0x00, 0x00, 0x00, 0x00, 0x00, 0x00, 0x00,
  0x00, 0x00, 0x00, 0x00, 0x00, 0x00, 0x00, 0x00, 0x00, 0x00, 0x00, 0x00,
  0x00, 0x00, 0x00, 0x00, 0x00, 0x00, 0x00, 0x00, 0x00, 0x00, 0x00, 0x00,
  0x00, 0x00, 0x00, 0x00, 0x00, 0x00, 0x00, 0x00, 0x00, 0x00, 0x00, 0x00,
  0x00, 0x00, 0x00, 0x00, 0x00, 0x00, 0x00, 0x00, 0x00, 0x00, 0x00, 0x00,
  0x00, 0x00, 0x00, 0x00, 0x00, 0x00, 0x00, 0x00, 0x00, 0x00, 0x00, 0x00,
  0x00, 0x00, 0x00, 0x00, 0x00, 0x00, 0x00, 0x00, 0x00, 0x00, 0x00, 0x00,
  0x00, 0x00, 0x00, 0x00, 0x00, 0x00, 0x00, 0x00, 0x00, 0x00, 0x00, 0x00,
  0x00, 0x00, 0x00, 0x00, 0x00, 0x00, 0x00, 0x00, 0x00, 0x00, 0x00, 0x00,
  0x00, 0x00, 0x00, 0x00, 0x00, 0x00, 0x00, 0x00, 0x00, 0x00, 0x00, 0x00,
  0x00, 0x00, 0x00, 0x00, 0x00, 0x00, 0x00, 0x00, 0x00, 0x00, 0x00, 0x00,
  0x00, 0x00, 0x00, 0x00, 0x00, 0x00, 0x00, 0x00, 0x00, 0x00, 0x00, 0x00,
  0x00, 0x00, 0x00, 0x00, 0x00, 0x00, 0x00, 0x00, 0x00, 0x00, 0x00, 0x00,
  0x00, 0x00, 0x00, 0x00, 0x00, 0x00, 0x00, 0x00, 0x00, 0x00, 0x00, 0x00,
  0x00, 0x00, 0x00, 0x00, 0x00, 0x00, 0x00, 0x00, 0x00, 0x00, 0x00, 0x00,
  0x00, 0x00, 0x00, 0x00, 0x00, 0x00, 0x00, 0x00, 0x00, 0x00, 0x00, 0x00,
  0x00, 0x00, 0x00, 0x00, 0x00, 0x00, 0x00, 0x00, 0x00, 0x00, 0x00, 0x00,
  0x00, 0x00, 0x00, 0x00, 0x00, 0x00, 0x00, 0x00, 0x00, 0x00, 0x00, 0x00,
  0x00, 0x00, 0x00, 0x00, 0x00, 0x00, 0x00, 0x00, 0x00, 0x00, 0x00, 0x00,
  0x00, 0x00, 0x00, 0x00, 0x00, 0x00, 0x00, 0x00, 0x00, 0x00, 0x00, 0x00,
  0x00, 0x00, 0x00, 0x00, 0x00, 0x00, 0x00, 0x00, 0x00, 0x00, 0x00, 0x00,
  0x00, 0x00, 0x00, 0x00, 0x00, 0x00, 0x00, 0x00, 0x00, 0x00, 0x00, 0x00,
  0x00, 0x00, 0x00, 0x00, 0x00, 0x00, 0x00, 0x00, 0x00, 0x00, 0x00, 0x00,
  0x00, 0x00, 0x00, 0x00, 0x00, 0x00, 0x00, 0x00, 0x00, 0x00, 0x00, 0x00,
  0x00, 0x00, 0x00, 0x00, 0x00, 0x00, 0x00, 0x00, 0x00, 0x00, 0x00, 0x00,
  0x00, 0x00, 0x00, 0x00, 0x00, 0x00, 0x00, 0x00, 0x00, 0x00, 0x00, 0x00,
  0x00, 0x00, 0x00, 0x00, 0x00, 0x00, 0x00, 0x00, 0x00, 0x00, 0x00, 0x00,
  0x00, 0x00, 0x00, 0x00, 0x00, 0x00, 0x00, 0x00, 0x00, 0x00, 0x00, 0x00,
  0x00, 0x00, 0x00, 0x00, 0x00, 0x00, 0x00, 0x00, 0x00, 0x00, 0x00, 0x00,
  0x00, 0x00, 0x00, 0x00, 0x00, 0x00, 0x00, 0x00, 0x00, 0x00, 0x00, 0x00,
  0x00, 0x00, 0x00, 0x00, 0x00, 0x00, 0x00, 0x00, 0x00, 0x00, 0x00, 0x00,
  0x00, 0x00, 0x00, 0x00, 0x00, 0x00, 0x00, 0x00, 0x00, 0x00, 0x00, 0x00,
  0x00, 0x00, 0x00, 0x00, 0x00, 0x00, 0x00, 0x00, 0x00, 0x00, 0x00, 0x00,
  0x00, 0x00, 0x00, 0x00, 0x00, 0x00, 0x00, 0x00, 0x00, 0x00, 0x00, 0x00,
  0x00, 0x00, 0x00, 0x00, 0x00, 0x00, 0x00, 0x00, 0x00, 0x00, 0x00, 0x00,
  0x00, 0x00, 0x00, 0x00, 0x00, 0x00, 0x00, 0x00, 0x00, 0x00, 0x00, 0x00,
  0x00, 0x00, 0x00, 0x00, 0x00, 0x00, 0x00, 0x00, 0x00, 0x00, 0x00, 0x00,
  0x00, 0x00, 0x00, 0x00, 0x00, 0x00, 0x00, 0x00, 0x00, 0x00, 0x00, 0x00,
  0x00, 0x00, 0x00, 0x00, 0x00, 0x00, 0x00, 0x00, 0x00, 0x00, 0x00, 0x00,
  0x00, 0x00, 0x00, 0x00, 0x00, 0x00, 0x00, 0x00, 0x00, 0x00, 0x00, 0x00,
  0x00, 0x00, 0x00, 0x00, 0x00, 0x00, 0x00, 0x00, 0x00, 0x00, 0x00, 0x00,
  0x00, 0x00, 0x00, 0x00, 0x00, 0x00, 0x00, 0x00, 0x00, 0x00, 0x00, 0x00,
  0x00, 0x00, 0x00, 0x00, 0x00, 0x00, 0x00, 0x00, 0x00, 0x00, 0x00, 0x00,
  0x00, 0x00, 0x00, 0x00, 0x00, 0x00, 0x00, 0x00, 0x00, 0x00, 0x00, 0x00,
  0x00, 0x00, 0x00, 0x00, 0x00, 0x00, 0x00, 0x00, 0x00, 0x00, 0x00, 0x00,
  0x00, 0x00, 0x00, 0x00, 0x00, 0x00, 0x00, 0x00, 0x00, 0x00, 0x00, 0x00,
  0x00, 0x00, 0x00, 0x00, 0x00, 0x00, 0x00, 0x00, 0x00, 0x00, 0x00, 0x00,
  0x00, 0x00, 0x00, 0x00, 0x00, 0x00, 0x00, 0x00, 0x00, 0x00, 0x00, 0x00,
  0x00, 0x00, 0x00, 0x00, 0x00, 0x00, 0x00, 0x00, 0x00, 0x00, 0x00, 0x00,
  0x00, 0x00, 0x00, 0x00, 0x00, 0x00, 0x00, 0x00, 0x00, 0x00, 0x00, 0x00,
  0x00, 0x00, 0x00, 0x00, 0x00, 0x00, 0x00, 0x00, 0x00, 0x00, 0x00, 0x00,
  0x00, 0x00, 0x00, 0x00, 0x00, 0x00, 0x00, 0x00, 0x00, 0x00, 0x00, 0x00,
  0x00, 0x00, 0x00, 0x00, 0x00, 0x00, 0x00, 0x00, 0x00, 0x00, 0x00, 0x00,
  0x00, 0x00, 0x00, 0x00, 0x00, 0x00, 0x00, 0x00, 0x00, 0x00, 0x00, 0x00,
  0x00, 0x00, 0x00, 0x00, 0x00, 0x00, 0x00, 0x00, 0x00, 0x00, 0x00, 0x00,
  0x00, 0x00, 0x00, 0x00, 0x00, 0x00, 0x00, 0x00, 0x00, 0x00, 0x00, 0x00,
  0x00, 0x00, 0x00, 0x00, 0x00, 0x00, 0x00, 0x00, 0x00, 0x00, 0x00, 0x00,
  0x00, 0x00, 0x00, 0x00, 0x00, 0x00, 0x00, 0x00, 0x00, 0x00, 0x00, 0x00,
  0x00, 0x00, 0x00, 0x00, 0x00, 0x00, 0x00, 0x00, 0x00, 0x00, 0x00, 0x00,
  0x00, 0x00, 0x00, 0x00, 0x00, 0x00, 0x00, 0x00, 0x00, 0x00, 0x00, 0x00,
  0x00, 0x00, 0x00, 0x00, 0x00, 0x00, 0x00, 0x00, 0x00, 0x00, 0x00, 0x00,
  0x00, 0x00, 0x00, 0x00, 0x00, 0x00, 0x00, 0x00, 0x00, 0x00, 0x00, 0x00,
  0x00, 0x00, 0x00, 0x00, 0x00, 0x00, 0x00, 0x00, 0x00, 0x00, 0x00, 0x00,
  0x00, 0x00, 0x00, 0x00, 0x00, 0x00, 0x00, 0x00, 0x00, 0x00, 0x00, 0x00,
  0x00, 0x00, 0x00, 0x00, 0x00, 0x00, 0x00, 0x00, 0x00, 0x00, 0x00, 0x00,
  0x00, 0x00, 0x00, 0x00, 0x00, 0x00, 0x00, 0x00, 0x00, 0x00, 0x00, 0x00,
  0x00, 0x00, 0x00, 0x00, 0x00, 0x00, 0x00, 0x00, 0x00, 0x00, 0x00, 0x00,
  0x00, 0x00, 0x00, 0x00, 0x00, 0x00, 0x00, 0x00, 0x00, 0x00, 0x00, 0x00,
  0x00, 0x00, 0x00, 0x00, 0x00, 0x00, 0x00, 0x00, 0x00, 0x00, 0x00, 0x00,
  0x00, 0x00, 0x00, 0x00, 0x00, 0x00, 0x00, 0x00, 0x00, 0x00, 0x00, 0x00,
  0x00, 0x00, 0x00, 0x00, 0x00, 0x00, 0x00, 0x00, 0x00, 0x00, 0x00, 0x00,
  0x00, 0x00, 0x00, 0x00, 0x00, 0x00, 0x00, 0x00, 0x00, 0x00, 0x00, 0x00,
  0x00, 0x00, 0x00, 0x00, 0x00, 0x00, 0x00, 0x00, 0x00, 0x00, 0x00, 0x00,
  0x00, 0x00, 0x00, 0x00, 0x00, 0x00, 0x00, 0x00, 0x00, 0x00, 0x00, 0x00,
  0x00, 0x00, 0x00, 0x00, 0x00, 0x00, 0x00, 0x00, 0x00, 0x00, 0x00, 0x00,
  0x00, 0x00, 0x00, 0x00, 0x00, 0x00, 0x00, 0x00, 0x00, 0x00, 0x00, 0x00,
  0x00, 0x00, 0x00, 0x00, 0x00, 0x00, 0x00, 0x00, 0x00, 0x00, 0x00, 0x00,
  0x00, 0x00, 0x00, 0x00, 0x00, 0x00, 0x00, 0x00, 0x00, 0x00, 0x00, 0x00,
  0x00, 0x00, 0x00, 0x00, 0x00, 0x00, 0x00, 0x00, 0x00, 0x00, 0x00, 0x00,
  0x00, 0x00, 0x00, 0x00, 0x00, 0x00, 0x00, 0x00, 0x00, 0x00, 0x00, 0x00,
  0x00, 0x00, 0x00, 0x00, 0x00, 0x00, 0x00, 0x00, 0x00, 0x00, 0x00, 0x00,
  0x00, 0x00, 0x00, 0x00, 0x00, 0x00, 0x00, 0x00, 0x00, 0x00, 0x00, 0x00,
  0x00, 0x00, 0x00, 0x00, 0x00, 0x00, 0x00, 0x00, 0x00, 0x00, 0x00, 0x00,
  0x00, 0x00, 0x00, 0x00, 0x00, 0x00, 0x00, 0x00, 0x00, 0x00, 0x00, 0x00,
  0x00, 0x00, 0x00, 0x00, 0x00, 0x00, 0x00, 0x00, 0x00, 0x00, 0x00, 0x00,
  0x00, 0x00, 0x00, 0x00, 0x00, 0x00, 0x00, 0x00, 0x00, 0x00, 0x00, 0x00,
  0x00, 0x00, 0x00, 0x00, 0x00, 0x00, 0x00, 0x00, 0x00, 0x00, 0x00, 0x00,
  0x00, 0x00, 0x00, 0x00, 0x00, 0x00, 0x00, 0x00, 0x00, 0x00, 0x00, 0x00,
  0x00, 0x00, 0x00, 0x00, 0x00, 0x00, 0x00, 0x00, 0x00, 0x00, 0x00, 0x00,
  0x00, 0x00, 0x00, 0x00, 0x00, 0x00, 0x00, 0x00, 0x00, 0x00, 0x00, 0x00,
  0x00, 0x00, 0x00, 0x00, 0x00, 0x00, 0x00, 0x00, 0x00, 0x00, 0x00, 0x00,
  0x00, 0x00, 0x00, 0x00, 0x00, 0x00, 0x00, 0x00, 0x00, 0x00, 0x00, 0x00,
  0x00, 0x00, 0x00, 0x00, 0x00, 0x00, 0x00, 0x00, 0x00, 0x00, 0x00, 0x00,
  0x00, 0x00, 0x00, 0x00, 0x00, 0x00, 0x00, 0x00, 0x00, 0x00, 0x00, 0x00,
  0x00, 0x00, 0x00, 0x00, 0x00, 0x00, 0x00, 0x00, 0x00, 0x00, 0x00, 0x00,
  0x00, 0x00, 0x00, 0x00, 0x00, 0x00, 0x00, 0x00, 0x00, 0x00, 0x00, 0x00,
  0x00, 0x00, 0x00, 0x00, 0x00, 0x00, 0x00, 0x00, 0x00, 0x00, 0x00, 0x00,
  0x00, 0x00, 0x00, 0x00, 0x00, 0x00, 0x00, 0x00, 0x00, 0x00, 0x00, 0x00,
  0x00, 0x00, 0x00, 0x00, 0x00, 0x00, 0x00, 0x00, 0x00, 0x00, 0x00, 0x00,
  0x00, 0x00, 0x00, 0x00, 0x00, 0x00, 0x00, 0x00, 0x00, 0x00, 0x00, 0x00,
  0x00, 0x00, 0x00, 0x00, 0x00, 0x00, 0x00, 0x00, 0x00, 0x00, 0x00, 0x00,
  0x00, 0x00, 0x00, 0x00, 0x00, 0x00, 0x00, 0x00, 0x00, 0x00, 0x00, 0x00,
  0x00, 0x00, 0x00, 0x00, 0x00, 0x00, 0x00, 0x00, 0x00, 0x00, 0x00, 0x00,
  0x00, 0x00, 0x00, 0x00, 0x00, 0x00, 0x00, 0x00, 0x00, 0x00, 0x00, 0x00,
  0x00, 0x00, 0x00, 0x00, 0x00, 0x00, 0x00, 0x00, 0x00, 0x00, 0x00, 0x00,
  0x00, 0x00, 0x00, 0x00, 0x00, 0x00, 0x00, 0x00, 0x00, 0x00, 0x00, 0x00,
  0x00, 0x00, 0x00, 0x00, 0x00, 0x00, 0x00, 0x00, 0x00, 0x00, 0x00, 0x00,
  0x00, 0x00, 0x00, 0x00, 0x00, 0x00, 0x00, 0x00, 0x00, 0x00, 0x00, 0x00,
  0x00, 0x00, 0x00, 0x00, 0x00, 0x00, 0x00, 0x00, 0x00, 0x00, 0x00, 0x00,
  0x01, 0x00, 0x00, 0x00, 0x00, 0x00, 0x00, 0x00, 0x00, 0x00, 0x00, 0x00,
  0x00, 0x00, 0x00, 0x00, 0x00, 0x00, 0x00, 0x00, 0x00, 0x00, 0x00, 0x00,
  0x00, 0x00, 0x00, 0x00, 0x00, 0x00, 0x00, 0x00, 0x01, 0x00, 0x00, 0x00,
  0x00, 0x00, 0x00, 0x00, 0x00, 0x00, 0x00, 0x00, 0x00, 0x00, 0x00, 0x00,
  0x00, 0x00, 0x00, 0x00, 0x00, 0x00, 0x00, 0x00, 0x00, 0x00, 0x00, 0x00,
  0x02, 0x00, 0x00, 0x00, 0x00, 0x00, 0x00, 0x00, 0x00, 0x00, 0x00, 0x00,
  0x00, 0x00, 0x00, 0x00, 0x00, 0x00, 0x00, 0x00, 0x00, 0x00, 0x00, 0x00,
  0x00, 0x00, 0x00, 0x00, 0x04, 0x80, 0xb0, 0x00, 0x20, 0x80, 0xb0, 0x00,
  0x3c, 0x80, 0xb0, 0x00, 0x00, 0x00, 0x00, 0x00, 0x00, 0x00, 0x00, 0x00,
  0x00, 0x00, 0x00, 0x00, 0x01, 0x00, 0x00, 0x00, 0x00, 0x00, 0x00, 0x00,
  0x00, 0x00, 0x00, 0x00, 0x00, 0x00, 0x00, 0x00, 0x00, 0x00, 0x00, 0x00,
  0x00, 0x00, 0x00, 0x00, 0x01, 0x00, 0x00, 0x00, 0x00, 0x00, 0x00, 0x00,
  0x00, 0x00, 0x00, 0x00, 0x04, 0x00, 0xf1, 0xff, 0x07, 0x00, 0x00, 0x00,
  0x20, 0x00, 0xb0, 0x00, 0x1b, 0x00, 0x00, 0x00, 0x00, 0x00, 0x01, 0x00,
  0x11, 0x00, 0x00, 0x00, 0x3c, 0x00, 0xb0, 0x00, 0x1b, 0x00, 0x00, 0x00,
  0x00, 0x00, 0x01, 0x00, 0x1d, 0x00, 0x00, 0x00, 0x58, 0x00, 0xb0, 0x00,
  0x28, 0x00, 0x00, 0x00, 0x00, 0x00, 0x01, 0x00, 0x24, 0x00, 0x00, 0x00,
  0x00, 0x80, 0xb0, 0x00, 0x04, 0x00, 0x00, 0x00, 0x00, 0x00, 0x03, 0x00,
  0x2d, 0x00, 0x00, 0x00, 0x80, 0x00, 0xb0, 0x00, 0x3c, 0x00, 0x00, 0x00,
  0x00, 0x00, 0x01, 0x00, 0x39, 0x00, 0x00, 0x00, 0xbc, 0x00, 0xb0, 0x00,
  0x3a, 0x00, 0x00, 0x00, 0x00, 0x00, 0x01, 0x00, 0x44, 0x00, 0x00, 0x00,
  0xf8, 0x00, 0xb0, 0x00, 0x64, 0x00, 0x00, 0x00, 0x00, 0x00, 0x01, 0x00,
  0x4d, 0x00, 0x00, 0x00, 0x00, 0xb0, 0xc4, 0x00, 0x04, 0x00, 0x00, 0x00,
  0x01, 0x00, 0x04, 0x00, 0x53, 0x00, 0x00, 0x00, 0x00, 0xb0, 0xb8, 0x00,
  0x00, 0x00, 0x0c, 0x00, 0x01, 0x00, 0x04, 0x00, 0x58, 0x00, 0x00, 0x00,
  0x5c, 0x01, 0xb0, 0x00, 0x21, 0x09, 0x00, 0x00, 0x00, 0x00, 0x01, 0x00,
  0x61, 0x00, 0x00, 0x00, 0x04, 0xb0, 0xc6, 0x00, 0x04, 0x00, 0x00, 0x00,
  0x01, 0x00, 0x04, 0x00, 0x6c, 0x00, 0x00, 0x00, 0x04, 0xb0, 0xc4, 0x00,
  0x00, 0x00, 0x02, 0x00, 0x01, 0x00, 0x04, 0x00, 0x75, 0x00, 0x00, 0x00,
  0x80, 0x0a, 0xb0, 0x00, 0x59, 0x00, 0x00, 0x00, 0x00, 0x00, 0x01, 0x00,
  0x7e, 0x00, 0x00, 0x00, 0x08, 0x38, 0xc7, 0x00, 0x04, 0x00, 0x00, 0x00,
  0x01, 0x00, 0x04, 0x00, 0x84, 0x00, 0x00, 0x00, 0x08, 0xb0, 0xc6, 0x00,
  0x00, 0x88, 0x00, 0x00, 0x01, 0x00, 0x04, 0x00, 0x89, 0x00, 0x00, 0x00,
  0xdc, 0x0a, 0xb0, 0x00, 0xc2, 0x00, 0x00, 0x00, 0x00, 0x00, 0x01, 0x00,
  0x91, 0x00, 0x00, 0x00, 0xa0, 0x0b, 0xb0, 0x00, 0x2d, 0x00, 0x00, 0x00,
  0x00, 0x00, 0x01, 0x00, 0x97, 0x00, 0x00, 0x00, 0x0c, 0x38, 0xd3, 0x00,
  0x04, 0x00, 0x00, 0x00, 0x01, 0x00, 0x04, 0x00, 0x9e, 0x00, 0x00, 0x00,
  0x0c, 0x38, 0xc7, 0x00, 0x00, 0x00, 0x08, 0x00, 0x01, 0x00, 0x04, 0x00,
  0xa3, 0x00, 0x00, 0x00, 0xd0, 0x0b, 0xb0, 0x00, 0x52, 0x00, 0x00, 0x00,
  0x00, 0x00, 0x01, 0x00, 0xaa, 0x00, 0x00, 0x00, 0x24, 0x0c, 0xb0, 0x00,
  0x1f, 0x00, 0x00, 0x00, 0x00, 0x00, 0x01, 0x00, 0xb3, 0x00, 0x00, 0x00,
  0x44, 0x0c, 0xb0, 0x00, 0x4d, 0x00, 0x00, 0x00, 0x00, 0x00, 0x01, 0x00,
  0xc1, 0x00, 0x00, 0x00, 0x94, 0x0c, 0xb0, 0x00, 0x43, 0x00, 0x00, 0x00,
  0x00, 0x00, 0x01, 0x00, 0xd0, 0x00, 0x00, 0x00, 0xd8, 0x0c, 0xb0, 0x00,
  0x2a, 0x00, 0x00, 0x00, 0x00, 0x00, 0x01, 0x00, 0xdf, 0x00, 0x00, 0x00,
  0x04, 0x0d, 0xb0, 0x00, 0x4d, 0x00, 0x00, 0x00, 0x00, 0x00, 0x01, 0x00,
  0xea, 0x00, 0x00, 0x00, 0x54, 0x0d, 0xb0, 0x00, 0x55, 0x00, 0x00, 0x00,
  0x00, 0x00, 0x01, 0x00, 0xf4, 0x00, 0x00, 0x00, 0x20, 0x58, 0xd6, 0x00,
  0x04, 0x00, 0x00, 0x00, 0x01, 0x00, 0x04, 0x00, 0xfc, 0x00, 0x00, 0x00,
  0x20, 0x48, 0xd6, 0x00, 0x00, 0x08, 0x00, 0x00, 0x01, 0x00, 0x04, 0x00,
  0x07, 0x01, 0x00, 0x00, 0x20, 0x50, 0xd6, 0x00, 0x00, 0x08, 0x00, 0x00,
  0x01, 0x00, 0x04, 0x00, 0x11, 0x01, 0x00, 0x00, 0xac, 0x0d, 0xb0, 0x00,
  0xc0, 0x00, 0x00, 0x00, 0x00, 0x00, 0x01, 0x00, 0x1c, 0x01, 0x00, 0x00,
  0x1c, 0x38, 0xd6, 0x00, 0x00, 0x10, 0x00, 0x00, 0x01, 0x00, 0x04, 0x00,
  0x21, 0x01, 0x00, 0x00, 0x6c, 0x0e, 0xb0, 0x00, 0xb8, 0x00, 0x00, 0x00,
  0x00, 0x00, 0x01, 0x00, 0x32, 0x01, 0x00, 0x00, 0x1c, 0x48, 0xd6, 0x00,
  0x04, 0x00, 0x00, 0x00, 0x01, 0x00, 0x04, 0x00, 0x39, 0x01, 0x00, 0x00,
  0x24, 0x0f, 0xb0, 0x00, 0x1d, 0x00, 0x00, 0x00, 0x00, 0x00, 0x01, 0x00,
  0x42, 0x01, 0x00, 0x00, 0x44, 0x0f, 0xb0, 0x00, 0x25, 0x00, 0x00, 0x00,
  0x00, 0x00, 0x01, 0x00, 0x4b, 0x01, 0x00, 0x00, 0x6c, 0x0f, 0xb0, 0x00,
  0x6c, 0x00, 0x00, 0x00, 0x00, 0x00, 0x01, 0x00, 0x56, 0x01, 0x00, 0x00,
  0x18, 0x38, 0xd6, 0x00, 0x04, 0x00, 0x00, 0x00, 0x01, 0x00, 0x04, 0x00,
  0x5e, 0x01, 0x00, 0x00, 0x18, 0x38, 0xd3, 0x00, 0x00, 0x00, 0x03, 0x00,
  0x01, 0x00, 0x04, 0x00, 0x65, 0x01, 0x00, 0x00, 0xd8, 0x0f, 0xb0, 0x00,
  0x3b, 0x00, 0x00, 0x00, 0x00, 0x00, 0x01, 0x00, 0x72, 0x01, 0x00, 0x00,
  0x14, 0x10, 0xb0, 0x00, 0x1e, 0x00, 0x00, 0x00, 0x00, 0x00, 0x01, 0x00,
  0x0d, 0x01, 0x00, 0x00, 0xac, 0x58, 0xd6, 0x00, 0x04, 0x00, 0x00, 0x00,
  0x01, 0x00, 0x04, 0x00, 0xa1, 0x05, 0x00, 0x00, 0x34, 0x10, 0xb0, 0x00,
  0x2a, 0x00, 0x00, 0x00, 0x00, 0x00, 0x01, 0x00, 0x76, 0x01, 0x00, 0x00,
  0x60, 0x10, 0xb0, 0x00, 0x56, 0x00, 0x00, 0x00, 0x00, 0x00, 0x01, 0x00,
  0x7a, 0x01, 0x00, 0x00, 0xb8, 0x10, 0xb0, 0x00, 0x36, 0x00, 0x00, 0x00,
  0x00, 0x00, 0x01, 0x00, 0x82, 0x01, 0x00, 0x00, 0xf0, 0x10, 0xb0, 0x00,
  0x31, 0x00, 0x00, 0x00, 0x00, 0x00, 0x01, 0x00, 0x89, 0x01, 0x00, 0x00,
  0xa8, 0x58, 0xd6, 0x00, 0x04, 0x00, 0x00, 0x00, 0x01, 0x00, 0x04, 0x00,
  0x92, 0x01, 0x00, 0x00, 0x24, 0x11, 0xb0, 0x00, 0x08, 0x01, 0x00, 0x00,
  0x00, 0x00, 0x01, 0x00, 0xa2, 0x01, 0x00, 0x00, 0x2c, 0x12, 0xb0, 0x00,
  0xd7, 0x00, 0x00, 0x00, 0x00, 0x00, 0x01, 0x00, 0xac, 0x01, 0x00, 0x00,
  0x04, 0x13, 0xb0, 0x00, 0x79, 0x00, 0x00, 0x00, 0x00, 0x00, 0x01, 0x00,
  0xb7, 0x01, 0x00, 0x00, 0x80, 0x13, 0xb0, 0x00, 0xb4, 0x02, 0x00, 0x00,
  0x00, 0x00, 0x01, 0x00, 0xc9, 0x01, 0x00, 0x00, 0xcc, 0x27, 0xb0, 0x00,
  0x10, 0x00, 0x00, 0x00, 0x00, 0x00, 0x01, 0x00, 0xce, 0x01, 0x00, 0x00,
  0x34, 0x16, 0xb0, 0x00, 0x47, 0x00, 0x00, 0x00, 0x00, 0x00, 0x01, 0x00,
  0xdb, 0x01, 0x00, 0x00, 0x7c, 0x16, 0xb0, 0x00, 0xfc, 0x03, 0x00, 0x00,
  0x00, 0x00, 0x01, 0x00, 0xe3, 0x01, 0x00, 0x00, 0x10, 0x38, 0xd3, 0x00,
  0x04, 0x00, 0x00, 0x00, 0x01, 0x00, 0x04, 0x00, 0xec, 0x01, 0x00, 0x00,
  0x0c, 0x38, 0xcf, 0x00, 0x00, 0x00, 0x02, 0x00, 0x01, 0x00, 0x04, 0x00,
  0xf3, 0x01, 0x00, 0x00, 0x78, 0x1a, 0xb0, 0x00, 0x4d, 0x01, 0x00, 0x00,
  0x00, 0x00, 0x01, 0x00, 0xfb, 0x01, 0x00, 0x00, 0xc8, 0x1b, 0xb0, 0x00,
  0x0b, 0x02, 0x00, 0x00, 0x00, 0x00, 0x01, 0x00, 0x01, 0x02, 0x00, 0x00,
  0xd4, 0x1d, 0xb0, 0x00, 0x2b, 0x01, 0x00, 0x00, 0x00, 0x00, 0x01, 0x00,
  0x10, 0x02, 0x00, 0x00, 0x00, 0x1f, 0xb0, 0x00, 0xe7, 0x00, 0x00, 0x00,
  0x00, 0x00, 0x01, 0x00, 0x19, 0x02, 0x00, 0x00, 0xe8, 0x1f, 0xb0, 0x00,
  0xf6, 0x00, 0x00, 0x00, 0x00, 0x00, 0x01, 0x00, 0x1f, 0x02, 0x00, 0x00,
  0xe0, 0x20, 0xb0, 0x00, 0x10, 0x01, 0x00, 0x00, 0x00, 0x00, 0x01, 0x00,
  0x2a, 0x02, 0x00, 0x00, 0xf0, 0x21, 0xb0, 0x00, 0xe7, 0x00, 0x00, 0x00,
  0x00, 0x00, 0x01, 0x00, 0x33, 0x02, 0x00, 0x00, 0xd8, 0x22, 0xb0, 0x00,
  0xbc, 0x00, 0x00, 0x00, 0x00, 0x00, 0x01, 0x00, 0x3a, 0x02, 0x00, 0x00,
  0x94, 0x23, 0xb0, 0x00, 0xbc, 0x00, 0x00, 0x00, 0x00, 0x00, 0x01, 0x00,
  0x41, 0x02, 0x00, 0x00, 0x50, 0x24, 0xb0, 0x00, 0xbc, 0x00, 0x00, 0x00,
  0x00, 0x00, 0x01, 0x00, 0x47, 0x02, 0x00, 0x00, 0x0c, 0x25, 0xb0, 0x00,
  0xd7, 0x00, 0x00, 0x00, 0x00, 0x00, 0x01, 0x00, 0x4c, 0x02, 0x00, 0x00,
  0xe4, 0x25, 0xb0, 0x00, 0x01, 0x01, 0x00, 0x00, 0x00, 0x00, 0x01, 0x00,
  0x50, 0x02, 0x00, 0x00, 0xe8, 0x26, 0xb0, 0x00, 0xe3, 0x00, 0x00, 0x00,
  0x00, 0x00, 0x01, 0x00, 0x57, 0x02, 0x00, 0x00, 0xdc, 0x27, 0xb0, 0x00,
  0x37, 0x00, 0x00, 0x00, 0x00, 0x00, 0x01, 0x00, 0x65, 0x02, 0x00, 0x00,
  0x14, 0x28, 0xb0, 0x00, 0xfa, 0x06, 0x00, 0x00, 0x00, 0x00, 0x01, 0x00,
  0x6a, 0x02, 0x00, 0x00, 0xa4, 0x58, 0xd6, 0x00, 0x04, 0x00, 0x00, 0x00,
  0x01, 0x00, 0x04, 0x00, 0x75, 0x02, 0x00, 0x00, 0x24, 0x58, 0xd6, 0x00,
  0x40, 0x00, 0x00, 0x00, 0x01, 0x00, 0x04, 0x00, 0x7e, 0x02, 0x00, 0x00,
  0x64, 0x58, 0xd6, 0x00, 0x40, 0x00, 0x00, 0x00, 0x01, 0x00, 0x04, 0x00,
  0x88, 0x02, 0x00, 0x00, 0xb0, 0x58, 0xd6, 0x00, 0x04, 0x00, 0x00, 0x00,
  0x01, 0x00, 0x04, 0x00, 0x95, 0x02, 0x00, 0x00, 0x10, 0x2f, 0xb0, 0x00,
  0x42, 0x07, 0x00, 0x00, 0x00, 0x00, 0x01, 0x00, 0xe5, 0x01, 0x00, 0x00,
  0x14, 0x38, 0xd3, 0x00, 0x04, 0x00, 0x00, 0x00, 0x01, 0x00, 0x04, 0x00,
  0xee, 0x01, 0x00, 0x00, 0x0c, 0x38, 0xd1, 0x00, 0x00, 0x00, 0x02, 0x00,
  0x01, 0x00, 0x04, 0x00, 0xa0, 0x02, 0x00, 0x00, 0x54, 0x36, 0xb0, 0x00,
  0x37, 0x01, 0x00, 0x00, 0x00, 0x00, 0x01, 0x00, 0xaa, 0x02, 0x00, 0x00,
  0x8c, 0x37, 0xb0, 0x00, 0x36, 0x03, 0x00, 0x00, 0x00, 0x00, 0x01, 0x00,
  0xb1, 0x02, 0x00, 0x00, 0xb4, 0x58, 0xd6, 0x00, 0x04, 0x00, 0x00, 0x00,
  0x01, 0x00, 0x04, 0x00, 0xc0, 0x02, 0x00, 0x00, 0xc4, 0x3a, 0xb0, 0x00,
  0x96, 0x02, 0x00, 0x00, 0x00, 0x00, 0x01, 0x00, 0xcb, 0x02, 0x00, 0x00,
  0x5c, 0x3d, 0xb0, 0x00, 0x1a, 0x00, 0x00, 0x00, 0x00, 0x00, 0x01, 0x00,
  0xdd, 0x02, 0x00, 0x00, 0x78, 0x3d, 0xb0, 0x00, 0x38, 0x03, 0x00, 0x00,
  0x00, 0x00, 0x01, 0x00, 0xe7, 0x02, 0x00, 0x00, 0xb0, 0x40, 0xb0, 0x00,
  0x4b, 0x05, 0x00, 0x00, 0x00, 0x00, 0x01, 0x00, 0x5a, 0x03, 0x00, 0x00,
  0xb8, 0x58, 0xd6, 0x00, 0x00, 0x00, 0x0c, 0x00, 0x01, 0x00, 0x04, 0x00,
  0xf1, 0x02, 0x00, 0x00, 0xfc, 0x45, 0xb0, 0x00, 0x3a, 0x00, 0x00, 0x00,
  0x00, 0x00, 0x01, 0x00, 0xfb, 0x02, 0x00, 0x00, 0x38, 0x46, 0xb0, 0x00,
  0x87, 0x00, 0x00, 0x00, 0x00, 0x00, 0x01, 0x00, 0x04, 0x03, 0x00, 0x00,
  0xc0, 0x46, 0xb0, 0x00, 0xcc, 0x01, 0x00, 0x00, 0x00, 0x00, 0x01, 0x00,
  0x11, 0x03, 0x00, 0x00, 0xb8, 0x58, 0xe2, 0x00, 0x00, 0x08, 0x00, 0x00,
  0x01, 0x00, 0x04, 0x00, 0x14, 0x03, 0x00, 0x00, 0xb8, 0x60, 0xe2, 0x00,
  0x04, 0x00, 0x00, 0x00, 0x01, 0x00, 0x04, 0x00, 0x17, 0x03, 0x00, 0x00,
  0x8c, 0x48, 0xb0, 0x00, 0x65, 0x00, 0x00, 0x00, 0x00, 0x00, 0x01, 0x00,
  0x21, 0x03, 0x00, 0x00, 0xf4, 0x48, 0xb0, 0x00, 0x5d, 0x00, 0x00, 0x00,
  0x00, 0x00, 0x01, 0x00, 0x2f, 0x03, 0x00, 0x00, 0x54, 0x49, 0xb0, 0x00,
  0x39, 0x00, 0x00, 0x00, 0x00, 0x00, 0x01, 0x00, 0x3b, 0x03, 0x00, 0x00,
  0x00, 0x00, 0x00, 0x00, 0x00, 0x00, 0x00, 0x00, 0x04, 0x00, 0xf1, 0xff,
  0x47, 0x03, 0x00, 0x00, 0x00, 0x00, 0x00, 0x00, 0x00, 0x00, 0x00, 0x00,
  0x04, 0x00, 0xf1, 0xff, 0x4f, 0x03, 0x00, 0x00, 0x04, 0x80, 0xb0, 0x00,
  0x1c, 0x00, 0x00, 0x00, 0x00, 0x00, 0x03, 0x00, 0x56, 0x03, 0x00, 0x00,
  0x20, 0x80, 0xb0, 0x00, 0x1c, 0x00, 0x00, 0x00, 0x00, 0x00, 0x03, 0x00,
  0x5e, 0x03, 0x00, 0x00, 0x3c, 0x80, 0xb0, 0x00, 0x1c, 0x00, 0x00, 0x00,
  0x00, 0x00, 0x03, 0x00, 0x66, 0x03, 0x00, 0x00, 0x00, 0x00, 0x00, 0x00,
  0x00, 0x00, 0x00, 0x00, 0x04, 0x00, 0xf1, 0xff, 0x6f, 0x03, 0x00, 0x00,
  0x64, 0x80, 0xb0, 0x00, 0x04, 0x00, 0x00, 0x00, 0x00, 0x00, 0x03, 0x00,
  0x7b, 0x03, 0x00, 0x00, 0x00, 0x00, 0x00, 0x00, 0x00, 0x00, 0x00, 0x00,
  0x04, 0x00, 0xf1, 0xff, 0x84, 0x03, 0x00, 0x00, 0x68, 0x80, 0xb0, 0x00,
  0x04, 0x00, 0x00, 0x00, 0x00, 0x00, 0x03, 0x00, 0x8d, 0x03, 0x00, 0x00,
  0x6c, 0x80, 0xb0, 0x00, 0x04, 0x00, 0x00, 0x00, 0x00, 0x00, 0x03, 0x00,
  0x98, 0x03, 0x00, 0x00, 0xbc, 0x60, 0xe2, 0x00, 0x00, 0x00, 0x10, 0x00,
  0x01, 0x00, 0x04, 0x00, 0x9d, 0x03, 0x00, 0x00, 0x70, 0x80, 0xb0, 0x00,
  0x04, 0x00, 0x00, 0x00, 0x00, 0x00, 0x03, 0x00, 0xa7, 0x03, 0x00, 0x00,
  0x00, 0x00, 0x00, 0x00, 0x00, 0x00, 0x00, 0x00, 0x04, 0x00, 0xf1, 0xff,
  0xb0, 0x03, 0x00, 0x00, 0x2c, 0x68, 0xb0, 0x00, 0x28, 0x00, 0x00, 0x00,
  0x00, 0x00, 0x01, 0x00, 0xbd, 0x03, 0x00, 0x00, 0x9c, 0x68, 0xb0, 0x00,
  0x20, 0x00, 0x00, 0x00, 0x00, 0x00, 0x01, 0x00, 0xca, 0x03, 0x00, 0x00,
  0xe0, 0x68, 0xb0, 0x00, 0x23, 0x00, 0x00, 0x00, 0x00, 0x00, 0x01, 0x00,
  0xd7, 0x03, 0x00, 0x00, 0x00, 0x00, 0x00, 0x00, 0x00, 0x00, 0x00, 0x00,
  0x04, 0x00, 0xf1, 0xff, 0xdf, 0x03, 0x00, 0x00, 0xc8, 0x53, 0xb0, 0x00,
  0x1f, 0x00, 0x00, 0x00, 0x12, 0x00, 0x01, 0x00, 0xe7, 0x03, 0x00, 0x00,
  0xac, 0x5a, 0xb0, 0x00, 0x3d, 0x00, 0x00, 0x00, 0x12, 0x00, 0x01, 0x00,
  0xee, 0x03, 0x00, 0x00, 0x10, 0x66, 0xb0, 0x00, 0x12, 0x00, 0x00, 0x00,
  0x12, 0x00, 0x01, 0x00, 0xf7, 0x03, 0x00, 0x00, 0x2c, 0x6a, 0xb0, 0x00,
  0x1d, 0x00, 0x00, 0x00, 0x12, 0x00, 0x01, 0x00, 0x6d, 0x06, 0x00, 0x00,
  0x28, 0x54, 0xb0, 0x00, 0x32, 0x00, 0x00, 0x00, 0x12, 0x00, 0x01, 0x00,
  0x57, 0x03, 0x00, 0x00, 0x5c, 0x80, 0xb0, 0x00, 0x04, 0x00, 0x00, 0x00,
  0x11, 0x00, 0x03, 0x00, 0xfe, 0x03, 0x00, 0x00, 0x74, 0x57, 0xb0, 0x00,
  0x24, 0x00, 0x00, 0x00, 0x12, 0x00, 0x01, 0x00, 0x07, 0x04, 0x00, 0x00,
  0x14, 0x60, 0xb0, 0x00, 0xbb, 0x00, 0x00, 0x00, 0x12, 0x00, 0x01, 0x00,
  0x10, 0x04, 0x00, 0x00, 0x0c, 0x6a, 0xb0, 0x00, 0x1d, 0x00, 0x00, 0x00,
  0x12, 0x00, 0x01, 0x00, 0x18, 0x04, 0x00, 0x00, 0x10, 0x59, 0xb0, 0x00,
  0x7b, 0x00, 0x00, 0x00, 0x12, 0x00, 0x01, 0x00, 0xb0, 0x04, 0x00, 0x00,
  0xbc, 0x54, 0xb0, 0x00, 0x32, 0x00, 0x00, 0x00, 0x12, 0x00, 0x01, 0x00,
  0x20, 0x04, 0x00, 0x00, 0x10, 0x64, 0xb0, 0x00, 0x19, 0x00, 0x00, 0x00,
  0x12, 0x00, 0x01, 0x00, 0x25, 0x04, 0x00, 0x00, 0xec, 0x65, 0xb0, 0x00,
  0x0f, 0x00, 0x00, 0x00, 0x12, 0x00, 0x01, 0x00, 0x2c, 0x04, 0x00, 0x00,
  0x74, 0x80, 0xb0, 0x00, 0x04, 0x00, 0x00, 0x00, 0x11, 0x00, 0x03, 0x00,
  0x32, 0x04, 0x00, 0x00, 0x4c, 0x6a, 0xb0, 0x00, 0x1d, 0x00, 0x00, 0x00,
  0x12, 0x00, 0x01, 0x00, 0x3a, 0x04, 0x00, 0x00, 0xdc, 0x67, 0xb0, 0x00,
  0x27, 0x00, 0x00, 0x00, 0x12, 0x00, 0x01, 0x00, 0x3f, 0x04, 0x00, 0x00,
  0x24, 0x66, 0xb0, 0x00, 0x77, 0x00, 0x00, 0x00, 0x12, 0x00, 0x01, 0x00,
  0x47, 0x04, 0x00, 0x00, 0x14, 0x6c, 0xb0, 0x00, 0x27, 0x00, 0x00, 0x00,
  0x12, 0x00, 0x01, 0x00, 0x4e, 0x04, 0x00, 0x00, 0x3c, 0x69, 0xb0, 0x00,
  0x1c, 0x00, 0x00, 0x00, 0x12, 0x00, 0x01, 0x00, 0x55, 0x04, 0x00, 0x00,
  0xac, 0x69, 0xb0, 0x00, 0x1d, 0x00, 0x00, 0x00, 0x12, 0x00, 0x01, 0x00,
  0x5c, 0x04, 0x00, 0x00, 0x9c, 0x66, 0xb0, 0x00, 0x17, 0x01, 0x00, 0x00,
  0x12, 0x00, 0x01, 0x00, 0x62, 0x04, 0x00, 0x00, 0x64, 0x4f, 0xb0, 0x00,
  0x39, 0x00, 0x00, 0x00, 0x12, 0x00, 0x01, 0x00, 0x6e, 0x04, 0x00, 0x00,
  0xec, 0x52, 0xb0, 0x00, 0x7f, 0x00, 0x00, 0x00, 0x12, 0x00, 0x01, 0x00,
  0xcc, 0x04, 0x00, 0x00, 0xcc, 0x58, 0xb0, 0x00, 0x44, 0x00, 0x00, 0x00,
  0x12, 0x00, 0x01, 0x00, 0x74, 0x04, 0x00, 0x00, 0x68, 0x6b, 0xb0, 0x00,
  0x1c, 0x00, 0x00, 0x00, 0x12, 0x00, 0x01, 0x00, 0x7d, 0x04, 0x00, 0x00,
  0x34, 0x4f, 0xb0, 0x00, 0x2e, 0x00, 0x00, 0x00, 0x12, 0x00, 0x01, 0x00,
  0x58, 0x06, 0x00, 0x00, 0xe8, 0x53, 0xb0, 0x00, 0x3d, 0x00, 0x00, 0x00,
  0x12, 0x00, 0x01, 0x00, 0x89, 0x04, 0x00, 0x00, 0xc0, 0x6b, 0xb0, 0x00,
  0x21, 0x00, 0x00, 0x00, 0x12, 0x00, 0x01, 0x00, 0x8e, 0x04, 0x00, 0x00,
  0xec, 0x69, 0xb0, 0x00, 0x1d, 0x00, 0x00, 0x00, 0x12, 0x00, 0x01, 0x00,
  0x95, 0x04, 0x00, 0x00, 0x5c, 0x63, 0xb0, 0x00, 0x12, 0x00, 0x00, 0x00,
  0x12, 0x00, 0x01, 0x00, 0x9c, 0x04, 0x00, 0x00, 0x30, 0x58, 0xb0, 0x00,
  0x26, 0x00, 0x00, 0x00, 0x12, 0x00, 0x01, 0x00, 0xa1, 0x04, 0x00, 0x00,
  0xd0, 0x60, 0xb0, 0x00, 0x69, 0x01, 0x00, 0x00, 0x12, 0x00, 0x01, 0x00,
  0xa8, 0x04, 0x00, 0x00, 0x9c, 0x58, 0xb0, 0x00, 0x19, 0x00, 0x00, 0x00,
  0x12, 0x00, 0x01, 0x00, 0x48, 0x04, 0x00, 0x00, 0xe4, 0x6b, 0xb0, 0x00,
  0x2d, 0x00, 0x00, 0x00, 0x12, 0x00, 0x01, 0x00, 0xaf, 0x04, 0x00, 0x00,
  0xf0, 0x54, 0xb0, 0x00, 0x21, 0x02, 0x00, 0x00, 0x12, 0x00, 0x01, 0x00,
  0xb9, 0x04, 0x00, 0x00, 0x78, 0x65, 0xb0, 0x00, 0x1f, 0x00, 0x00, 0x00,
  0x12, 0x00, 0x01, 0x00, 0xc1, 0x04, 0x00, 0x00, 0x10, 0x6b, 0xb0, 0x00,
  0x1f, 0x00, 0x00, 0x00, 0x12, 0x00, 0x01, 0x00, 0xc7, 0x04, 0x00, 0x00,
  0xa0, 0x4f, 0xb0, 0x00, 0x44, 0x00, 0x00, 0x00, 0x12, 0x00, 0x01, 0x00,
  0xd3, 0x04, 0x00, 0x00, 0x44, 0x51, 0xb0, 0x00, 0x69, 0x00, 0x00, 0x00,
  0x12, 0x00, 0x01, 0x00, 0xda, 0x04, 0x00, 0x00, 0x04, 0x69, 0xb0, 0x00,
  0x1c, 0x00, 0x00, 0x00, 0x12, 0x00, 0x01, 0x00, 0xe0, 0x04, 0x00, 0x00,
  0xbc, 0x60, 0xf2, 0x00, 0x00, 0x00, 0x00, 0x00, 0x10, 0x00, 0x04, 0x00,
  0xea, 0x04, 0x00, 0x00, 0x70, 0x4e, 0xb0, 0x00, 0x60, 0x00, 0x00, 0x00,
  0x12, 0x00, 0x01, 0x00, 0xf7, 0x04, 0x00, 0x00, 0x3c, 0x63, 0xb0, 0x00,
  0x0f, 0x00, 0x00, 0x00, 0x12, 0x00, 0x01, 0x00, 0xfd, 0x04, 0x00, 0x00,
  0x40, 0x64, 0xb0, 0x00, 0x38, 0x01, 0x00, 0x00, 0x12, 0x00, 0x01, 0x00,
  0x04, 0x05, 0x00, 0x00, 0x84, 0x6b, 0xb0, 0x00, 0x1f, 0x00, 0x00, 0x00,
  0x12, 0x00, 0x01, 0x00, 0x09, 0x05, 0x00, 0x00, 0xb8, 0x58, 0xb0, 0x00,
  0x12, 0x00, 0x00, 0x00, 0x12, 0x00, 0x01, 0x00, 0x10, 0x05, 0x00, 0x00,
  0x80, 0x5d, 0xb0, 0x00, 0x41, 0x00, 0x00, 0x00, 0x12, 0x00, 0x01, 0x00,
  0x18, 0x05, 0x00, 0x00, 0x3c, 0x62, 0xb0, 0x00, 0x3f, 0x00, 0x00, 0x00,
  0x12, 0x00, 0x01, 0x00, 0x1f, 0x05, 0x00, 0x00, 0x98, 0x65, 0xb0, 0x00,
  0x14, 0x00, 0x00, 0x00, 0x12, 0x00, 0x01, 0x00, 0x24, 0x06, 0x00, 0x00,
  0x54, 0x68, 0xb0, 0x00, 0x25, 0x00, 0x00, 0x00, 0x12, 0x00, 0x01, 0x00,
  0x26, 0x05, 0x00, 0x00, 0x2c, 0x64, 0xb0, 0x00, 0x14, 0x00, 0x00, 0x00,
  0x12, 0x00, 0x01, 0x00, 0x6c, 0x06, 0x00, 0x00, 0x5c, 0x54, 0xb0, 0x00,
  0x2f, 0x00, 0x00, 0x00, 0x12, 0x00, 0x01, 0x00, 0x2b, 0x05, 0x00, 0x00,
  0x50, 0x5b, 0xb0, 0x00, 0x53, 0x00, 0x00, 0x00, 0x12, 0x00, 0x01, 0x00,
  0x32, 0x05, 0x00, 0x00, 0xd0, 0x6a, 0xb0, 0x00, 0x1f, 0x00, 0x00, 0x00,
  0x12, 0x00, 0x01, 0x00, 0x38, 0x05, 0x00, 0x00, 0x98, 0x57, 0xb0, 0x00,
  0x4a, 0x00, 0x00, 0x00, 0x12, 0x00, 0x01, 0x00, 0x3e, 0x05, 0x00, 0x00,
  0x2c, 0x5a, 0xb0, 0x00, 0x4a, 0x00, 0x00, 0x00, 0x12, 0x00, 0x01, 0x00,
  0x50, 0x03, 0x00, 0x00, 0x58, 0x80, 0xb0, 0x00, 0x04, 0x00, 0x00, 0x00,
  0x11, 0x00, 0x03, 0x00, 0x32, 0x00, 0x00, 0x00, 0x00, 0x00, 0xb0, 0x00,
  0x1e, 0x00, 0x00, 0x00, 0x12, 0x00, 0x01, 0x00, 0x45, 0x05, 0x00, 0x00,
  0xbc, 0x60, 0xf2, 0x00, 0x00, 0x00, 0x00, 0x00, 0x10, 0x00, 0x04, 0x00,
  0x4b, 0x05, 0x00, 0x00, 0x58, 0x58, 0xb0, 0x00, 0x26, 0x00, 0x00, 0x00,
  0x12, 0x00, 0x01, 0x00, 0x52, 0x05, 0x00, 0x00, 0x00, 0x5f, 0xb0, 0x00,
  0x64, 0x00, 0x00, 0x00, 0x12, 0x00, 0x01, 0x00, 0xd0, 0x05, 0x00, 0x00,
  0xac, 0x65, 0xb0, 0x00, 0x30, 0x00, 0x00, 0x00, 0x12, 0x00, 0x01, 0x00,
  0x59, 0x05, 0x00, 0x00, 0x8c, 0x6a, 0xb0, 0x00, 0x1e, 0x00, 0x00, 0x00,
  0x12, 0x00, 0x01, 0x00, 0xa5, 0x05, 0x00, 0x00, 0x04, 0x68, 0xb0, 0x00,
  0x25, 0x00, 0x00, 0x00, 0x12, 0x00, 0x01, 0x00, 0x60, 0x05, 0x00, 0x00,
  0xcc, 0x5c, 0xb0, 0x00, 0x1c, 0x00, 0x00, 0x00, 0x12, 0x00, 0x01, 0x00,
  0xef, 0x04, 0x00, 0x00, 0x60, 0x5c, 0xb0, 0x00, 0x69, 0x00, 0x00, 0x00,
  0x12, 0x00, 0x01, 0x00, 0x36, 0x06, 0x00, 0x00, 0xec, 0x5a, 0xb0, 0x00,
  0x62, 0x00, 0x00, 0x00, 0x12, 0x00, 0x01, 0x00, 0x68, 0x05, 0x00, 0x00,
  0xf0, 0x6a, 0xb0, 0x00, 0x1f, 0x00, 0x00, 0x00, 0x12, 0x00, 0x01, 0x00,
  0xf0, 0x03, 0x00, 0x00, 0xfc, 0x65, 0xb0, 0x00, 0x12, 0x00, 0x00, 0x00,
  0x12, 0x00, 0x01, 0x00, 0x6f, 0x05, 0x00, 0x00, 0x24, 0x4e, 0xb0, 0x00,
  0x4b, 0x00, 0x00, 0x00, 0x12, 0x00, 0x01, 0x00, 0x7b, 0x05, 0x00, 0x00,
  0x7c, 0x62, 0xb0, 0x00, 0x8b, 0x00, 0x00, 0x00, 0x12, 0x00, 0x01, 0x00,
  0x83, 0x05, 0x00, 0x00, 0x64, 0x5f, 0xb0, 0x00, 0xad, 0x00, 0x00, 0x00,
  0x12, 0x00, 0x01, 0x00, 0x8a, 0x05, 0x00, 0x00, 0xc8, 0x59, 0xb0, 0x00,
  0x61, 0x00, 0x00, 0x00, 0x12, 0x00, 0x01, 0x00, 0x91, 0x05, 0x00, 0x00,
  0x20, 0x69, 0xb0, 0x00, 0x1c, 0x00, 0x00, 0x00, 0x12, 0x00, 0x01, 0x00,
  0x96, 0x05, 0x00, 0x00, 0x58, 0x69, 0xb0, 0x00, 0x1e, 0x00, 0x00, 0x00,
  0x12, 0x00, 0x01, 0x00, 0x9c, 0x05, 0x00, 0x00, 0xa4, 0x5b, 0xb0, 0x00,
  0x6e, 0x00, 0x00, 0x00, 0x12, 0x00, 0x01, 0x00, 0xa4, 0x05, 0x00, 0x00,
  0xb0, 0x51, 0xb0, 0x00, 0x70, 0x00, 0x00, 0x00, 0x12, 0x00, 0x01, 0x00,
  0xaa, 0x05, 0x00, 0x00, 0x4c, 0x6b, 0xb0, 0x00, 0x1c, 0x00, 0x00, 0x00,
  0x12, 0x00, 0x01, 0x00, 0xb2, 0x05, 0x00, 0x00, 0xe4, 0x4f, 0xb0, 0x00,
  0xe1, 0x00, 0x00, 0x00, 0x12, 0x00, 0x01, 0x00, 0xb8, 0x05, 0x00, 0x00,
  0x00, 0x90, 0xb0, 0x00, 0x00, 0x00, 0x00, 0x00, 0x10, 0x00, 0x04, 0x00,
  0x67, 0x04, 0x00, 0x00, 0x8c, 0x59, 0xb0, 0x00, 0x39, 0x00, 0x00, 0x00,
  0x12, 0x00, 0x01, 0x00, 0xc4, 0x05, 0x00, 0x00, 0x90, 0x49, 0xb0, 0x00,
  0x94, 0x04, 0x00, 0x00, 0x12, 0x00, 0x01, 0x00, 0xc9, 0x05, 0x00, 0x00,
  0xe4, 0x57, 0xb0, 0x00, 0x2e, 0x00, 0x00, 0x00, 0x12, 0x00, 0x01, 0x00,
  0xcf, 0x05, 0x00, 0x00, 0xdc, 0x65, 0xb0, 0x00, 0x0d, 0x00, 0x00, 0x00,
  0x12, 0x00, 0x01, 0x00, 0xd5, 0x05, 0x00, 0x00, 0xe8, 0x5c, 0xb0, 0x00,
  0x44, 0x00, 0x00, 0x00, 0x12, 0x00, 0x01, 0x00, 0xdd, 0x05, 0x00, 0x00,
  0x80, 0x58, 0xb0, 0x00, 0x19, 0x00, 0x00, 0x00, 0x12, 0x00, 0x01, 0x00,
  0xe6, 0x05, 0x00, 0x00, 0xc8, 0x50, 0xb0, 0x00, 0x7b, 0x00, 0x00, 0x00,
  0x12, 0x00, 0x01, 0x00, 0xed, 0x05, 0x00, 0x00, 0xac, 0x53, 0xb0, 0x00,
  0x1c, 0x00, 0x00, 0x00, 0x12, 0x00, 0x01, 0x00, 0xf5, 0x05, 0x00, 0x00,
  0xcc, 0x69, 0xb0, 0x00, 0x1d, 0x00, 0x00, 0x00, 0x12, 0x00, 0x01, 0x00,
  0x74, 0x05, 0x00, 0x00, 0x14, 0x5c, 0xb0, 0x00, 0x4b, 0x00, 0x00, 0x00,
  0x12, 0x00, 0x01, 0x00, 0xfd, 0x05, 0x00, 0x00, 0xa4, 0x6b, 0xb0, 0x00,
  0x1c, 0x00, 0x00, 0x00, 0x12, 0x00, 0x01, 0x00, 0x01, 0x06, 0x00, 0x00,
  0xac, 0x6a, 0xb0, 0x00, 0x22, 0x00, 0x00, 0x00, 0x12, 0x00, 0x01, 0x00,
  0x08, 0x06, 0x00, 0x00, 0x80, 0x52, 0xb0, 0x00, 0x33, 0x00, 0x00, 0x00,
  0x12, 0x00, 0x01, 0x00, 0xff, 0x03, 0x00, 0x00, 0x8c, 0x54, 0xb0, 0x00,
  0x2f, 0x00, 0x00, 0x00, 0x12, 0x00, 0x01, 0x00, 0x0e, 0x06, 0x00, 0x00,
  0x4c, 0x63, 0xb0, 0x00, 0x0f, 0x00, 0x00, 0x00, 0x12, 0x00, 0x01, 0x00,
  0x15, 0x06, 0x00, 0x00, 0xc4, 0x5d, 0xb0, 0x00, 0x68, 0x00, 0x00, 0x00,
  0x12, 0x00, 0x01, 0x00, 0x5f, 0x03, 0x00, 0x00, 0x60, 0x80, 0xb0, 0x00,
  0x04, 0x00, 0x00, 0x00, 0x11, 0x00, 0x03, 0x00, 0x1d, 0x06, 0x00, 0x00,
  0xb4, 0x52, 0xb0, 0x00, 0x38, 0x00, 0x00, 0x00, 0x12, 0x00, 0x01, 0x00,
  0x23, 0x06, 0x00, 0x00, 0x20, 0x52, 0xb0, 0x00, 0x5e, 0x00, 0x00, 0x00,
  0x12, 0x00, 0x01, 0x00, 0x2a, 0x06, 0x00, 0x00, 0x14, 0x58, 0xb0, 0x00,
  0x1b, 0x00, 0x00, 0x00, 0x12, 0x00, 0x01, 0x00, 0x31, 0x06, 0x00, 0x00,
  0xd0, 0x4e, 0xb0, 0x00, 0x62, 0x00, 0x00, 0x00, 0x12, 0x00, 0x01, 0x00,
  0x78, 0x04, 0x00, 0x00, 0x30, 0x6b, 0xb0, 0x00, 0x1c, 0x00, 0x00, 0x00,
  0x12, 0x00, 0x01, 0x00, 0x44, 0x06, 0x00, 0x00, 0x2c, 0x63, 0xb0, 0x00,
  0x10, 0x00, 0x00, 0x00, 0x12, 0x00, 0x01, 0x00, 0x3e, 0x06, 0x00, 0x00,
  0x70, 0x63, 0xb0, 0x00, 0x9d, 0x00, 0x00, 0x00, 0x12, 0x00, 0x01, 0x00,
  0x43, 0x06, 0x00, 0x00, 0x94, 0x69, 0xb0, 0x00, 0x17, 0x00, 0x00, 0x00,
  0x12, 0x00, 0x01, 0x00, 0x49, 0x06, 0x00, 0x00, 0x2c, 0x5e, 0xb0, 0x00,
  0x75, 0x00, 0x00, 0x00, 0x12, 0x00, 0x01, 0x00, 0x82, 0x04, 0x00, 0x00,
  0x78, 0x5a, 0xb0, 0x00, 0x34, 0x00, 0x00, 0x00, 0x12, 0x00, 0x01, 0x00,
  0xb3, 0x05, 0x00, 0x00, 0xbc, 0x68, 0xb0, 0x00, 0x22, 0x00, 0x00, 0x00,
  0x12, 0x00, 0x01, 0x00, 0x3b, 0x04, 0x00, 0x00, 0xb4, 0x67, 0xb0, 0x00,
  0x27, 0x00, 0x00, 0x00, 0x12, 0x00, 0x01, 0x00, 0x50, 0x06, 0x00, 0x00,
  0x2c, 0x5d, 0xb0, 0x00, 0x51, 0x00, 0x00, 0x00, 0x12, 0x00, 0x01, 0x00,
  0x57, 0x06, 0x00, 0x00, 0x6c, 0x53, 0xb0, 0x00, 0x40, 0x00, 0x00, 0x00,
  0x12, 0x00, 0x01, 0x00, 0x5d, 0x06, 0x00, 0x00, 0x78, 0x69, 0xb0, 0x00,
  0x1c, 0x00, 0x00, 0x00, 0x12, 0x00, 0x01, 0x00, 0x64, 0x06, 0x00, 0x00,
  0x6c, 0x6a, 0xb0, 0x00, 0x1e, 0x00, 0x00, 0x00, 0x12, 0x00, 0x01, 0x00,
  0xe7, 0x05, 0x00, 0x00, 0x7c, 0x68, 0xb0, 0x00, 0x1e, 0x00, 0x00, 0x00,
  0x12, 0x00, 0x01, 0x00, 0x6b, 0x06, 0x00, 0x00, 0x14, 0x57, 0xb0, 0x00,
  0x5d, 0x00, 0x00, 0x00, 0x12, 0x00, 0x01, 0x00, 0x74, 0x06, 0x00, 0x00,
  0xa4, 0x5e, 0xb0, 0x00, 0x59, 0x00, 0x00, 0x00, 0x12, 0x00, 0x01, 0x00,
  0x7c, 0x06, 0x00, 0x00, 0x08, 0x63, 0xb0, 0x00, 0x21, 0x00, 0x00, 0x00,
  0x12, 0x00, 0x01, 0x00, 0x00, 0x70, 0x63, 0x63, 0x2e, 0x63, 0x00, 0x70,
  0x63, 0x63, 0x5f, 0x6d, 0x74, 0x69, 0x6d, 0x65, 0x00, 0x70, 0x63, 0x63,
  0x5f, 0x6d, 0x75, 0x70, 0x74, 0x69, 0x6d, 0x65, 0x00, 0x70, 0x63, 0x63,
  0x5f, 0x69, 0x6f, 0x00, 0x63, 0x75, 0x72, 0x5f, 0x6c, 0x69, 0x6e, 0x65,
  0x00, 0x69, 0x73, 0x5f, 0x69, 0x64, 0x5f, 0x73, 0x74, 0x61, 0x72, 0x74,
  0x00, 0x69, 0x73, 0x5f, 0x69, 0x64, 0x5f, 0x63, 0x68, 0x61, 0x72, 0x00,
  0x74, 0x6f, 0x6b, 0x5f, 0x70, 0x75, 0x73, 0x68, 0x00, 0x74, 0x6f, 0x6b,
  0x5f, 0x6e, 0x00, 0x74, 0x6f, 0x6b, 0x73, 0x00, 0x74, 0x6f, 0x6b, 0x65,
  0x6e, 0x69, 0x7a, 0x65, 0x00, 0x73, 0x74, 0x72, 0x5f, 0x70, 0x6f, 0x6f,
  0x6c, 0x5f, 0x6e, 0x00, 0x73, 0x74, 0x72, 0x5f, 0x70, 0x6f, 0x6f, 0x6c,
  0x00, 0x66, 0x69, 0x6e, 0x64, 0x5f, 0x73, 0x79, 0x6d, 0x00, 0x73, 0x79,
  0x6d, 0x5f, 0x6e, 0x00, 0x73, 0x79, 0x6d, 0x73, 0x00, 0x61, 0x64, 0x64,
  0x5f, 0x73, 0x79, 0x6d, 0x00, 0x65, 0x6d, 0x69, 0x74, 0x31, 0x00, 0x74,
  0x65, 0x78, 0x74, 0x5f, 0x6e, 0x00, 0x74, 0x65, 0x78, 0x74, 0x00, 0x65,
  0x6d, 0x69, 0x74, 0x33, 0x32, 0x00, 0x65, 0x6d, 0x69, 0x74, 0x5f, 0x6d,
  0x72, 0x6d, 0x00, 0x65, 0x6d, 0x69, 0x74, 0x5f, 0x6c, 0x6f, 0x61, 0x64,
  0x5f, 0x65, 0x61, 0x78, 0x00, 0x65, 0x6d, 0x69, 0x74, 0x5f, 0x73, 0x74,
  0x6f, 0x72, 0x65, 0x5f, 0x65, 0x64, 0x78, 0x00, 0x65, 0x6d, 0x69, 0x74,
  0x5f, 0x63, 0x6d, 0x70, 0x5f, 0x65, 0x61, 0x78, 0x5f, 0x30, 0x00, 0x65,
  0x6d, 0x69, 0x74, 0x5f, 0x73, 0x65, 0x74, 0x63, 0x63, 0x00, 0x6e, 0x65,
  0x77, 0x5f, 0x6c, 0x61, 0x62, 0x65, 0x6c, 0x00, 0x6c, 0x61, 0x62, 0x65,
  0x6c, 0x5f, 0x6e, 0x00, 0x6c, 0x61, 0x62, 0x65, 0x6c, 0x5f, 0x6c, 0x69,
  0x73, 0x74, 0x00, 0x6c, 0x61, 0x62, 0x65, 0x6c, 0x5f, 0x70, 0x6f, 0x73,
  0x00, 0x65, 0x6d, 0x69, 0x74, 0x5f, 0x6c, 0x61, 0x62, 0x65, 0x6c, 0x00,
  0x6c, 0x66, 0x69, 0x78, 0x00, 0x65, 0x6d, 0x69, 0x74, 0x5f, 0x72, 0x65,
  0x6c, 0x33, 0x32, 0x5f, 0x6c, 0x61, 0x62, 0x65, 0x6c, 0x00, 0x6c, 0x66,
  0x69, 0x78, 0x5f, 0x6e, 0x00, 0x65, 0x6d, 0x69, 0x74, 0x5f, 0x6a, 0x6d,
  0x70, 0x00, 0x65, 0x6d, 0x69, 0x74, 0x5f, 0x6a, 0x63, 0x63, 0x00, 0x65,
  0x6d, 0x69, 0x74, 0x5f, 0x66, 0x69, 0x78, 0x75, 0x70, 0x00, 0x66, 0x69,
  0x78, 0x75, 0x70, 0x5f, 0x6e, 0x00, 0x66, 0x69, 0x78, 0x75, 0x70, 0x73,
  0x00, 0x74, 0x69, 0x5f, 0x65, 0x6c, 0x65, 0x6d, 0x5f, 0x73, 0x69, 0x7a,
  0x65, 0x00, 0x63, 0x75, 0x72, 0x00, 0x61, 0x74, 0x32, 0x00, 0x63, 0x6f,
  0x6e, 0x73, 0x75, 0x6d, 0x65, 0x00, 0x65, 0x78, 0x70, 0x65, 0x63, 0x74,
  0x00, 0x65, 0x72, 0x72, 0x5f, 0x6c, 0x69, 0x6e, 0x65, 0x00, 0x73, 0x6b,
  0x69, 0x70, 0x5f, 0x71, 0x75, 0x61, 0x6c, 0x69, 0x66, 0x69, 0x65, 0x72,
  0x73, 0x00, 0x64, 0x65, 0x63, 0x6c, 0x5f, 0x73, 0x70, 0x65, 0x63, 0x00,
  0x74, 0x79, 0x70, 0x65, 0x5f, 0x74, 0x6f, 0x74, 0x61, 0x6c, 0x00, 0x70,
  0x61, 0x72, 0x73, 0x65, 0x5f, 0x6c, 0x76, 0x61, 0x6c, 0x75, 0x65, 0x5f,
  0x61, 0x64, 0x64, 0x72, 0x00, 0x65, 0x78, 0x70, 0x72, 0x00, 0x63, 0x6f,
  0x65, 0x72, 0x63, 0x65, 0x5f, 0x76, 0x61, 0x6c, 0x75, 0x65, 0x00, 0x70,
  0x72, 0x69, 0x6d, 0x61, 0x72, 0x79, 0x00, 0x72, 0x6f, 0x64, 0x61, 0x74,
  0x61, 0x5f, 0x6e, 0x00, 0x72, 0x6f, 0x64, 0x61, 0x74, 0x61, 0x00, 0x70,
  0x6f, 0x73, 0x74, 0x66, 0x69, 0x78, 0x00, 0x75, 0x6e, 0x61, 0x72, 0x79,
  0x00, 0x6d, 0x75, 0x6c, 0x74, 0x69, 0x70, 0x6c, 0x69, 0x63, 0x61, 0x74,
  0x69, 0x76, 0x65, 0x00, 0x61, 0x64, 0x64, 0x69, 0x74, 0x69, 0x76, 0x65,
  0x00, 0x73, 0x68, 0x69, 0x66, 0x74, 0x00, 0x72, 0x65, 0x6c, 0x61, 0x74,
  0x69, 0x6f, 0x6e, 0x61, 0x6c, 0x00, 0x65, 0x71, 0x75, 0x61, 0x6c, 0x69,
  0x74, 0x79, 0x00, 0x62, 0x69, 0x74, 0x61, 0x6e, 0x64, 0x00, 0x62, 0x69,
  0x74, 0x78, 0x6f, 0x72, 0x00, 0x62, 0x69, 0x74, 0x6f, 0x72, 0x00, 0x6c,
  0x61, 0x6e, 0x64, 0x00, 0x6c, 0x6f, 0x72, 0x00, 0x61, 0x73, 0x73, 0x69,
  0x67, 0x6e, 0x00, 0x65, 0x6d, 0x69, 0x74, 0x5f, 0x65, 0x70, 0x69, 0x6c,
  0x6f, 0x67, 0x75, 0x65, 0x00, 0x73, 0x74, 0x6d, 0x74, 0x00, 0x6c, 0x6f,
  0x6f, 0x70, 0x5f, 0x64, 0x65, 0x70, 0x74, 0x68, 0x00, 0x6c, 0x6f, 0x6f,
  0x70, 0x5f, 0x62, 0x72, 0x6b, 0x00, 0x6c, 0x6f, 0x6f, 0x70, 0x5f, 0x63,
  0x6f, 0x6e, 0x74, 0x00, 0x66, 0x6e, 0x5f, 0x6c, 0x6f, 0x63, 0x61, 0x6c,
  0x5f, 0x6f, 0x66, 0x66, 0x00, 0x67, 0x6c, 0x6f, 0x62, 0x61, 0x6c, 0x5f,
  0x76, 0x61, 0x72, 0x00, 0x74, 0x6f, 0x70, 0x5f, 0x6c, 0x65, 0x76, 0x65,
  0x6c, 0x00, 0x66, 0x6e, 0x5f, 0x64, 0x65, 0x66, 0x00, 0x66, 0x6e, 0x5f,
  0x66, 0x72, 0x61, 0x6d, 0x65, 0x5f, 0x70, 0x61, 0x74, 0x63, 0x68, 0x00,
  0x65, 0x6d, 0x69, 0x74, 0x5f, 0x73, 0x74, 0x75, 0x62, 0x73, 0x00, 0x62,
  0x75, 0x69, 0x6c, 0x64, 0x5f, 0x72, 0x75, 0x6e, 0x74, 0x69, 0x6d, 0x65,
  0x5f, 0x73, 0x72, 0x63, 0x00, 0x6c, 0x69, 0x6e, 0x6b, 0x5f, 0x70, 0x61,
  0x73, 0x73, 0x00, 0x77, 0x72, 0x69, 0x74, 0x65, 0x5f, 0x65, 0x6c, 0x66,
  0x00, 0x73, 0x61, 0x6c, 0x74, 0x5f, 0x77, 0x6f, 0x72, 0x64, 0x00, 0x73,
  0x61, 0x6c, 0x74, 0x5f, 0x68, 0x65, 0x78, 0x00, 0x63, 0x6f, 0x6c, 0x6c,
  0x65, 0x63, 0x74, 0x5f, 0x61, 0x72, 0x67, 0x73, 0x00, 0x61, 0x76, 0x00,
  0x61, 0x63, 0x00, 0x70, 0x72, 0x69, 0x6e, 0x74, 0x5f, 0x68, 0x65, 0x78,
  0x00, 0x70, 0x72, 0x69, 0x6e, 0x74, 0x5f, 0x76, 0x65, 0x72, 0x73, 0x69,
  0x6f, 0x6e, 0x00, 0x70, 0x72, 0x69, 0x6e, 0x74, 0x5f, 0x75, 0x73, 0x61,
  0x67, 0x65, 0x00, 0x70, 0x63, 0x63, 0x5f, 0x73, 0x68, 0x69, 0x6d, 0x73,
  0x2e, 0x63, 0x00, 0x73, 0x74, 0x64, 0x69, 0x6f, 0x2e, 0x63, 0x00, 0x5f,
  0x73, 0x74, 0x64, 0x69, 0x6e, 0x00, 0x5f, 0x73, 0x74, 0x64, 0x6f, 0x75,
  0x74, 0x00, 0x5f, 0x73, 0x74, 0x64, 0x65, 0x72, 0x72, 0x00, 0x73, 0x74,
  0x72, 0x69, 0x6e, 0x67, 0x2e, 0x63, 0x00, 0x73, 0x74, 0x72, 0x74, 0x6f,
  0x6b, 0x5f, 0x6c, 0x61, 0x73, 0x74, 0x00, 0x73, 0x74, 0x64, 0x6c, 0x69,
  0x62, 0x2e, 0x63, 0x00, 0x68, 0x65, 0x61, 0x70, 0x5f, 0x70, 0x74, 0x72,
  0x00, 0x68, 0x65, 0x61, 0x70, 0x5f, 0x73, 0x74, 0x61, 0x72, 0x74, 0x00,
  0x68, 0x65, 0x61, 0x70, 0x00, 0x72, 0x61, 0x6e, 0x64, 0x5f, 0x73, 0x65,
  0x65, 0x64, 0x00, 0x75, 0x6e, 0x69, 0x73, 0x74, 0x64, 0x2e, 0x63, 0x00,
  0x6d, 0x34, 0x6b, 0x5f, 0x73, 0x79, 0x73, 0x63, 0x61, 0x6c, 0x6c, 0x33,
  0x00, 0x6d, 0x34, 0x6b, 0x5f, 0x73, 0x79, 0x73, 0x63, 0x61, 0x6c, 0x6c,
  0x31, 0x00, 0x6d, 0x34, 0x6b, 0x5f, 0x73, 0x79, 0x73, 0x63, 0x61, 0x6c,
  0x6c, 0x32, 0x00, 0x65, 0x72, 0x72, 0x6e, 0x6f, 0x2e, 0x63, 0x00, 0x70,
  0x75, 0x74, 0x63, 0x68, 0x61, 0x72, 0x00, 0x73, 0x74, 0x72, 0x63, 0x70,
  0x79, 0x00, 0x75, 0x6e, 0x73, 0x65, 0x74, 0x65, 0x6e, 0x76, 0x00, 0x67,
  0x65, 0x74, 0x67, 0x69, 0x64, 0x00, 0x76, 0x73, 0x70, 0x72, 0x69, 0x6e,
  0x74, 0x66, 0x00, 0x73, 0x74, 0x72, 0x65, 0x72, 0x72, 0x6f, 0x72, 0x00,
  0x67, 0x65, 0x74, 0x65, 0x75, 0x69, 0x64, 0x00, 0x6d, 0x65, 0x6d, 0x6d,
  0x6f, 0x76, 0x65, 0x00, 0x61, 0x74, 0x6f, 0x6c, 0x00, 0x67, 0x65, 0x74,
  0x65, 0x6e, 0x76, 0x00, 0x65, 0x72, 0x72, 0x6e, 0x6f, 0x00, 0x67, 0x65,
  0x74, 0x65, 0x67, 0x69, 0x64, 0x00, 0x6c, 0x61, 0x62, 0x73, 0x00, 0x62,
  0x73, 0x65, 0x61, 0x72, 0x63, 0x68, 0x00, 0x75, 0x73, 0x6c, 0x65, 0x65,
  0x70, 0x00, 0x65, 0x78, 0x65, 0x63, 0x76, 0x65, 0x00, 0x67, 0x65, 0x74,
  0x70, 0x69, 0x64, 0x00, 0x71, 0x73, 0x6f, 0x72, 0x74, 0x00, 0x6d, 0x6b,
  0x72, 0x6e, 0x5f, 0x6d, 0x65, 0x6d, 0x73, 0x65, 0x74, 0x00, 0x66, 0x67,
  0x65, 0x74, 0x73, 0x00, 0x72, 0x65, 0x61, 0x64, 0x6c, 0x69, 0x6e, 0x6b,
  0x00, 0x6d, 0x6b, 0x72, 0x6e, 0x5f, 0x73, 0x74, 0x72, 0x6c, 0x65, 0x6e,
  0x00, 0x64, 0x75, 0x70, 0x32, 0x00, 0x67, 0x65, 0x74, 0x75, 0x69, 0x64,
  0x00, 0x73, 0x79, 0x73, 0x74, 0x65, 0x6d, 0x00, 0x66, 0x65, 0x6f, 0x66,
  0x00, 0x6d, 0x61, 0x6c, 0x6c, 0x6f, 0x63, 0x00, 0x72, 0x65, 0x6d, 0x6f,
  0x76, 0x65, 0x00, 0x76, 0x73, 0x6e, 0x70, 0x72, 0x69, 0x6e, 0x74, 0x66,
  0x00, 0x73, 0x74, 0x72, 0x74, 0x6f, 0x75, 0x6c, 0x00, 0x72, 0x6d, 0x64,
  0x69, 0x72, 0x00, 0x6d, 0x6b, 0x72, 0x6e, 0x5f, 0x6d, 0x65, 0x6d, 0x63,
  0x70, 0x79, 0x00, 0x66, 0x66, 0x6c, 0x75, 0x73, 0x68, 0x00, 0x6c, 0x73,
  0x65, 0x65, 0x6b, 0x00, 0x5f, 0x5f, 0x62, 0x73, 0x73, 0x5f, 0x65, 0x6e,
  0x64, 0x00, 0x6d, 0x6b, 0x72, 0x6e, 0x5f, 0x73, 0x74, 0x72, 0x6e, 0x63,
  0x6d, 0x70, 0x00, 0x61, 0x62, 0x6f, 0x72, 0x74, 0x00, 0x73, 0x74, 0x72,
  0x74, 0x6f, 0x6c, 0x00, 0x70, 0x69, 0x70, 0x65, 0x00, 0x72, 0x65, 0x6e,
  0x61, 0x6d, 0x65, 0x00, 0x73, 0x74, 0x72, 0x72, 0x63, 0x68, 0x72, 0x00,
  0x63, 0x61, 0x6c, 0x6c, 0x6f, 0x63, 0x00, 0x73, 0x74, 0x72, 0x74, 0x6f,
  0x64, 0x00, 0x61, 0x74, 0x6f, 0x66, 0x00, 0x73, 0x74, 0x72, 0x63, 0x61,
  0x74, 0x00, 0x63, 0x68, 0x64, 0x69, 0x72, 0x00, 0x66, 0x73, 0x65, 0x65,
  0x6b, 0x00, 0x6d, 0x65, 0x6d, 0x63, 0x68, 0x72, 0x00, 0x5f, 0x5f, 0x65,
  0x6e, 0x64, 0x00, 0x66, 0x65, 0x72, 0x72, 0x6f, 0x72, 0x00, 0x73, 0x74,
  0x72, 0x73, 0x74, 0x72, 0x00, 0x73, 0x65, 0x74, 0x67, 0x69, 0x64, 0x00,
  0x73, 0x74, 0x72, 0x63, 0x6f, 0x6c, 0x6c, 0x00, 0x75, 0x6e, 0x6c, 0x69,
  0x6e, 0x6b, 0x00, 0x6d, 0x6b, 0x72, 0x6e, 0x5f, 0x73, 0x74, 0x72, 0x63,
  0x6d, 0x70, 0x00, 0x72, 0x65, 0x61, 0x6c, 0x6c, 0x6f, 0x63, 0x00, 0x73,
  0x74, 0x72, 0x74, 0x6f, 0x6b, 0x00, 0x6d, 0x65, 0x6d, 0x63, 0x6d, 0x70,
  0x00, 0x66, 0x6f, 0x72, 0x6b, 0x00, 0x65, 0x78, 0x65, 0x63, 0x76, 0x00,
  0x73, 0x74, 0x72, 0x6e, 0x63, 0x61, 0x74, 0x00, 0x66, 0x72, 0x65, 0x61,
  0x64, 0x00, 0x73, 0x79, 0x6d, 0x6c, 0x69, 0x6e, 0x6b, 0x00, 0x66, 0x6f,
  0x70, 0x65, 0x6e, 0x00, 0x5f, 0x5f, 0x62, 0x73, 0x73, 0x5f, 0x73, 0x74,
  0x61, 0x72, 0x74, 0x00, 0x6d, 0x61, 0x69, 0x6e, 0x00, 0x66, 0x74, 0x65,
  0x6c, 0x6c, 0x00, 0x73, 0x72, 0x61, 0x6e, 0x64, 0x00, 0x73, 0x74, 0x72,
  0x78, 0x66, 0x72, 0x6d, 0x00, 0x63, 0x6c, 0x65, 0x61, 0x72, 0x65, 0x72,
  0x72, 0x00, 0x66, 0x63, 0x6c, 0x6f, 0x73, 0x65, 0x00, 0x67, 0x65, 0x74,
  0x63, 0x68, 0x61, 0x72, 0x00, 0x67, 0x65, 0x74, 0x70, 0x70, 0x69, 0x64,
  0x00, 0x64, 0x75, 0x70, 0x00, 0x67, 0x65, 0x74, 0x63, 0x77, 0x64, 0x00,
  0x66, 0x67, 0x65, 0x74, 0x63, 0x00, 0x61, 0x74, 0x65, 0x78, 0x69, 0x74,
  0x00, 0x73, 0x74, 0x72, 0x63, 0x73, 0x70, 0x6e, 0x00, 0x66, 0x70, 0x75,
  0x74, 0x63, 0x00, 0x66, 0x77, 0x72, 0x69, 0x74, 0x65, 0x00, 0x72, 0x65,
  0x77, 0x69, 0x6e, 0x64, 0x00, 0x6d, 0x6b, 0x72, 0x6e, 0x5f, 0x73, 0x74,
  0x72, 0x6e, 0x63, 0x70, 0x79, 0x00, 0x61, 0x74, 0x6f, 0x69, 0x00, 0x5f,
  0x65, 0x78, 0x69, 0x74, 0x00, 0x73, 0x74, 0x72, 0x73, 0x70, 0x6e, 0x00,
  0x73, 0x74, 0x72, 0x63, 0x68, 0x72, 0x00, 0x66, 0x70, 0x75, 0x74, 0x73,
  0x00, 0x65, 0x78, 0x65, 0x63, 0x76, 0x70, 0x00, 0x73, 0x65, 0x74, 0x75,
  0x69, 0x64, 0x00, 0x76, 0x66, 0x70, 0x72, 0x69, 0x6e, 0x74, 0x66, 0x00,
  0x73, 0x74, 0x72, 0x70, 0x62, 0x72, 0x6b, 0x00, 0x66, 0x72, 0x65, 0x65,
  0x00, 0x00, 0x2e, 0x73, 0x79, 0x6d, 0x74, 0x61, 0x62, 0x00, 0x2e, 0x73,
  0x74, 0x72, 0x74, 0x61, 0x62, 0x00, 0x2e, 0x73, 0x68, 0x73, 0x74, 0x72,
  0x74, 0x61, 0x62, 0x00, 0x2e, 0x74, 0x65, 0x78, 0x74, 0x00, 0x2e, 0x72,
  0x6f, 0x64, 0x61, 0x74, 0x61, 0x00, 0x2e, 0x64, 0x61, 0x74, 0x61, 0x00,
  0x2e, 0x62, 0x73, 0x73, 0x00, 0x00, 0x00, 0x00, 0x00, 0x00, 0x00, 0x00,
  0x00, 0x00, 0x00, 0x00, 0x00, 0x00, 0x00, 0x00, 0x00, 0x00, 0x00, 0x00,
  0x00, 0x00, 0x00, 0x00, 0x00, 0x00, 0x00, 0x00, 0x00, 0x00, 0x00, 0x00,
  0x00, 0x00, 0x00, 0x00, 0x00, 0x00, 0x00, 0x00, 0x00, 0x00, 0x00, 0x00,
  0x1b, 0x00, 0x00, 0x00, 0x01, 0x00, 0x00, 0x00, 0x06, 0x00, 0x00, 0x00,
  0x00, 0x00, 0xb0, 0x00, 0x00, 0x10, 0x00, 0x00, 0x3b, 0x6c, 0x00, 0x00,
  0x00, 0x00, 0x00, 0x00, 0x00, 0x00, 0x00, 0x00, 0x04, 0x00, 0x00, 0x00,
  0x00, 0x00, 0x00, 0x00, 0x21, 0x00, 0x00, 0x00, 0x01, 0x00, 0x00, 0x00,
  0x02, 0x00, 0x00, 0x00, 0x00, 0x70, 0xb0, 0x00, 0x00, 0x80, 0x00, 0x00,
  0x7c, 0x07, 0x00, 0x00, 0x00, 0x00, 0x00, 0x00, 0x00, 0x00, 0x00, 0x00,
  0x04, 0x00, 0x00, 0x00, 0x00, 0x00, 0x00, 0x00, 0x29, 0x00, 0x00, 0x00,
  0x01, 0x00, 0x00, 0x00, 0x03, 0x00, 0x00, 0x00, 0x00, 0x80, 0xb0, 0x00,
  0x00, 0x90, 0x00, 0x00, 0x78, 0x00, 0x00, 0x00, 0x00, 0x00, 0x00, 0x00,
  0x00, 0x00, 0x00, 0x00, 0x04, 0x00, 0x00, 0x00, 0x00, 0x00, 0x00, 0x00,
  0x2f, 0x00, 0x00, 0x00, 0x08, 0x00, 0x00, 0x00, 0x03, 0x00, 0x00, 0x00,
  0x00, 0x90, 0xb0, 0x00, 0x78, 0x90, 0x00, 0x00, 0xbc, 0xd0, 0x41, 0x00,
  0x00, 0x00, 0x00, 0x00, 0x00, 0x00, 0x00, 0x00, 0x04, 0x00, 0x00, 0x00,
  0x00, 0x00, 0x00, 0x00, 0x01, 0x00, 0x00, 0x00, 0x02, 0x00, 0x00, 0x00,
  0x00, 0x00, 0x00, 0x00, 0x00, 0x00, 0x00, 0x00, 0x78, 0x90, 0x00, 0x00,
  0x50, 0x0e, 0x00, 0x00, 0x06, 0x00, 0x00, 0x00, 0x70, 0x00, 0x00, 0x00,
  0x04, 0x00, 0x00, 0x00, 0x10, 0x00, 0x00, 0x00, 0x09, 0x00, 0x00, 0x00,
  0x03, 0x00, 0x00, 0x00, 0x00, 0x00, 0x00, 0x00, 0x00, 0x00, 0x00, 0x00,
  0xc8, 0x9e, 0x00, 0x00, 0x81, 0x06, 0x00, 0x00, 0x00, 0x00, 0x00, 0x00,
  0x00, 0x00, 0x00, 0x00, 0x01, 0x00, 0x00, 0x00, 0x00, 0x00, 0x00, 0x00,
  0x11, 0x00, 0x00, 0x00, 0x03, 0x00, 0x00, 0x00, 0x00, 0x00, 0x00, 0x00,
  0x00, 0x00, 0x00, 0x00, 0x49, 0xa5, 0x00, 0x00, 0x34, 0x00, 0x00, 0x00,
  0x00, 0x00, 0x00, 0x00, 0x00, 0x00, 0x00, 0x00, 0x01, 0x00, 0x00, 0x00,
  0x00, 0x00, 0x00, 0x00
};
unsigned int pcc_init_elf_len = 42688;
