unsigned char terminal_init_elf[] = {
  0x7f, 0x45, 0x4c, 0x46, 0x01, 0x01, 0x01, 0x00, 0x00, 0x00, 0x00, 0x00,
  0x00, 0x00, 0x00, 0x00, 0x02, 0x00, 0x03, 0x00, 0x01, 0x00, 0x00, 0x00,
  0xb4, 0x1a, 0xc0, 0x00, 0x34, 0x00, 0x00, 0x00, 0x04, 0x45, 0x00, 0x00,
  0x00, 0x00, 0x00, 0x00, 0x34, 0x00, 0x20, 0x00, 0x01, 0x00, 0x28, 0x00,
  0x07, 0x00, 0x06, 0x00, 0x01, 0x00, 0x00, 0x00, 0x00, 0x10, 0x00, 0x00,
  0x00, 0x00, 0xc0, 0x00, 0x00, 0x00, 0xc0, 0x00, 0x94, 0x27, 0x00, 0x00,
  0xc0, 0x18, 0x1c, 0x00, 0x07, 0x00, 0x00, 0x00, 0x00, 0x10, 0x00, 0x00,
  0x00, 0x00, 0x00, 0x00, 0x00, 0x00, 0x00, 0x00, 0x00, 0x00, 0x00, 0x00,
  0x00, 0x00, 0x00, 0x00, 0x00, 0x00, 0x00, 0x00, 0x00, 0x00, 0x00, 0x00,
  0x00, 0x00, 0x00, 0x00, 0x00, 0x00, 0x00, 0x00, 0x00, 0x00, 0x00, 0x00,
  0x00, 0x00, 0x00, 0x00, 0x00, 0x00, 0x00, 0x00, 0x00, 0x00, 0x00, 0x00,
  0x00, 0x00, 0x00, 0x00, 0x00, 0x00, 0x00, 0x00, 0x00, 0x00, 0x00, 0x00,
  0x00, 0x00, 0x00, 0x00, 0x00, 0x00, 0x00, 0x00, 0x00, 0x00, 0x00, 0x00,
  0x00, 0x00, 0x00, 0x00, 0x00, 0x00, 0x00, 0x00, 0x00, 0x00, 0x00, 0x00,
  0x00, 0x00, 0x00, 0x00, 0x00, 0x00, 0x00, 0x00, 0x00, 0x00, 0x00, 0x00,
  0x00, 0x00, 0x00, 0x00, 0x00, 0x00, 0x00, 0x00, 0x00, 0x00, 0x00, 0x00,
  0x00, 0x00, 0x00, 0x00, 0x00, 0x00, 0x00, 0x00, 0x00, 0x00, 0x00, 0x00,
  0x00, 0x00, 0x00, 0x00, 0x00, 0x00, 0x00, 0x00, 0x00, 0x00, 0x00, 0x00,
  0x00, 0x00, 0x00, 0x00, 0x00, 0x00, 0x00, 0x00, 0x00, 0x00, 0x00, 0x00,
  0x00, 0x00, 0x00, 0x00, 0x00, 0x00, 0x00, 0x00, 0x00, 0x00, 0x00, 0x00,
  0x00, 0x00, 0x00, 0x00, 0x00, 0x00, 0x00, 0x00, 0x00, 0x00, 0x00, 0x00,
  0x00, 0x00, 0x00, 0x00, 0x00, 0x00, 0x00, 0x00, 0x00, 0x00, 0x00, 0x00,
  0x00, 0x00, 0x00, 0x00, 0x00, 0x00, 0x00, 0x00, 0x00, 0x00, 0x00, 0x00,
  0x00, 0x00, 0x00, 0x00, 0x00, 0x00, 0x00, 0x00, 0x00, 0x00, 0x00, 0x00,
  0x00, 0x00, 0x00, 0x00, 0x00, 0x00, 0x00, 0x00, 0x00, 0x00, 0x00, 0x00,
  0x00, 0x00, 0x00, 0x00, 0x00, 0x00, 0x00, 0x00, 0x00, 0x00, 0x00, 0x00,
  0x00, 0x00, 0x00, 0x00, 0x00, 0x00, 0x00, 0x00, 0x00, 0x00, 0x00, 0x00,
  0x00, 0x00, 0x00, 0x00, 0x00, 0x00, 0x00, 0x00, 0x00, 0x00, 0x00, 0x00,
  0x00, 0x00, 0x00, 0x00, 0x00, 0x00, 0x00, 0x00, 0x00, 0x00, 0x00, 0x00,
  0x00, 0x00, 0x00, 0x00, 0x00, 0x00, 0x00, 0x00, 0x00, 0x00, 0x00, 0x00,
  0x00, 0x00, 0x00, 0x00, 0x00, 0x00, 0x00, 0x00, 0x00, 0x00, 0x00, 0x00,
  0x00, 0x00, 0x00, 0x00, 0x00, 0x00, 0x00, 0x00, 0x00, 0x00, 0x00, 0x00,
  0x00, 0x00, 0x00, 0x00, 0x00, 0x00, 0x00, 0x00, 0x00, 0x00, 0x00, 0x00,
  0x00, 0x00, 0x00, 0x00, 0x00, 0x00, 0x00, 0x00, 0x00, 0x00, 0x00, 0x00,
  0x00, 0x00, 0x00, 0x00, 0x00, 0x00, 0x00, 0x00, 0x00, 0x00, 0x00, 0x00,
  0x00, 0x00, 0x00, 0x00, 0x00, 0x00, 0x00, 0x00, 0x00, 0x00, 0x00, 0x00,
  0x00, 0x00, 0x00, 0x00, 0x00, 0x00, 0x00, 0x00, 0x00, 0x00, 0x00, 0x00,
  0x00, 0x00, 0x00, 0x00, 0x00, 0x00, 0x00, 0x00, 0x00, 0x00, 0x00, 0x00,
  0x00, 0x00, 0x00, 0x00, 0x00, 0x00, 0x00, 0x00, 0x00, 0x00, 0x00, 0x00,
  0x00, 0x00, 0x00, 0x00, 0x00, 0x00, 0x00, 0x00, 0x00, 0x00, 0x00, 0x00,
  0x00, 0x00, 0x00, 0x00, 0x00, 0x00, 0x00, 0x00, 0x00, 0x00, 0x00, 0x00,
  0x00, 0x00, 0x00, 0x00, 0x00, 0x00, 0x00, 0x00, 0x00, 0x00, 0x00, 0x00,
  0x00, 0x00, 0x00, 0x00, 0x00, 0x00, 0x00, 0x00, 0x00, 0x00, 0x00, 0x00,
  0x00, 0x00, 0x00, 0x00, 0x00, 0x00, 0x00, 0x00, 0x00, 0x00, 0x00, 0x00,
  0x00, 0x00, 0x00, 0x00, 0x00, 0x00, 0x00, 0x00, 0x00, 0x00, 0x00, 0x00,
  0x00, 0x00, 0x00, 0x00, 0x00, 0x00, 0x00, 0x00, 0x00, 0x00, 0x00, 0x00,
  0x00, 0x00, 0x00, 0x00, 0x00, 0x00, 0x00, 0x00, 0x00, 0x00, 0x00, 0x00,
  0x00, 0x00, 0x00, 0x00, 0x00, 0x00, 0x00, 0x00, 0x00, 0x00, 0x00, 0x00,
  0x00, 0x00, 0x00, 0x00, 0x00, 0x00, 0x00, 0x00, 0x00, 0x00, 0x00, 0x00,
  0x00, 0x00, 0x00, 0x00, 0x00, 0x00, 0x00, 0x00, 0x00, 0x00, 0x00, 0x00,
  0x00, 0x00, 0x00, 0x00, 0x00, 0x00, 0x00, 0x00, 0x00, 0x00, 0x00, 0x00,
  0x00, 0x00, 0x00, 0x00, 0x00, 0x00, 0x00, 0x00, 0x00, 0x00, 0x00, 0x00,
  0x00, 0x00, 0x00, 0x00, 0x00, 0x00, 0x00, 0x00, 0x00, 0x00, 0x00, 0x00,
  0x00, 0x00, 0x00, 0x00, 0x00, 0x00, 0x00, 0x00, 0x00, 0x00, 0x00, 0x00,
  0x00, 0x00, 0x00, 0x00, 0x00, 0x00, 0x00, 0x00, 0x00, 0x00, 0x00, 0x00,
  0x00, 0x00, 0x00, 0x00, 0x00, 0x00, 0x00, 0x00, 0x00, 0x00, 0x00, 0x00,
  0x00, 0x00, 0x00, 0x00, 0x00, 0x00, 0x00, 0x00, 0x00, 0x00, 0x00, 0x00,
  0x00, 0x00, 0x00, 0x00, 0x00, 0x00, 0x00, 0x00, 0x00, 0x00, 0x00, 0x00,
  0x00, 0x00, 0x00, 0x00, 0x00, 0x00, 0x00, 0x00, 0x00, 0x00, 0x00, 0x00,
  0x00, 0x00, 0x00, 0x00, 0x00, 0x00, 0x00, 0x00, 0x00, 0x00, 0x00, 0x00,
  0x00, 0x00, 0x00, 0x00, 0x00, 0x00, 0x00, 0x00, 0x00, 0x00, 0x00, 0x00,
  0x00, 0x00, 0x00, 0x00, 0x00, 0x00, 0x00, 0x00, 0x00, 0x00, 0x00, 0x00,
  0x00, 0x00, 0x00, 0x00, 0x00, 0x00, 0x00, 0x00, 0x00, 0x00, 0x00, 0x00,
  0x00, 0x00, 0x00, 0x00, 0x00, 0x00, 0x00, 0x00, 0x00, 0x00, 0x00, 0x00,
  0x00, 0x00, 0x00, 0x00, 0x00, 0x00, 0x00, 0x00, 0x00, 0x00, 0x00, 0x00,
  0x00, 0x00, 0x00, 0x00, 0x00, 0x00, 0x00, 0x00, 0x00, 0x00, 0x00, 0x00,
  0x00, 0x00, 0x00, 0x00, 0x00, 0x00, 0x00, 0x00, 0x00, 0x00, 0x00, 0x00,
  0x00, 0x00, 0x00, 0x00, 0x00, 0x00, 0x00, 0x00, 0x00, 0x00, 0x00, 0x00,
  0x00, 0x00, 0x00, 0x00, 0x00, 0x00, 0x00, 0x00, 0x00, 0x00, 0x00, 0x00,
  0x00, 0x00, 0x00, 0x00, 0x00, 0x00, 0x00, 0x00, 0x00, 0x00, 0x00, 0x00,
  0x00, 0x00, 0x00, 0x00, 0x00, 0x00, 0x00, 0x00, 0x00, 0x00, 0x00, 0x00,
  0x00, 0x00, 0x00, 0x00, 0x00, 0x00, 0x00, 0x00, 0x00, 0x00, 0x00, 0x00,
  0x00, 0x00, 0x00, 0x00, 0x00, 0x00, 0x00, 0x00, 0x00, 0x00, 0x00, 0x00,
  0x00, 0x00, 0x00, 0x00, 0x00, 0x00, 0x00, 0x00, 0x00, 0x00, 0x00, 0x00,
  0x00, 0x00, 0x00, 0x00, 0x00, 0x00, 0x00, 0x00, 0x00, 0x00, 0x00, 0x00,
  0x00, 0x00, 0x00, 0x00, 0x00, 0x00, 0x00, 0x00, 0x00, 0x00, 0x00, 0x00,
  0x00, 0x00, 0x00, 0x00, 0x00, 0x00, 0x00, 0x00, 0x00, 0x00, 0x00, 0x00,
  0x00, 0x00, 0x00, 0x00, 0x00, 0x00, 0x00, 0x00, 0x00, 0x00, 0x00, 0x00,
  0x00, 0x00, 0x00, 0x00, 0x00, 0x00, 0x00, 0x00, 0x00, 0x00, 0x00, 0x00,
  0x00, 0x00, 0x00, 0x00, 0x00, 0x00, 0x00, 0x00, 0x00, 0x00, 0x00, 0x00,
  0x00, 0x00, 0x00, 0x00, 0x00, 0x00, 0x00, 0x00, 0x00, 0x00, 0x00, 0x00,
  0x00, 0x00, 0x00, 0x00, 0x00, 0x00, 0x00, 0x00, 0x00, 0x00, 0x00, 0x00,
  0x00, 0x00, 0x00, 0x00, 0x00, 0x00, 0x00, 0x00, 0x00, 0x00, 0x00, 0x00,
  0x00, 0x00, 0x00, 0x00, 0x00, 0x00, 0x00, 0x00, 0x00, 0x00, 0x00, 0x00,
  0x00, 0x00, 0x00, 0x00, 0x00, 0x00, 0x00, 0x00, 0x00, 0x00, 0x00, 0x00,
  0x00, 0x00, 0x00, 0x00, 0x00, 0x00, 0x00, 0x00, 0x00, 0x00, 0x00, 0x00,
  0x00, 0x00, 0x00, 0x00, 0x00, 0x00, 0x00, 0x00, 0x00, 0x00, 0x00, 0x00,
  0x00, 0x00, 0x00, 0x00, 0x00, 0x00, 0x00, 0x00, 0x00, 0x00, 0x00, 0x00,
  0x00, 0x00, 0x00, 0x00, 0x00, 0x00, 0x00, 0x00, 0x00, 0x00, 0x00, 0x00,
  0x00, 0x00, 0x00, 0x00, 0x00, 0x00, 0x00, 0x00, 0x00, 0x00, 0x00, 0x00,
  0x00, 0x00, 0x00, 0x00, 0x00, 0x00, 0x00, 0x00, 0x00, 0x00, 0x00, 0x00,
  0x00, 0x00, 0x00, 0x00, 0x00, 0x00, 0x00, 0x00, 0x00, 0x00, 0x00, 0x00,
  0x00, 0x00, 0x00, 0x00, 0x00, 0x00, 0x00, 0x00, 0x00, 0x00, 0x00, 0x00,
  0x00, 0x00, 0x00, 0x00, 0x00, 0x00, 0x00, 0x00, 0x00, 0x00, 0x00, 0x00,
  0x00, 0x00, 0x00, 0x00, 0x00, 0x00, 0x00, 0x00, 0x00, 0x00, 0x00, 0x00,
  0x00, 0x00, 0x00, 0x00, 0x00, 0x00, 0x00, 0x00, 0x00, 0x00, 0x00, 0x00,
  0x00, 0x00, 0x00, 0x00, 0x00, 0x00, 0x00, 0x00, 0x00, 0x00, 0x00, 0x00,
  0x00, 0x00, 0x00, 0x00, 0x00, 0x00, 0x00, 0x00, 0x00, 0x00, 0x00, 0x00,
  0x00, 0x00, 0x00, 0x00, 0x00, 0x00, 0x00, 0x00, 0x00, 0x00, 0x00, 0x00,
  0x00, 0x00, 0x00, 0x00, 0x00, 0x00, 0x00, 0x00, 0x00, 0x00, 0x00, 0x00,
  0x00, 0x00, 0x00, 0x00, 0x00, 0x00, 0x00, 0x00, 0x00, 0x00, 0x00, 0x00,
  0x00, 0x00, 0x00, 0x00, 0x00, 0x00, 0x00, 0x00, 0x00, 0x00, 0x00, 0x00,
  0x00, 0x00, 0x00, 0x00, 0x00, 0x00, 0x00, 0x00, 0x00, 0x00, 0x00, 0x00,
  0x00, 0x00, 0x00, 0x00, 0x00, 0x00, 0x00, 0x00, 0x00, 0x00, 0x00, 0x00,
  0x00, 0x00, 0x00, 0x00, 0x00, 0x00, 0x00, 0x00, 0x00, 0x00, 0x00, 0x00,
  0x00, 0x00, 0x00, 0x00, 0x00, 0x00, 0x00, 0x00, 0x00, 0x00, 0x00, 0x00,
  0x00, 0x00, 0x00, 0x00, 0x00, 0x00, 0x00, 0x00, 0x00, 0x00, 0x00, 0x00,
  0x00, 0x00, 0x00, 0x00, 0x00, 0x00, 0x00, 0x00, 0x00, 0x00, 0x00, 0x00,
  0x00, 0x00, 0x00, 0x00, 0x00, 0x00, 0x00, 0x00, 0x00, 0x00, 0x00, 0x00,
  0x00, 0x00, 0x00, 0x00, 0x00, 0x00, 0x00, 0x00, 0x00, 0x00, 0x00, 0x00,
  0x00, 0x00, 0x00, 0x00, 0x00, 0x00, 0x00, 0x00, 0x00, 0x00, 0x00, 0x00,
  0x00, 0x00, 0x00, 0x00, 0x00, 0x00, 0x00, 0x00, 0x00, 0x00, 0x00, 0x00,
  0x00, 0x00, 0x00, 0x00, 0x00, 0x00, 0x00, 0x00, 0x00, 0x00, 0x00, 0x00,
  0x00, 0x00, 0x00, 0x00, 0x00, 0x00, 0x00, 0x00, 0x00, 0x00, 0x00, 0x00,
  0x00, 0x00, 0x00, 0x00, 0x00, 0x00, 0x00, 0x00, 0x00, 0x00, 0x00, 0x00,
  0x00, 0x00, 0x00, 0x00, 0x00, 0x00, 0x00, 0x00, 0x00, 0x00, 0x00, 0x00,
  0x00, 0x00, 0x00, 0x00, 0x00, 0x00, 0x00, 0x00, 0x00, 0x00, 0x00, 0x00,
  0x00, 0x00, 0x00, 0x00, 0x00, 0x00, 0x00, 0x00, 0x00, 0x00, 0x00, 0x00,
  0x00, 0x00, 0x00, 0x00, 0x00, 0x00, 0x00, 0x00, 0x00, 0x00, 0x00, 0x00,
  0x00, 0x00, 0x00, 0x00, 0x00, 0x00, 0x00, 0x00, 0x00, 0x00, 0x00, 0x00,
  0x00, 0x00, 0x00, 0x00, 0x00, 0x00, 0x00, 0x00, 0x00, 0x00, 0x00, 0x00,
  0x00, 0x00, 0x00, 0x00, 0x00, 0x00, 0x00, 0x00, 0x00, 0x00, 0x00, 0x00,
  0x00, 0x00, 0x00, 0x00, 0x00, 0x00, 0x00, 0x00, 0x00, 0x00, 0x00, 0x00,
  0x00, 0x00, 0x00, 0x00, 0x00, 0x00, 0x00, 0x00, 0x00, 0x00, 0x00, 0x00,
  0x00, 0x00, 0x00, 0x00, 0x00, 0x00, 0x00, 0x00, 0x00, 0x00, 0x00, 0x00,
  0x00, 0x00, 0x00, 0x00, 0x00, 0x00, 0x00, 0x00, 0x00, 0x00, 0x00, 0x00,
  0x00, 0x00, 0x00, 0x00, 0x00, 0x00, 0x00, 0x00, 0x00, 0x00, 0x00, 0x00,
  0x00, 0x00, 0x00, 0x00, 0x00, 0x00, 0x00, 0x00, 0x00, 0x00, 0x00, 0x00,
  0x00, 0x00, 0x00, 0x00, 0x00, 0x00, 0x00, 0x00, 0x00, 0x00, 0x00, 0x00,
  0x00, 0x00, 0x00, 0x00, 0x00, 0x00, 0x00, 0x00, 0x00, 0x00, 0x00, 0x00,
  0x00, 0x00, 0x00, 0x00, 0x00, 0x00, 0x00, 0x00, 0x00, 0x00, 0x00, 0x00,
  0x00, 0x00, 0x00, 0x00, 0x00, 0x00, 0x00, 0x00, 0x00, 0x00, 0x00, 0x00,
  0x00, 0x00, 0x00, 0x00, 0x00, 0x00, 0x00, 0x00, 0x00, 0x00, 0x00, 0x00,
  0x00, 0x00, 0x00, 0x00, 0x00, 0x00, 0x00, 0x00, 0x00, 0x00, 0x00, 0x00,
  0x00, 0x00, 0x00, 0x00, 0x00, 0x00, 0x00, 0x00, 0x00, 0x00, 0x00, 0x00,
  0x00, 0x00, 0x00, 0x00, 0x00, 0x00, 0x00, 0x00, 0x00, 0x00, 0x00, 0x00,
  0x00, 0x00, 0x00, 0x00, 0x00, 0x00, 0x00, 0x00, 0x00, 0x00, 0x00, 0x00,
  0x00, 0x00, 0x00, 0x00, 0x00, 0x00, 0x00, 0x00, 0x00, 0x00, 0x00, 0x00,
  0x00, 0x00, 0x00, 0x00, 0x00, 0x00, 0x00, 0x00, 0x00, 0x00, 0x00, 0x00,
  0x00, 0x00, 0x00, 0x00, 0x00, 0x00, 0x00, 0x00, 0x00, 0x00, 0x00, 0x00,
  0x00, 0x00, 0x00, 0x00, 0x00, 0x00, 0x00, 0x00, 0x00, 0x00, 0x00, 0x00,
  0x00, 0x00, 0x00, 0x00, 0x00, 0x00, 0x00, 0x00, 0x00, 0x00, 0x00, 0x00,
  0x00, 0x00, 0x00, 0x00, 0x00, 0x00, 0x00, 0x00, 0x00, 0x00, 0x00, 0x00,
  0x00, 0x00, 0x00, 0x00, 0x00, 0x00, 0x00, 0x00, 0x00, 0x00, 0x00, 0x00,
  0x00, 0x00, 0x00, 0x00, 0x00, 0x00, 0x00, 0x00, 0x00, 0x00, 0x00, 0x00,
  0x00, 0x00, 0x00, 0x00, 0x00, 0x00, 0x00, 0x00, 0x00, 0x00, 0x00, 0x00,
  0x00, 0x00, 0x00, 0x00, 0x00, 0x00, 0x00, 0x00, 0x00, 0x00, 0x00, 0x00,
  0x00, 0x00, 0x00, 0x00, 0x00, 0x00, 0x00, 0x00, 0x00, 0x00, 0x00, 0x00,
  0x00, 0x00, 0x00, 0x00, 0x00, 0x00, 0x00, 0x00, 0x00, 0x00, 0x00, 0x00,
  0x00, 0x00, 0x00, 0x00, 0x00, 0x00, 0x00, 0x00, 0x00, 0x00, 0x00, 0x00,
  0x00, 0x00, 0x00, 0x00, 0x00, 0x00, 0x00, 0x00, 0x00, 0x00, 0x00, 0x00,
  0x00, 0x00, 0x00, 0x00, 0x00, 0x00, 0x00, 0x00, 0x00, 0x00, 0x00, 0x00,
  0x00, 0x00, 0x00, 0x00, 0x00, 0x00, 0x00, 0x00, 0x00, 0x00, 0x00, 0x00,
  0x00, 0x00, 0x00, 0x00, 0x00, 0x00, 0x00, 0x00, 0x00, 0x00, 0x00, 0x00,
  0x00, 0x00, 0x00, 0x00, 0x00, 0x00, 0x00, 0x00, 0x00, 0x00, 0x00, 0x00,
  0x00, 0x00, 0x00, 0x00, 0x00, 0x00, 0x00, 0x00, 0x00, 0x00, 0x00, 0x00,
  0x00, 0x00, 0x00, 0x00, 0x00, 0x00, 0x00, 0x00, 0x00, 0x00, 0x00, 0x00,
  0x00, 0x00, 0x00, 0x00, 0x00, 0x00, 0x00, 0x00, 0x00, 0x00, 0x00, 0x00,
  0x00, 0x00, 0x00, 0x00, 0x00, 0x00, 0x00, 0x00, 0x00, 0x00, 0x00, 0x00,
  0x00, 0x00, 0x00, 0x00, 0x00, 0x00, 0x00, 0x00, 0x00, 0x00, 0x00, 0x00,
  0x00, 0x00, 0x00, 0x00, 0x00, 0x00, 0x00, 0x00, 0x00, 0x00, 0x00, 0x00,
  0x00, 0x00, 0x00, 0x00, 0x00, 0x00, 0x00, 0x00, 0x00, 0x00, 0x00, 0x00,
  0x00, 0x00, 0x00, 0x00, 0x00, 0x00, 0x00, 0x00, 0x00, 0x00, 0x00, 0x00,
  0x00, 0x00, 0x00, 0x00, 0x00, 0x00, 0x00, 0x00, 0x00, 0x00, 0x00, 0x00,
  0x00, 0x00, 0x00, 0x00, 0x00, 0x00, 0x00, 0x00, 0x00, 0x00, 0x00, 0x00,
  0x00, 0x00, 0x00, 0x00, 0x00, 0x00, 0x00, 0x00, 0x00, 0x00, 0x00, 0x00,
  0x00, 0x00, 0x00, 0x00, 0x00, 0x00, 0x00, 0x00, 0x00, 0x00, 0x00, 0x00,
  0x00, 0x00, 0x00, 0x00, 0x00, 0x00, 0x00, 0x00, 0x00, 0x00, 0x00, 0x00,
  0x00, 0x00, 0x00, 0x00, 0x00, 0x00, 0x00, 0x00, 0x00, 0x00, 0x00, 0x00,
  0x00, 0x00, 0x00, 0x00, 0x00, 0x00, 0x00, 0x00, 0x00, 0x00, 0x00, 0x00,
  0x00, 0x00, 0x00, 0x00, 0x00, 0x00, 0x00, 0x00, 0x00, 0x00, 0x00, 0x00,
  0x00, 0x00, 0x00, 0x00, 0x00, 0x00, 0x00, 0x00, 0x00, 0x00, 0x00, 0x00,
  0x00, 0x00, 0x00, 0x00, 0x00, 0x00, 0x00, 0x00, 0x00, 0x00, 0x00, 0x00,
  0x00, 0x00, 0x00, 0x00, 0x00, 0x00, 0x00, 0x00, 0x00, 0x00, 0x00, 0x00,
  0x00, 0x00, 0x00, 0x00, 0x00, 0x00, 0x00, 0x00, 0x00, 0x00, 0x00, 0x00,
  0x00, 0x00, 0x00, 0x00, 0x00, 0x00, 0x00, 0x00, 0x00, 0x00, 0x00, 0x00,
  0x00, 0x00, 0x00, 0x00, 0x00, 0x00, 0x00, 0x00, 0x00, 0x00, 0x00, 0x00,
  0x00, 0x00, 0x00, 0x00, 0x00, 0x00, 0x00, 0x00, 0x00, 0x00, 0x00, 0x00,
  0x00, 0x00, 0x00, 0x00, 0x00, 0x00, 0x00, 0x00, 0x00, 0x00, 0x00, 0x00,
  0x00, 0x00, 0x00, 0x00, 0x00, 0x00, 0x00, 0x00, 0x00, 0x00, 0x00, 0x00,
  0x00, 0x00, 0x00, 0x00, 0x00, 0x00, 0x00, 0x00, 0x00, 0x00, 0x00, 0x00,
  0x00, 0x00, 0x00, 0x00, 0x00, 0x00, 0x00, 0x00, 0x00, 0x00, 0x00, 0x00,
  0x00, 0x00, 0x00, 0x00, 0x00, 0x00, 0x00, 0x00, 0x00, 0x00, 0x00, 0x00,
  0x00, 0x00, 0x00, 0x00, 0x00, 0x00, 0x00, 0x00, 0x00, 0x00, 0x00, 0x00,
  0x00, 0x00, 0x00, 0x00, 0x00, 0x00, 0x00, 0x00, 0x00, 0x00, 0x00, 0x00,
  0x00, 0x00, 0x00, 0x00, 0x00, 0x00, 0x00, 0x00, 0x00, 0x00, 0x00, 0x00,
  0x00, 0x00, 0x00, 0x00, 0x00, 0x00, 0x00, 0x00, 0x00, 0x00, 0x00, 0x00,
  0x00, 0x00, 0x00, 0x00, 0x00, 0x00, 0x00, 0x00, 0x00, 0x00, 0x00, 0x00,
  0x00, 0x00, 0x00, 0x00, 0x00, 0x00, 0x00, 0x00, 0x00, 0x00, 0x00, 0x00,
  0x00, 0x00, 0x00, 0x00, 0x00, 0x00, 0x00, 0x00, 0x00, 0x00, 0x00, 0x00,
  0x00, 0x00, 0x00, 0x00, 0x00, 0x00, 0x00, 0x00, 0x00, 0x00, 0x00, 0x00,
  0x00, 0x00, 0x00, 0x00, 0x00, 0x00, 0x00, 0x00, 0x00, 0x00, 0x00, 0x00,
  0x00, 0x00, 0x00, 0x00, 0x00, 0x00, 0x00, 0x00, 0x00, 0x00, 0x00, 0x00,
  0x00, 0x00, 0x00, 0x00, 0x00, 0x00, 0x00, 0x00, 0x00, 0x00, 0x00, 0x00,
  0x00, 0x00, 0x00, 0x00, 0x00, 0x00, 0x00, 0x00, 0x00, 0x00, 0x00, 0x00,
  0x00, 0x00, 0x00, 0x00, 0x00, 0x00, 0x00, 0x00, 0x00, 0x00, 0x00, 0x00,
  0x00, 0x00, 0x00, 0x00, 0x00, 0x00, 0x00, 0x00, 0x00, 0x00, 0x00, 0x00,
  0x00, 0x00, 0x00, 0x00, 0x00, 0x00, 0x00, 0x00, 0x00, 0x00, 0x00, 0x00,
  0x00, 0x00, 0x00, 0x00, 0x00, 0x00, 0x00, 0x00, 0x00, 0x00, 0x00, 0x00,
  0x00, 0x00, 0x00, 0x00, 0x00, 0x00, 0x00, 0x00, 0x00, 0x00, 0x00, 0x00,
  0x00, 0x00, 0x00, 0x00, 0x00, 0x00, 0x00, 0x00, 0x00, 0x00, 0x00, 0x00,
  0x00, 0x00, 0x00, 0x00, 0x00, 0x00, 0x00, 0x00, 0x00, 0x00, 0x00, 0x00,
  0x00, 0x00, 0x00, 0x00, 0x00, 0x00, 0x00, 0x00, 0x00, 0x00, 0x00, 0x00,
  0x00, 0x00, 0x00, 0x00, 0x00, 0x00, 0x00, 0x00, 0x00, 0x00, 0x00, 0x00,
  0x00, 0x00, 0x00, 0x00, 0x00, 0x00, 0x00, 0x00, 0x00, 0x00, 0x00, 0x00,
  0x00, 0x00, 0x00, 0x00, 0x00, 0x00, 0x00, 0x00, 0x00, 0x00, 0x00, 0x00,
  0x00, 0x00, 0x00, 0x00, 0x00, 0x00, 0x00, 0x00, 0x00, 0x00, 0x00, 0x00,
  0x00, 0x00, 0x00, 0x00, 0x00, 0x00, 0x00, 0x00, 0x00, 0x00, 0x00, 0x00,
  0x00, 0x00, 0x00, 0x00, 0x00, 0x00, 0x00, 0x00, 0x00, 0x00, 0x00, 0x00,
  0x00, 0x00, 0x00, 0x00, 0x00, 0x00, 0x00, 0x00, 0x00, 0x00, 0x00, 0x00,
  0x00, 0x00, 0x00, 0x00, 0x00, 0x00, 0x00, 0x00, 0x00, 0x00, 0x00, 0x00,
  0x00, 0x00, 0x00, 0x00, 0x00, 0x00, 0x00, 0x00, 0x00, 0x00, 0x00, 0x00,
  0x00, 0x00, 0x00, 0x00, 0x00, 0x00, 0x00, 0x00, 0x00, 0x00, 0x00, 0x00,
  0x00, 0x00, 0x00, 0x00, 0x00, 0x00, 0x00, 0x00, 0x00, 0x00, 0x00, 0x00,
  0x00, 0x00, 0x00, 0x00, 0x00, 0x00, 0x00, 0x00, 0x00, 0x00, 0x00, 0x00,
  0x00, 0x00, 0x00, 0x00, 0x00, 0x00, 0x00, 0x00, 0x00, 0x00, 0x00, 0x00,
  0x00, 0x00, 0x00, 0x00, 0x00, 0x00, 0x00, 0x00, 0x00, 0x00, 0x00, 0x00,
  0x00, 0x00, 0x00, 0x00, 0x00, 0x00, 0x00, 0x00, 0x00, 0x00, 0x00, 0x00,
  0x00, 0x00, 0x00, 0x00, 0x00, 0x00, 0x00, 0x00, 0x00, 0x00, 0x00, 0x00,
  0x00, 0x00, 0x00, 0x00, 0x00, 0x00, 0x00, 0x00, 0x00, 0x00, 0x00, 0x00,
  0x00, 0x00, 0x00, 0x00, 0x00, 0x00, 0x00, 0x00, 0x00, 0x00, 0x00, 0x00,
  0x00, 0x00, 0x00, 0x00, 0x00, 0x00, 0x00, 0x00, 0x00, 0x00, 0x00, 0x00,
  0x00, 0x00, 0x00, 0x00, 0x00, 0x00, 0x00, 0x00, 0x00, 0x00, 0x00, 0x00,
  0x00, 0x00, 0x00, 0x00, 0x00, 0x00, 0x00, 0x00, 0x00, 0x00, 0x00, 0x00,
  0x00, 0x00, 0x00, 0x00, 0x00, 0x00, 0x00, 0x00, 0x00, 0x00, 0x00, 0x00,
  0x00, 0x00, 0x00, 0x00, 0x00, 0x00, 0x00, 0x00, 0x00, 0x00, 0x00, 0x00,
  0x00, 0x00, 0x00, 0x00, 0x00, 0x00, 0x00, 0x00, 0x00, 0x00, 0x00, 0x00,
  0x00, 0x00, 0x00, 0x00, 0x00, 0x00, 0x00, 0x00, 0x00, 0x00, 0x00, 0x00,
  0x00, 0x00, 0x00, 0x00, 0x00, 0x00, 0x00, 0x00, 0x00, 0x00, 0x00, 0x00,
  0x00, 0x00, 0x00, 0x00, 0x00, 0x00, 0x00, 0x00, 0x00, 0x00, 0x00, 0x00,
  0x00, 0x00, 0x00, 0x00, 0x00, 0x00, 0x00, 0x00, 0x00, 0x00, 0x00, 0x00,
  0x00, 0x00, 0x00, 0x00, 0x00, 0x00, 0x00, 0x00, 0x00, 0x00, 0x00, 0x00,
  0x00, 0x00, 0x00, 0x00, 0x00, 0x00, 0x00, 0x00, 0x00, 0x00, 0x00, 0x00,
  0x00, 0x00, 0x00, 0x00, 0x00, 0x00, 0x00, 0x00, 0x00, 0x00, 0x00, 0x00,
  0x00, 0x00, 0x00, 0x00, 0x00, 0x00, 0x00, 0x00, 0x00, 0x00, 0x00, 0x00,
  0x00, 0x00, 0x00, 0x00, 0x00, 0x00, 0x00, 0x00, 0x00, 0x00, 0x00, 0x00,
  0x00, 0x00, 0x00, 0x00, 0x00, 0x00, 0x00, 0x00, 0x00, 0x00, 0x00, 0x00,
  0x00, 0x00, 0x00, 0x00, 0x00, 0x00, 0x00, 0x00, 0x00, 0x00, 0x00, 0x00,
  0x00, 0x00, 0x00, 0x00, 0x00, 0x00, 0x00, 0x00, 0x00, 0x00, 0x00, 0x00,
  0x00, 0x00, 0x00, 0x00, 0x00, 0x00, 0x00, 0x00, 0x00, 0x00, 0x00, 0x00,
  0x00, 0x00, 0x00, 0x00, 0x00, 0x00, 0x00, 0x00, 0x00, 0x00, 0x00, 0x00,
  0x00, 0x00, 0x00, 0x00, 0x00, 0x00, 0x00, 0x00, 0x00, 0x00, 0x00, 0x00,
  0x00, 0x00, 0x00, 0x00, 0x00, 0x00, 0x00, 0x00, 0x00, 0x00, 0x00, 0x00,
  0x00, 0x00, 0x00, 0x00, 0x00, 0x00, 0x00, 0x00, 0x00, 0x00, 0x00, 0x00,
  0x00, 0x00, 0x00, 0x00, 0x00, 0x00, 0x00, 0x00, 0x00, 0x00, 0x00, 0x00,
  0x00, 0x00, 0x00, 0x00, 0x00, 0x00, 0x00, 0x00, 0x00, 0x00, 0x00, 0x00,
  0x00, 0x00, 0x00, 0x00, 0x00, 0x00, 0x00, 0x00, 0x00, 0x00, 0x00, 0x00,
  0x00, 0x00, 0x00, 0x00, 0x00, 0x00, 0x00, 0x00, 0x00, 0x00, 0x00, 0x00,
  0x00, 0x00, 0x00, 0x00, 0x00, 0x00, 0x00, 0x00, 0x00, 0x00, 0x00, 0x00,
  0x00, 0x00, 0x00, 0x00, 0x00, 0x00, 0x00, 0x00, 0x00, 0x00, 0x00, 0x00,
  0x00, 0x00, 0x00, 0x00, 0x00, 0x00, 0x00, 0x00, 0x00, 0x00, 0x00, 0x00,
  0x00, 0x00, 0x00, 0x00, 0x00, 0x00, 0x00, 0x00, 0x00, 0x00, 0x00, 0x00,
  0x00, 0x00, 0x00, 0x00, 0x00, 0x00, 0x00, 0x00, 0x00, 0x00, 0x00, 0x00,
  0x00, 0x00, 0x00, 0x00, 0x00, 0x00, 0x00, 0x00, 0x00, 0x00, 0x00, 0x00,
  0x00, 0x00, 0x00, 0x00, 0x00, 0x00, 0x00, 0x00, 0x00, 0x00, 0x00, 0x00,
  0x00, 0x00, 0x00, 0x00, 0x00, 0x00, 0x00, 0x00, 0x00, 0x00, 0x00, 0x00,
  0x00, 0x00, 0x00, 0x00, 0x00, 0x00, 0x00, 0x00, 0x00, 0x00, 0x00, 0x00,
  0x00, 0x00, 0x00, 0x00, 0x00, 0x00, 0x00, 0x00, 0x00, 0x00, 0x00, 0x00,
  0x00, 0x00, 0x00, 0x00, 0x00, 0x00, 0x00, 0x00, 0x00, 0x00, 0x00, 0x00,
  0x00, 0x00, 0x00, 0x00, 0x00, 0x00, 0x00, 0x00, 0x00, 0x00, 0x00, 0x00,
  0x00, 0x00, 0x00, 0x00, 0x00, 0x00, 0x00, 0x00, 0x00, 0x00, 0x00, 0x00,
  0x00, 0x00, 0x00, 0x00, 0x00, 0x00, 0x00, 0x00, 0x00, 0x00, 0x00, 0x00,
  0x00, 0x00, 0x00, 0x00, 0x00, 0x00, 0x00, 0x00, 0x00, 0x00, 0x00, 0x00,
  0x00, 0x00, 0x00, 0x00, 0x00, 0x00, 0x00, 0x00, 0x00, 0x00, 0x00, 0x00,
  0x00, 0x00, 0x00, 0x00, 0x00, 0x00, 0x00, 0x00, 0x00, 0x00, 0x00, 0x00,
  0x00, 0x00, 0x00, 0x00, 0x00, 0x00, 0x00, 0x00, 0x00, 0x00, 0x00, 0x00,
  0x00, 0x00, 0x00, 0x00, 0x00, 0x00, 0x00, 0x00, 0x00, 0x00, 0x00, 0x00,
  0x00, 0x00, 0x00, 0x00, 0x00, 0x00, 0x00, 0x00, 0x00, 0x00, 0x00, 0x00,
  0x00, 0x00, 0x00, 0x00, 0x00, 0x00, 0x00, 0x00, 0x00, 0x00, 0x00, 0x00,
  0x00, 0x00, 0x00, 0x00, 0x00, 0x00, 0x00, 0x00, 0x00, 0x00, 0x00, 0x00,
  0x00, 0x00, 0x00, 0x00, 0x00, 0x00, 0x00, 0x00, 0x00, 0x00, 0x00, 0x00,
  0x00, 0x00, 0x00, 0x00, 0x00, 0x00, 0x00, 0x00, 0x00, 0x00, 0x00, 0x00,
  0x00, 0x00, 0x00, 0x00, 0x00, 0x00, 0x00, 0x00, 0x00, 0x00, 0x00, 0x00,
  0x00, 0x00, 0x00, 0x00, 0x00, 0x00, 0x00, 0x00, 0x00, 0x00, 0x00, 0x00,
  0x00, 0x00, 0x00, 0x00, 0x00, 0x00, 0x00, 0x00, 0x00, 0x00, 0x00, 0x00,
  0x00, 0x00, 0x00, 0x00, 0x00, 0x00, 0x00, 0x00, 0x00, 0x00, 0x00, 0x00,
  0x00, 0x00, 0x00, 0x00, 0x00, 0x00, 0x00, 0x00, 0x00, 0x00, 0x00, 0x00,
  0x00, 0x00, 0x00, 0x00, 0x00, 0x00, 0x00, 0x00, 0x00, 0x00, 0x00, 0x00,
  0x00, 0x00, 0x00, 0x00, 0x00, 0x00, 0x00, 0x00, 0x00, 0x00, 0x00, 0x00,
  0x00, 0x00, 0x00, 0x00, 0x00, 0x00, 0x00, 0x00, 0x00, 0x00, 0x00, 0x00,
  0x00, 0x00, 0x00, 0x00, 0x00, 0x00, 0x00, 0x00, 0x00, 0x00, 0x00, 0x00,
  0x00, 0x00, 0x00, 0x00, 0x00, 0x00, 0x00, 0x00, 0x00, 0x00, 0x00, 0x00,
  0x00, 0x00, 0x00, 0x00, 0x00, 0x00, 0x00, 0x00, 0x00, 0x00, 0x00, 0x00,
  0x00, 0x00, 0x00, 0x00, 0x00, 0x00, 0x00, 0x00, 0x00, 0x00, 0x00, 0x00,
  0x00, 0x00, 0x00, 0x00, 0x00, 0x00, 0x00, 0x00, 0x00, 0x00, 0x00, 0x00,
  0x00, 0x00, 0x00, 0x00, 0x00, 0x00, 0x00, 0x00, 0x00, 0x00, 0x00, 0x00,
  0x00, 0x00, 0x00, 0x00, 0x00, 0x00, 0x00, 0x00, 0x00, 0x00, 0x00, 0x00,
  0x00, 0x00, 0x00, 0x00, 0x00, 0x00, 0x00, 0x00, 0x00, 0x00, 0x00, 0x00,
  0x00, 0x00, 0x00, 0x00, 0x00, 0x00, 0x00, 0x00, 0x00, 0x00, 0x00, 0x00,
  0x00, 0x00, 0x00, 0x00, 0x00, 0x00, 0x00, 0x00, 0x00, 0x00, 0x00, 0x00,
  0x00, 0x00, 0x00, 0x00, 0x00, 0x00, 0x00, 0x00, 0x00, 0x00, 0x00, 0x00,
  0x00, 0x00, 0x00, 0x00, 0x00, 0x00, 0x00, 0x00, 0x00, 0x00, 0x00, 0x00,
  0x00, 0x00, 0x00, 0x00, 0x00, 0x00, 0x00, 0x00, 0x00, 0x00, 0x00, 0x00,
  0x00, 0x00, 0x00, 0x00, 0x00, 0x00, 0x00, 0x00, 0x00, 0x00, 0x00, 0x00,
  0x00, 0x00, 0x00, 0x00, 0x00, 0x00, 0x00, 0x00, 0x00, 0x00, 0x00, 0x00,
  0x00, 0x00, 0x00, 0x00, 0x00, 0x00, 0x00, 0x00, 0x00, 0x00, 0x00, 0x00,
  0x00, 0x00, 0x00, 0x00, 0x00, 0x00, 0x00, 0x00, 0x00, 0x00, 0x00, 0x00,
  0x00, 0x00, 0x00, 0x00, 0x00, 0x00, 0x00, 0x00, 0x00, 0x00, 0x00, 0x00,
  0x00, 0x00, 0x00, 0x00, 0x00, 0x00, 0x00, 0x00, 0x00, 0x00, 0x00, 0x00,
  0x00, 0x00, 0x00, 0x00, 0x00, 0x00, 0x00, 0x00, 0x00, 0x00, 0x00, 0x00,
  0x00, 0x00, 0x00, 0x00, 0x00, 0x00, 0x00, 0x00, 0x00, 0x00, 0x00, 0x00,
  0x00, 0x00, 0x00, 0x00, 0x00, 0x00, 0x00, 0x00, 0x00, 0x00, 0x00, 0x00,
  0x00, 0x00, 0x00, 0x00, 0x00, 0x00, 0x00, 0x00, 0x00, 0x00, 0x00, 0x00,
  0x00, 0x00, 0x00, 0x00, 0x00, 0x00, 0x00, 0x00, 0x00, 0x00, 0x00, 0x00,
  0x00, 0x00, 0x00, 0x00, 0x00, 0x00, 0x00, 0x00, 0x00, 0x00, 0x00, 0x00,
  0x00, 0x00, 0x00, 0x00, 0x00, 0x00, 0x00, 0x00, 0x00, 0x00, 0x00, 0x00,
  0x00, 0x00, 0x00, 0x00, 0x00, 0x00, 0x00, 0x00, 0x00, 0x00, 0x00, 0x00,
  0x00, 0x00, 0x00, 0x00, 0x00, 0x00, 0x00, 0x00, 0x00, 0x00, 0x00, 0x00,
  0x00, 0x00, 0x00, 0x00, 0x00, 0x00, 0x00, 0x00, 0x00, 0x00, 0x00, 0x00,
  0x00, 0x00, 0x00, 0x00, 0x00, 0x00, 0x00, 0x00, 0x00, 0x00, 0x00, 0x00,
  0x00, 0x00, 0x00, 0x00, 0x00, 0x00, 0x00, 0x00, 0x00, 0x00, 0x00, 0x00,
  0x00, 0x00, 0x00, 0x00, 0x00, 0x00, 0x00, 0x00, 0x00, 0x00, 0x00, 0x00,
  0x00, 0x00, 0x00, 0x00, 0x00, 0x00, 0x00, 0x00, 0x00, 0x00, 0x00, 0x00,
  0x00, 0x00, 0x00, 0x00, 0x00, 0x00, 0x00, 0x00, 0x00, 0x00, 0x00, 0x00,
  0x00, 0x00, 0x00, 0x00, 0x00, 0x00, 0x00, 0x00, 0x00, 0x00, 0x00, 0x00,
  0x00, 0x00, 0x00, 0x00, 0x00, 0x00, 0x00, 0x00, 0x00, 0x00, 0x00, 0x00,
  0x00, 0x00, 0x00, 0x00, 0x00, 0x00, 0x00, 0x00, 0x00, 0x00, 0x00, 0x00,
  0x00, 0x00, 0x00, 0x00, 0x00, 0x00, 0x00, 0x00, 0x00, 0x00, 0x00, 0x00,
  0x00, 0x00, 0x00, 0x00, 0x00, 0x00, 0x00, 0x00, 0x00, 0x00, 0x00, 0x00,
  0x00, 0x00, 0x00, 0x00, 0x00, 0x00, 0x00, 0x00, 0x00, 0x00, 0x00, 0x00,
  0x00, 0x00, 0x00, 0x00, 0x00, 0x00, 0x00, 0x00, 0x00, 0x00, 0x00, 0x00,
  0x00, 0x00, 0x00, 0x00, 0x00, 0x00, 0x00, 0x00, 0x00, 0x00, 0x00, 0x00,
  0x00, 0x00, 0x00, 0x00, 0x00, 0x00, 0x00, 0x00, 0x00, 0x00, 0x00, 0x00,
  0x00, 0x00, 0x00, 0x00, 0x00, 0x00, 0x00, 0x00, 0x00, 0x00, 0x00, 0x00,
  0x00, 0x00, 0x00, 0x00, 0x00, 0x00, 0x00, 0x00, 0x00, 0x00, 0x00, 0x00,
  0x00, 0x00, 0x00, 0x00, 0x00, 0x00, 0x00, 0x00, 0x00, 0x00, 0x00, 0x00,
  0x00, 0x00, 0x00, 0x00, 0x00, 0x00, 0x00, 0x00, 0x00, 0x00, 0x00, 0x00,
  0x00, 0x00, 0x00, 0x00, 0x00, 0x00, 0x00, 0x00, 0x00, 0x00, 0x00, 0x00,
  0x00, 0x00, 0x00, 0x00, 0x00, 0x00, 0x00, 0x00, 0x00, 0x00, 0x00, 0x00,
  0x00, 0x00, 0x00, 0x00, 0x00, 0x00, 0x00, 0x00, 0x00, 0x00, 0x00, 0x00,
  0x00, 0x00, 0x00, 0x00, 0x00, 0x00, 0x00, 0x00, 0x00, 0x00, 0x00, 0x00,
  0x00, 0x00, 0x00, 0x00, 0x00, 0x00, 0x00, 0x00, 0x00, 0x00, 0x00, 0x00,
  0x00, 0x00, 0x00, 0x00, 0x00, 0x00, 0x00, 0x00, 0x00, 0x00, 0x00, 0x00,
  0x00, 0x00, 0x00, 0x00, 0x00, 0x00, 0x00, 0x00, 0x00, 0x00, 0x00, 0x00,
  0x00, 0x00, 0x00, 0x00, 0x00, 0x00, 0x00, 0x00, 0x00, 0x00, 0x00, 0x00,
  0x00, 0x00, 0x00, 0x00, 0x00, 0x00, 0x00, 0x00, 0x00, 0x00, 0x00, 0x00,
  0x00, 0x00, 0x00, 0x00, 0x00, 0x00, 0x00, 0x00, 0x00, 0x00, 0x00, 0x00,
  0x00, 0x00, 0x00, 0x00, 0x00, 0x00, 0x00, 0x00, 0x00, 0x00, 0x00, 0x00,
  0x00, 0x00, 0x00, 0x00, 0x00, 0x00, 0x00, 0x00, 0x00, 0x00, 0x00, 0x00,
  0x00, 0x00, 0x00, 0x00, 0x00, 0x00, 0x00, 0x00, 0x00, 0x00, 0x00, 0x00,
  0x00, 0x00, 0x00, 0x00, 0x00, 0x00, 0x00, 0x00, 0x00, 0x00, 0x00, 0x00,
  0x00, 0x00, 0x00, 0x00, 0xc8, 0x14, 0x00, 0x00, 0x8b, 0x45, 0x08, 0x89,
  0x45, 0xfc, 0x8b, 0x45, 0x0c, 0x89, 0x45, 0xf8, 0x83, 0x65, 0xf4, 0x00,
  0x8b, 0x45, 0x10, 0x39, 0x45, 0xf4, 0x7d, 0x1b, 0x8b, 0x45, 0xf8, 0x03,
  0x45, 0xf4, 0x8a, 0x00, 0x8b, 0x55, 0xfc, 0x03, 0x55, 0xf4, 0x88, 0x02,
  0x8b, 0x45, 0xf4, 0x89, 0x45, 0xf0, 0xff, 0x45, 0xf4, 0xeb, 0xdd, 0x8b,
  0x45, 0x08, 0x89, 0x45, 0xec, 0xeb, 0x00, 0x8b, 0x45, 0xec, 0xc9, 0xc3,
  0xc8, 0x10, 0x00, 0x00, 0x8b, 0x45, 0x08, 0x89, 0x45, 0xfc, 0x83, 0x65,
  0xf8, 0x00, 0x8b, 0x45, 0x10, 0x39, 0x45, 0xf8, 0x7d, 0x16, 0x8b, 0x45,
  0x0c, 0x8b, 0x55, 0xfc, 0x03, 0x55, 0xf8, 0x88, 0x02, 0x8b, 0x45, 0xf8,
  0x89, 0x45, 0xf4, 0xff, 0x45, 0xf8, 0xeb, 0xe2, 0x8b, 0x45, 0x08, 0x89,
  0x45, 0xf0, 0xeb, 0x00, 0x8b, 0x45, 0xf0, 0xc9, 0xc3, 0x8d, 0x76, 0x00,
  0xc8, 0x10, 0x00, 0x00, 0x83, 0x65, 0xfc, 0x00, 0x8b, 0x45, 0x08, 0x89,
  0x45, 0xf8, 0xff, 0x45, 0x08, 0x8b, 0x45, 0xf8, 0x0f, 0xbe, 0x00, 0x83,
  0xf8, 0x00, 0x74, 0x0b, 0x8b, 0x45, 0xfc, 0x89, 0x45, 0xf4, 0xff, 0x45,
  0xfc, 0xeb, 0xe1, 0x8b, 0x45, 0xfc, 0x89, 0x45, 0xf0, 0xeb, 0x00, 0x8b,
  0x45, 0xf0, 0xc9, 0xc3, 0xc8, 0x08, 0x00, 0x00, 0x8b, 0x45, 0x08, 0x89,
  0x45, 0xfc, 0xff, 0x45, 0x08, 0x8b, 0x45, 0x0c, 0x89, 0x45, 0xf8, 0xff,
  0x45, 0x0c, 0x8b, 0x45, 0xf8, 0x8a, 0x00, 0x8b, 0x55, 0xfc, 0x88, 0x02,
  0x0f, 0xbe, 0xc0, 0x83, 0xf8, 0x00, 0x74, 0x02, 0xeb, 0xda, 0xc9, 0xc3,
  0xc8, 0x08, 0x00, 0x00, 0x83, 0x65, 0xfc, 0x00, 0x8b, 0x45, 0x10, 0x39,
  0x45, 0xfc, 0x73, 0x29, 0x8b, 0x45, 0x0c, 0x03, 0x45, 0xfc, 0x0f, 0xbe,
  0x00, 0x83, 0xf8, 0x00, 0x74, 0x1b, 0x8b, 0x45, 0x0c, 0x03, 0x45, 0xfc,
  0x8a, 0x00, 0x8b, 0x55, 0x08, 0x03, 0x55, 0xfc, 0x88, 0x02, 0x8b, 0x45,
  0xfc, 0x89, 0x45, 0xf8, 0xff, 0x45, 0xfc, 0xeb, 0xcf, 0x8b, 0x45, 0x10,
  0x39, 0x45, 0xfc, 0x73, 0x0b, 0x8b, 0x45, 0x08, 0x03, 0x45, 0xfc, 0xc6,
  0x00, 0x00, 0xeb, 0x12, 0x83, 0x7d, 0x10, 0x00, 0x74, 0x0c, 0x8b, 0x45,
  0x08, 0x8b, 0x55, 0x10, 0x4a, 0x01, 0xd0, 0xc6, 0x00, 0x00, 0xc9, 0xc3,
  0xc8, 0x0c, 0x00, 0x00, 0x8b, 0x45, 0x08, 0x0f, 0xbe, 0x00, 0x83, 0xf8,
  0x00, 0x74, 0x24, 0x8b, 0x45, 0x08, 0x0f, 0xbe, 0x10, 0x8b, 0x45, 0x0c,
  0x0f, 0xbe, 0x00, 0x39, 0xc2, 0x75, 0x14, 0x8b, 0x45, 0x08, 0x89, 0x45,
  0xfc, 0xff, 0x45, 0x08, 0x8b, 0x45, 0x0c, 0x89, 0x45, 0xf8, 0xff, 0x45,
  0x0c, 0xeb, 0xd1, 0x8b, 0x45, 0x08, 0x0f, 0xb6, 0x00, 0x8b, 0x55, 0x0c,
  0x0f, 0xb6, 0x12, 0x29, 0xd0, 0x89, 0x45, 0xf4, 0xeb, 0x00, 0x8b, 0x45,
  0xf4, 0xc9, 0xc3, 0x90, 0xc8, 0x08, 0x00, 0x00, 0xff, 0x75, 0x08, 0xe8,
  0xe8, 0xfe, 0xff, 0xff, 0x83, 0xc4, 0x04, 0x01, 0x45, 0x08, 0x8b, 0x45,
  0x08, 0x89, 0x45, 0xfc, 0xff, 0x45, 0x08, 0x8b, 0x45, 0x0c, 0x89, 0x45,
  0xf8, 0xff, 0x45, 0x0c, 0x8b, 0x45, 0xf8, 0x8a, 0x00, 0x8b, 0x55, 0xfc,
  0x88, 0x02, 0x0f, 0xbe, 0xc0, 0x83, 0xf8, 0x00, 0x74, 0x02, 0xeb, 0xda,
  0xc9, 0xc3, 0x66, 0x90, 0xc8, 0x0c, 0x00, 0x00, 0xff, 0x75, 0x08, 0xe8,
  0xac, 0xfe, 0xff, 0xff, 0x83, 0xc4, 0x04, 0x89, 0x45, 0xfc, 0x83, 0x65,
  0xf8, 0x00, 0x8b, 0x45, 0x10, 0x39, 0x45, 0xf8, 0x73, 0x2e, 0x8b, 0x45,
  0x0c, 0x03, 0x45, 0xf8, 0x0f, 0xbe, 0x00, 0x83, 0xf8, 0x00, 0x74, 0x20,
  0x8b, 0x55, 0x08, 0x8b, 0x45, 0xfc, 0x03, 0x45, 0xf8, 0x01, 0xc2, 0x8b,
  0x45, 0x0c, 0x03, 0x45, 0xf8, 0x8a, 0x00, 0x88, 0x02, 0x8b, 0x45, 0xf8,
  0x89, 0x45, 0xf4, 0xff, 0x45, 0xf8, 0xeb, 0xca, 0x8b, 0x45, 0x08, 0x8b,
  0x55, 0xfc, 0x03, 0x55, 0xf8, 0x01, 0xd0, 0xc6, 0x00, 0x00, 0xc9, 0xc3,
  0xc8, 0x0c, 0x00, 0x00, 0x83, 0x65, 0xfc, 0x00, 0x8b, 0x45, 0x10, 0x39,
  0x45, 0xfc, 0x7d, 0x4e, 0x8b, 0x45, 0x08, 0x03, 0x45, 0xfc, 0x0f, 0xbe,
  0x10, 0x8b, 0x45, 0x0c, 0x03, 0x45, 0xfc, 0x0f, 0xbe, 0x00, 0x39, 0xc2,
  0x74, 0x19, 0x8b, 0x45, 0x08, 0x03, 0x45, 0xfc, 0x0f, 0xb6, 0x00, 0x8b,
  0x55, 0x0c, 0x03, 0x55, 0xfc, 0x0f, 0xb6, 0x12, 0x29, 0xd0, 0x89, 0x45,
  0xf4, 0xeb, 0x25, 0x8b, 0x45, 0x08, 0x03, 0x45, 0xfc, 0x0f, 0xbe, 0x00,
  0x83, 0xf8, 0x00, 0x75, 0x06, 0x83, 0x65, 0xf4, 0x00, 0xeb, 0x11, 0x8b,
  0x45, 0xfc, 0x89, 0x45, 0xf8, 0xff, 0x45, 0xfc, 0xeb, 0xaa, 0x83, 0x65,
  0xf4, 0x00, 0xeb, 0x00, 0x8b, 0x45, 0xf4, 0xc9, 0xc3, 0x8d, 0x76, 0x00,
  0xc8, 0x0c, 0x00, 0x00, 0x8b, 0x45, 0x0c, 0x0f, 0xbe, 0x00, 0x83, 0xf8,
  0x00, 0x74, 0x2a, 0x8b, 0x45, 0x08, 0x89, 0x45, 0xfc, 0xff, 0x45, 0x08,
  0x8b, 0x45, 0x0c, 0x89, 0x45, 0xf8, 0xff, 0x45, 0x0c, 0x8b, 0x45, 0xfc,
  0x0f, 0xbe, 0x10, 0x8b, 0x45, 0xf8, 0x0f, 0xbe, 0x00, 0x39, 0xc2, 0x74,
  0x06, 0x83, 0x65, 0xf4, 0x00, 0xeb, 0x0b, 0xeb, 0xcb, 0xc7, 0x45, 0xf4,
  0x01, 0x00, 0x00, 0x00, 0xeb, 0x00, 0x8b, 0x45, 0xf4, 0xc9, 0xc3, 0x90,
  0xc8, 0x08, 0x00, 0x00, 0x8b, 0x45, 0x08, 0x0f, 0xbe, 0x00, 0x83, 0xf8,
  0x00, 0x74, 0x21, 0x8b, 0x45, 0x08, 0x0f, 0xbe, 0x10, 0x8b, 0x45, 0x0c,
  0x39, 0xc2, 0x75, 0x09, 0xc7, 0x45, 0xf8, 0x01, 0x00, 0x00, 0x00, 0xeb,
  0x11, 0x8b, 0x45, 0x08, 0x89, 0x45, 0xfc, 0xff, 0x45, 0x08, 0xeb, 0xd4,
  0x83, 0x65, 0xf8, 0x00, 0xeb, 0x00, 0x8b, 0x45, 0xf8, 0xc9, 0xc3, 0x90,
  0xc8, 0x04, 0x00, 0x00, 0xff, 0x75, 0x0c, 0x8b, 0x55, 0x08, 0x52, 0x6a,
  0x05, 0xe8, 0x0e, 0x00, 0x00, 0x00, 0x83, 0xc4, 0x0c, 0x89, 0x45, 0xfc,
  0xeb, 0x00, 0x8b, 0x45, 0xfc, 0xc9, 0xc3, 0x90, 0xc8, 0x08, 0x00, 0x00,
  0x89, 0xda, 0x8b, 0x4d, 0x10, 0x8b, 0x5d, 0x0c, 0x8b, 0x45, 0x08, 0xcd,
  0x80, 0x89, 0x45, 0xfc, 0x8b, 0x45, 0xfc, 0x89, 0x45, 0xf8, 0xeb, 0x00,
  0x8b, 0x45, 0xf8, 0x89, 0xd3, 0xc9, 0xc3, 0x90, 0xc8, 0x04, 0x00, 0x00,
  0xff, 0x75, 0x08, 0x6a, 0x06, 0xe8, 0x0e, 0x00, 0x00, 0x00, 0x83, 0xc4,
  0x08, 0x89, 0x45, 0xfc, 0xeb, 0x00, 0x8b, 0x45, 0xfc, 0xc9, 0xc3, 0x90,
  0xc8, 0x08, 0x00, 0x00, 0x89, 0xda, 0x8b, 0x5d, 0x0c, 0x8b, 0x45, 0x08,
  0xcd, 0x80, 0x89, 0x45, 0xfc, 0x8b, 0x45, 0xfc, 0x89, 0x45, 0xf8, 0xeb,
  0x00, 0x8b, 0x45, 0xf8, 0x89, 0xd3, 0xc9, 0xc3, 0xc8, 0x04, 0x00, 0x00,
  0xff, 0x75, 0x10, 0x8b, 0x55, 0x0c, 0x52, 0xff, 0x75, 0x08, 0x6a, 0x03,
  0xe8, 0x0f, 0x00, 0x00, 0x00, 0x83, 0xc4, 0x10, 0x89, 0x45, 0xfc, 0xeb,
  0x00, 0x8b, 0x45, 0xfc, 0xc9, 0xc3, 0x66, 0x90, 0xc8, 0x0c, 0x00, 0x00,
  0x89, 0x5d, 0xf4, 0x8b, 0x55, 0x14, 0x8b, 0x4d, 0x10, 0x8b, 0x5d, 0x0c,
  0x8b, 0x45, 0x08, 0xcd, 0x80, 0x89, 0x45, 0xfc, 0x8b, 0x45, 0xfc, 0x89,
  0x45, 0xf8, 0xeb, 0x00, 0x8b, 0x45, 0xf8, 0x8b, 0x5d, 0xf4, 0xc9, 0xc3,
  0xc8, 0x04, 0x00, 0x00, 0xff, 0x75, 0x10, 0x8b, 0x55, 0x0c, 0x52, 0xff,
  0x75, 0x08, 0x6a, 0x04, 0xe8, 0xc3, 0xff, 0xff, 0xff, 0x83, 0xc4, 0x10,
  0x89, 0x45, 0xfc, 0xeb, 0x00, 0x8b, 0x45, 0xfc, 0xc9, 0xc3, 0x66, 0x90,
  0xc8, 0x04, 0x00, 0x00, 0xff, 0x75, 0x10, 0x8b, 0x55, 0x0c, 0x52, 0xff,
  0x75, 0x08, 0x6a, 0x47, 0xe8, 0x9f, 0xff, 0xff, 0xff, 0x83, 0xc4, 0x10,
  0x89, 0x45, 0xfc, 0xeb, 0x00, 0x8b, 0x45, 0xfc, 0xc9, 0xc3, 0x66, 0x90,
  0xc8, 0x04, 0x00, 0x00, 0xff, 0x75, 0x0c, 0x8b, 0x55, 0x08, 0x52, 0x6a,
  0x10, 0xe8, 0xfa, 0xfe, 0xff, 0xff, 0x83, 0xc4, 0x0c, 0x89, 0x45, 0xfc,
  0xeb, 0x00, 0x8b, 0x45, 0xfc, 0xc9, 0xc3, 0x90, 0xc8, 0x04, 0x00, 0x00,
  0x8b, 0x55, 0x08, 0x52, 0x6a, 0x11, 0xe8, 0x1d, 0xff, 0xff, 0xff, 0x83,
  0xc4, 0x08, 0x89, 0x45, 0xfc, 0xeb, 0x00, 0x8b, 0x45, 0xfc, 0xc9, 0xc3,
  0xc8, 0x04, 0x00, 0x00, 0x8b, 0x55, 0x08, 0x52, 0x6a, 0x12, 0xe8, 0x01,
  0xff, 0xff, 0xff, 0x83, 0xc4, 0x08, 0x89, 0x45, 0xfc, 0xeb, 0x00, 0x8b,
  0x45, 0xfc, 0xc9, 0xc3, 0xc8, 0x04, 0x00, 0x00, 0x8b, 0x55, 0x08, 0x52,
  0x6a, 0x15, 0xe8, 0xe5, 0xfe, 0xff, 0xff, 0x83, 0xc4, 0x08, 0x89, 0x45,
  0xfc, 0xeb, 0x00, 0x8b, 0x45, 0xfc, 0xc9, 0xc3, 0xc8, 0x04, 0x00, 0x00,
  0x8b, 0x55, 0x08, 0x52, 0x6a, 0x13, 0xe8, 0xc9, 0xfe, 0xff, 0xff, 0x83,
  0xc4, 0x08, 0x89, 0x45, 0xfc, 0xeb, 0x00, 0x8b, 0x45, 0xfc, 0xc9, 0xc3,
  0xc8, 0x04, 0x00, 0x00, 0x8b, 0x55, 0x0c, 0x52, 0x8b, 0x55, 0x08, 0x52,
  0x6a, 0x16, 0xe8, 0x69, 0xfe, 0xff, 0xff, 0x83, 0xc4, 0x0c, 0x89, 0x45,
  0xfc, 0xeb, 0x00, 0x8b, 0x45, 0xfc, 0xc9, 0xc3, 0xc8, 0x04, 0x00, 0x00,
  0x8b, 0x55, 0x08, 0x52, 0x6a, 0x28, 0xe8, 0x8d, 0xfe, 0xff, 0xff, 0x83,
  0xc4, 0x08, 0x89, 0x45, 0xfc, 0xeb, 0x00, 0x8b, 0x45, 0xfc, 0xc9, 0xc3,
  0xc8, 0x04, 0x00, 0x00, 0xff, 0x75, 0x0c, 0xff, 0x75, 0x08, 0x6a, 0x2a,
  0xe8, 0x2f, 0xfe, 0xff, 0xff, 0x83, 0xc4, 0x0c, 0x89, 0x45, 0xfc, 0xeb,
  0x00, 0x8b, 0x45, 0xfc, 0xc9, 0xc3, 0x66, 0x90, 0xc8, 0x04, 0x00, 0x00,
  0x8b, 0x55, 0x08, 0x52, 0x6a, 0x73, 0xe8, 0x51, 0xfe, 0xff, 0xff, 0x83,
  0xc4, 0x08, 0x89, 0x45, 0xfc, 0xeb, 0x00, 0x8b, 0x45, 0xfc, 0xc9, 0xc3,
  0xc8, 0x04, 0x00, 0x00, 0x6a, 0x09, 0xe8, 0x0d, 0x00, 0x00, 0x00, 0x83,
  0xc4, 0x04, 0x89, 0x45, 0xfc, 0xeb, 0x00, 0x8b, 0x45, 0xfc, 0xc9, 0xc3,
  0xc8, 0x08, 0x00, 0x00, 0x8b, 0x45, 0x08, 0xcd, 0x80, 0x89, 0x45, 0xfc,
  0x8b, 0x45, 0xfc, 0x89, 0x45, 0xf8, 0xeb, 0x00, 0x8b, 0x45, 0xf8, 0xc9,
  0xc3, 0x8d, 0x76, 0x00, 0xc8, 0x04, 0x00, 0x00, 0x6a, 0x0a, 0xe8, 0xd9,
  0xff, 0xff, 0xff, 0x83, 0xc4, 0x04, 0x89, 0x45, 0xfc, 0xeb, 0x00, 0x8b,
  0x45, 0xfc, 0xc9, 0xc3, 0xc8, 0x04, 0x00, 0x00, 0x6a, 0x02, 0xe8, 0xc1,
  0xff, 0xff, 0xff, 0x83, 0xc4, 0x04, 0x89, 0x45, 0xfc, 0xeb, 0x00, 0x8b,
  0x45, 0xfc, 0xc9, 0xc3, 0xc8, 0x04, 0x00, 0x00, 0xff, 0x75, 0x10, 0x8b,
  0x55, 0x0c, 0x52, 0xff, 0x75, 0x08, 0x6a, 0x07, 0xe8, 0x0f, 0xfe, 0xff,
  0xff, 0x83, 0xc4, 0x10, 0x89, 0x45, 0xfc, 0xeb, 0x00, 0x8b, 0x45, 0xfc,
  0xc9, 0xc3, 0x66, 0x90, 0xc8, 0x04, 0x00, 0x00, 0xff, 0x75, 0x0c, 0xff,
  0x75, 0x08, 0x6a, 0x64, 0xe8, 0x6b, 0xfd, 0xff, 0xff, 0x83, 0xc4, 0x0c,
  0x89, 0x45, 0xfc, 0xeb, 0x00, 0x8b, 0x45, 0xfc, 0xc9, 0xc3, 0x66, 0x90,
  0xc8, 0x04, 0x00, 0x00, 0x6a, 0x20, 0xe8, 0x65, 0xff, 0xff, 0xff, 0x83,
  0xc4, 0x04, 0x89, 0x45, 0xfc, 0xeb, 0x00, 0x8b, 0x45, 0xfc, 0xc9, 0xc3,
  0xc8, 0x04, 0x00, 0x00, 0x6a, 0x24, 0xe8, 0x4d, 0xff, 0xff, 0xff, 0x83,
  0xc4, 0x04, 0x89, 0x45, 0xfc, 0xeb, 0x00, 0x8b, 0x45, 0xfc, 0xc9, 0xc3,
  0xc8, 0x04, 0x00, 0x00, 0xff, 0x75, 0x08, 0x6a, 0x22, 0xe8, 0x5e, 0xfd,
  0xff, 0xff, 0x83, 0xc4, 0x08, 0x89, 0x45, 0xfc, 0xeb, 0x00, 0x8b, 0x45,
  0xfc, 0xc9, 0xc3, 0x90, 0xc8, 0x04, 0x00, 0x00, 0x6a, 0x21, 0xe8, 0x19,
  0xff, 0xff, 0xff, 0x83, 0xc4, 0x04, 0x89, 0x45, 0xfc, 0xeb, 0x00, 0x8b,
  0x45, 0xfc, 0xc9, 0xc3, 0xc8, 0x04, 0x00, 0x00, 0x6a, 0x25, 0xe8, 0x01,
  0xff, 0xff, 0xff, 0x83, 0xc4, 0x04, 0x89, 0x45, 0xfc, 0xeb, 0x00, 0x8b,
  0x45, 0xfc, 0xc9, 0xc3, 0xc8, 0x04, 0x00, 0x00, 0xff, 0x75, 0x08, 0x6a,
  0x23, 0xe8, 0x12, 0xfd, 0xff, 0xff, 0x83, 0xc4, 0x08, 0x89, 0x45, 0xfc,
  0xeb, 0x00, 0x8b, 0x45, 0xfc, 0xc9, 0xc3, 0x90, 0xc8, 0x04, 0x00, 0x00,
  0x8b, 0x55, 0x0c, 0x52, 0xff, 0x75, 0x08, 0x68, 0x8a, 0x00, 0x00, 0x00,
  0xe8, 0xaf, 0xfc, 0xff, 0xff, 0x83, 0xc4, 0x0c, 0x89, 0x45, 0xfc, 0xeb,
  0x00, 0x8b, 0x45, 0xfc, 0xc9, 0xc3, 0x66, 0x90, 0xc8, 0x04, 0x00, 0x00,
  0x6a, 0x1e, 0xe8, 0xa9, 0xfe, 0xff, 0xff, 0x83, 0xc4, 0x04, 0x89, 0x45,
  0xfc, 0xeb, 0x00, 0x8b, 0x45, 0xfc, 0xc9, 0xc3, 0xc8, 0x04, 0x00, 0x00,
  0xff, 0x75, 0x08, 0x6a, 0x5d, 0xe8, 0xba, 0xfc, 0xff, 0xff, 0x83, 0xc4,
  0x08, 0x89, 0x45, 0xfc, 0xeb, 0x00, 0x8b, 0x45, 0xfc, 0xc9, 0xc3, 0x90,
  0xc8, 0x04, 0x00, 0x00, 0x68, 0x8c, 0x00, 0x00, 0x00, 0xe8, 0x72, 0xfe,
  0xff, 0xff, 0x83, 0xc4, 0x04, 0x89, 0x45, 0xfc, 0xeb, 0x00, 0x8b, 0x45,
  0xfc, 0xc9, 0xc3, 0x90, 0xc8, 0x04, 0x00, 0x00, 0x8b, 0x55, 0x08, 0x52,
  0x68, 0x8d, 0x00, 0x00, 0x00, 0xe8, 0x7e, 0xfc, 0xff, 0xff, 0x83, 0xc4,
  0x08, 0x89, 0x45, 0xfc, 0xeb, 0x00, 0x8b, 0x45, 0xfc, 0xc9, 0xc3, 0x90,
  0xc8, 0x04, 0x00, 0x00, 0x8b, 0x55, 0x08, 0x52, 0x68, 0x8e, 0x00, 0x00,
  0x00, 0xe8, 0x5e, 0xfc, 0xff, 0xff, 0x83, 0xc4, 0x08, 0x89, 0x45, 0xfc,
  0xeb, 0x00, 0x8b, 0x45, 0xfc, 0xc9, 0xc3, 0x90, 0xc8, 0x04, 0x00, 0x00,
  0x68, 0x8f, 0x00, 0x00, 0x00, 0xe8, 0x16, 0xfe, 0xff, 0xff, 0x83, 0xc4,
  0x04, 0x89, 0x45, 0xfc, 0xeb, 0x00, 0x8b, 0x45, 0xfc, 0xc9, 0xc3, 0x90,
  0xc8, 0x04, 0x00, 0x00, 0x8b, 0x55, 0x08, 0x52, 0x68, 0x84, 0x00, 0x00,
  0x00, 0xe8, 0x22, 0xfc, 0xff, 0xff, 0x83, 0xc4, 0x08, 0x89, 0x45, 0xfc,
  0xeb, 0x00, 0x8b, 0x45, 0xfc, 0xc9, 0xc3, 0x90, 0xc8, 0x04, 0x00, 0x00,
  0xff, 0x75, 0x0c, 0x8b, 0x55, 0x08, 0x52, 0x68, 0x85, 0x00, 0x00, 0x00,
  0xe8, 0xbf, 0xfb, 0xff, 0xff, 0x83, 0xc4, 0x0c, 0x89, 0x45, 0xfc, 0xeb,
  0x00, 0x8b, 0x45, 0xfc, 0xc9, 0xc3, 0x66, 0x90, 0xc8, 0x04, 0x00, 0x00,
  0x8b, 0x55, 0x08, 0x52, 0x68, 0x86, 0x00, 0x00, 0x00, 0xe8, 0xde, 0xfb,
  0xff, 0xff, 0x83, 0xc4, 0x08, 0x89, 0x45, 0xfc, 0xeb, 0x00, 0x8b, 0x45,
  0xfc, 0xc9, 0xc3, 0x90, 0xc8, 0x04, 0x00, 0x00, 0x8b, 0x55, 0x10, 0x52,
  0x8b, 0x55, 0x0c, 0x52, 0x8b, 0x55, 0x08, 0x52, 0x68, 0x87, 0x00, 0x00,
  0x00, 0xe8, 0xfa, 0xfb, 0xff, 0xff, 0x83, 0xc4, 0x10, 0x89, 0x45, 0xfc,
  0xeb, 0x00, 0x8b, 0x45, 0xfc, 0xc9, 0xc3, 0x90, 0xc8, 0x04, 0x00, 0x00,
  0x8b, 0x55, 0x08, 0x52, 0x68, 0x88, 0x00, 0x00, 0x00, 0xe8, 0x96, 0xfb,
  0xff, 0xff, 0x83, 0xc4, 0x08, 0x89, 0x45, 0xfc, 0xeb, 0x00, 0x8b, 0x45,
  0xfc, 0xc9, 0xc3, 0x90, 0xc8, 0x04, 0x00, 0x00, 0xff, 0x75, 0x0c, 0x8b,
  0x55, 0x08, 0x52, 0x68, 0x89, 0x00, 0x00, 0x00, 0xe8, 0x33, 0xfb, 0xff,
  0xff, 0x83, 0xc4, 0x0c, 0x89, 0x45, 0xfc, 0xeb, 0x00, 0x8b, 0x45, 0xfc,
  0xc9, 0xc3, 0x66, 0x90, 0xc8, 0x18, 0x00, 0x00, 0x83, 0x65, 0xfc, 0x00,
  0xc7, 0x45, 0xf8, 0x01, 0x00, 0x00, 0x00, 0x8b, 0x45, 0x08, 0x0f, 0xbe,
  0x00, 0x83, 0xf8, 0x20, 0x75, 0x0b, 0x8b, 0x45, 0x08, 0x89, 0x45, 0xf4,
  0xff, 0x45, 0x08, 0xeb, 0xea, 0x8b, 0x45, 0x08, 0x0f, 0xbe, 0x00, 0x83,
  0xf8, 0x2d, 0x75, 0x12, 0xc7, 0x45, 0xf8, 0xff, 0xff, 0xff, 0xff, 0x8b,
  0x45, 0x08, 0x89, 0x45, 0xf0, 0xff, 0x45, 0x08, 0xeb, 0x14, 0x8b, 0x45,
  0x08, 0x0f, 0xbe, 0x00, 0x83, 0xf8, 0x2b, 0x75, 0x09, 0x8b, 0x45, 0x08,
  0x89, 0x45, 0xf0, 0xff, 0x45, 0x08, 0x8b, 0x45, 0x08, 0x0f, 0xbe, 0x00,
  0x83, 0xf8, 0x30, 0x7c, 0x2b, 0x8b, 0x45, 0x08, 0x0f, 0xbe, 0x00, 0x83,
  0xf8, 0x39, 0x7f, 0x20, 0x8b, 0x45, 0x08, 0x89, 0x45, 0xec, 0xff, 0x45,
  0x08, 0x8b, 0x45, 0xec, 0x0f, 0xbe, 0x10, 0x83, 0xea, 0x30, 0x8b, 0x45,
  0xfc, 0x6b, 0xc0, 0x0a, 0x8d, 0x04, 0x10, 0x89, 0x45, 0xfc, 0xeb, 0xca,
  0x8b, 0x45, 0xfc, 0x0f, 0xaf, 0x45, 0xf8, 0x89, 0x45, 0xe8, 0xeb, 0x00,
  0x8b, 0x45, 0xe8, 0xc9, 0xc3, 0x8d, 0x76, 0x00, 0x55, 0x89, 0xe5, 0x68,
  0xfd, 0x03, 0x00, 0x00, 0xe8, 0x23, 0x00, 0x00, 0x00, 0x83, 0xc4, 0x04,
  0x0f, 0xb6, 0xc0, 0x83, 0xe0, 0x20, 0x75, 0x02, 0xeb, 0xe9, 0x0f, 0xb6,
  0x55, 0x08, 0x52, 0x68, 0xf8, 0x03, 0x00, 0x00, 0xe8, 0x23, 0x00, 0x00,
  0x00, 0x83, 0xc4, 0x08, 0xc9, 0xc3, 0x66, 0x90, 0xc8, 0x08, 0x00, 0x00,
  0x66, 0x8b, 0x55, 0x08, 0xec, 0x88, 0x45, 0xff, 0x8a, 0x45, 0xff, 0x88,
  0x45, 0xf8, 0xeb, 0x00, 0x8a, 0x45, 0xf8, 0xc9, 0xc3, 0x8d, 0x76, 0x00,
  0x55, 0x89, 0xe5, 0x66, 0x8b, 0x55, 0x08, 0x8a, 0x45, 0x0c, 0xee, 0xc9,
  0xc3, 0x8d, 0x76, 0x00, 0xc8, 0x04, 0x00, 0x00, 0x8b, 0x45, 0x08, 0x0f,
  0xbe, 0x00, 0x83, 0xf8, 0x00, 0x74, 0x1a, 0x8b, 0x45, 0x08, 0x89, 0x45,
  0xfc, 0xff, 0x45, 0x08, 0x8b, 0x45, 0xfc, 0x0f, 0xbe, 0x10, 0x52, 0xe8,
  0x80, 0xff, 0xff, 0xff, 0x83, 0xc4, 0x04, 0xeb, 0xdb, 0xc9, 0xc3, 0x90,
  0xc8, 0x04, 0x00, 0x00, 0x68, 0xfd, 0x03, 0x00, 0x00, 0xe8, 0x9a, 0xff,
  0xff, 0xff, 0x83, 0xc4, 0x04, 0x0f, 0xb6, 0xc0, 0x83, 0xe0, 0x01, 0x74,
  0x15, 0x68, 0xf8, 0x03, 0x00, 0x00, 0xe8, 0x85, 0xff, 0xff, 0xff, 0x83,
  0xc4, 0x04, 0x0f, 0xb6, 0xc0, 0x89, 0x45, 0xfc, 0xeb, 0x0e, 0xe8, 0x11,
  0x00, 0x00, 0x00, 0xc7, 0x45, 0xfc, 0xff, 0xff, 0xff, 0xff, 0xeb, 0x00,
  0x8b, 0x45, 0xfc, 0xc9, 0xc3, 0x8d, 0x76, 0x00, 0xc8, 0x04, 0x00, 0x00,
  0x68, 0x43, 0x00, 0x00, 0x4d, 0xe8, 0x0e, 0x00, 0x00, 0x00, 0x83, 0xc4,
  0x04, 0x89, 0x45, 0xfc, 0xeb, 0x00, 0x8b, 0x45, 0xfc, 0xc9, 0xc3, 0x90,
  0xc8, 0x08, 0x00, 0x00, 0x8b, 0x45, 0x08, 0xcd, 0x4d, 0x89, 0x45, 0xfc,
  0x8b, 0x45, 0xfc, 0x89, 0x45, 0xf8, 0xeb, 0x00, 0x8b, 0x45, 0xf8, 0xc9,
  0xc3, 0x8d, 0x76, 0x00, 0x55, 0x89, 0xe5, 0x68, 0x61, 0x26, 0xc0, 0x00,
  0xe8, 0x4b, 0xff, 0xff, 0xff, 0x83, 0xc4, 0x04, 0xc9, 0xc3, 0x66, 0x90,
  0x55, 0x89, 0xe5, 0x68, 0x5b, 0x26, 0xc0, 0x00, 0xe8, 0x37, 0xff, 0xff,
  0xff, 0x83, 0xc4, 0x04, 0xc9, 0xc3, 0x66, 0x90, 0x55, 0x89, 0xe5, 0x68,
  0x55, 0x26, 0xc0, 0x00, 0xe8, 0x23, 0xff, 0xff, 0xff, 0x83, 0xc4, 0x04,
  0xc9, 0xc3, 0x66, 0x90, 0x55, 0x89, 0xe5, 0x68, 0x4f, 0x26, 0xc0, 0x00,
  0xe8, 0x0f, 0xff, 0xff, 0xff, 0x83, 0xc4, 0x04, 0xc9, 0xc3, 0x66, 0x90,
  0x55, 0x89, 0xe5, 0x68, 0x49, 0x26, 0xc0, 0x00, 0xe8, 0xfb, 0xfe, 0xff,
  0xff, 0x83, 0xc4, 0x04, 0xc9, 0xc3, 0x66, 0x90, 0x55, 0x89, 0xe5, 0x68,
  0x43, 0x26, 0xc0, 0x00, 0xe8, 0xe7, 0xfe, 0xff, 0xff, 0x83, 0xc4, 0x04,
  0xc9, 0xc3, 0x66, 0x90, 0x55, 0x89, 0xe5, 0x68, 0x3e, 0x26, 0xc0, 0x00,
  0xe8, 0xd3, 0xfe, 0xff, 0xff, 0x83, 0xc4, 0x04, 0xc9, 0xc3, 0x66, 0x90,
  0x55, 0x89, 0xe5, 0x83, 0x3d, 0x68, 0x26, 0xc0, 0x00, 0x01, 0x75, 0x0f,
  0x0f, 0xbe, 0x55, 0x08, 0x52, 0xe8, 0x5a, 0xfe, 0xff, 0xff, 0x83, 0xc4,
  0x04, 0xeb, 0x14, 0x6a, 0x01, 0x8d, 0x45, 0x08, 0x50, 0xff, 0x35, 0x68,
  0x26, 0xc0, 0x00, 0xe8, 0x74, 0xf9, 0xff, 0xff, 0x83, 0xc4, 0x0c, 0xc9,
  0xc3, 0x8d, 0x76, 0x00, 0xc8, 0x04, 0x00, 0x00, 0x83, 0x3d, 0x68, 0x26,
  0xc0, 0x00, 0x01, 0x75, 0x0d, 0xff, 0x75, 0x08, 0xe8, 0x83, 0xfe, 0xff,
  0xff, 0x83, 0xc4, 0x04, 0xeb, 0x29, 0x8b, 0x45, 0x08, 0x0f, 0xbe, 0x00,
  0x83, 0xf8, 0x00, 0x74, 0x1e, 0x6a, 0x01, 0xff, 0x75, 0x08, 0xff, 0x35,
  0x68, 0x26, 0xc0, 0x00, 0xe8, 0x37, 0xf9, 0xff, 0xff, 0x83, 0xc4, 0x0c,
  0x8b, 0x45, 0x08, 0x89, 0x45, 0xfc, 0xff, 0x45, 0x08, 0xeb, 0xd7, 0xc9,
  0xc3, 0x8d, 0x76, 0x00, 0x55, 0x89, 0xe5, 0xff, 0x75, 0x08, 0xe8, 0xad,
  0xff, 0xff, 0xff, 0x83, 0xc4, 0x04, 0xc9, 0xc3, 0xc8, 0x18, 0x00, 0x00,
  0x83, 0x65, 0xec, 0x00, 0x8b, 0x45, 0xec, 0x89, 0x45, 0xe8, 0xff, 0x45,
  0xec, 0x8b, 0x45, 0x08, 0xb9, 0x0a, 0x00, 0x00, 0x00, 0x31, 0xd2, 0xf7,
  0xf1, 0x88, 0xd0, 0x0f, 0xbe, 0xc0, 0x83, 0xc0, 0x30, 0x8d, 0x55, 0xf0,
  0x03, 0x55, 0xe8, 0x88, 0x02, 0x8b, 0x45, 0x08, 0xb9, 0x0a, 0x00, 0x00,
  0x00, 0x31, 0xd2, 0xf7, 0xf1, 0x89, 0x45, 0x08, 0x83, 0x7d, 0x08, 0x00,
  0x74, 0x09, 0xc7, 0x45, 0xe8, 0x01, 0x00, 0x00, 0x00, 0xeb, 0x04, 0x83,
  0x65, 0xe8, 0x00, 0x83, 0x7d, 0xe8, 0x00, 0x75, 0xb3, 0x83, 0x7d, 0xec,
  0x00, 0x7e, 0x1a, 0x8d, 0x45, 0xf0, 0x8b, 0x55, 0xec, 0x4a, 0x89, 0x55,
  0xec, 0x01, 0xd0, 0x0f, 0xbe, 0x10, 0x52, 0xe8, 0x04, 0xff, 0xff, 0xff,
  0x83, 0xc4, 0x04, 0xeb, 0xe0, 0xc9, 0xc3, 0x90, 0x55, 0x89, 0xe5, 0x31,
  0xd2, 0xb8, 0xff, 0xff, 0xff, 0xff, 0x39, 0x55, 0x0c, 0x77, 0x07, 0x72,
  0x14, 0x39, 0x45, 0x08, 0x76, 0x0f, 0x68, 0x39, 0x26, 0xc0, 0x00, 0xe8,
  0x10, 0xff, 0xff, 0xff, 0x83, 0xc4, 0x04, 0xeb, 0x0c, 0x8b, 0x45, 0x08,
  0x50, 0xe8, 0x5a, 0xff, 0xff, 0xff, 0x83, 0xc4, 0x04, 0xc9, 0xc3, 0x90,
  0x55, 0x89, 0xe5, 0x83, 0x7d, 0x08, 0x00, 0x7d, 0x12, 0x6a, 0x2d, 0xe8,
  0xb8, 0xfe, 0xff, 0xff, 0x83, 0xc4, 0x04, 0x8b, 0x45, 0x08, 0xf7, 0xd8,
  0x89, 0x45, 0x08, 0xff, 0x75, 0x08, 0xe8, 0x31, 0xff, 0xff, 0xff, 0x83,
  0xc4, 0x04, 0xc9, 0xc3, 0xc8, 0x04, 0x00, 0x00, 0x68, 0x00, 0x01, 0x00,
  0x00, 0x68, 0x6c, 0x26, 0xc0, 0x00, 0xe8, 0x75, 0xf8, 0xff, 0xff, 0x83,
  0xc4, 0x08, 0x89, 0x45, 0xfc, 0x83, 0x7d, 0xfc, 0x00, 0x7f, 0x17, 0x68,
  0xff, 0x00, 0x00, 0x00, 0x68, 0x37, 0x26, 0xc0, 0x00, 0x68, 0x6c, 0x26,
  0xc0, 0x00, 0xe8, 0x0d, 0xf5, 0xff, 0xff, 0x83, 0xc4, 0x0c, 0xc9, 0xc3,
  0xc8, 0x1c, 0x00, 0x00, 0x83, 0x7d, 0x08, 0x00, 0x74, 0x0b, 0x8b, 0x45,
  0x08, 0x0f, 0xbe, 0x00, 0x83, 0xf8, 0x00, 0x75, 0x1a, 0x8b, 0x45, 0x10,
  0x48, 0x50, 0x68, 0x6c, 0x26, 0xc0, 0x00, 0xff, 0x75, 0x0c, 0xe8, 0xe1,
  0xf4, 0xff, 0xff, 0x83, 0xc4, 0x0c, 0xe9, 0xd3, 0x00, 0x00, 0x00, 0x8b,
  0x45, 0x08, 0x0f, 0xbe, 0x00, 0x83, 0xf8, 0x2f, 0x75, 0x18, 0x8b, 0x45,
  0x10, 0x48, 0x50, 0xff, 0x75, 0x08, 0xff, 0x75, 0x0c, 0xe8, 0xbe, 0xf4,
  0xff, 0xff, 0x83, 0xc4, 0x0c, 0xe9, 0xb0, 0x00, 0x00, 0x00, 0x83, 0x65,
  0xfc, 0x00, 0xb8, 0x6c, 0x26, 0xc0, 0x00, 0x03, 0x45, 0xfc, 0x0f, 0xbe,
  0x00, 0x83, 0xf8, 0x00, 0x74, 0x26, 0x8b, 0x45, 0x10, 0x48, 0x39, 0x45,
  0xfc, 0x7d, 0x1d, 0xb8, 0x6c, 0x26, 0xc0, 0x00, 0x03, 0x45, 0xfc, 0x8a,
  0x00, 0x8b, 0x55, 0x0c, 0x03, 0x55, 0xfc, 0x88, 0x02, 0x8b, 0x45, 0xfc,
  0x89, 0x45, 0xf4, 0xff, 0x45, 0xfc, 0xeb, 0xca, 0x8b, 0x45, 0xfc, 0x89,
  0x45, 0xf0, 0x83, 0x7d, 0xf0, 0x00, 0x7e, 0x22, 0xb8, 0x6b, 0x26, 0xc0,
  0x00, 0x03, 0x45, 0xf0, 0x0f, 0xbe, 0x00, 0x83, 0xf8, 0x2f, 0x74, 0x12,
  0x8b, 0x45, 0xf0, 0x89, 0x45, 0xec, 0xff, 0x45, 0xf0, 0x8b, 0x45, 0x0c,
  0x03, 0x45, 0xec, 0xc6, 0x00, 0x2f, 0x83, 0x65, 0xf8, 0x00, 0x8b, 0x45,
  0x08, 0x03, 0x45, 0xf8, 0x0f, 0xbe, 0x00, 0x83, 0xf8, 0x00, 0x74, 0x2d,
  0x8b, 0x45, 0x10, 0x48, 0x39, 0x45, 0xf0, 0x7d, 0x24, 0x8b, 0x45, 0x08,
  0x03, 0x45, 0xf8, 0x8a, 0x00, 0x8b, 0x55, 0x0c, 0x03, 0x55, 0xf0, 0x88,
  0x02, 0x8b, 0x45, 0xf8, 0x89, 0x45, 0xe8, 0xff, 0x45, 0xf8, 0x8b, 0x45,
  0xf0, 0x89, 0x45, 0xe4, 0xff, 0x45, 0xf0, 0xeb, 0xc5, 0x8b, 0x45, 0x0c,
  0x03, 0x45, 0xf0, 0xc6, 0x00, 0x00, 0xc9, 0xc3, 0xc8, 0x10, 0x00, 0x00,
  0x8b, 0x45, 0x0c, 0x89, 0x45, 0xfc, 0x8b, 0x45, 0x08, 0x89, 0x45, 0xf8,
  0x83, 0x7d, 0xfc, 0x00, 0x7e, 0x09, 0x8b, 0x45, 0xfc, 0x89, 0x45, 0xf4,
  0xff, 0x4d, 0xfc, 0x8b, 0x45, 0xf8, 0xb9, 0x0a, 0x00, 0x00, 0x00, 0x31,
  0xd2, 0xf7, 0xf1, 0x89, 0x45, 0xf8, 0x83, 0x7d, 0xf8, 0x00, 0x74, 0x09,
  0xc7, 0x45, 0xf4, 0x01, 0x00, 0x00, 0x00, 0xeb, 0x04, 0x83, 0x65, 0xf4,
  0x00, 0x83, 0x7d, 0xf4, 0x00, 0x75, 0xc9, 0x83, 0x7d, 0xfc, 0x00, 0x7e,
  0x15, 0x6a, 0x20, 0xe8, 0x10, 0xfd, 0xff, 0xff, 0x83, 0xc4, 0x04, 0x8b,
  0x45, 0xfc, 0x89, 0x45, 0xf0, 0xff, 0x4d, 0xfc, 0xeb, 0xe5, 0xff, 0x75,
  0x08, 0xe8, 0x86, 0xfd, 0xff, 0xff, 0x83, 0xc4, 0x04, 0xc9, 0xc3, 0x90,
  0x55, 0x89, 0xe5, 0x83, 0x7d, 0x08, 0x00, 0x7d, 0x02, 0xeb, 0x36, 0x83,
  0x3d, 0x7c, 0x27, 0xc0, 0x00, 0x00, 0x7c, 0x0a, 0xa1, 0x7c, 0x27, 0xc0,
  0x00, 0x39, 0x45, 0x08, 0x7d, 0x08, 0x8b, 0x45, 0x08, 0xa3, 0x7c, 0x27,
  0xc0, 0x00, 0x83, 0x3d, 0x80, 0x27, 0xc0, 0x00, 0x00, 0x7c, 0x0a, 0xa1,
  0x80, 0x27, 0xc0, 0x00, 0x39, 0x45, 0x08, 0x7e, 0x08, 0x8b, 0x45, 0x08,
  0xa3, 0x80, 0x27, 0xc0, 0x00, 0xc9, 0xc3, 0x90, 0x55, 0x89, 0xe5, 0x83,
  0x25, 0x7c, 0x27, 0xc0, 0x00, 0x00, 0xc7, 0x05, 0x80, 0x27, 0xc0, 0x00,
  0x18, 0x00, 0x00, 0x00, 0xc9, 0xc3, 0x66, 0x90, 0x55, 0x89, 0xe5, 0x83,
  0x7d, 0x08, 0x00, 0x7c, 0x18, 0x81, 0x7d, 0x08, 0x20, 0x03, 0x00, 0x00,
  0x7d, 0x0f, 0x83, 0x7d, 0x0c, 0x00, 0x7c, 0x09, 0x81, 0x7d, 0x0c, 0x22,
  0x02, 0x00, 0x00, 0x7c, 0x02, 0xeb, 0x17, 0xba, 0xa0, 0x27, 0xc0, 0x00,
  0x8b, 0x45, 0x0c, 0x69, 0xc0, 0x20, 0x03, 0x00, 0x00, 0x03, 0x45, 0x08,
  0x8b, 0x4d, 0x10, 0x89, 0x0c, 0x82, 0xc9, 0xc3, 0xc8, 0x20, 0x00, 0x00,
  0x83, 0x7d, 0x08, 0x00, 0x7e, 0x08, 0x8b, 0x45, 0x08, 0x89, 0x45, 0xf8,
  0xeb, 0x04, 0x83, 0x65, 0xf8, 0x00, 0x8b, 0x45, 0xf8, 0x89, 0x45, 0xfc,
  0x83, 0x7d, 0x0c, 0x00, 0x7e, 0x08, 0x8b, 0x45, 0x0c, 0x89, 0x45, 0xf0,
  0xeb, 0x04, 0x83, 0x65, 0xf0, 0x00, 0x8b, 0x45, 0xf0, 0x89, 0x45, 0xf4,
  0x8b, 0x45, 0x08, 0x03, 0x45, 0x10, 0x89, 0x45, 0xec, 0x8b, 0x45, 0x0c,
  0x03, 0x45, 0x14, 0x89, 0x45, 0xe8, 0x81, 0x7d, 0xec, 0x20, 0x03, 0x00,
  0x00, 0x7e, 0x07, 0xc7, 0x45, 0xec, 0x20, 0x03, 0x00, 0x00, 0x81, 0x7d,
  0xe8, 0x22, 0x02, 0x00, 0x00, 0x7e, 0x07, 0xc7, 0x45, 0xe8, 0x22, 0x02,
  0x00, 0x00, 0x8b, 0x45, 0xf4, 0x89, 0x45, 0xe4, 0x8b, 0x45, 0xe8, 0x39,
  0x45, 0xe4, 0x7d, 0x34, 0xff, 0x75, 0x18, 0x8b, 0x45, 0xec, 0x2b, 0x45,
  0xfc, 0x50, 0xb8, 0xa0, 0x27, 0xc0, 0x00, 0x8b, 0x55, 0xe4, 0x69, 0xd2,
  0x20, 0x03, 0x00, 0x00, 0x03, 0x55, 0xfc, 0xc1, 0xe2, 0x02, 0x01, 0xd0,
  0x50, 0xe8, 0x12, 0x00, 0x00, 0x00, 0x83, 0xc4, 0x0c, 0x8b, 0x45, 0xe4,
  0x89, 0x45, 0xe0, 0xff, 0x45, 0xe4, 0xeb, 0xc4, 0xc9, 0xc3, 0x66, 0x90,
  0x55, 0x89, 0xe5, 0x89, 0xfa, 0x8b, 0x45, 0x10, 0x8b, 0x4d, 0x0c, 0x8b,
  0x7d, 0x08, 0xfc, 0xf3, 0xab, 0x89, 0xd7, 0xc9, 0xc3, 0x8d, 0x76, 0x00,
  0xc8, 0x18, 0x00, 0x00, 0x0f, 0xbe, 0x45, 0x10, 0x83, 0xf8, 0x20, 0x7c,
  0x09, 0x0f, 0xbe, 0x45, 0x10, 0x83, 0xf8, 0x7e, 0x7e, 0x04, 0xc6, 0x45,
  0x10, 0x3f, 0xb8, 0x8e, 0x1f, 0xc0, 0x00, 0x0f, 0xbe, 0x55, 0x10, 0x83,
  0xea, 0x20, 0xc1, 0xe2, 0x04, 0x01, 0xd0, 0x89, 0x45, 0xfc, 0x83, 0x65,
  0xf8, 0x00, 0x83, 0x7d, 0xf8, 0x10, 0x7d, 0x63, 0x8b, 0x45, 0xfc, 0x03,
  0x45, 0xf8, 0x8a, 0x00, 0x88, 0x45, 0xf3, 0x0f, 0xb6, 0x45, 0xf3, 0x83,
  0xf8, 0x00, 0x75, 0x02, 0xeb, 0x42, 0x83, 0x65, 0xec, 0x00, 0x83, 0x7d,
  0xec, 0x08, 0x7d, 0x38, 0x8b, 0x45, 0xec, 0x88, 0xc1, 0xb8, 0x80, 0x00,
  0x00, 0x00, 0xd3, 0xf8, 0x0f, 0xb6, 0x55, 0xf3, 0x21, 0xc2, 0x74, 0x19,
  0xff, 0x75, 0x14, 0x8b, 0x45, 0x0c, 0x03, 0x45, 0xf8, 0x50, 0x8b, 0x45,
  0x08, 0x03, 0x45, 0xec, 0x50, 0xe8, 0x7e, 0xfe, 0xff, 0xff, 0x83, 0xc4,
  0x0c, 0x8b, 0x45, 0xec, 0x89, 0x45, 0xe8, 0xff, 0x45, 0xec, 0xeb, 0xc2,
  0x8b, 0x45, 0xf8, 0x89, 0x45, 0xf4, 0xff, 0x45, 0xf8, 0xeb, 0x97, 0xc9,
  0xc3, 0x8d, 0x76, 0x00, 0xc8, 0x08, 0x00, 0x00, 0x0f, 0xb6, 0x45, 0x08,
  0x89, 0x45, 0xfc, 0xeb, 0x1b, 0xc7, 0x45, 0xf8, 0x60, 0xe0, 0x00, 0x00,
  0xeb, 0x20, 0xc7, 0x45, 0xf8, 0xe0, 0x40, 0x00, 0x00, 0xeb, 0x17, 0xc7,
  0x45, 0xf8, 0xd8, 0xd8, 0xd8, 0x00, 0xeb, 0x0e, 0x83, 0x7d, 0xfc, 0x01,
  0x74, 0xdf, 0x83, 0x7d, 0xfc, 0x02, 0x74, 0xe2, 0xeb, 0xe9, 0x8b, 0x45,
  0xf8, 0xc9, 0xc3, 0x90, 0xc8, 0x10, 0x00, 0x00, 0x83, 0x65, 0xfc, 0x00,
  0x81, 0x7d, 0xfc, 0x0d, 0x02, 0x00, 0x00, 0x7d, 0x55, 0x83, 0x65, 0xf4,
  0x00, 0x83, 0x7d, 0xf4, 0x50, 0x7d, 0x40, 0xb8, 0xa0, 0xd0, 0xda, 0x00,
  0x8b, 0x55, 0xfc, 0x69, 0xd2, 0xa0, 0x00, 0x00, 0x00, 0x01, 0xd0, 0x8b,
  0x55, 0xf4, 0xd1, 0xe2, 0x01, 0xd0, 0xc6, 0x00, 0x20, 0xb8, 0xa0, 0xd0,
  0xda, 0x00, 0x8b, 0x55, 0xfc, 0x69, 0xd2, 0xa0, 0x00, 0x00, 0x00, 0x01,
  0xd0, 0x8b, 0x55, 0xf4, 0xd1, 0xe2, 0x01, 0xd0, 0xc6, 0x40, 0x01, 0x00,
  0x8b, 0x45, 0xf4, 0x89, 0x45, 0xf0, 0xff, 0x45, 0xf4, 0xeb, 0xba, 0x8b,
  0x45, 0xfc, 0x89, 0x45, 0xf8, 0xff, 0x45, 0xfc, 0xeb, 0xa2, 0xc7, 0x05,
  0x6c, 0x27, 0xc0, 0x00, 0xf4, 0x01, 0x00, 0x00, 0x83, 0x25, 0x70, 0x27,
  0xc0, 0x00, 0x00, 0x83, 0x25, 0x74, 0x27, 0xc0, 0x00, 0x00, 0x83, 0x25,
  0x78, 0x27, 0xc0, 0x00, 0x00, 0xc9, 0xc3, 0x90, 0xc8, 0x10, 0x00, 0x00,
  0x83, 0x3d, 0x6c, 0x27, 0xc0, 0x00, 0x00, 0x7f, 0x02, 0xeb, 0x77, 0x83,
  0x65, 0xfc, 0x00, 0x83, 0x7d, 0xfc, 0x50, 0x7d, 0x48, 0xb8, 0xa0, 0xd0,
  0xda, 0x00, 0x8b, 0x15, 0x6c, 0x27, 0xc0, 0x00, 0x4a, 0x69, 0xd2, 0xa0,
  0x00, 0x00, 0x00, 0x01, 0xd0, 0x8b, 0x55, 0xfc, 0xd1, 0xe2, 0x01, 0xd0,
  0xc6, 0x00, 0x20, 0xb8, 0xa0, 0xd0, 0xda, 0x00, 0x8b, 0x15, 0x6c, 0x27,
  0xc0, 0x00, 0x4a, 0x69, 0xd2, 0xa0, 0x00, 0x00, 0x00, 0x01, 0xd0, 0x8b,
  0x55, 0xfc, 0xd1, 0xe2, 0x01, 0xd0, 0xc6, 0x40, 0x01, 0x00, 0x8b, 0x45,
  0xfc, 0x89, 0x45, 0xf8, 0xff, 0x45, 0xfc, 0xeb, 0xb2, 0xa1, 0x6c, 0x27,
  0xc0, 0x00, 0x89, 0x45, 0xf4, 0xff, 0x0d, 0x6c, 0x27, 0xc0, 0x00, 0x83,
  0x3d, 0x70, 0x27, 0xc0, 0x00, 0x00, 0x7e, 0x0e, 0xa1, 0x70, 0x27, 0xc0,
  0x00, 0x89, 0x45, 0xf0, 0xff, 0x0d, 0x70, 0x27, 0xc0, 0x00, 0xc9, 0xc3,
  0xc8, 0x08, 0x00, 0x00, 0x83, 0x25, 0x74, 0x27, 0xc0, 0x00, 0x00, 0x83,
  0x3d, 0x70, 0x27, 0xc0, 0x00, 0x18, 0x7d, 0x2f, 0xff, 0x35, 0x70, 0x27,
  0xc0, 0x00, 0xe8, 0x99, 0xfc, 0xff, 0xff, 0x83, 0xc4, 0x04, 0xa1, 0x70,
  0x27, 0xc0, 0x00, 0x89, 0x45, 0xfc, 0xff, 0x05, 0x70, 0x27, 0xc0, 0x00,
  0xff, 0x35, 0x70, 0x27, 0xc0, 0x00, 0xe8, 0x7d, 0xfc, 0xff, 0xff, 0x83,
  0xc4, 0x04, 0xe9, 0xbe, 0x00, 0x00, 0x00, 0x83, 0x3d, 0x6c, 0x27, 0xc0,
  0x00, 0x00, 0x7e, 0x10, 0xa1, 0x6c, 0x27, 0xc0, 0x00, 0x89, 0x45, 0xfc,
  0xff, 0x0d, 0x6c, 0x27, 0xc0, 0x00, 0xeb, 0x4a, 0x68, 0x80, 0x47, 0x01,
  0x00, 0x68, 0x40, 0xd1, 0xda, 0x00, 0x68, 0xa0, 0xd0, 0xda, 0x00, 0xe8,
  0x94, 0x00, 0x00, 0x00, 0x83, 0xc4, 0x0c, 0x83, 0x65, 0xfc, 0x00, 0x83,
  0x7d, 0xfc, 0x50, 0x7d, 0x29, 0xb8, 0x20, 0x18, 0xdc, 0x00, 0x8b, 0x55,
  0xfc, 0xd1, 0xe2, 0x01, 0xd0, 0xc6, 0x00, 0x20, 0xb8, 0x21, 0x18, 0xdc,
  0x00, 0x8b, 0x55, 0xfc, 0xd1, 0xe2, 0x01, 0xd0, 0xc6, 0x00, 0x00, 0x8b,
  0x45, 0xfc, 0x89, 0x45, 0xf8, 0xff, 0x45, 0xfc, 0xeb, 0xd1, 0x83, 0x65,
  0xfc, 0x00, 0x83, 0x7d, 0xfc, 0x50, 0x7d, 0x4c, 0xb8, 0xa0, 0xd0, 0xda,
  0x00, 0x8b, 0x15, 0x6c, 0x27, 0xc0, 0x00, 0x83, 0xc2, 0x18, 0x69, 0xd2,
  0xa0, 0x00, 0x00, 0x00, 0x01, 0xd0, 0x8b, 0x55, 0xfc, 0xd1, 0xe2, 0x01,
  0xd0, 0xc6, 0x00, 0x20, 0xb8, 0xa0, 0xd0, 0xda, 0x00, 0x8b, 0x15, 0x6c,
  0x27, 0xc0, 0x00, 0x83, 0xc2, 0x18, 0x69, 0xd2, 0xa0, 0x00, 0x00, 0x00,
  0x01, 0xd0, 0x8b, 0x55, 0xfc, 0xd1, 0xe2, 0x01, 0xd0, 0xc6, 0x40, 0x01,
  0x00, 0x8b, 0x45, 0xfc, 0x89, 0x45, 0xf8, 0xff, 0x45, 0xfc, 0xeb, 0xae,
  0xe8, 0xfb, 0xfb, 0xff, 0xff, 0xc9, 0xc3, 0x90, 0xc8, 0x18, 0x00, 0x00,
  0x8b, 0x45, 0x08, 0x89, 0x45, 0xfc, 0x8b, 0x45, 0x0c, 0x89, 0x45, 0xf8,
  0x83, 0x7d, 0x10, 0x00, 0x74, 0x08, 0x8b, 0x45, 0xf8, 0x39, 0x45, 0xfc,
  0x75, 0x0b, 0x8b, 0x45, 0x08, 0x89, 0x45, 0xe8, 0xe9, 0x1d, 0x01, 0x00,
  0x00, 0x8b, 0x55, 0xfc, 0x8b, 0x45, 0xf8, 0x39, 0xc2, 0x76, 0x11, 0x8b,
  0x55, 0xfc, 0x8b, 0x45, 0xf8, 0x03, 0x45, 0x10, 0x39, 0xc2, 0x0f, 0x82,
  0x82, 0x00, 0x00, 0x00, 0x8b, 0x45, 0xfc, 0x83, 0xe0, 0x03, 0x74, 0x2d,
  0x83, 0x7d, 0x10, 0x00, 0x74, 0x27, 0x8b, 0x45, 0xfc, 0x89, 0x45, 0xf4,
  0xff, 0x45, 0xfc, 0x8b, 0x45, 0xf8, 0x89, 0x45, 0xf0, 0xff, 0x45, 0xf8,
  0x8b, 0x45, 0xf0, 0x8a, 0x00, 0x8b, 0x55, 0xf4, 0x88, 0x02, 0x8b, 0x45,
  0x10, 0x89, 0x45, 0xec, 0xff, 0x4d, 0x10, 0xeb, 0xcb, 0x83, 0x7d, 0x10,
  0x04, 0x72, 0x18, 0x8b, 0x45, 0xf8, 0x8b, 0x00, 0x8b, 0x55, 0xfc, 0x89,
  0x02, 0x83, 0x45, 0xfc, 0x04, 0x83, 0x45, 0xf8, 0x04, 0x83, 0x6d, 0x10,
  0x04, 0xeb, 0xe2, 0x83, 0x7d, 0x10, 0x00, 0x74, 0x27, 0x8b, 0x45, 0xfc,
  0x89, 0x45, 0xf4, 0xff, 0x45, 0xfc, 0x8b, 0x45, 0xf8, 0x89, 0x45, 0xf0,
  0xff, 0x45, 0xf8, 0x8b, 0x45, 0xf0, 0x8a, 0x00, 0x8b, 0x55, 0xf4, 0x88,
  0x02, 0x8b, 0x45, 0x10, 0x89, 0x45, 0xec, 0xff, 0x4d, 0x10, 0xeb, 0xd3,
  0xeb, 0x78, 0x8b, 0x45, 0x10, 0x01, 0x45, 0xfc, 0x8b, 0x45, 0x10, 0x01,
  0x45, 0xf8, 0x83, 0x7d, 0x10, 0x00, 0x74, 0x25, 0x8b, 0x45, 0xfc, 0x83,
  0xe0, 0x03, 0x74, 0x1d, 0x8b, 0x45, 0xf8, 0x48, 0x89, 0x45, 0xf8, 0x8a,
  0x00, 0x8b, 0x55, 0xfc, 0x4a, 0x89, 0x55, 0xfc, 0x88, 0x02, 0x8b, 0x45,
  0x10, 0x89, 0x45, 0xf4, 0xff, 0x4d, 0x10, 0xeb, 0xd5, 0x83, 0x7d, 0x10,
  0x04, 0x72, 0x18, 0x83, 0x6d, 0xfc, 0x04, 0x83, 0x6d, 0xf8, 0x04, 0x8b,
  0x45, 0xf8, 0x8b, 0x00, 0x8b, 0x55, 0xfc, 0x89, 0x02, 0x83, 0x6d, 0x10,
  0x04, 0xeb, 0xe2, 0x83, 0x7d, 0x10, 0x00, 0x74, 0x1d, 0x8b, 0x45, 0xf8,
  0x48, 0x89, 0x45, 0xf8, 0x8a, 0x00, 0x8b, 0x55, 0xfc, 0x4a, 0x89, 0x55,
  0xfc, 0x88, 0x02, 0x8b, 0x45, 0x10, 0x89, 0x45, 0xf4, 0xff, 0x4d, 0x10,
  0xeb, 0xdd, 0x8b, 0x45, 0x08, 0x89, 0x45, 0xe8, 0xeb, 0x00, 0x8b, 0x45,
  0xe8, 0xc9, 0xc3, 0x90, 0xc8, 0x0c, 0x00, 0x00, 0x0f, 0xbe, 0x45, 0x08,
  0x83, 0xf8, 0x0a, 0x75, 0x0a, 0xe8, 0x9e, 0xfd, 0xff, 0xff, 0xe9, 0x95,
  0x01, 0x00, 0x00, 0x0f, 0xbe, 0x45, 0x08, 0x83, 0xf8, 0x0d, 0x75, 0x0c,
  0x83, 0x25, 0x74, 0x27, 0xc0, 0x00, 0x00, 0xe9, 0x80, 0x01, 0x00, 0x00,
  0x0f, 0xbe, 0x45, 0x08, 0x83, 0xf8, 0x08, 0x75, 0x77, 0x83, 0x3d, 0x74,
  0x27, 0xc0, 0x00, 0x00, 0x7e, 0x0e, 0xa1, 0x74, 0x27, 0xc0, 0x00, 0x89,
  0x45, 0xfc, 0xff, 0x0d, 0x74, 0x27, 0xc0, 0x00, 0xb8, 0xa0, 0xd0, 0xda,
  0x00, 0x8b, 0x15, 0x6c, 0x27, 0xc0, 0x00, 0x03, 0x15, 0x70, 0x27, 0xc0,
  0x00, 0x69, 0xd2, 0xa0, 0x00, 0x00, 0x00, 0x01, 0xd0, 0x8b, 0x15, 0x74,
  0x27, 0xc0, 0x00, 0xd1, 0xe2, 0x01, 0xd0, 0xc6, 0x00, 0x20, 0xb8, 0xa0,
  0xd0, 0xda, 0x00, 0x8b, 0x15, 0x6c, 0x27, 0xc0, 0x00, 0x03, 0x15, 0x70,
  0x27, 0xc0, 0x00, 0x69, 0xd2, 0xa0, 0x00, 0x00, 0x00, 0x01, 0xd0, 0x8b,
  0x15, 0x74, 0x27, 0xc0, 0x00, 0xd1, 0xe2, 0x01, 0xd0, 0xc6, 0x40, 0x01,
  0x00, 0xff, 0x35, 0x70, 0x27, 0xc0, 0x00, 0xe8, 0xc4, 0xf9, 0xff, 0xff,
  0x83, 0xc4, 0x04, 0xe9, 0x00, 0x01, 0x00, 0x00, 0x0f, 0xbe, 0x45, 0x08,
  0x83, 0xf8, 0x09, 0x75, 0x75, 0xa1, 0x74, 0x27, 0xc0, 0x00, 0xb9, 0x08,
  0x00, 0x00, 0x00, 0x99, 0xf7, 0xf9, 0xb8, 0x08, 0x00, 0x00, 0x00, 0x29,
  0xd0, 0x89, 0x45, 0xfc, 0x8b, 0x45, 0xfc, 0x89, 0x45, 0xf8, 0xff, 0x4d,
  0xfc, 0x83, 0x7d, 0xf8, 0x00, 0x7e, 0x3c, 0x83, 0x3d, 0x74, 0x27, 0xc0,
  0x00, 0x50, 0x7d, 0x33, 0xa1, 0x74, 0x27, 0xc0, 0x00, 0x89, 0x45, 0xf4,
  0xff, 0x05, 0x74, 0x27, 0xc0, 0x00, 0xb8, 0xa0, 0xd0, 0xda, 0x00, 0x8b,
  0x15, 0x6c, 0x27, 0xc0, 0x00, 0x03, 0x15, 0x70, 0x27, 0xc0, 0x00, 0x69,
  0xd2, 0xa0, 0x00, 0x00, 0x00, 0x01, 0xd0, 0x8b, 0x55, 0xf4, 0xd1, 0xe2,
  0x01, 0xd0, 0xc6, 0x00, 0x20, 0xeb, 0xb5, 0xff, 0x35, 0x70, 0x27, 0xc0,
  0x00, 0xe8, 0x46, 0xf9, 0xff, 0xff, 0x83, 0xc4, 0x04, 0xe9, 0x82, 0x00,
  0x00, 0x00, 0x0f, 0xbe, 0x45, 0x08, 0x83, 0xf8, 0x20, 0x7d, 0x02, 0xeb,
  0x77, 0x83, 0x3d, 0x74, 0x27, 0xc0, 0x00, 0x50, 0x7c, 0x05, 0xe8, 0x6d,
  0xfc, 0xff, 0xff, 0xba, 0xa0, 0xd0, 0xda, 0x00, 0xa1, 0x6c, 0x27, 0xc0,
  0x00, 0x03, 0x05, 0x70, 0x27, 0xc0, 0x00, 0x69, 0xc0, 0xa0, 0x00, 0x00,
  0x00, 0x01, 0xc2, 0xa1, 0x74, 0x27, 0xc0, 0x00, 0xd1, 0xe0, 0x01, 0xc2,
  0x8a, 0x45, 0x08, 0x88, 0x02, 0xba, 0xa0, 0xd0, 0xda, 0x00, 0xa1, 0x6c,
  0x27, 0xc0, 0x00, 0x03, 0x05, 0x70, 0x27, 0xc0, 0x00, 0x69, 0xc0, 0xa0,
  0x00, 0x00, 0x00, 0x01, 0xc2, 0xa1, 0x74, 0x27, 0xc0, 0x00, 0xd1, 0xe0,
  0x01, 0xc2, 0x8a, 0x45, 0x0c, 0x88, 0x42, 0x01, 0xa1, 0x74, 0x27, 0xc0,
  0x00, 0x89, 0x45, 0xfc, 0xff, 0x05, 0x74, 0x27, 0xc0, 0x00, 0xff, 0x35,
  0x70, 0x27, 0xc0, 0x00, 0xe8, 0xbf, 0xf8, 0xff, 0xff, 0x83, 0xc4, 0x04,
  0xc9, 0xc3, 0x66, 0x90, 0x55, 0x89, 0xe5, 0x83, 0x3d, 0x90, 0x27, 0xc0,
  0x00, 0x01, 0x75, 0x1e, 0x0f, 0xbe, 0x45, 0x08, 0x83, 0xf8, 0x5b, 0x75,
  0x0c, 0xc7, 0x05, 0x90, 0x27, 0xc0, 0x00, 0x02, 0x00, 0x00, 0x00, 0xeb,
  0x54, 0x83, 0x25, 0x90, 0x27, 0xc0, 0x00, 0x00, 0xeb, 0x4b, 0x83, 0x3d,
  0x90, 0x27, 0xc0, 0x00, 0x02, 0x75, 0x1b, 0x0f, 0xbe, 0x45, 0x08, 0x83,
  0xf8, 0x6d, 0x74, 0x09, 0x0f, 0xbe, 0x45, 0x08, 0x83, 0xf8, 0x20, 0x7d,
  0x07, 0x83, 0x25, 0x90, 0x27, 0xc0, 0x00, 0x00, 0xeb, 0x27, 0x0f, 0xbe,
  0x45, 0x08, 0x83, 0xf8, 0x1b, 0x75, 0x0c, 0xc7, 0x05, 0x90, 0x27, 0xc0,
  0x00, 0x01, 0x00, 0x00, 0x00, 0xeb, 0x12, 0x0f, 0xb6, 0x55, 0x0c, 0x52,
  0x0f, 0xbe, 0x55, 0x08, 0x52, 0xe8, 0xde, 0xfd, 0xff, 0xff, 0x83, 0xc4,
  0x08, 0xc9, 0xc3, 0x90, 0xc8, 0x04, 0x00, 0x00, 0x8b, 0x45, 0x08, 0x0f,
  0xbe, 0x00, 0x83, 0xf8, 0x00, 0x74, 0x1c, 0x8b, 0x45, 0x08, 0x89, 0x45,
  0xfc, 0xff, 0x45, 0x08, 0x6a, 0x02, 0x8b, 0x45, 0xfc, 0x0f, 0xbe, 0x10,
  0x52, 0xe8, 0xb2, 0xfd, 0xff, 0xff, 0x83, 0xc4, 0x08, 0xeb, 0xd9, 0xc9,
  0xc3, 0x8d, 0x76, 0x00, 0xc8, 0x10, 0x00, 0x00, 0x8d, 0x55, 0xf8, 0x52,
  0xe8, 0x8f, 0xef, 0xff, 0xff, 0x83, 0xc4, 0x04, 0x83, 0xf8, 0x00, 0x74,
  0x12, 0x68, 0x2a, 0x26, 0xc0, 0x00, 0xe8, 0xb1, 0xff, 0xff, 0xff, 0x83,
  0xc4, 0x04, 0xe9, 0x9d, 0x00, 0x00, 0x00, 0xe8, 0x14, 0xf0, 0xff, 0xff,
  0x89, 0x45, 0xf4, 0x83, 0x7d, 0xf4, 0x00, 0x7d, 0x25, 0xff, 0x75, 0xf8,
  0xe8, 0xdf, 0xed, 0xff, 0xff, 0x83, 0xc4, 0x04, 0xff, 0x75, 0xfc, 0xe8,
  0xd4, 0xed, 0xff, 0xff, 0x83, 0xc4, 0x04, 0x68, 0x1d, 0x26, 0xc0, 0x00,
  0xe8, 0x7b, 0xff, 0xff, 0xff, 0x83, 0xc4, 0x04, 0xeb, 0x6a, 0x83, 0x7d,
  0xf4, 0x00, 0x75, 0x4c, 0x6a, 0x00, 0xff, 0x75, 0xf8, 0xe8, 0x4e, 0xef,
  0xff, 0xff, 0x83, 0xc4, 0x08, 0x6a, 0x01, 0xff, 0x75, 0xfc, 0xe8, 0x41,
  0xef, 0xff, 0xff, 0x83, 0xc4, 0x08, 0xff, 0x75, 0xf8, 0xe8, 0x9a, 0xed,
  0xff, 0xff, 0x83, 0xc4, 0x04, 0xff, 0x75, 0xfc, 0xe8, 0x8f, 0xed, 0xff,
  0xff, 0x83, 0xc4, 0x04, 0x6a, 0x00, 0x68, 0x12, 0x26, 0xc0, 0x00, 0xe8,
  0x2c, 0x00, 0x00, 0x00, 0x83, 0xc4, 0x08, 0x89, 0x45, 0xf0, 0x6a, 0x7f,
  0xe8, 0x3f, 0x00, 0x00, 0x00, 0x83, 0xc4, 0x04, 0x8b, 0x45, 0xfc, 0xa3,
  0x88, 0x27, 0xc0, 0x00, 0x8b, 0x45, 0xf8, 0xa3, 0x8c, 0x27, 0xc0, 0x00,
  0x8b, 0x45, 0xf4, 0xa3, 0x84, 0x27, 0xc0, 0x00, 0xc9, 0xc3, 0x66, 0x90,
  0xc8, 0x04, 0x00, 0x00, 0x8b, 0x55, 0x08, 0x52, 0x68, 0x02, 0x00, 0x00,
  0x4d, 0xe8, 0x2e, 0x00, 0x00, 0x00, 0x83, 0xc4, 0x08, 0x89, 0x45, 0xfc,
  0xeb, 0x00, 0x8b, 0x45, 0xfc, 0xc9, 0xc3, 0x90, 0xc8, 0x04, 0x00, 0x00,
  0xff, 0x75, 0x08, 0x68, 0x01, 0x00, 0x00, 0x4d, 0xe8, 0x0f, 0x00, 0x00,
  0x00, 0x83, 0xc4, 0x08, 0x89, 0x45, 0xfc, 0xeb, 0x00, 0x8b, 0x45, 0xfc,
  0xc9, 0xc3, 0x66, 0x90, 0xc8, 0x08, 0x00, 0x00, 0x89, 0xda, 0x8b, 0x5d,
  0x0c, 0x8b, 0x45, 0x08, 0xcd, 0x4d, 0x89, 0x45, 0xfc, 0x8b, 0x45, 0xfc,
  0x89, 0x45, 0xf8, 0xeb, 0x00, 0x8b, 0x45, 0xf8, 0x89, 0xd3, 0xc9, 0xc3,
  0xc8, 0x94, 0x00, 0x00, 0x83, 0x3d, 0x8c, 0x27, 0xc0, 0x00, 0x00, 0x7d,
  0x0c, 0x83, 0xa5, 0x6c, 0xff, 0xff, 0xff, 0x00, 0xe9, 0x9c, 0x00, 0x00,
  0x00, 0x83, 0xa5, 0x7c, 0xff, 0xff, 0xff, 0x00, 0x68, 0x80, 0x00, 0x00,
  0x00, 0x8d, 0x55, 0x80, 0x52, 0xff, 0x35, 0x8c, 0x27, 0xc0, 0x00, 0xe8,
  0xfc, 0xec, 0xff, 0xff, 0x83, 0xc4, 0x0c, 0x89, 0x85, 0x78, 0xff, 0xff,
  0xff, 0x83, 0xbd, 0x78, 0xff, 0xff, 0xff, 0x00, 0x7f, 0x02, 0xeb, 0x5f,
  0x83, 0xa5, 0x74, 0xff, 0xff, 0xff, 0x00, 0x8b, 0x85, 0x78, 0xff, 0xff,
  0xff, 0x39, 0x85, 0x74, 0xff, 0xff, 0xff, 0x7d, 0x2b, 0x6a, 0x00, 0x8d,
  0x45, 0x80, 0x03, 0x85, 0x74, 0xff, 0xff, 0xff, 0x0f, 0xbe, 0x10, 0x52,
  0xe8, 0xbf, 0xfd, 0xff, 0xff, 0x83, 0xc4, 0x08, 0x8b, 0x85, 0x74, 0xff,
  0xff, 0xff, 0x89, 0x85, 0x70, 0xff, 0xff, 0xff, 0xff, 0x85, 0x74, 0xff,
  0xff, 0xff, 0xeb, 0xc7, 0x8b, 0x85, 0x78, 0xff, 0xff, 0xff, 0x01, 0x85,
  0x7c, 0xff, 0xff, 0xff, 0x81, 0xbd, 0x78, 0xff, 0xff, 0xff, 0x80, 0x00,
  0x00, 0x00, 0x7d, 0x02, 0xeb, 0x05, 0xe9, 0x79, 0xff, 0xff, 0xff, 0x8b,
  0x85, 0x7c, 0xff, 0xff, 0xff, 0x89, 0x85, 0x6c, 0xff, 0xff, 0xff, 0xeb,
  0x00, 0x8b, 0x85, 0x6c, 0xff, 0xff, 0xff, 0xc9, 0xc3, 0x8d, 0x76, 0x00,
  0xc8, 0x60, 0x00, 0x00, 0x89, 0x5d, 0xa4, 0x89, 0x75, 0xa0, 0x89, 0xfb,
  0x68, 0x60, 0x30, 0x30, 0x00, 0x6a, 0x12, 0x68, 0x20, 0x03, 0x00, 0x00,
  0x6a, 0x00, 0x6a, 0x00, 0xe8, 0x9f, 0xf6, 0xff, 0xff, 0x83, 0xc4, 0x14,
  0x68, 0xff, 0xff, 0xff, 0x00, 0x6a, 0x58, 0x6a, 0x04, 0x6a, 0x08, 0xe8,
  0x50, 0xf7, 0xff, 0xff, 0x83, 0xc4, 0x10, 0x68, 0xff, 0xff, 0xff, 0x00,
  0x6a, 0x2d, 0x6a, 0x04, 0x6a, 0x16, 0xe8, 0x3d, 0xf7, 0xff, 0xff, 0x83,
  0xc4, 0x10, 0x68, 0xff, 0xff, 0xff, 0x00, 0x6a, 0x2b, 0x6a, 0x04, 0x6a,
  0x24, 0xe8, 0x2a, 0xf7, 0xff, 0xff, 0x83, 0xc4, 0x10, 0xc7, 0x45, 0xfc,
  0x0d, 0x26, 0xc0, 0x00, 0x83, 0x65, 0xf8, 0x00, 0x8b, 0x45, 0xfc, 0x03,
  0x45, 0xf8, 0x0f, 0xbe, 0x00, 0x83, 0xf8, 0x00, 0x74, 0x2e, 0x68, 0xc0,
  0xc0, 0xc0, 0x00, 0x8b, 0x45, 0xfc, 0x03, 0x45, 0xf8, 0x0f, 0xbe, 0x10,
  0x52, 0x6a, 0x04, 0x8b, 0x45, 0xf8, 0xc1, 0xe0, 0x03, 0x83, 0xc0, 0x38,
  0x50, 0xe8, 0xee, 0xf6, 0xff, 0xff, 0x83, 0xc4, 0x10, 0x8b, 0x45, 0xf8,
  0x89, 0x45, 0xf4, 0xff, 0x45, 0xf8, 0xeb, 0xc4, 0x68, 0x18, 0x10, 0x10,
  0x00, 0x68, 0x10, 0x02, 0x00, 0x00, 0x68, 0x20, 0x03, 0x00, 0x00, 0x6a,
  0x12, 0x6a, 0x00, 0xe8, 0x04, 0xf6, 0xff, 0xff, 0x83, 0xc4, 0x14, 0xa1,
  0x6c, 0x27, 0xc0, 0x00, 0x03, 0x05, 0x78, 0x27, 0xc0, 0x00, 0x89, 0x45,
  0xf0, 0x83, 0x65, 0xec, 0x00, 0x83, 0x7d, 0xec, 0x19, 0x0f, 0x8d, 0x90,
  0x00, 0x00, 0x00, 0x8b, 0x45, 0xf0, 0x03, 0x45, 0xec, 0x89, 0x45, 0xe4,
  0x8b, 0x45, 0xec, 0xc1, 0xe0, 0x04, 0x83, 0xc0, 0x18, 0x89, 0x45, 0xe0,
  0x83, 0x65, 0xdc, 0x00, 0x83, 0x7d, 0xdc, 0x50, 0x7d, 0x63, 0xbe, 0xa0,
  0xd0, 0xda, 0x00, 0x8b, 0x45, 0xe4, 0x69, 0xc0, 0xa0, 0x00, 0x00, 0x00,
  0x01, 0xc6, 0x8b, 0x45, 0xdc, 0xd1, 0xe0, 0x01, 0xc6, 0x8d, 0x7d, 0xd6,
  0x66, 0xa5, 0x89, 0xf2, 0x0f, 0xbe, 0x45, 0xd6, 0x83, 0xf8, 0x20, 0x75,
  0x02, 0xeb, 0x2f, 0x0f, 0xb6, 0x45, 0xd7, 0x50, 0xe8, 0xf7, 0xf6, 0xff,
  0xff, 0x83, 0xc4, 0x04, 0x89, 0x45, 0xd0, 0x89, 0xe8, 0xff, 0x70, 0xd0,
  0x0f, 0xbe, 0x55, 0xd6, 0x52, 0xff, 0x75, 0xe0, 0x8b, 0x45, 0xdc, 0xc1,
  0xe0, 0x03, 0x83, 0xc0, 0x14, 0x50, 0xe8, 0x35, 0xf6, 0xff, 0xff, 0x83,
  0xc4, 0x10, 0x8b, 0x45, 0xdc, 0x89, 0x45, 0xd8, 0xff, 0x45, 0xdc, 0xeb,
  0x97, 0x8b, 0x45, 0xec, 0x89, 0x45, 0xe8, 0xff, 0x45, 0xec, 0xe9, 0x66,
  0xff, 0xff, 0xff, 0x83, 0x3d, 0x78, 0x27, 0xc0, 0x00, 0x00, 0x0f, 0x8e,
  0xff, 0x00, 0x00, 0x00, 0x83, 0x65, 0xd4, 0x00, 0x8b, 0x45, 0xd4, 0x89,
  0x45, 0xd0, 0xff, 0x45, 0xd4, 0x8d, 0x45, 0xd8, 0x03, 0x45, 0xd0, 0xc6,
  0x00, 0x2d, 0xa1, 0x78, 0x27, 0xc0, 0x00, 0x89, 0x45, 0xcc, 0x83, 0x65,
  0xc0, 0x00, 0x8b, 0x45, 0xc0, 0x89, 0x45, 0xbc, 0xff, 0x45, 0xc0, 0x8b,
  0x45, 0xcc, 0xb9, 0x0a, 0x00, 0x00, 0x00, 0x99, 0xf7, 0xf9, 0x83, 0xc2,
  0x30, 0x8d, 0x45, 0xc4, 0x03, 0x45, 0xbc, 0x88, 0x10, 0x8b, 0x45, 0xcc,
  0xb9, 0x0a, 0x00, 0x00, 0x00, 0x99, 0xf7, 0xf9, 0x89, 0x45, 0xcc, 0x83,
  0x7d, 0xcc, 0x00, 0x75, 0xcd, 0x83, 0x7d, 0xc0, 0x00, 0x74, 0x21, 0x8b,
  0x45, 0xd4, 0x89, 0x45, 0xbc, 0xff, 0x45, 0xd4, 0x8d, 0x45, 0xc4, 0x8b,
  0x55, 0xc0, 0x4a, 0x89, 0x55, 0xc0, 0x01, 0xd0, 0x8a, 0x10, 0x8d, 0x45,
  0xd8, 0x03, 0x45, 0xbc, 0x88, 0x10, 0xeb, 0xd9, 0x8b, 0x45, 0xd4, 0x89,
  0x45, 0xb8, 0xff, 0x45, 0xd4, 0x8d, 0x45, 0xd8, 0x03, 0x45, 0xb8, 0xc6,
  0x00, 0x20, 0x8b, 0x45, 0xd4, 0x89, 0x45, 0xb4, 0xff, 0x45, 0xd4, 0x8d,
  0x45, 0xd8, 0x03, 0x45, 0xb4, 0xc6, 0x00, 0x75, 0x8b, 0x45, 0xd4, 0x89,
  0x45, 0xb0, 0xff, 0x45, 0xd4, 0x8d, 0x45, 0xd8, 0x03, 0x45, 0xb0, 0xc6,
  0x00, 0x70, 0x8d, 0x45, 0xd8, 0x03, 0x45, 0xd4, 0xc6, 0x00, 0x00, 0x83,
  0x65, 0xac, 0x00, 0x8d, 0x45, 0xd8, 0x03, 0x45, 0xac, 0x0f, 0xbe, 0x00,
  0x83, 0xf8, 0x00, 0x74, 0x32, 0x68, 0x60, 0xe0, 0x00, 0x00, 0x8d, 0x45,
  0xd8, 0x03, 0x45, 0xac, 0x0f, 0xbe, 0x10, 0x52, 0x6a, 0x16, 0xb8, 0x18,
  0x03, 0x00, 0x00, 0x8b, 0x55, 0xac, 0xc1, 0xe2, 0x03, 0x29, 0xd0, 0x50,
  0xe8, 0x1b, 0xf5, 0xff, 0xff, 0x83, 0xc4, 0x10, 0x8b, 0x45, 0xac, 0x89,
  0x45, 0xa8, 0xff, 0x45, 0xac, 0xeb, 0xc0, 0x83, 0x3d, 0x78, 0x27, 0xc0,
  0x00, 0x00, 0x75, 0x29, 0x68, 0xd8, 0xd8, 0xd8, 0x00, 0x6a, 0x10, 0x6a,
  0x08, 0xa1, 0x70, 0x27, 0xc0, 0x00, 0xc1, 0xe0, 0x04, 0x83, 0xc0, 0x18,
  0x50, 0xa1, 0x74, 0x27, 0xc0, 0x00, 0xc1, 0xe0, 0x03, 0x83, 0xc0, 0x14,
  0x50, 0xe8, 0x1a, 0xf4, 0xff, 0xff, 0x83, 0xc4, 0x14, 0x89, 0xdf, 0x8b,
  0x5d, 0xa4, 0x8b, 0x75, 0xa0, 0xc9, 0xc3, 0x90, 0x55, 0x89, 0xe5, 0x83,
  0x3d, 0x88, 0x27, 0xc0, 0x00, 0x00, 0x7d, 0x02, 0xeb, 0x14, 0x6a, 0x01,
  0x8d, 0x45, 0x08, 0x50, 0xff, 0x35, 0x88, 0x27, 0xc0, 0x00, 0xe8, 0xe9,
  0xe9, 0xff, 0xff, 0x83, 0xc4, 0x0c, 0xc9, 0xc3, 0xc8, 0x08, 0x00, 0x00,
  0x0f, 0xb6, 0x45, 0x08, 0x83, 0xf8, 0x01, 0x75, 0x4f, 0x81, 0x3d, 0x6c,
  0x27, 0xc0, 0x00, 0xf4, 0x01, 0x00, 0x00, 0x7d, 0x0a, 0xa1, 0x6c, 0x27,
  0xc0, 0x00, 0x89, 0x45, 0xf8, 0xeb, 0x07, 0xc7, 0x45, 0xf8, 0xf4, 0x01,
  0x00, 0x00, 0x8b, 0x45, 0xf8, 0x89, 0x45, 0xfc, 0x8b, 0x45, 0xfc, 0x39,
  0x05, 0x78, 0x27, 0xc0, 0x00, 0x7d, 0x1f, 0x83, 0x05, 0x78, 0x27, 0xc0,
  0x00, 0x19, 0x8b, 0x45, 0xfc, 0x39, 0x05, 0x78, 0x27, 0xc0, 0x00, 0x7e,
  0x08, 0x8b, 0x45, 0xfc, 0xa3, 0x78, 0x27, 0xc0, 0x00, 0xe8, 0x3a, 0xf3,
  0xff, 0xff, 0xeb, 0x57, 0x0f, 0xb6, 0x45, 0x08, 0x83, 0xf8, 0x02, 0x75,
  0x27, 0x83, 0x3d, 0x78, 0x27, 0xc0, 0x00, 0x00, 0x7e, 0x1c, 0x83, 0x2d,
  0x78, 0x27, 0xc0, 0x00, 0x19, 0x83, 0x3d, 0x78, 0x27, 0xc0, 0x00, 0x00,
  0x7d, 0x07, 0x83, 0x25, 0x78, 0x27, 0xc0, 0x00, 0x00, 0xe8, 0x0a, 0xf3,
  0xff, 0xff, 0xeb, 0x27, 0x83, 0x3d, 0x78, 0x27, 0xc0, 0x00, 0x00, 0x74,
  0x11, 0x83, 0x25, 0x78, 0x27, 0xc0, 0x00, 0x00, 0xe8, 0xf3, 0xf2, 0xff,
  0xff, 0xe8, 0x82, 0xfc, 0xff, 0xff, 0x0f, 0xb6, 0x55, 0x08, 0x52, 0xe8,
  0x2c, 0xff, 0xff, 0xff, 0x83, 0xc4, 0x04, 0xc9, 0xc3, 0x8d, 0x76, 0x00,
  0xc8, 0x1d, 0x00, 0x00, 0xe8, 0xbf, 0x04, 0x00, 0x00, 0x89, 0x45, 0xfc,
  0xc7, 0x45, 0xf8, 0x00, 0x00, 0x71, 0x00, 0x8b, 0x45, 0xf8, 0xc7, 0x00,
  0x4d, 0x52, 0x45, 0x54, 0x8b, 0x45, 0xf8, 0x83, 0x60, 0x04, 0x00, 0x8b,
  0x45, 0xf8, 0x83, 0x60, 0x08, 0x00, 0x6a, 0x01, 0x68, 0x18, 0x10, 0x10,
  0x00, 0x68, 0xc8, 0x01, 0x00, 0x00, 0x68, 0xa8, 0x02, 0x00, 0x00, 0x6a,
  0x28, 0x6a, 0x3c, 0x6a, 0x01, 0xff, 0x75, 0xfc, 0xe8, 0xe3, 0x03, 0x00,
  0x00, 0x83, 0xc4, 0x20, 0x83, 0xf8, 0x00, 0x74, 0x17, 0x68, 0xf7, 0x25,
  0xc0, 0x00, 0xe8, 0xfd, 0xed, 0xff, 0xff, 0x83, 0xc4, 0x04, 0x6a, 0x01,
  0xe8, 0x0b, 0xfb, 0xff, 0xff, 0x83, 0xc4, 0x04, 0x83, 0x65, 0xf4, 0x00,
  0xc7, 0x45, 0xf0, 0xff, 0xff, 0xff, 0xff, 0x8b, 0x45, 0xf4, 0x89, 0x45,
  0xec, 0xff, 0x45, 0xf4, 0x81, 0x7d, 0xec, 0x80, 0x84, 0x1e, 0x00, 0x0f,
  0x8d, 0x84, 0x00, 0x00, 0x00, 0xe8, 0x3a, 0xee, 0xff, 0xff, 0x83, 0x65,
  0xe8, 0x00, 0x83, 0x7d, 0xe8, 0x10, 0x7d, 0x68, 0x8b, 0x45, 0xfc, 0x83,
  0xc0, 0x20, 0x8b, 0x55, 0xe8, 0x6b, 0xd2, 0x30, 0x01, 0xd0, 0x83, 0x38,
  0x00, 0x74, 0x4a, 0x8b, 0x45, 0xfc, 0x83, 0xc0, 0x20, 0x8b, 0x55, 0xe8,
  0x6b, 0xd2, 0x30, 0x01, 0xd0, 0x83, 0x78, 0x14, 0x00, 0x75, 0x36, 0x8b,
  0x45, 0xfc, 0x83, 0xc0, 0x20, 0x8b, 0x55, 0xe8, 0x6b, 0xd2, 0x30, 0x01,
  0xd0, 0x81, 0x78, 0x0c, 0xa8, 0x02, 0x00, 0x00, 0x75, 0x1f, 0x8b, 0x45,
  0xfc, 0x83, 0xc0, 0x20, 0x8b, 0x55, 0xe8, 0x6b, 0xd2, 0x30, 0x01, 0xd0,
  0x81, 0x78, 0x10, 0xc8, 0x01, 0x00, 0x00, 0x75, 0x08, 0x8b, 0x45, 0xe8,
  0x89, 0x45, 0xf0, 0xeb, 0x0b, 0x8b, 0x45, 0xe8, 0x89, 0x45, 0xe4, 0xff,
  0x45, 0xe8, 0xeb, 0x92, 0x83, 0x7d, 0xf0, 0x00, 0x7c, 0x02, 0xeb, 0x05,
  0xe9, 0x66, 0xff, 0xff, 0xff, 0x83, 0x7d, 0xf0, 0x00, 0x7d, 0x17, 0x68,
  0xdf, 0x25, 0xc0, 0x00, 0xe8, 0x3b, 0xed, 0xff, 0xff, 0x83, 0xc4, 0x04,
  0x6a, 0x01, 0xe8, 0x49, 0xfa, 0xff, 0xff, 0x83, 0xc4, 0x04, 0x8b, 0x45,
  0xfc, 0x83, 0xc0, 0x20, 0x8b, 0x55, 0xf0, 0x6b, 0xd2, 0x30, 0x01, 0xd0,
  0xc7, 0x40, 0x14, 0xa0, 0x27, 0xc0, 0x00, 0xe8, 0x8c, 0xf3, 0xff, 0xff,
  0x68, 0xc8, 0x25, 0xc0, 0x00, 0xe8, 0x0a, 0xf9, 0xff, 0xff, 0x83, 0xc4,
  0x04, 0xe8, 0x32, 0xf9, 0xff, 0xff, 0xe8, 0x15, 0xfb, 0xff, 0xff, 0x8b,
  0x45, 0xfc, 0xc7, 0x40, 0x14, 0x01, 0x00, 0x00, 0x00, 0x68, 0xab, 0x25,
  0xc0, 0x00, 0xe8, 0xe9, 0xec, 0xff, 0xff, 0x83, 0xc4, 0x04, 0xff, 0x75,
  0xf0, 0xe8, 0x9e, 0xee, 0xff, 0xff, 0x83, 0xc4, 0x04, 0x68, 0xa8, 0x25,
  0xc0, 0x00, 0xe8, 0xd1, 0xec, 0xff, 0xff, 0x83, 0xc4, 0x04, 0x8b, 0x45,
  0xfc, 0x83, 0xc0, 0x20, 0x8b, 0x55, 0xf0, 0x6b, 0xd2, 0x30, 0x01, 0xd0,
  0x83, 0x38, 0x00, 0x75, 0x05, 0xe9, 0xe0, 0x01, 0x00, 0x00, 0x8b, 0x45,
  0xfc, 0x83, 0xc0, 0x20, 0x8b, 0x55, 0xf0, 0x6b, 0xd2, 0x30, 0x01, 0xd0,
  0x8b, 0x40, 0x1c, 0x83, 0xe0, 0x01, 0x89, 0x45, 0xe8, 0x83, 0x65, 0xe4,
  0x00, 0x83, 0x7d, 0xe8, 0x00, 0x0f, 0x84, 0xb1, 0x01, 0x00, 0x00, 0x8b,
  0x45, 0xf8, 0x8b, 0x40, 0x04, 0x8b, 0x55, 0xf8, 0x39, 0x42, 0x08, 0x74,
  0x39, 0x8b, 0x45, 0xf8, 0x83, 0xc0, 0x0c, 0x8b, 0x55, 0xf8, 0x03, 0x42,
  0x08, 0x8a, 0x00, 0x88, 0x45, 0xe3, 0x8b, 0x45, 0xf8, 0x8b, 0x40, 0x08,
  0x40, 0x25, 0xff, 0x00, 0x00, 0x00, 0x8b, 0x55, 0xf8, 0x89, 0x42, 0x08,
  0x0f, 0xb6, 0x55, 0xe3, 0x52, 0xe8, 0x46, 0xfd, 0xff, 0xff, 0x83, 0xc4,
  0x04, 0xc7, 0x45, 0xe4, 0x01, 0x00, 0x00, 0x00, 0xeb, 0xb9, 0xe8, 0x9d,
  0xf9, 0xff, 0xff, 0x83, 0xf8, 0x00, 0x7e, 0x07, 0xc7, 0x45, 0xe4, 0x01,
  0x00, 0x00, 0x00, 0x83, 0x7d, 0xe4, 0x00, 0x0f, 0x84, 0x4f, 0x01, 0x00,
  0x00, 0xe8, 0x42, 0xfa, 0xff, 0xff, 0x83, 0x3d, 0x7c, 0x27, 0xc0, 0x00,
  0x00, 0x0f, 0x8c, 0xa6, 0x00, 0x00, 0x00, 0x83, 0x3d, 0x78, 0x27, 0xc0,
  0x00, 0x00, 0x0f, 0x85, 0x99, 0x00, 0x00, 0x00, 0x8b, 0x45, 0xfc, 0x83,
  0xc0, 0x20, 0x8b, 0x55, 0xf0, 0x6b, 0xd2, 0x30, 0x01, 0xd0, 0x8b, 0x50,
  0x04, 0x8b, 0x45, 0xfc, 0x83, 0xc0, 0x20, 0x8b, 0x4d, 0xf0, 0x6b, 0xc9,
  0x30, 0x01, 0xc8, 0x89, 0x50, 0x20, 0x8b, 0x45, 0xfc, 0x83, 0xc0, 0x20,
  0x8b, 0x55, 0xf0, 0x6b, 0xd2, 0x30, 0x01, 0xd0, 0x8b, 0x50, 0x08, 0x83,
  0xc2, 0x18, 0xa1, 0x7c, 0x27, 0xc0, 0x00, 0xc1, 0xe0, 0x04, 0x8d, 0x14,
  0x02, 0x8b, 0x45, 0xfc, 0x83, 0xc0, 0x20, 0x8b, 0x4d, 0xf0, 0x6b, 0xc9,
  0x30, 0x01, 0xc8, 0x89, 0x50, 0x24, 0x8b, 0x45, 0xfc, 0x83, 0xc0, 0x20,
  0x8b, 0x55, 0xf0, 0x6b, 0xd2, 0x30, 0x01, 0xd0, 0x8b, 0x50, 0x0c, 0x8b,
  0x45, 0xfc, 0x83, 0xc0, 0x20, 0x8b, 0x4d, 0xf0, 0x6b, 0xc9, 0x30, 0x01,
  0xc8, 0x89, 0x50, 0x28, 0x8b, 0x55, 0xfc, 0x83, 0xc2, 0x20, 0x8b, 0x45,
  0xf0, 0x6b, 0xc0, 0x30, 0x01, 0xc2, 0xa1, 0x80, 0x27, 0xc0, 0x00, 0x2b,
  0x05, 0x7c, 0x27, 0xc0, 0x00, 0x40, 0xc1, 0xe0, 0x04, 0x89, 0x42, 0x2c,
  0xe9, 0x88, 0x00, 0x00, 0x00, 0x8b, 0x45, 0xfc, 0x83, 0xc0, 0x20, 0x8b,
  0x55, 0xf0, 0x6b, 0xd2, 0x30, 0x01, 0xd0, 0x8b, 0x50, 0x04, 0x8b, 0x45,
  0xfc, 0x83, 0xc0, 0x20, 0x8b, 0x4d, 0xf0, 0x6b, 0xc9, 0x30, 0x01, 0xc8,
  0x89, 0x50, 0x20, 0x8b, 0x45, 0xfc, 0x83, 0xc0, 0x20, 0x8b, 0x55, 0xf0,
  0x6b, 0xd2, 0x30, 0x01, 0xd0, 0x8b, 0x50, 0x08, 0x8b, 0x45, 0xfc, 0x83,
  0xc0, 0x20, 0x8b, 0x4d, 0xf0, 0x6b, 0xc9, 0x30, 0x01, 0xc8, 0x89, 0x50,
  0x24, 0x8b, 0x45, 0xfc, 0x83, 0xc0, 0x20, 0x8b, 0x55, 0xf0, 0x6b, 0xd2,
  0x30, 0x01, 0xd0, 0x8b, 0x50, 0x0c, 0x8b, 0x45, 0xfc, 0x83, 0xc0, 0x20,
  0x8b, 0x4d, 0xf0, 0x6b, 0xc9, 0x30, 0x01, 0xc8, 0x89, 0x50, 0x28, 0x8b,
  0x45, 0xfc, 0x83, 0xc0, 0x20, 0x8b, 0x55, 0xf0, 0x6b, 0xd2, 0x30, 0x01,
  0xd0, 0x8b, 0x50, 0x10, 0x8b, 0x45, 0xfc, 0x83, 0xc0, 0x20, 0x8b, 0x4d,
  0xf0, 0x6b, 0xc9, 0x30, 0x01, 0xc8, 0x89, 0x50, 0x2c, 0xb8, 0xff, 0xff,
  0xff, 0xff, 0xa3, 0x80, 0x27, 0xc0, 0x00, 0xa3, 0x7c, 0x27, 0xc0, 0x00,
  0xe8, 0x4b, 0xeb, 0xff, 0xff, 0xe9, 0x08, 0xfe, 0xff, 0xff, 0x68, 0x80,
  0x25, 0xc0, 0x00, 0xe8, 0xcc, 0xea, 0xff, 0xff, 0x83, 0xc4, 0x04, 0x83,
  0x3d, 0x84, 0x27, 0xc0, 0x00, 0x00, 0x7e, 0x0a, 0xa1, 0x84, 0x27, 0xc0,
  0x00, 0x89, 0x45, 0xe8, 0xeb, 0x04, 0x83, 0x65, 0xe8, 0x00, 0xff, 0x75,
  0xe8, 0xe8, 0x6a, 0xec, 0xff, 0xff, 0x83, 0xc4, 0x04, 0x68, 0x7e, 0x25,
  0xc0, 0x00, 0xe8, 0x9d, 0xea, 0xff, 0xff, 0x83, 0xc4, 0x04, 0x83, 0x3d,
  0x84, 0x27, 0xc0, 0x00, 0x00, 0x7e, 0x10, 0x6a, 0x02, 0xff, 0x35, 0x84,
  0x27, 0xc0, 0x00, 0xe8, 0x10, 0x00, 0x00, 0x00, 0x83, 0xc4, 0x08, 0x6a,
  0x00, 0xe8, 0x92, 0xf7, 0xff, 0xff, 0x83, 0xc4, 0x04, 0xc9, 0xc3, 0x90,
  0xc8, 0x04, 0x00, 0x00, 0xff, 0x75, 0x0c, 0xff, 0x75, 0x08, 0x68, 0x05,
  0x00, 0x00, 0x4d, 0xe8, 0x10, 0x00, 0x00, 0x00, 0x83, 0xc4, 0x0c, 0x89,
  0x45, 0xfc, 0xeb, 0x00, 0x8b, 0x45, 0xfc, 0xc9, 0xc3, 0x8d, 0x76, 0x00,
  0xc8, 0x08, 0x00, 0x00, 0x89, 0xda, 0x8b, 0x4d, 0x10, 0x8b, 0x5d, 0x0c,
  0x8b, 0x45, 0x08, 0xcd, 0x4d, 0x89, 0x45, 0xfc, 0x8b, 0x45, 0xfc, 0x89,
  0x45, 0xf8, 0xeb, 0x00, 0x8b, 0x45, 0xf8, 0x89, 0xd3, 0xc9, 0xc3, 0x90,
  0xc8, 0x0c, 0x00, 0x00, 0x8b, 0x45, 0x08, 0x8b, 0x80, 0x20, 0x03, 0x00,
  0x00, 0x40, 0x83, 0xe0, 0x1f, 0x89, 0x45, 0xfc, 0x8b, 0x45, 0x08, 0x8b,
  0x80, 0x24, 0x03, 0x00, 0x00, 0x39, 0x45, 0xfc, 0x75, 0x09, 0xc7, 0x45,
  0xf4, 0xff, 0xff, 0xff, 0xff, 0xeb, 0x69, 0x8b, 0x45, 0x08, 0x8b, 0x90,
  0x20, 0x03, 0x00, 0x00, 0x6b, 0xd2, 0x1c, 0x8b, 0x45, 0x08, 0x05, 0x28,
  0x03, 0x00, 0x00, 0x01, 0xd0, 0x89, 0x45, 0xf8, 0x8b, 0x55, 0xf8, 0x8b,
  0x45, 0x0c, 0x89, 0x02, 0x8b, 0x55, 0xf8, 0x8b, 0x45, 0x10, 0x89, 0x42,
  0x04, 0x8b, 0x55, 0xf8, 0x8b, 0x45, 0x14, 0x89, 0x42, 0x08, 0x8b, 0x55,
  0xf8, 0x8b, 0x45, 0x18, 0x89, 0x42, 0x0c, 0x8b, 0x55, 0xf8, 0x8b, 0x45,
  0x1c, 0x89, 0x42, 0x10, 0x8b, 0x55, 0xf8, 0x8b, 0x45, 0x20, 0x89, 0x42,
  0x14, 0x8b, 0x55, 0xf8, 0x8b, 0x45, 0x24, 0x89, 0x42, 0x18, 0x8b, 0x55,
  0x08, 0x8b, 0x45, 0xfc, 0x89, 0x82, 0x20, 0x03, 0x00, 0x00, 0x83, 0x65,
  0xf4, 0x00, 0xeb, 0x00, 0x8b, 0x45, 0xf4, 0xc9, 0xc3, 0x8d, 0x76, 0x00,
  0xc8, 0x04, 0x00, 0x00, 0xc7, 0x45, 0xfc, 0x00, 0x00, 0x70, 0x00, 0xeb,
  0x00, 0x8b, 0x45, 0xfc, 0xc9, 0xc3, 0x00, 0x00, 0x00, 0x00, 0x00, 0x00,
  0x00, 0x00, 0x00, 0x00, 0x00, 0x00, 0x00, 0x00, 0x00, 0x00, 0x00, 0x00,
  0x18, 0x3c, 0x3c, 0x3c, 0x18, 0x18, 0x18, 0x00, 0x18, 0x18, 0x00, 0x00,
  0x00, 0x00, 0x00, 0x66, 0x66, 0x66, 0x24, 0x00, 0x00, 0x00, 0x00, 0x00,
  0x00, 0x00, 0x00, 0x00, 0x00, 0x00, 0x00, 0x00, 0x00, 0x6c, 0x6c, 0xfe,
  0x6c, 0x6c, 0x6c, 0xfe, 0x6c, 0x6c, 0x00, 0x00, 0x00, 0x00, 0x18, 0x18,
  0x7e, 0xc0, 0xc0, 0x7e, 0x06, 0x06, 0xc6, 0x7e, 0x18, 0x18, 0x00, 0x00,
  0x00, 0x00, 0x00, 0x00, 0x00, 0x00, 0xc2, 0xc6, 0x0c, 0x18, 0x30, 0x60,
  0xc6, 0x86, 0x00, 0x00, 0x00, 0x00, 0x00, 0x00, 0x38, 0x6c, 0x6c, 0x38,
  0x76, 0xdc, 0xcc, 0xcc, 0xcc, 0x76, 0x00, 0x00, 0x00, 0x00, 0x00, 0x30,
  0x30, 0x30, 0x60, 0x00, 0x00, 0x00, 0x00, 0x00, 0x00, 0x00, 0x00, 0x00,
  0x00, 0x00, 0x00, 0x00, 0x0c, 0x18, 0x30, 0x30, 0x30, 0x30, 0x30, 0x30,
  0x18, 0x0c, 0x00, 0x00, 0x00, 0x00, 0x00, 0x00, 0x30, 0x18, 0x0c, 0x0c,
  0x0c, 0x0c, 0x0c, 0x0c, 0x18, 0x30, 0x00, 0x00, 0x00, 0x00, 0x00, 0x00,
  0x00, 0x00, 0x66, 0x66, 0x3c, 0xff, 0x3c, 0x66, 0x66, 0x00, 0x00, 0x00,
  0x00, 0x00, 0x00, 0x00, 0x00, 0x00, 0x18, 0x18, 0x18, 0xff, 0x18, 0x18,
  0x18, 0x00, 0x00, 0x00, 0x00, 0x00, 0x00, 0x00, 0x00, 0x00, 0x00, 0x00,
  0x00, 0x00, 0x00, 0x00, 0x18, 0x18, 0x18, 0x30, 0x00, 0x00, 0x00, 0x00,
  0x00, 0x00, 0x00, 0x00, 0x00, 0xfe, 0x00, 0x00, 0x00, 0x00, 0x00, 0x00,
  0x00, 0x00, 0x00, 0x00, 0x00, 0x00, 0x00, 0x00, 0x00, 0x00, 0x00, 0x00,
  0x18, 0x18, 0x18, 0x00, 0x00, 0x00, 0x00, 0x00, 0x00, 0x00, 0x02, 0x06,
  0x0c, 0x18, 0x30, 0x60, 0xc0, 0x80, 0x00, 0x00, 0x00, 0x00, 0x00, 0x00,
  0x3c, 0x66, 0x66, 0x6e, 0x7e, 0x76, 0x66, 0x66, 0x66, 0x3c, 0x00, 0x00,
  0x00, 0x00, 0x00, 0x00, 0x18, 0x38, 0x78, 0x18, 0x18, 0x18, 0x18, 0x18,
  0x18, 0x7e, 0x00, 0x00, 0x00, 0x00, 0x00, 0x00, 0x3c, 0x66, 0x06, 0x0c,
  0x18, 0x30, 0x60, 0x60, 0x60, 0x7e, 0x00, 0x00, 0x00, 0x00, 0x00, 0x00,
  0x3c, 0x66, 0x06, 0x06, 0x1c, 0x06, 0x06, 0x06, 0x66, 0x3c, 0x00, 0x00,
  0x00, 0x00, 0x00, 0x00, 0x0c, 0x1c, 0x3c, 0x6c, 0xcc, 0xfe, 0x0c, 0x0c,
  0x0c, 0x1e, 0x00, 0x00, 0x00, 0x00, 0x00, 0x00, 0x7e, 0x60, 0x60, 0x7c,
  0x06, 0x06, 0x06, 0x06, 0x46, 0x3c, 0x00, 0x00, 0x00, 0x00, 0x00, 0x00,
  0x1c, 0x30, 0x60, 0x60, 0x7c, 0x66, 0x66, 0x66, 0x66, 0x3c, 0x00, 0x00,
  0x00, 0x00, 0x00, 0x00, 0x7e, 0x06, 0x06, 0x0c, 0x18, 0x30, 0x30, 0x30,
  0x30, 0x30, 0x00, 0x00, 0x00, 0x00, 0x00, 0x00, 0x3c, 0x66, 0x66, 0x66,
  0x3c, 0x66, 0x66, 0x66, 0x66, 0x3c, 0x00, 0x00, 0x00, 0x00, 0x00, 0x00,
  0x3c, 0x66, 0x66, 0x66, 0x66, 0x3e, 0x06, 0x06, 0x0c, 0x38, 0x00, 0x00,
  0x00, 0x00, 0x00, 0x00, 0x00, 0x00, 0x18, 0x18, 0x00, 0x00, 0x00, 0x00,
  0x18, 0x18, 0x00, 0x00, 0x00, 0x00, 0x00, 0x00, 0x00, 0x00, 0x18, 0x18,
  0x00, 0x00, 0x00, 0x00, 0x18, 0x18, 0x18, 0x30, 0x00, 0x00, 0x00, 0x00,
  0x00, 0x06, 0x0c, 0x18, 0x30, 0x60, 0x30, 0x18, 0x0c, 0x06, 0x00, 0x00,
  0x00, 0x00, 0x00, 0x00, 0x00, 0x00, 0x00, 0x7e, 0x00, 0x00, 0x00, 0x7e,
  0x00, 0x00, 0x00, 0x00, 0x00, 0x00, 0x00, 0x00, 0x00, 0x60, 0x30, 0x18,
  0x0c, 0x06, 0x0c, 0x18, 0x30, 0x60, 0x00, 0x00, 0x00, 0x00, 0x00, 0x00,
  0x3c, 0x66, 0x66, 0x06, 0x0c, 0x18, 0x18, 0x00, 0x18, 0x18, 0x00, 0x00,
  0x00, 0x00, 0x00, 0x00, 0x3c, 0x66, 0x6e, 0x6e, 0x6e, 0x6e, 0x6e, 0x6c,
  0x60, 0x3e, 0x00, 0x00, 0x00, 0x00, 0x00, 0x00, 0x18, 0x3c, 0x66, 0x66,
  0x66, 0x7e, 0x66, 0x66, 0x66, 0x66, 0x00, 0x00, 0x00, 0x00, 0x00, 0x00,
  0x7c, 0x66, 0x66, 0x66, 0x7c, 0x66, 0x66, 0x66, 0x66, 0x7c, 0x00, 0x00,
  0x00, 0x00, 0x00, 0x00, 0x3c, 0x66, 0x60, 0x60, 0x60, 0x60, 0x60, 0x60,
  0x66, 0x3c, 0x00, 0x00, 0x00, 0x00, 0x00, 0x00, 0x7c, 0x66, 0x66, 0x66,
  0x66, 0x66, 0x66, 0x66, 0x66, 0x7c, 0x00, 0x00, 0x00, 0x00, 0x00, 0x00,
  0x7e, 0x60, 0x60, 0x60, 0x7c, 0x60, 0x60, 0x60, 0x60, 0x7e, 0x00, 0x00,
  0x00, 0x00, 0x00, 0x00, 0x7e, 0x60, 0x60, 0x60, 0x7c, 0x60, 0x60, 0x60,
  0x60, 0x60, 0x00, 0x00, 0x00, 0x00, 0x00, 0x00, 0x3c, 0x66, 0x60, 0x60,
  0x60, 0x6e, 0x66, 0x66, 0x66, 0x3c, 0x00, 0x00, 0x00, 0x00, 0x00, 0x00,
  0x66, 0x66, 0x66, 0x66, 0x7e, 0x66, 0x66, 0x66, 0x66, 0x66, 0x00, 0x00,
  0x00, 0x00, 0x00, 0x00, 0x3c, 0x18, 0x18, 0x18, 0x18, 0x18, 0x18, 0x18,
  0x18, 0x3c, 0x00, 0x00, 0x00, 0x00, 0x00, 0x00, 0x06, 0x06, 0x06, 0x06,
  0x06, 0x06, 0x06, 0x06, 0x66, 0x3c, 0x00, 0x00, 0x00, 0x00, 0x00, 0x00,
  0x66, 0x66, 0x6c, 0x6c, 0x78, 0x70, 0x78, 0x6c, 0x66, 0x66, 0x00, 0x00,
  0x00, 0x00, 0x00, 0x00, 0x60, 0x60, 0x60, 0x60, 0x60, 0x60, 0x60, 0x60,
  0x60, 0x7e, 0x00, 0x00, 0x00, 0x00, 0x00, 0x00, 0xc6, 0xee, 0xfe, 0xd6,
  0xc6, 0xc6, 0xc6, 0xc6, 0xc6, 0xc6, 0x00, 0x00, 0x00, 0x00, 0x00, 0x00,
  0x66, 0x66, 0x76, 0x7e, 0x6e, 0x66, 0x66, 0x66, 0x66, 0x66, 0x00, 0x00,
  0x00, 0x00, 0x00, 0x00, 0x3c, 0x66, 0x66, 0x66, 0x66, 0x66, 0x66, 0x66,
  0x66, 0x3c, 0x00, 0x00, 0x00, 0x00, 0x00, 0x00, 0x7c, 0x66, 0x66, 0x66,
  0x66, 0x7c, 0x60, 0x60, 0x60, 0x60, 0x00, 0x00, 0x00, 0x00, 0x00, 0x00,
  0x3c, 0x66, 0x66, 0x66, 0x66, 0x66, 0x66, 0x6e, 0x66, 0x3c, 0x06, 0x00,
  0x00, 0x00, 0x00, 0x00, 0x7c, 0x66, 0x66, 0x66, 0x66, 0x7c, 0x6c, 0x66,
  0x66, 0x66, 0x00, 0x00, 0x00, 0x00, 0x00, 0x00, 0x3c, 0x66, 0x60, 0x60,
  0x3c, 0x06, 0x06, 0x06, 0x66, 0x3c, 0x00, 0x00, 0x00, 0x00, 0x00, 0x00,
  0x7e, 0x18, 0x18, 0x18, 0x18, 0x18, 0x18, 0x18, 0x18, 0x18, 0x00, 0x00,
  0x00, 0x00, 0x00, 0x00, 0x66, 0x66, 0x66, 0x66, 0x66, 0x66, 0x66, 0x66,
  0x66, 0x3c, 0x00, 0x00, 0x00, 0x00, 0x00, 0x00, 0x66, 0x66, 0x66, 0x66,
  0x66, 0x66, 0x66, 0x3c, 0x3c, 0x18, 0x00, 0x00, 0x00, 0x00, 0x00, 0x00,
  0xc6, 0xc6, 0xc6, 0xc6, 0xd6, 0xd6, 0xfe, 0xee, 0xc6, 0xc6, 0x00, 0x00,
  0x00, 0x00, 0x00, 0x00, 0x66, 0x66, 0x66, 0x3c, 0x18, 0x18, 0x3c, 0x66,
  0x66, 0x66, 0x00, 0x00, 0x00, 0x00, 0x00, 0x00, 0x66, 0x66, 0x66, 0x66,
  0x3c, 0x18, 0x18, 0x18, 0x18, 0x18, 0x00, 0x00, 0x00, 0x00, 0x00, 0x00,
  0xfe, 0x06, 0x0c, 0x18, 0x30, 0x60, 0xc0, 0xc0, 0x80, 0xfe, 0x00, 0x00,
  0x00, 0x00, 0x00, 0x00, 0x3c, 0x30, 0x30, 0x30, 0x30, 0x30, 0x30, 0x30,
  0x30, 0x3c, 0x00, 0x00, 0x00, 0x00, 0x00, 0x00, 0x00, 0x80, 0xc0, 0x60,
  0x30, 0x18, 0x0c, 0x06, 0x02, 0x00, 0x00, 0x00, 0x00, 0x00, 0x00, 0x00,
  0x3c, 0x0c, 0x0c, 0x0c, 0x0c, 0x0c, 0x0c, 0x0c, 0x0c, 0x3c, 0x00, 0x00,
  0x00, 0x00, 0x10, 0x38, 0x6c, 0xc6, 0x00, 0x00, 0x00, 0x00, 0x00, 0x00,
  0x00, 0x00, 0x00, 0x00, 0x00, 0x00, 0x00, 0x00, 0x00, 0x00, 0x00, 0x00,
  0x00, 0x00, 0x00, 0x00, 0x00, 0x00, 0x00, 0xff, 0x00, 0x00, 0x30, 0x18,
  0x0c, 0x00, 0x00, 0x00, 0x00, 0x00, 0x00, 0x00, 0x00, 0x00, 0x00, 0x00,
  0x00, 0x00, 0x00, 0x00, 0x00, 0x00, 0x3c, 0x06, 0x06, 0x3e, 0x66, 0x66,
  0x66, 0x3e, 0x00, 0x00, 0x00, 0x00, 0x00, 0x00, 0x60, 0x60, 0x7c, 0x66,
  0x66, 0x66, 0x66, 0x66, 0x66, 0x7c, 0x00, 0x00, 0x00, 0x00, 0x00, 0x00,
  0x00, 0x00, 0x3c, 0x66, 0x60, 0x60, 0x60, 0x60, 0x66, 0x3c, 0x00, 0x00,
  0x00, 0x00, 0x00, 0x00, 0x06, 0x06, 0x3e, 0x66, 0x66, 0x66, 0x66, 0x66,
  0x66, 0x3e, 0x00, 0x00, 0x00, 0x00, 0x00, 0x00, 0x00, 0x00, 0x3c, 0x66,
  0x66, 0x7e, 0x60, 0x60, 0x66, 0x3c, 0x00, 0x00, 0x00, 0x00, 0x00, 0x00,
  0x1c, 0x30, 0x30, 0xfc, 0x30, 0x30, 0x30, 0x30, 0x30, 0x30, 0x00, 0x00,
  0x00, 0x00, 0x00, 0x00, 0x00, 0x00, 0x3e, 0x66, 0x66, 0x66, 0x66, 0x66,
  0x3e, 0x06, 0x06, 0x66, 0x3c, 0x00, 0x00, 0x00, 0x60, 0x60, 0x7c, 0x66,
  0x66, 0x66, 0x66, 0x66, 0x66, 0x66, 0x00, 0x00, 0x00, 0x00, 0x00, 0x00,
  0x18, 0x18, 0x00, 0x38, 0x18, 0x18, 0x18, 0x18, 0x18, 0x3c, 0x00, 0x00,
  0x00, 0x00, 0x00, 0x00, 0x0c, 0x0c, 0x00, 0x1c, 0x0c, 0x0c, 0x0c, 0x0c,
  0x0c, 0x0c, 0x0c, 0x6c, 0x38, 0x00, 0x00, 0x00, 0x60, 0x60, 0x66, 0x6c,
  0x6c, 0x78, 0x70, 0x78, 0x6c, 0x66, 0x00, 0x00, 0x00, 0x00, 0x00, 0x00,
  0x38, 0x18, 0x18, 0x18, 0x18, 0x18, 0x18, 0x18, 0x18, 0x3c, 0x00, 0x00,
  0x00, 0x00, 0x00, 0x00, 0x00, 0x00, 0xfc, 0xcc, 0xcc, 0xcc, 0xcc, 0xcc,
  0xcc, 0xcc, 0x00, 0x00, 0x00, 0x00, 0x00, 0x00, 0x00, 0x00, 0x7c, 0x66,
  0x66, 0x66, 0x66, 0x66, 0x66, 0x66, 0x00, 0x00, 0x00, 0x00, 0x00, 0x00,
  0x00, 0x00, 0x3c, 0x66, 0x66, 0x66, 0x66, 0x66, 0x66, 0x3c, 0x00, 0x00,
  0x00, 0x00, 0x00, 0x00, 0x00, 0x00, 0x7c, 0x66, 0x66, 0x66, 0x66, 0x66,
  0x66, 0x7c, 0x60, 0x60, 0x60, 0x00, 0x00, 0x00, 0x00, 0x00, 0x3e, 0x66,
  0x66, 0x66, 0x66, 0x66, 0x66, 0x3e, 0x06, 0x06, 0x06, 0x00, 0x00, 0x00,
  0x00, 0x00, 0x7c, 0x66, 0x66, 0x60, 0x60, 0x60, 0x60, 0x60, 0x00, 0x00,
  0x00, 0x00, 0x00, 0x00, 0x00, 0x00, 0x3c, 0x66, 0x60, 0x3c, 0x06, 0x06,
  0x66, 0x3c, 0x00, 0x00, 0x00, 0x00, 0x00, 0x00, 0x30, 0x30, 0xfc, 0x30,
  0x30, 0x30, 0x30, 0x30, 0x30, 0x1c, 0x00, 0x00, 0x00, 0x00, 0x00, 0x00,
  0x00, 0x00, 0x66, 0x66, 0x66, 0x66, 0x66, 0x66, 0x66, 0x3e, 0x00, 0x00,
  0x00, 0x00, 0x00, 0x00, 0x00, 0x00, 0x66, 0x66, 0x66, 0x66, 0x66, 0x3c,
  0x3c, 0x18, 0x00, 0x00, 0x00, 0x00, 0x00, 0x00, 0x00, 0x00, 0xc6, 0xc6,
  0xc6, 0xd6, 0xd6, 0xfe, 0x6c, 0x6c, 0x00, 0x00, 0x00, 0x00, 0x00, 0x00,
  0x00, 0x00, 0x66, 0x66, 0x3c, 0x18, 0x18, 0x3c, 0x66, 0x66, 0x00, 0x00,
  0x00, 0x00, 0x00, 0x00, 0x00, 0x00, 0x66, 0x66, 0x66, 0x66, 0x66, 0x66,
  0x3e, 0x06, 0x06, 0x66, 0x3c, 0x00, 0x00, 0x00, 0x00, 0x00, 0x7e, 0x06,
  0x0c, 0x18, 0x30, 0x60, 0x60, 0x7e, 0x00, 0x00, 0x00, 0x00, 0x00, 0x00,
  0x0e, 0x18, 0x18, 0x18, 0x70, 0x18, 0x18, 0x18, 0x18, 0x0e, 0x00, 0x00,
  0x00, 0x00, 0x00, 0x00, 0x18, 0x18, 0x18, 0x18, 0x18, 0x18, 0x18, 0x18,
  0x18, 0x18, 0x00, 0x00, 0x00, 0x00, 0x00, 0x00, 0x70, 0x18, 0x18, 0x18,
  0x0e, 0x18, 0x18, 0x18, 0x18, 0x70, 0x00, 0x00, 0x00, 0x00, 0x00, 0x00,
  0x72, 0x9c, 0x00, 0x00, 0x00, 0x00, 0x00, 0x00, 0x00, 0x00, 0x00, 0x00,
  0x00, 0x00, 0x0a, 0x00, 0x5b, 0x54, 0x45, 0x52, 0x4d, 0x5d, 0x20, 0x73,
  0x75, 0x72, 0x66, 0x61, 0x63, 0x65, 0x20, 0x67, 0x6f, 0x6e, 0x65, 0x2c,
  0x20, 0x6b, 0x69, 0x6c, 0x6c, 0x69, 0x6e, 0x67, 0x20, 0x73, 0x68, 0x65,
  0x6c, 0x6c, 0x20, 0x70, 0x69, 0x64, 0x3d, 0x00, 0x29, 0x0a, 0x00, 0x5b,
  0x54, 0x45, 0x52, 0x4d, 0x5d, 0x20, 0x74, 0x65, 0x72, 0x6d, 0x69, 0x6e,
  0x61, 0x6c, 0x20, 0x72, 0x65, 0x61, 0x64, 0x79, 0x20, 0x28, 0x73, 0x6c,
  0x6f, 0x74, 0x3d, 0x00, 0x4d, 0x34, 0x4b, 0x4b, 0x31, 0x20, 0x54, 0x65,
  0x72, 0x6d, 0x69, 0x6e, 0x61, 0x6c, 0x20, 0x5b, 0x6d, 0x34, 0x73, 0x68,
  0x5d, 0x0a, 0x00, 0x5b, 0x54, 0x45, 0x52, 0x4d, 0x5d, 0x20, 0x6e, 0x6f,
  0x20, 0x73, 0x75, 0x72, 0x66, 0x61, 0x63, 0x65, 0x20, 0x73, 0x6c, 0x6f,
  0x74, 0x0a, 0x00, 0x5b, 0x54, 0x45, 0x52, 0x4d, 0x5d, 0x20, 0x63, 0x6d,
  0x64, 0x20, 0x72, 0x69, 0x6e, 0x67, 0x20, 0x66, 0x75, 0x6c, 0x6c, 0x0a,
  0x00, 0x6d, 0x34, 0x73, 0x68, 0x00, 0x2f, 0x62, 0x69, 0x6e, 0x2f, 0x6d,
  0x34, 0x73, 0x68, 0x67, 0x00, 0x66, 0x6f, 0x72, 0x6b, 0x20, 0x66, 0x61,
  0x69, 0x6c, 0x65, 0x64, 0x0a, 0x00, 0x70, 0x69, 0x70, 0x65, 0x20, 0x66,
  0x61, 0x69, 0x6c, 0x65, 0x64, 0x0a, 0x00, 0x2f, 0x00, 0x7e, 0x7e, 0x7e,
  0x7e, 0x00, 0x1b, 0x5b, 0x30, 0x6d, 0x00, 0x1b, 0x5b, 0x33, 0x37, 0x6d,
  0x00, 0x1b, 0x5b, 0x33, 0x35, 0x6d, 0x00, 0x1b, 0x5b, 0x33, 0x36, 0x6d,
  0x00, 0x1b, 0x5b, 0x33, 0x33, 0x6d, 0x00, 0x1b, 0x5b, 0x33, 0x31, 0x6d,
  0x00, 0x1b, 0x5b, 0x33, 0x32, 0x6d, 0x00, 0x00, 0x01, 0x00, 0x00, 0x00,
  0x2f, 0x00, 0x00, 0x00, 0x00, 0x00, 0x00, 0x00, 0x00, 0x00, 0x00, 0x00,
  0x00, 0x00, 0x00, 0x00, 0x00, 0x00, 0x00, 0x00, 0x00, 0x00, 0x00, 0x00,
  0x00, 0x00, 0x00, 0x00, 0x00, 0x00, 0x00, 0x00, 0x00, 0x00, 0x00, 0x00,
  0x00, 0x00, 0x00, 0x00, 0x00, 0x00, 0x00, 0x00, 0x00, 0x00, 0x00, 0x00,
  0x00, 0x00, 0x00, 0x00, 0x00, 0x00, 0x00, 0x00, 0x00, 0x00, 0x00, 0x00,
  0x00, 0x00, 0x00, 0x00, 0x00, 0x00, 0x00, 0x00, 0x00, 0x00, 0x00, 0x00,
  0x00, 0x00, 0x00, 0x00, 0x00, 0x00, 0x00, 0x00, 0x00, 0x00, 0x00, 0x00,
  0x00, 0x00, 0x00, 0x00, 0x00, 0x00, 0x00, 0x00, 0x00, 0x00, 0x00, 0x00,
  0x00, 0x00, 0x00, 0x00, 0x00, 0x00, 0x00, 0x00, 0x00, 0x00, 0x00, 0x00,
  0x00, 0x00, 0x00, 0x00, 0x00, 0x00, 0x00, 0x00, 0x00, 0x00, 0x00, 0x00,
  0x00, 0x00, 0x00, 0x00, 0x00, 0x00, 0x00, 0x00, 0x00, 0x00, 0x00, 0x00,
  0x00, 0x00, 0x00, 0x00, 0x00, 0x00, 0x00, 0x00, 0x00, 0x00, 0x00, 0x00,
  0x00, 0x00, 0x00, 0x00, 0x00, 0x00, 0x00, 0x00, 0x00, 0x00, 0x00, 0x00,
  0x00, 0x00, 0x00, 0x00, 0x00, 0x00, 0x00, 0x00, 0x00, 0x00, 0x00, 0x00,
  0x00, 0x00, 0x00, 0x00, 0x00, 0x00, 0x00, 0x00, 0x00, 0x00, 0x00, 0x00,
  0x00, 0x00, 0x00, 0x00, 0x00, 0x00, 0x00, 0x00, 0x00, 0x00, 0x00, 0x00,
  0x00, 0x00, 0x00, 0x00, 0x00, 0x00, 0x00, 0x00, 0x00, 0x00, 0x00, 0x00,
  0x00, 0x00, 0x00, 0x00, 0x00, 0x00, 0x00, 0x00, 0x00, 0x00, 0x00, 0x00,
  0x00, 0x00, 0x00, 0x00, 0x00, 0x00, 0x00, 0x00, 0x00, 0x00, 0x00, 0x00,
  0x00, 0x00, 0x00, 0x00, 0x00, 0x00, 0x00, 0x00, 0x00, 0x00, 0x00, 0x00,
  0x00, 0x00, 0x00, 0x00, 0x00, 0x00, 0x00, 0x00, 0x00, 0x00, 0x00, 0x00,
  0x00, 0x00, 0x00, 0x00, 0xf4, 0x01, 0x00, 0x00, 0x00, 0x00, 0x00, 0x00,
  0x00, 0x00, 0x00, 0x00, 0x00, 0x00, 0x00, 0x00, 0xff, 0xff, 0xff, 0xff,
  0xff, 0xff, 0xff, 0xff, 0xff, 0xff, 0xff, 0xff, 0xff, 0xff, 0xff, 0xff,
  0xff, 0xff, 0xff, 0xff, 0x00, 0x00, 0x00, 0x00, 0x00, 0x00, 0x00, 0x00,
  0x00, 0x00, 0x00, 0x00, 0x00, 0x00, 0x00, 0x00, 0x00, 0x00, 0x00, 0x00,
  0x01, 0x00, 0x00, 0x00, 0x00, 0x00, 0x00, 0x00, 0x00, 0x00, 0x00, 0x00,
  0x04, 0x00, 0xf1, 0xff, 0x0c, 0x00, 0x00, 0x00, 0x00, 0x00, 0xc0, 0x00,
  0x44, 0x00, 0x00, 0x00, 0x00, 0x00, 0x01, 0x00, 0x13, 0x00, 0x00, 0x00,
  0x44, 0x00, 0xc0, 0x00, 0x39, 0x00, 0x00, 0x00, 0x00, 0x00, 0x01, 0x00,
  0x1a, 0x00, 0x00, 0x00, 0x80, 0x00, 0xc0, 0x00, 0x34, 0x00, 0x00, 0x00,
  0x00, 0x00, 0x01, 0x00, 0x26, 0x00, 0x00, 0x00, 0xb4, 0x00, 0xc0, 0x00,
  0x2c, 0x00, 0x00, 0x00, 0x00, 0x00, 0x01, 0x00, 0x32, 0x00, 0x00, 0x00,
  0xe0, 0x00, 0xc0, 0x00, 0x60, 0x00, 0x00, 0x00, 0x00, 0x00, 0x01, 0x00,
  0x3f, 0x00, 0x00, 0x00, 0x40, 0x01, 0xc0, 0x00, 0x4b, 0x00, 0x00, 0x00,
  0x00, 0x00, 0x01, 0x00, 0x4b, 0x00, 0x00, 0x00, 0x8c, 0x01, 0xc0, 0x00,
  0x3a, 0x00, 0x00, 0x00, 0x00, 0x00, 0x01, 0x00, 0x57, 0x00, 0x00, 0x00,
  0xc8, 0x01, 0xc0, 0x00, 0x5c, 0x00, 0x00, 0x00, 0x00, 0x00, 0x01, 0x00,
  0x64, 0x00, 0x00, 0x00, 0x24, 0x02, 0xc0, 0x00, 0x69, 0x00, 0x00, 0x00,
  0x00, 0x00, 0x01, 0x00, 0x71, 0x00, 0x00, 0x00, 0x90, 0x02, 0xc0, 0x00,
  0x47, 0x00, 0x00, 0x00, 0x00, 0x00, 0x01, 0x00, 0x7e, 0x00, 0x00, 0x00,
  0xd8, 0x02, 0xc0, 0x00, 0x3b, 0x00, 0x00, 0x00, 0x00, 0x00, 0x01, 0x00,
  0x8a, 0x00, 0x00, 0x00, 0x14, 0x03, 0xc0, 0x00, 0x1f, 0x00, 0x00, 0x00,
  0x00, 0x00, 0x01, 0x00, 0x97, 0x00, 0x00, 0x00, 0x34, 0x03, 0xc0, 0x00,
  0x23, 0x00, 0x00, 0x00, 0x00, 0x00, 0x01, 0x00, 0xa0, 0x00, 0x00, 0x00,
  0x58, 0x03, 0xc0, 0x00, 0x1b, 0x00, 0x00, 0x00, 0x00, 0x00, 0x01, 0x00,
  0xae, 0x00, 0x00, 0x00, 0x74, 0x03, 0xc0, 0x00, 0x20, 0x00, 0x00, 0x00,
  0x00, 0x00, 0x01, 0x00, 0xb7, 0x00, 0x00, 0x00, 0x94, 0x03, 0xc0, 0x00,
  0x22, 0x00, 0x00, 0x00, 0x00, 0x00, 0x01, 0x00, 0xc4, 0x00, 0x00, 0x00,
  0xb8, 0x03, 0xc0, 0x00, 0x28, 0x00, 0x00, 0x00, 0x00, 0x00, 0x01, 0x00,
  0xcd, 0x00, 0x00, 0x00, 0xe0, 0x03, 0xc0, 0x00, 0x22, 0x00, 0x00, 0x00,
  0x00, 0x00, 0x01, 0x00, 0xdb, 0x00, 0x00, 0x00, 0x04, 0x04, 0xc0, 0x00,
  0x22, 0x00, 0x00, 0x00, 0x00, 0x00, 0x01, 0x00, 0xec, 0x00, 0x00, 0x00,
  0x28, 0x04, 0xc0, 0x00, 0x1f, 0x00, 0x00, 0x00, 0x00, 0x00, 0x01, 0x00,
  0xfb, 0x00, 0x00, 0x00, 0x48, 0x04, 0xc0, 0x00, 0x1c, 0x00, 0x00, 0x00,
  0x00, 0x00, 0x01, 0x00, 0x09, 0x01, 0x00, 0x00, 0x64, 0x04, 0xc0, 0x00,
  0x1c, 0x00, 0x00, 0x00, 0x00, 0x00, 0x01, 0x00, 0x17, 0x01, 0x00, 0x00,
  0x80, 0x04, 0xc0, 0x00, 0x1c, 0x00, 0x00, 0x00, 0x00, 0x00, 0x01, 0x00,
  0x26, 0x01, 0x00, 0x00, 0x9c, 0x04, 0xc0, 0x00, 0x1c, 0x00, 0x00, 0x00,
  0x00, 0x00, 0x01, 0x00, 0x34, 0x01, 0x00, 0x00, 0xb8, 0x04, 0xc0, 0x00,
  0x20, 0x00, 0x00, 0x00, 0x00, 0x00, 0x01, 0x00, 0x43, 0x01, 0x00, 0x00,
  0xd8, 0x04, 0xc0, 0x00, 0x1c, 0x00, 0x00, 0x00, 0x00, 0x00, 0x01, 0x00,
  0x50, 0x01, 0x00, 0x00, 0xf4, 0x04, 0xc0, 0x00, 0x1e, 0x00, 0x00, 0x00,
  0x00, 0x00, 0x01, 0x00, 0x5d, 0x01, 0x00, 0x00, 0x14, 0x05, 0xc0, 0x00,
  0x1c, 0x00, 0x00, 0x00, 0x00, 0x00, 0x01, 0x00, 0x6b, 0x01, 0x00, 0x00,
  0x30, 0x05, 0xc0, 0x00, 0x18, 0x00, 0x00, 0x00, 0x00, 0x00, 0x01, 0x00,
  0x7a, 0x01, 0x00, 0x00, 0x48, 0x05, 0xc0, 0x00, 0x19, 0x00, 0x00, 0x00,
  0x00, 0x00, 0x01, 0x00, 0x83, 0x01, 0x00, 0x00, 0x64, 0x05, 0xc0, 0x00,
  0x18, 0x00, 0x00, 0x00, 0x00, 0x00, 0x01, 0x00, 0x93, 0x01, 0x00, 0x00,
  0x7c, 0x05, 0xc0, 0x00, 0x18, 0x00, 0x00, 0x00, 0x00, 0x00, 0x01, 0x00,
  0xa0, 0x01, 0x00, 0x00, 0x94, 0x05, 0xc0, 0x00, 0x22, 0x00, 0x00, 0x00,
  0x00, 0x00, 0x01, 0x00, 0xb0, 0x01, 0x00, 0x00, 0xb8, 0x05, 0xc0, 0x00,
  0x1e, 0x00, 0x00, 0x00, 0x00, 0x00, 0x01, 0x00, 0xbd, 0x01, 0x00, 0x00,
  0xd8, 0x05, 0xc0, 0x00, 0x18, 0x00, 0x00, 0x00, 0x00, 0x00, 0x01, 0x00,
  0xcc, 0x01, 0x00, 0x00, 0xf0, 0x05, 0xc0, 0x00, 0x18, 0x00, 0x00, 0x00,
  0x00, 0x00, 0x01, 0x00, 0xdc, 0x01, 0x00, 0x00, 0x08, 0x06, 0xc0, 0x00,
  0x1b, 0x00, 0x00, 0x00, 0x00, 0x00, 0x01, 0x00, 0xeb, 0x01, 0x00, 0x00,
  0x24, 0x06, 0xc0, 0x00, 0x18, 0x00, 0x00, 0x00, 0x00, 0x00, 0x01, 0x00,
  0xfa, 0x01, 0x00, 0x00, 0x3c, 0x06, 0xc0, 0x00, 0x18, 0x00, 0x00, 0x00,
  0x00, 0x00, 0x01, 0x00, 0x0a, 0x02, 0x00, 0x00, 0x54, 0x06, 0xc0, 0x00,
  0x1b, 0x00, 0x00, 0x00, 0x00, 0x00, 0x01, 0x00, 0x19, 0x02, 0x00, 0x00,
  0x70, 0x06, 0xc0, 0x00, 0x22, 0x00, 0x00, 0x00, 0x00, 0x00, 0x01, 0x00,
  0x2b, 0x02, 0x00, 0x00, 0x94, 0x06, 0xc0, 0x00, 0x18, 0x00, 0x00, 0x00,
  0x00, 0x00, 0x01, 0x00, 0x38, 0x02, 0x00, 0x00, 0xac, 0x06, 0xc0, 0x00,
  0x1b, 0x00, 0x00, 0x00, 0x00, 0x00, 0x01, 0x00, 0x48, 0x02, 0x00, 0x00,
  0xc8, 0x06, 0xc0, 0x00, 0x1b, 0x00, 0x00, 0x00, 0x00, 0x00, 0x01, 0x00,
  0x57, 0x02, 0x00, 0x00, 0xe4, 0x06, 0xc0, 0x00, 0x1f, 0x00, 0x00, 0x00,
  0x00, 0x00, 0x01, 0x00, 0x67, 0x02, 0x00, 0x00, 0x04, 0x07, 0xc0, 0x00,
  0x1f, 0x00, 0x00, 0x00, 0x00, 0x00, 0x01, 0x00, 0x78, 0x02, 0x00, 0x00,
  0x24, 0x07, 0xc0, 0x00, 0x1b, 0x00, 0x00, 0x00, 0x00, 0x00, 0x01, 0x00,
  0x8a, 0x02, 0x00, 0x00, 0x40, 0x07, 0xc0, 0x00, 0x1f, 0x00, 0x00, 0x00,
  0x00, 0x00, 0x01, 0x00, 0x9a, 0x02, 0x00, 0x00, 0x60, 0x07, 0xc0, 0x00,
  0x22, 0x00, 0x00, 0x00, 0x00, 0x00, 0x01, 0x00, 0xab, 0x02, 0x00, 0x00,
  0x84, 0x07, 0xc0, 0x00, 0x1f, 0x00, 0x00, 0x00, 0x00, 0x00, 0x01, 0x00,
  0xba, 0x02, 0x00, 0x00, 0xa4, 0x07, 0xc0, 0x00, 0x27, 0x00, 0x00, 0x00,
  0x00, 0x00, 0x01, 0x00, 0xc8, 0x02, 0x00, 0x00, 0xcc, 0x07, 0xc0, 0x00,
  0x1f, 0x00, 0x00, 0x00, 0x00, 0x00, 0x01, 0x00, 0xd7, 0x02, 0x00, 0x00,
  0xec, 0x07, 0xc0, 0x00, 0x22, 0x00, 0x00, 0x00, 0x00, 0x00, 0x01, 0x00,
  0xe9, 0x02, 0x00, 0x00, 0x10, 0x08, 0xc0, 0x00, 0x9d, 0x00, 0x00, 0x00,
  0x00, 0x00, 0x01, 0x00, 0xf3, 0x02, 0x00, 0x00, 0xb0, 0x08, 0xc0, 0x00,
  0x2e, 0x00, 0x00, 0x00, 0x00, 0x00, 0x01, 0x00, 0xfc, 0x02, 0x00, 0x00,
  0xe0, 0x08, 0xc0, 0x00, 0x19, 0x00, 0x00, 0x00, 0x00, 0x00, 0x01, 0x00,
  0x00, 0x03, 0x00, 0x00, 0xfc, 0x08, 0xc0, 0x00, 0x0d, 0x00, 0x00, 0x00,
  0x00, 0x00, 0x01, 0x00, 0x05, 0x03, 0x00, 0x00, 0x0c, 0x09, 0xc0, 0x00,
  0x2b, 0x00, 0x00, 0x00, 0x00, 0x00, 0x01, 0x00, 0x0e, 0x03, 0x00, 0x00,
  0x38, 0x09, 0xc0, 0x00, 0x41, 0x00, 0x00, 0x00, 0x00, 0x00, 0x01, 0x00,
  0x17, 0x03, 0x00, 0x00, 0x7c, 0x09, 0xc0, 0x00, 0x1b, 0x00, 0x00, 0x00,
  0x00, 0x00, 0x01, 0x00, 0x21, 0x03, 0x00, 0x00, 0x98, 0x09, 0xc0, 0x00,
  0x19, 0x00, 0x00, 0x00, 0x00, 0x00, 0x01, 0x00, 0x29, 0x03, 0x00, 0x00,
  0xb4, 0x09, 0xc0, 0x00, 0x12, 0x00, 0x00, 0x00, 0x00, 0x00, 0x01, 0x00,
  0x2f, 0x03, 0x00, 0x00, 0xc8, 0x09, 0xc0, 0x00, 0x12, 0x00, 0x00, 0x00,
  0x00, 0x00, 0x01, 0x00, 0x35, 0x03, 0x00, 0x00, 0xdc, 0x09, 0xc0, 0x00,
  0x12, 0x00, 0x00, 0x00, 0x00, 0x00, 0x01, 0x00, 0x3b, 0x03, 0x00, 0x00,
  0xf0, 0x09, 0xc0, 0x00, 0x12, 0x00, 0x00, 0x00, 0x00, 0x00, 0x01, 0x00,
  0x41, 0x03, 0x00, 0x00, 0x04, 0x0a, 0xc0, 0x00, 0x12, 0x00, 0x00, 0x00,
  0x00, 0x00, 0x01, 0x00, 0x47, 0x03, 0x00, 0x00, 0x18, 0x0a, 0xc0, 0x00,
  0x12, 0x00, 0x00, 0x00, 0x00, 0x00, 0x01, 0x00, 0x4d, 0x03, 0x00, 0x00,
  0x2c, 0x0a, 0xc0, 0x00, 0x12, 0x00, 0x00, 0x00, 0x00, 0x00, 0x01, 0x00,
  0x53, 0x03, 0x00, 0x00, 0x40, 0x0a, 0xc0, 0x00, 0x31, 0x00, 0x00, 0x00,
  0x00, 0x00, 0x01, 0x00, 0x5c, 0x03, 0x00, 0x00, 0x74, 0x0a, 0xc0, 0x00,
  0x45, 0x00, 0x00, 0x00, 0x00, 0x00, 0x01, 0x00, 0x65, 0x03, 0x00, 0x00,
  0xbc, 0x0a, 0xc0, 0x00, 0x10, 0x00, 0x00, 0x00, 0x00, 0x00, 0x01, 0x00,
  0x70, 0x03, 0x00, 0x00, 0xcc, 0x0a, 0xc0, 0x00, 0x77, 0x00, 0x00, 0x00,
  0x00, 0x00, 0x01, 0x00, 0x7a, 0x03, 0x00, 0x00, 0x44, 0x0b, 0xc0, 0x00,
  0x33, 0x00, 0x00, 0x00, 0x00, 0x00, 0x01, 0x00, 0x84, 0x03, 0x00, 0x00,
  0x78, 0x0b, 0xc0, 0x00, 0x28, 0x00, 0x00, 0x00, 0x00, 0x00, 0x01, 0x00,
  0x8e, 0x03, 0x00, 0x00, 0xa0, 0x0b, 0xc0, 0x00, 0x38, 0x00, 0x00, 0x00,
  0x00, 0x00, 0x01, 0x00, 0x97, 0x03, 0x00, 0x00, 0xd8, 0x0b, 0xc0, 0x00,
  0x04, 0x01, 0x00, 0x00, 0x00, 0x00, 0x01, 0x00, 0xa2, 0x03, 0x00, 0x00,
  0xdc, 0x0c, 0xc0, 0x00, 0x6f, 0x00, 0x00, 0x00, 0x00, 0x00, 0x01, 0x00,
  0xb0, 0x03, 0x00, 0x00, 0x8e, 0x1f, 0xc0, 0x00, 0xf0, 0x05, 0x00, 0x00,
  0x00, 0x00, 0x01, 0x00, 0xb9, 0x03, 0x00, 0x00, 0x6c, 0x27, 0xc0, 0x00,
  0x04, 0x00, 0x00, 0x00, 0x00, 0x00, 0x02, 0x00, 0xc2, 0x03, 0x00, 0x00,
  0x70, 0x27, 0xc0, 0x00, 0x04, 0x00, 0x00, 0x00, 0x00, 0x00, 0x02, 0x00,
  0xcb, 0x03, 0x00, 0x00, 0x74, 0x27, 0xc0, 0x00, 0x04, 0x00, 0x00, 0x00,
  0x00, 0x00, 0x02, 0x00, 0xd4, 0x03, 0x00, 0x00, 0x78, 0x27, 0xc0, 0x00,
  0x04, 0x00, 0x00, 0x00, 0x00, 0x00, 0x02, 0x00, 0xe4, 0x03, 0x00, 0x00,
  0x7c, 0x27, 0xc0, 0x00, 0x04, 0x00, 0x00, 0x00, 0x00, 0x00, 0x02, 0x00,
  0xeb, 0x03, 0x00, 0x00, 0x80, 0x27, 0xc0, 0x00, 0x04, 0x00, 0x00, 0x00,
  0x00, 0x00, 0x02, 0x00, 0xf2, 0x03, 0x00, 0x00, 0x4c, 0x0d, 0xc0, 0x00,
  0x43, 0x00, 0x00, 0x00, 0x00, 0x00, 0x01, 0x00, 0xfa, 0x03, 0x00, 0x00,
  0x90, 0x0d, 0xc0, 0x00, 0x16, 0x00, 0x00, 0x00, 0x00, 0x00, 0x01, 0x00,
  0x07, 0x04, 0x00, 0x00, 0x84, 0x27, 0xc0, 0x00, 0x04, 0x00, 0x00, 0x00,
  0x00, 0x00, 0x02, 0x00, 0x11, 0x04, 0x00, 0x00, 0x88, 0x27, 0xc0, 0x00,
  0x04, 0x00, 0x00, 0x00, 0x00, 0x00, 0x02, 0x00, 0x1c, 0x04, 0x00, 0x00,
  0x8c, 0x27, 0xc0, 0x00, 0x04, 0x00, 0x00, 0x00, 0x00, 0x00, 0x02, 0x00,
  0x28, 0x04, 0x00, 0x00, 0xa8, 0x0d, 0xc0, 0x00, 0x3c, 0x00, 0x00, 0x00,
  0x00, 0x00, 0x01, 0x00, 0x2b, 0x04, 0x00, 0x00, 0xa0, 0x27, 0xc0, 0x00,
  0x00, 0xa9, 0x1a, 0x00, 0x01, 0x00, 0x03, 0x00, 0x34, 0x04, 0x00, 0x00,
  0xe4, 0x0d, 0xc0, 0x00, 0xaa, 0x00, 0x00, 0x00, 0x00, 0x00, 0x01, 0x00,
  0x3e, 0x04, 0x00, 0x00, 0x90, 0x0e, 0xc0, 0x00, 0x15, 0x00, 0x00, 0x00,
  0x00, 0x00, 0x01, 0x00, 0x4a, 0x04, 0x00, 0x00, 0xa8, 0x0e, 0xc0, 0x00,
  0x9d, 0x00, 0x00, 0x00, 0x00, 0x00, 0x01, 0x00, 0x55, 0x04, 0x00, 0x00,
  0x48, 0x0f, 0xc0, 0x00, 0x3b, 0x00, 0x00, 0x00, 0x00, 0x00, 0x01, 0x00,
  0x60, 0x04, 0x00, 0x00, 0x84, 0x0f, 0xc0, 0x00, 0x87, 0x00, 0x00, 0x00,
  0x00, 0x00, 0x01, 0x00, 0x72, 0x04, 0x00, 0x00, 0xa0, 0xd0, 0xda, 0x00,
  0x20, 0x48, 0x01, 0x00, 0x01, 0x00, 0x03, 0x00, 0x7d, 0x04, 0x00, 0x00,
  0x0c, 0x10, 0xc0, 0x00, 0x88, 0x00, 0x00, 0x00, 0x00, 0x00, 0x01, 0x00,
  0x8c, 0x04, 0x00, 0x00, 0x94, 0x10, 0xc0, 0x00, 0x03, 0x01, 0x00, 0x00,
  0x00, 0x00, 0x01, 0x00, 0x99, 0x04, 0x00, 0x00, 0x98, 0x11, 0xc0, 0x00,
  0x4b, 0x01, 0x00, 0x00, 0x00, 0x00, 0x01, 0x00, 0xa6, 0x04, 0x00, 0x00,
  0xe4, 0x12, 0xc0, 0x00, 0xae, 0x01, 0x00, 0x00, 0x00, 0x00, 0x01, 0x00,
  0xb5, 0x04, 0x00, 0x00, 0x90, 0x27, 0xc0, 0x00, 0x04, 0x00, 0x00, 0x00,
  0x00, 0x00, 0x02, 0x00, 0xc0, 0x04, 0x00, 0x00, 0x94, 0x14, 0xc0, 0x00,
  0x77, 0x00, 0x00, 0x00, 0x00, 0x00, 0x01, 0x00, 0xd1, 0x04, 0x00, 0x00,
  0x0c, 0x15, 0xc0, 0x00, 0x2d, 0x00, 0x00, 0x00, 0x00, 0x00, 0x01, 0x00,
  0xdf, 0x04, 0x00, 0x00, 0x3c, 0x15, 0xc0, 0x00, 0xc6, 0x00, 0x00, 0x00,
  0x00, 0x00, 0x01, 0x00, 0xf0, 0x04, 0x00, 0x00, 0x04, 0x16, 0xc0, 0x00,
  0x1f, 0x00, 0x00, 0x00, 0x00, 0x00, 0x01, 0x00, 0xfa, 0x04, 0x00, 0x00,
  0x24, 0x16, 0xc0, 0x00, 0x1e, 0x00, 0x00, 0x00, 0x00, 0x00, 0x01, 0x00,
  0x03, 0x05, 0x00, 0x00, 0x44, 0x16, 0xc0, 0x00, 0x20, 0x00, 0x00, 0x00,
  0x00, 0x00, 0x01, 0x00, 0x0b, 0x05, 0x00, 0x00, 0x64, 0x16, 0xc0, 0x00,
  0xbd, 0x00, 0x00, 0x00, 0x00, 0x00, 0x01, 0x00, 0x1c, 0x05, 0x00, 0x00,
  0x24, 0x17, 0xc0, 0x00, 0xb3, 0x02, 0x00, 0x00, 0x00, 0x00, 0x01, 0x00,
  0x28, 0x05, 0x00, 0x00, 0xd8, 0x19, 0xc0, 0x00, 0x24, 0x00, 0x00, 0x00,
  0x00, 0x00, 0x01, 0x00, 0x39, 0x05, 0x00, 0x00, 0xfc, 0x19, 0xc0, 0x00,
  0xb5, 0x00, 0x00, 0x00, 0x00, 0x00, 0x01, 0x00, 0x49, 0x05, 0x00, 0x00,
  0x7c, 0x1f, 0xc0, 0x00, 0x12, 0x00, 0x00, 0x00, 0x00, 0x00, 0x01, 0x00,
  0x59, 0x05, 0x00, 0x00, 0xe0, 0x1e, 0xc0, 0x00, 0x99, 0x00, 0x00, 0x00,
  0x00, 0x00, 0x01, 0x00, 0x6a, 0x05, 0x00, 0x00, 0x98, 0x1e, 0xc0, 0x00,
  0x21, 0x00, 0x00, 0x00, 0x00, 0x00, 0x01, 0x00, 0x73, 0x05, 0x00, 0x00,
  0xbc, 0x1e, 0xc0, 0x00, 0x23, 0x00, 0x00, 0x00, 0x00, 0x00, 0x01, 0x00,
  0xf7, 0x00, 0x00, 0x00, 0x6c, 0x26, 0xc0, 0x00, 0x00, 0x01, 0x00, 0x00,
  0x11, 0x00, 0x02, 0x00, 0x21, 0x04, 0x00, 0x00, 0x68, 0x26, 0xc0, 0x00,
  0x04, 0x00, 0x00, 0x00, 0x11, 0x00, 0x02, 0x00, 0x7b, 0x05, 0x00, 0x00,
  0xc0, 0x18, 0xdc, 0x00, 0x00, 0x00, 0x00, 0x00, 0x10, 0x00, 0x03, 0x00,
  0x8a, 0x05, 0x00, 0x00, 0xb4, 0x1a, 0xc0, 0x00, 0xe3, 0x03, 0x00, 0x00,
  0x12, 0x00, 0x01, 0x00, 0x85, 0x05, 0x00, 0x00, 0xa0, 0x27, 0xc0, 0x00,
  0x00, 0x00, 0x00, 0x00, 0x10, 0x00, 0x03, 0x00, 0x00, 0x74, 0x65, 0x72,
  0x6d, 0x69, 0x6e, 0x61, 0x6c, 0x2e, 0x63, 0x00, 0x6d, 0x65, 0x6d, 0x63,
  0x70, 0x79, 0x00, 0x6d, 0x65, 0x6d, 0x73, 0x65, 0x74, 0x00, 0x6d, 0x75,
  0x73, 0x72, 0x5f, 0x73, 0x74, 0x72, 0x6c, 0x65, 0x6e, 0x00, 0x6d, 0x75,
  0x73, 0x72, 0x5f, 0x73, 0x74, 0x72, 0x63, 0x70, 0x79, 0x00, 0x6d, 0x75,
  0x73, 0x72, 0x5f, 0x73, 0x74, 0x72, 0x6e, 0x63, 0x70, 0x79, 0x00, 0x6d,
  0x75, 0x73, 0x72, 0x5f, 0x73, 0x74, 0x72, 0x63, 0x6d, 0x70, 0x00, 0x6d,
  0x75, 0x73, 0x72, 0x5f, 0x73, 0x74, 0x72, 0x63, 0x61, 0x74, 0x00, 0x6d,
  0x75, 0x73, 0x72, 0x5f, 0x73, 0x74, 0x72, 0x6e, 0x63, 0x61, 0x74, 0x00,
  0x6d, 0x75, 0x73, 0x72, 0x5f, 0x73, 0x74, 0x72, 0x6e, 0x63, 0x6d, 0x70,
  0x00, 0x6d, 0x75, 0x73, 0x72, 0x5f, 0x73, 0x74, 0x72, 0x70, 0x72, 0x65,
  0x66, 0x00, 0x6d, 0x75, 0x73, 0x72, 0x5f, 0x73, 0x74, 0x72, 0x63, 0x68,
  0x72, 0x00, 0x6d, 0x75, 0x73, 0x72, 0x5f, 0x73, 0x63, 0x5f, 0x6f, 0x70,
  0x65, 0x6e, 0x00, 0x6d, 0x75, 0x73, 0x72, 0x5f, 0x73, 0x63, 0x32, 0x00,
  0x6d, 0x75, 0x73, 0x72, 0x5f, 0x73, 0x63, 0x5f, 0x63, 0x6c, 0x6f, 0x73,
  0x65, 0x00, 0x6d, 0x75, 0x73, 0x72, 0x5f, 0x73, 0x63, 0x31, 0x00, 0x6d,
  0x75, 0x73, 0x72, 0x5f, 0x73, 0x63, 0x5f, 0x72, 0x65, 0x61, 0x64, 0x00,
  0x6d, 0x75, 0x73, 0x72, 0x5f, 0x73, 0x63, 0x33, 0x00, 0x6d, 0x75, 0x73,
  0x72, 0x5f, 0x73, 0x63, 0x5f, 0x77, 0x72, 0x69, 0x74, 0x65, 0x00, 0x6d,
  0x75, 0x73, 0x72, 0x5f, 0x73, 0x63, 0x5f, 0x67, 0x65, 0x74, 0x64, 0x65,
  0x6e, 0x74, 0x73, 0x00, 0x6d, 0x75, 0x73, 0x72, 0x5f, 0x73, 0x63, 0x5f,
  0x67, 0x65, 0x74, 0x63, 0x77, 0x64, 0x00, 0x6d, 0x75, 0x73, 0x72, 0x5f,
  0x73, 0x63, 0x5f, 0x63, 0x68, 0x64, 0x69, 0x72, 0x00, 0x6d, 0x75, 0x73,
  0x72, 0x5f, 0x73, 0x63, 0x5f, 0x6d, 0x6b, 0x64, 0x69, 0x72, 0x00, 0x6d,
  0x75, 0x73, 0x72, 0x5f, 0x73, 0x63, 0x5f, 0x75, 0x6e, 0x6c, 0x69, 0x6e,
  0x6b, 0x00, 0x6d, 0x75, 0x73, 0x72, 0x5f, 0x73, 0x63, 0x5f, 0x72, 0x6d,
  0x64, 0x69, 0x72, 0x00, 0x6d, 0x75, 0x73, 0x72, 0x5f, 0x73, 0x63, 0x5f,
  0x72, 0x65, 0x6e, 0x61, 0x6d, 0x65, 0x00, 0x6d, 0x75, 0x73, 0x72, 0x5f,
  0x73, 0x63, 0x5f, 0x70, 0x69, 0x70, 0x65, 0x00, 0x6d, 0x75, 0x73, 0x72,
  0x5f, 0x73, 0x63, 0x5f, 0x64, 0x75, 0x70, 0x32, 0x00, 0x6d, 0x75, 0x73,
  0x72, 0x5f, 0x73, 0x63, 0x5f, 0x75, 0x6e, 0x61, 0x6d, 0x65, 0x00, 0x6d,
  0x75, 0x73, 0x72, 0x5f, 0x73, 0x63, 0x5f, 0x67, 0x65, 0x74, 0x70, 0x69,
  0x64, 0x00, 0x6d, 0x75, 0x73, 0x72, 0x5f, 0x73, 0x63, 0x30, 0x00, 0x6d,
  0x75, 0x73, 0x72, 0x5f, 0x73, 0x63, 0x5f, 0x67, 0x65, 0x74, 0x70, 0x70,
  0x69, 0x64, 0x00, 0x6d, 0x75, 0x73, 0x72, 0x5f, 0x73, 0x63, 0x5f, 0x66,
  0x6f, 0x72, 0x6b, 0x00, 0x6d, 0x75, 0x73, 0x72, 0x5f, 0x73, 0x63, 0x5f,
  0x77, 0x61, 0x69, 0x74, 0x70, 0x69, 0x64, 0x00, 0x6d, 0x75, 0x73, 0x72,
  0x5f, 0x73, 0x63, 0x5f, 0x6b, 0x69, 0x6c, 0x6c, 0x00, 0x6d, 0x75, 0x73,
  0x72, 0x5f, 0x73, 0x63, 0x5f, 0x67, 0x65, 0x74, 0x75, 0x69, 0x64, 0x00,
  0x6d, 0x75, 0x73, 0x72, 0x5f, 0x73, 0x63, 0x5f, 0x67, 0x65, 0x74, 0x65,
  0x75, 0x69, 0x64, 0x00, 0x6d, 0x75, 0x73, 0x72, 0x5f, 0x73, 0x63, 0x5f,
  0x73, 0x65, 0x74, 0x75, 0x69, 0x64, 0x00, 0x6d, 0x75, 0x73, 0x72, 0x5f,
  0x73, 0x63, 0x5f, 0x67, 0x65, 0x74, 0x67, 0x69, 0x64, 0x00, 0x6d, 0x75,
  0x73, 0x72, 0x5f, 0x73, 0x63, 0x5f, 0x67, 0x65, 0x74, 0x65, 0x67, 0x69,
  0x64, 0x00, 0x6d, 0x75, 0x73, 0x72, 0x5f, 0x73, 0x63, 0x5f, 0x73, 0x65,
  0x74, 0x67, 0x69, 0x64, 0x00, 0x6d, 0x75, 0x73, 0x72, 0x5f, 0x73, 0x63,
  0x5f, 0x67, 0x65, 0x74, 0x67, 0x72, 0x6f, 0x75, 0x70, 0x73, 0x00, 0x6d,
  0x75, 0x73, 0x72, 0x5f, 0x73, 0x63, 0x5f, 0x74, 0x69, 0x6d, 0x65, 0x00,
  0x6d, 0x75, 0x73, 0x72, 0x5f, 0x73, 0x63, 0x5f, 0x73, 0x65, 0x74, 0x74,
  0x69, 0x6d, 0x65, 0x00, 0x6d, 0x75, 0x73, 0x72, 0x5f, 0x73, 0x63, 0x5f,
  0x75, 0x70, 0x74, 0x69, 0x6d, 0x65, 0x00, 0x6d, 0x75, 0x73, 0x72, 0x5f,
  0x73, 0x63, 0x5f, 0x72, 0x74, 0x63, 0x72, 0x65, 0x61, 0x64, 0x00, 0x6d,
  0x75, 0x73, 0x72, 0x5f, 0x73, 0x63, 0x5f, 0x72, 0x74, 0x63, 0x77, 0x72,
  0x69, 0x74, 0x65, 0x00, 0x6d, 0x75, 0x73, 0x72, 0x5f, 0x73, 0x63, 0x5f,
  0x74, 0x69, 0x6d, 0x65, 0x72, 0x6c, 0x69, 0x73, 0x74, 0x00, 0x6d, 0x75,
  0x73, 0x72, 0x5f, 0x73, 0x63, 0x5f, 0x73, 0x79, 0x73, 0x69, 0x6e, 0x66,
  0x6f, 0x00, 0x6d, 0x75, 0x73, 0x72, 0x5f, 0x73, 0x63, 0x5f, 0x67, 0x65,
  0x74, 0x70, 0x72, 0x6f, 0x63, 0x73, 0x00, 0x6d, 0x75, 0x73, 0x72, 0x5f,
  0x73, 0x63, 0x5f, 0x73, 0x74, 0x61, 0x74, 0x66, 0x73, 0x00, 0x6d, 0x75,
  0x73, 0x72, 0x5f, 0x73, 0x63, 0x5f, 0x6d, 0x6f, 0x75, 0x6e, 0x74, 0x00,
  0x6d, 0x75, 0x73, 0x72, 0x5f, 0x73, 0x63, 0x5f, 0x75, 0x6d, 0x6f, 0x75,
  0x6e, 0x74, 0x00, 0x6d, 0x75, 0x73, 0x72, 0x5f, 0x73, 0x63, 0x5f, 0x6d,
  0x6f, 0x75, 0x6e, 0x74, 0x69, 0x6e, 0x66, 0x6f, 0x00, 0x6d, 0x75, 0x73,
  0x72, 0x5f, 0x61, 0x74, 0x6f, 0x69, 0x00, 0x73, 0x65, 0x72, 0x5f, 0x70,
  0x75, 0x74, 0x63, 0x00, 0x69, 0x6e, 0x62, 0x00, 0x6f, 0x75, 0x74, 0x62,
  0x00, 0x73, 0x65, 0x72, 0x5f, 0x70, 0x75, 0x74, 0x73, 0x00, 0x73, 0x65,
  0x72, 0x5f, 0x67, 0x65, 0x74, 0x63, 0x00, 0x6d, 0x34, 0x6b, 0x5f, 0x79,
  0x69, 0x65, 0x6c, 0x64, 0x00, 0x6d, 0x34, 0x6b, 0x5f, 0x73, 0x63, 0x30,
  0x00, 0x63, 0x5f, 0x67, 0x72, 0x6e, 0x00, 0x63, 0x5f, 0x72, 0x65, 0x64,
  0x00, 0x63, 0x5f, 0x79, 0x6c, 0x77, 0x00, 0x63, 0x5f, 0x63, 0x79, 0x6e,
  0x00, 0x63, 0x5f, 0x6d, 0x61, 0x67, 0x00, 0x63, 0x5f, 0x77, 0x68, 0x74,
  0x00, 0x63, 0x5f, 0x72, 0x73, 0x74, 0x00, 0x6f, 0x75, 0x74, 0x5f, 0x70,
  0x75, 0x74, 0x63, 0x00, 0x6f, 0x75, 0x74, 0x5f, 0x70, 0x75, 0x74, 0x73,
  0x00, 0x6f, 0x75, 0x74, 0x5f, 0x70, 0x72, 0x69, 0x6e, 0x74, 0x66, 0x00,
  0x70, 0x72, 0x69, 0x6e, 0x74, 0x5f, 0x75, 0x33, 0x32, 0x00, 0x70, 0x72,
  0x69, 0x6e, 0x74, 0x5f, 0x75, 0x36, 0x34, 0x00, 0x70, 0x72, 0x69, 0x6e,
  0x74, 0x5f, 0x73, 0x33, 0x32, 0x00, 0x63, 0x77, 0x64, 0x5f, 0x69, 0x6e,
  0x69, 0x74, 0x00, 0x63, 0x77, 0x64, 0x5f, 0x74, 0x6f, 0x5f, 0x61, 0x62,
  0x73, 0x00, 0x70, 0x72, 0x69, 0x6e, 0x74, 0x5f, 0x70, 0x61, 0x64, 0x5f,
  0x75, 0x33, 0x32, 0x00, 0x66, 0x6f, 0x6e, 0x74, 0x38, 0x78, 0x31, 0x36,
  0x00, 0x74, 0x65, 0x72, 0x6d, 0x5f, 0x74, 0x6f, 0x70, 0x00, 0x74, 0x65,
  0x72, 0x6d, 0x5f, 0x72, 0x6f, 0x77, 0x00, 0x74, 0x65, 0x72, 0x6d, 0x5f,
  0x63, 0x6f, 0x6c, 0x00, 0x74, 0x65, 0x72, 0x6d, 0x5f, 0x73, 0x63, 0x72,
  0x6f, 0x6c, 0x6c, 0x62, 0x61, 0x63, 0x6b, 0x00, 0x64, 0x6d, 0x67, 0x5f,
  0x6c, 0x6f, 0x00, 0x64, 0x6d, 0x67, 0x5f, 0x68, 0x69, 0x00, 0x64, 0x6d,
  0x67, 0x5f, 0x72, 0x6f, 0x77, 0x00, 0x64, 0x6d, 0x67, 0x5f, 0x61, 0x6c,
  0x6c, 0x5f, 0x72, 0x6f, 0x77, 0x73, 0x00, 0x73, 0x68, 0x65, 0x6c, 0x6c,
  0x5f, 0x70, 0x69, 0x64, 0x00, 0x70, 0x69, 0x70, 0x65, 0x5f, 0x69, 0x6e,
  0x5f, 0x66, 0x64, 0x00, 0x70, 0x69, 0x70, 0x65, 0x5f, 0x6f, 0x75, 0x74,
  0x5f, 0x66, 0x64, 0x00, 0x70, 0x78, 0x00, 0x74, 0x65, 0x72, 0x6d, 0x5f,
  0x62, 0x75, 0x66, 0x00, 0x74, 0x65, 0x72, 0x6d, 0x5f, 0x72, 0x65, 0x63,
  0x74, 0x00, 0x6d, 0x75, 0x73, 0x72, 0x5f, 0x66, 0x69, 0x6c, 0x6c, 0x33,
  0x32, 0x00, 0x74, 0x65, 0x72, 0x6d, 0x5f, 0x67, 0x6c, 0x79, 0x70, 0x68,
  0x00, 0x61, 0x74, 0x74, 0x72, 0x5f, 0x63, 0x6f, 0x6c, 0x6f, 0x72, 0x00,
  0x74, 0x65, 0x72, 0x6d, 0x5f, 0x63, 0x6c, 0x65, 0x61, 0x72, 0x5f, 0x73,
  0x63, 0x72, 0x65, 0x65, 0x6e, 0x00, 0x74, 0x65, 0x72, 0x6d, 0x5f, 0x6c,
  0x69, 0x6e, 0x65, 0x73, 0x00, 0x74, 0x65, 0x72, 0x6d, 0x5f, 0x73, 0x63,
  0x72, 0x6f, 0x6c, 0x6c, 0x5f, 0x75, 0x70, 0x00, 0x74, 0x65, 0x72, 0x6d,
  0x5f, 0x6e, 0x65, 0x77, 0x6c, 0x69, 0x6e, 0x65, 0x00, 0x6d, 0x75, 0x73,
  0x72, 0x5f, 0x6d, 0x65, 0x6d, 0x6d, 0x6f, 0x76, 0x65, 0x00, 0x74, 0x65,
  0x72, 0x6d, 0x5f, 0x70, 0x75, 0x74, 0x63, 0x5f, 0x61, 0x74, 0x74, 0x72,
  0x00, 0x61, 0x6e, 0x73, 0x69, 0x5f, 0x73, 0x74, 0x61, 0x74, 0x65, 0x00,
  0x74, 0x65, 0x72, 0x6d, 0x5f, 0x61, 0x6e, 0x73, 0x69, 0x5f, 0x66, 0x69,
  0x6c, 0x74, 0x65, 0x72, 0x00, 0x74, 0x65, 0x72, 0x6d, 0x5f, 0x70, 0x75,
  0x74, 0x73, 0x5f, 0x65, 0x72, 0x72, 0x00, 0x74, 0x65, 0x72, 0x6d, 0x5f,
  0x73, 0x70, 0x61, 0x77, 0x6e, 0x5f, 0x73, 0x68, 0x65, 0x6c, 0x6c, 0x00,
  0x6d, 0x34, 0x6b, 0x5f, 0x73, 0x70, 0x61, 0x77, 0x6e, 0x00, 0x6d, 0x34,
  0x6b, 0x5f, 0x65, 0x78, 0x69, 0x74, 0x00, 0x6d, 0x34, 0x6b, 0x5f, 0x73,
  0x63, 0x31, 0x00, 0x74, 0x65, 0x72, 0x6d, 0x5f, 0x70, 0x6f, 0x6c, 0x6c,
  0x5f, 0x6f, 0x75, 0x74, 0x70, 0x75, 0x74, 0x00, 0x74, 0x65, 0x72, 0x6d,
  0x5f, 0x72, 0x65, 0x6e, 0x64, 0x65, 0x72, 0x00, 0x74, 0x65, 0x72, 0x6d,
  0x5f, 0x66, 0x6f, 0x72, 0x77, 0x61, 0x72, 0x64, 0x5f, 0x6b, 0x65, 0x79,
  0x00, 0x74, 0x65, 0x72, 0x6d, 0x5f, 0x68, 0x61, 0x6e, 0x64, 0x6c, 0x65,
  0x5f, 0x6b, 0x65, 0x79, 0x00, 0x63, 0x6f, 0x70, 0x6c, 0x61, 0x6e, 0x64,
  0x5f, 0x73, 0x68, 0x6d, 0x5f, 0x67, 0x65, 0x74, 0x00, 0x63, 0x6f, 0x70,
  0x6c, 0x61, 0x6e, 0x64, 0x5f, 0x63, 0x6d, 0x64, 0x5f, 0x70, 0x75, 0x73,
  0x68, 0x00, 0x6d, 0x34, 0x6b, 0x5f, 0x6b, 0x69, 0x6c, 0x6c, 0x00, 0x6d,
  0x34, 0x6b, 0x5f, 0x73, 0x63, 0x32, 0x00, 0x5f, 0x5f, 0x62, 0x73, 0x73,
  0x5f, 0x65, 0x6e, 0x64, 0x00, 0x5f, 0x5f, 0x62, 0x73, 0x73, 0x5f, 0x73,
  0x74, 0x61, 0x72, 0x74, 0x00, 0x00, 0x2e, 0x73, 0x79, 0x6d, 0x74, 0x61,
  0x62, 0x00, 0x2e, 0x73, 0x74, 0x72, 0x74, 0x61, 0x62, 0x00, 0x2e, 0x73,
  0x68, 0x73, 0x74, 0x72, 0x74, 0x61, 0x62, 0x00, 0x2e, 0x74, 0x65, 0x78,
  0x74, 0x00, 0x2e, 0x64, 0x61, 0x74, 0x61, 0x00, 0x2e, 0x62, 0x73, 0x73,
  0x00, 0x00, 0x00, 0x00, 0x00, 0x00, 0x00, 0x00, 0x00, 0x00, 0x00, 0x00,
  0x00, 0x00, 0x00, 0x00, 0x00, 0x00, 0x00, 0x00, 0x00, 0x00, 0x00, 0x00,
  0x00, 0x00, 0x00, 0x00, 0x00, 0x00, 0x00, 0x00, 0x00, 0x00, 0x00, 0x00,
  0x00, 0x00, 0x00, 0x00, 0x00, 0x00, 0x00, 0x00, 0x1b, 0x00, 0x00, 0x00,
  0x01, 0x00, 0x00, 0x00, 0x06, 0x00, 0x00, 0x00, 0x00, 0x00, 0xc0, 0x00,
  0x00, 0x10, 0x00, 0x00, 0x67, 0x26, 0x00, 0x00, 0x00, 0x00, 0x00, 0x00,
  0x00, 0x00, 0x00, 0x00, 0x04, 0x00, 0x00, 0x00, 0x00, 0x00, 0x00, 0x00,
  0x21, 0x00, 0x00, 0x00, 0x01, 0x00, 0x00, 0x00, 0x03, 0x00, 0x00, 0x00,
  0x68, 0x26, 0xc0, 0x00, 0x68, 0x36, 0x00, 0x00, 0x2c, 0x01, 0x00, 0x00,
  0x00, 0x00, 0x00, 0x00, 0x00, 0x00, 0x00, 0x00, 0x04, 0x00, 0x00, 0x00,
  0x00, 0x00, 0x00, 0x00, 0x27, 0x00, 0x00, 0x00, 0x08, 0x00, 0x00, 0x00,
  0x03, 0x00, 0x00, 0x00, 0xa0, 0x27, 0xc0, 0x00, 0x94, 0x37, 0x00, 0x00,
  0x20, 0xf1, 0x1b, 0x00, 0x00, 0x00, 0x00, 0x00, 0x00, 0x00, 0x00, 0x00,
  0x10, 0x00, 0x00, 0x00, 0x00, 0x00, 0x00, 0x00, 0x01, 0x00, 0x00, 0x00,
  0x02, 0x00, 0x00, 0x00, 0x00, 0x00, 0x00, 0x00, 0x00, 0x00, 0x00, 0x00,
  0x94, 0x37, 0x00, 0x00, 0xb0, 0x07, 0x00, 0x00, 0x05, 0x00, 0x00, 0x00,
  0x76, 0x00, 0x00, 0x00, 0x04, 0x00, 0x00, 0x00, 0x10, 0x00, 0x00, 0x00,
  0x09, 0x00, 0x00, 0x00, 0x03, 0x00, 0x00, 0x00, 0x00, 0x00, 0x00, 0x00,
  0x00, 0x00, 0x00, 0x00, 0x44, 0x3f, 0x00, 0x00, 0x91, 0x05, 0x00, 0x00,
  0x00, 0x00, 0x00, 0x00, 0x00, 0x00, 0x00, 0x00, 0x01, 0x00, 0x00, 0x00,
  0x00, 0x00, 0x00, 0x00, 0x11, 0x00, 0x00, 0x00, 0x03, 0x00, 0x00, 0x00,
  0x00, 0x00, 0x00, 0x00, 0x00, 0x00, 0x00, 0x00, 0xd5, 0x44, 0x00, 0x00,
  0x2c, 0x00, 0x00, 0x00, 0x00, 0x00, 0x00, 0x00, 0x00, 0x00, 0x00, 0x00,
  0x01, 0x00, 0x00, 0x00, 0x00, 0x00, 0x00, 0x00
};
unsigned int terminal_init_elf_len = 17948;
